# This file uses centimeters as units for non-parametric coordinates.

mtllib BreakRoom.mtl
g default
v 1.487987 -5.320913 0.549920
v 1.396821 -5.320913 0.458755
v 1.272286 -5.320913 0.425386
v 1.147752 -5.320913 0.458755
v 1.056586 -5.320913 0.549920
v 1.023217 -5.320913 0.674455
v 1.056586 -5.320913 0.798989
v 1.147752 -5.320913 0.890155
v 1.272286 -5.320913 0.923524
v 1.396821 -5.320913 0.890155
v 1.487987 -5.320913 0.798989
v 1.521355 -5.320913 0.674455
v 1.468239 -4.412140 0.549920
v 1.385420 -4.346875 0.458755
v 1.473914 -4.302130 0.425386
v 1.159153 -4.168567 0.458755
v 1.076334 -4.103302 0.549920
v 1.046020 -4.079413 0.674455
v 1.076334 -4.103302 0.798989
v 1.159153 -4.168567 0.890155
v 1.272286 -4.257721 0.923524
v 1.385420 -4.346875 0.890155
v 1.468239 -4.412140 0.798989
v 1.498552 -4.436029 0.674455
v 1.610862 -4.100263 0.549920
v 1.575068 -4.015811 0.458755
v 1.526172 -3.900446 0.425386
v 1.477276 -3.785081 0.458755
v 1.441482 -3.700629 0.549920
v 1.428381 -3.669717 0.674455
v 1.441482 -3.700629 0.798989
v 1.477276 -3.785081 0.890155
v 1.526172 -3.900446 0.923524
v 1.575068 -4.015811 0.890155
v 1.610862 -4.100263 0.798989
v 1.623964 -4.131175 0.674455
v 2.040355 -4.052391 0.549920
v 1.991947 -3.974480 0.458755
v 1.925819 -3.868052 0.425386
v 1.859693 -3.761623 0.458755
v 1.811284 -3.683713 0.549920
v 1.793566 -3.655195 0.674455
v 1.811284 -3.683713 0.798989
v 1.859693 -3.761623 0.890155
v 1.925819 -3.868052 0.923524
v 1.991947 -3.974480 0.890155
v 2.040355 -4.052391 0.798989
v 2.058073 -4.080909 0.674455
v 2.342385 -3.495197 0.549920
v 2.251219 -3.495197 0.458755
v 2.126685 -3.495197 0.425386
v 2.002150 -3.495197 0.458755
v 1.910985 -3.495197 0.549920
v 1.877616 -3.495197 0.674455
v 1.910985 -3.495197 0.798989
v 2.002150 -3.495197 0.890155
v 2.126685 -3.495197 0.923524
v 2.251219 -3.495197 0.890155
v 2.342385 -3.495197 0.798989
v 2.375754 -3.495197 0.674455
v 2.342385 -2.432006 0.549920
v 2.251219 -2.432006 0.458755
v 2.126685 -2.432006 0.425386
v 2.002150 -2.432006 0.458755
v 1.910985 -2.432006 0.549920
v 1.877616 -2.432006 0.674455
v 1.910985 -2.432006 0.798989
v 2.002150 -2.432006 0.890155
v 2.126685 -2.432006 0.923524
v 2.251219 -2.432006 0.890155
v 2.342385 -2.432006 0.798989
v 2.375754 -2.432006 0.674455
v 1.272286 -5.320913 0.674455
v 2.126685 -2.432006 0.674455
v 1.610862 -4.100263 0.549920
v 1.575068 -4.015811 0.458755
v 1.526172 -3.900446 0.425386
v 1.477276 -3.785081 0.458755
v 1.441482 -3.700629 0.549920
v 1.428381 -3.669717 0.674455
v 1.441482 -3.700629 0.798989
v 1.477276 -3.785081 0.890155
v 1.526172 -3.900446 0.923524
v 1.575068 -4.015811 0.890155
v 1.610862 -4.100263 0.798989
v 1.623964 -4.131175 0.674455
v 2.040355 -4.052391 0.549920
v 1.991947 -3.974480 0.458755
v 1.925819 -3.868052 0.425386
v 1.859693 -3.761623 0.458755
v 1.811284 -3.683713 0.549920
v 1.793566 -3.655195 0.674455
v 1.811284 -3.683713 0.798989
v 1.859693 -3.761623 0.890155
v 1.925819 -3.868052 0.923524
v 1.991947 -3.974480 0.890155
v 2.040355 -4.052391 0.798989
v 2.058073 -4.080909 0.674455
vt 0.635316 0.078125
vt 0.578125 0.020934
vt 0.500000 0.000000
vt 0.421875 0.020934
vt 0.364684 0.078125
vt 0.343750 0.156250
vt 0.364684 0.234375
vt 0.421875 0.291566
vt 0.500000 0.312500
vt 0.578125 0.291566
vt 0.635316 0.234375
vt 0.656250 0.156250
vt 0.375000 0.312500
vt 0.395833 0.312500
vt 0.416667 0.312500
vt 0.437500 0.312500
vt 0.458333 0.312500
vt 0.479167 0.312500
vt 0.500000 0.312500
vt 0.520833 0.312500
vt 0.541667 0.312500
vt 0.562500 0.312500
vt 0.583333 0.312500
vt 0.604167 0.312500
vt 0.625000 0.312500
vt 0.375000 0.387500
vt 0.395833 0.387500
vt 0.416667 0.387500
vt 0.437500 0.387500
vt 0.458333 0.387500
vt 0.479167 0.387500
vt 0.500000 0.387500
vt 0.520833 0.387500
vt 0.541667 0.387500
vt 0.562500 0.387500
vt 0.583333 0.387500
vt 0.604167 0.387500
vt 0.625000 0.387500
vt 0.375000 0.462500
vt 0.395833 0.462500
vt 0.416667 0.462500
vt 0.437500 0.462500
vt 0.458333 0.462500
vt 0.479167 0.462500
vt 0.500000 0.462500
vt 0.520833 0.462500
vt 0.541667 0.462500
vt 0.562500 0.462500
vt 0.583333 0.462500
vt 0.604167 0.462500
vt 0.625000 0.462500
vt 0.375000 0.537500
vt 0.395833 0.537500
vt 0.416667 0.537500
vt 0.437500 0.537500
vt 0.458333 0.537500
vt 0.479167 0.537500
vt 0.500000 0.537500
vt 0.520833 0.537500
vt 0.541667 0.537500
vt 0.562500 0.537500
vt 0.583333 0.537500
vt 0.604167 0.537500
vt 0.625000 0.537500
vt 0.375000 0.612500
vt 0.395833 0.612500
vt 0.416667 0.612500
vt 0.437500 0.612500
vt 0.458333 0.612500
vt 0.479167 0.612500
vt 0.500000 0.612500
vt 0.520833 0.612500
vt 0.541667 0.612500
vt 0.562500 0.612500
vt 0.583333 0.612500
vt 0.604167 0.612500
vt 0.625000 0.612500
vt 0.375000 0.687500
vt 0.395833 0.687500
vt 0.416667 0.687500
vt 0.437500 0.687500
vt 0.458333 0.687500
vt 0.479167 0.687500
vt 0.500000 0.687500
vt 0.520833 0.687500
vt 0.541667 0.687500
vt 0.562500 0.687500
vt 0.583333 0.687500
vt 0.604167 0.687500
vt 0.625000 0.687500
vt 0.635316 0.765625
vt 0.578125 0.708434
vt 0.500000 0.687500
vt 0.421875 0.708434
vt 0.364684 0.765625
vt 0.343750 0.843750
vt 0.364684 0.921875
vt 0.421875 0.979066
vt 0.500000 1.000000
vt 0.578125 0.979066
vt 0.635316 0.921875
vt 0.656250 0.843750
vt 0.500000 0.156250
vt 0.500000 0.843750
vt 0.000000 0.000000
vt 1.000000 0.000000
vt 1.000000 1.000000
vt 0.000000 1.000000
vt 0.000000 0.000000
vt 1.000000 0.000000
vt 1.000000 1.000000
vt 0.000000 1.000000
vt 0.000000 0.000000
vt 1.000000 0.000000
vt 1.000000 1.000000
vt 0.000000 1.000000
vt 0.000000 0.000000
vt 1.000000 0.000000
vt 1.000000 1.000000
vt 0.000000 1.000000
vt 0.000000 0.000000
vt 1.000000 0.000000
vt 1.000000 1.000000
vt 0.000000 1.000000
vt 0.000000 0.000000
vt 1.000000 0.000000
vt 1.000000 1.000000
vt 0.000000 1.000000
vt 0.000000 0.000000
vt 1.000000 0.000000
vt 1.000000 1.000000
vt 0.000000 1.000000
vt 0.000000 0.000000
vt 1.000000 0.000000
vt 1.000000 1.000000
vt 0.000000 1.000000
vt 0.000000 0.000000
vt 1.000000 0.000000
vt 1.000000 1.000000
vt 0.000000 1.000000
vt 0.000000 0.000000
vt 1.000000 0.000000
vt 1.000000 1.000000
vt 0.000000 1.000000
vt 0.000000 0.000000
vt 1.000000 0.000000
vt 1.000000 1.000000
vt 0.000000 1.000000
vt 0.000000 0.000000
vt 1.000000 0.000000
vt 1.000000 1.000000
vt 0.000000 1.000000
vt 0.000000 0.000000
vt 1.000000 0.000000
vt 1.000000 1.000000
vt 0.000000 1.000000
vt 0.000000 0.000000
vt 1.000000 0.000000
vt 1.000000 1.000000
vt 0.000000 1.000000
vt 0.000000 0.000000
vt 1.000000 0.000000
vt 1.000000 1.000000
vt 0.000000 1.000000
vt 0.000000 0.000000
vt 1.000000 0.000000
vt 1.000000 1.000000
vt 0.000000 1.000000
vt 0.000000 0.000000
vt 1.000000 0.000000
vt 1.000000 1.000000
vt 0.000000 1.000000
vt 0.000000 0.000000
vt 1.000000 0.000000
vt 1.000000 1.000000
vt 0.000000 1.000000
vt 0.000000 0.000000
vt 1.000000 0.000000
vt 1.000000 1.000000
vt 0.000000 1.000000
vt 0.000000 0.000000
vt 1.000000 0.000000
vt 1.000000 1.000000
vt 0.000000 1.000000
vt 0.000000 0.000000
vt 1.000000 0.000000
vt 1.000000 1.000000
vt 0.000000 1.000000
vt 0.000000 0.000000
vt 1.000000 0.000000
vt 1.000000 1.000000
vt 0.000000 1.000000
vt 0.000000 0.000000
vt 1.000000 0.000000
vt 1.000000 1.000000
vt 0.000000 1.000000
vt 0.000000 0.000000
vt 1.000000 0.000000
vt 1.000000 1.000000
vt 0.000000 1.000000
vt 0.000000 0.000000
vt 1.000000 0.000000
vt 1.000000 1.000000
vt 0.000000 1.000000
vt 0.000000 0.000000
vt 1.000000 0.000000
vt 1.000000 1.000000
vt 0.000000 1.000000
vt 0.000000 0.000000
vt 1.000000 0.000000
vt 1.000000 1.000000
vt 0.000000 1.000000
vt 0.000000 0.000000
vt 1.000000 0.000000
vt 1.000000 1.000000
vt 0.000000 1.000000
vt 0.000000 0.000000
vt 1.000000 0.000000
vt 1.000000 1.000000
vt 0.000000 1.000000
vt 0.000000 0.000000
vt 1.000000 0.000000
vt 1.000000 1.000000
vt 0.000000 1.000000
vt 0.000000 0.000000
vt 1.000000 0.000000
vt 1.000000 1.000000
vt 0.000000 1.000000
vt 0.000000 0.000000
vt 1.000000 0.000000
vt 1.000000 1.000000
vt 0.000000 1.000000
vt 0.000000 0.000000
vt 1.000000 0.000000
vt 1.000000 1.000000
vt 0.000000 1.000000
vt 0.000000 0.000000
vt 1.000000 0.000000
vt 1.000000 1.000000
vt 0.000000 1.000000
vt 0.000000 0.000000
vt 1.000000 0.000000
vt 1.000000 1.000000
vt 0.000000 1.000000
vt 0.000000 0.000000
vt 1.000000 0.000000
vt 1.000000 1.000000
vt 0.000000 1.000000
vn 0.725562 0.012004 -0.688052
vn 0.725562 0.012004 -0.688052
vn 0.716370 -0.056092 -0.695462
vn 0.708176 -0.102189 -0.698601
vn 0.853129 -0.081436 -0.515305
vn 0.853129 -0.081436 -0.515305
vn 0.913509 -0.202316 -0.352945
vn 0.864866 -0.100213 -0.491898
vn -0.145925 0.014318 -0.989192
vn -0.145925 0.014318 -0.989192
vn -0.145335 0.017766 -0.989223
vn -0.141492 0.039958 -0.989133
vn -0.721742 0.009486 -0.692098
vn -0.721742 0.009486 -0.692098
vn -0.695239 0.103384 -0.711305
vn -0.664882 0.188622 -0.722741
vn -0.968310 0.016755 -0.249188
vn -0.968310 0.016755 -0.249188
vn -0.941774 0.204117 -0.267202
vn -0.930974 0.245784 -0.269959
vn -0.968310 0.016755 0.249187
vn -0.968310 0.016755 0.249187
vn -0.930974 0.245784 0.269959
vn -0.941774 0.204117 0.267202
vn -0.721741 0.009486 0.692098
vn -0.721741 0.009486 0.692098
vn -0.664881 0.188622 0.722741
vn -0.695238 0.103384 0.711305
vn -0.269864 0.001389 0.962898
vn -0.269864 0.001389 0.962898
vn -0.242537 0.065397 0.967936
vn -0.262328 0.019351 0.964785
vn 0.270874 0.001516 0.962614
vn 0.270874 0.001516 0.962614
vn 0.251766 -0.053423 0.966312
vn 0.265070 -0.015453 0.964105
vn 0.725562 0.012004 0.688052
vn 0.725562 0.012004 0.688052
vn 0.708176 -0.102189 0.698602
vn 0.716370 -0.056092 0.695462
vn 0.969104 0.022990 0.245577
vn 0.969104 0.022990 0.245577
vn 0.963731 -0.097205 0.248545
vn 0.965215 -0.081706 0.248363
vn 0.969104 0.022990 -0.245577
vn 0.969104 0.022990 -0.245577
vn 0.965215 -0.081706 -0.248363
vn 0.963731 -0.097205 -0.248545
vn 0.642495 -0.332040 -0.690616
vn 0.642495 -0.332041 -0.690616
vn 0.933130 -0.308059 -0.185389
vn 0.933130 -0.308059 -0.185389
vn -0.137121 0.064683 -0.988440
vn -0.137121 0.064683 -0.988440
vn -0.525848 0.457028 -0.717363
vn -0.525848 0.457028 -0.717363
vn -0.709123 0.652505 -0.267173
vn -0.709123 0.652505 -0.267173
vn -0.709123 0.652505 0.267172
vn -0.709123 0.652505 0.267172
vn -0.525848 0.457028 0.717363
vn -0.525848 0.457028 0.717363
vn -0.201698 0.155749 0.966985
vn -0.201698 0.155749 0.966985
vn 0.219281 -0.141294 0.965377
vn 0.219281 -0.141294 0.965377
vn 0.642495 -0.332040 0.690615
vn 0.642495 -0.332040 0.690615
vn 0.890255 -0.386909 0.240308
vn 0.890255 -0.386909 0.240308
vn 0.890255 -0.386909 -0.240308
vn 0.890255 -0.386909 -0.240308
vn 0.076600 -0.726792 -0.682573
vn 0.076600 -0.726792 -0.682573
vn 0.076600 -0.726792 -0.682573
vn 0.076600 -0.726792 -0.682573
vn 0.024936 -0.276171 -0.960785
vn 0.024936 -0.276171 -0.960785
vn 0.024936 -0.276171 -0.960785
vn 0.024936 -0.276171 -0.960785
vn -0.019897 0.278607 -0.960199
vn -0.019897 0.278607 -0.960199
vn -0.019897 0.278607 -0.960199
vn -0.019897 0.278607 -0.960199
vn -0.039562 0.737089 -0.674637
vn -0.039562 0.737089 -0.674637
vn -0.039562 0.737089 -0.674637
vn -0.039562 0.737089 -0.674637
vn -0.041520 0.970683 -0.236750
vn -0.041520 0.970683 -0.236750
vn -0.041520 0.970683 -0.236750
vn -0.041520 0.970683 -0.236750
vn -0.041520 0.970683 0.236750
vn -0.041520 0.970683 0.236750
vn -0.041520 0.970683 0.236750
vn -0.041520 0.970683 0.236750
vn -0.039562 0.737089 0.674637
vn -0.039562 0.737089 0.674637
vn -0.039562 0.737089 0.674637
vn -0.039562 0.737089 0.674637
vn -0.019897 0.278606 0.960199
vn -0.019897 0.278606 0.960199
vn -0.019897 0.278606 0.960199
vn -0.019897 0.278606 0.960199
vn 0.024936 -0.276170 0.960785
vn 0.024936 -0.276170 0.960785
vn 0.024936 -0.276170 0.960785
vn 0.024936 -0.276170 0.960785
vn 0.076600 -0.726791 0.682574
vn 0.076600 -0.726791 0.682574
vn 0.076600 -0.726791 0.682574
vn 0.076600 -0.726791 0.682574
vn 0.109513 -0.963700 0.243495
vn 0.109513 -0.963700 0.243495
vn 0.109513 -0.963700 0.243495
vn 0.109513 -0.963700 0.243495
vn 0.109513 -0.963700 -0.243495
vn 0.109513 -0.963700 -0.243495
vn 0.109513 -0.963700 -0.243495
vn 0.109513 -0.963700 -0.243495
vn 0.661239 -0.358094 -0.659191
vn 0.661239 -0.358094 -0.659191
vn 0.698679 -0.157980 -0.697775
vn 0.705159 -0.078317 -0.704711
vn 0.257214 -0.138891 -0.956321
vn 0.257214 -0.138891 -0.956321
vn 0.258765 -0.057473 -0.964229
vn 0.258882 -0.013001 -0.965822
vn -0.257538 0.138310 -0.956318
vn -0.257538 0.138310 -0.956318
vn -0.258940 0.047806 -0.964710
vn -0.258893 0.009953 -0.965855
vn -0.663831 0.353347 -0.659147
vn -0.663831 0.353347 -0.659147
vn -0.704849 0.089736 -0.703659
vn -0.706842 0.038320 -0.706333
vn -0.861153 0.454036 -0.228618
vn -0.861153 0.454036 -0.228618
vn -0.962848 0.080991 -0.257614
vn -0.964162 0.061628 -0.258057
vn -0.861153 0.454037 0.228618
vn -0.861153 0.454037 0.228618
vn -0.964162 0.061628 0.258057
vn -0.962848 0.080991 0.257614
vn -0.663830 0.353347 0.659147
vn -0.663830 0.353347 0.659147
vn -0.706841 0.038320 0.706333
vn -0.704849 0.089736 0.703659
vn -0.257538 0.138310 0.956318
vn -0.257538 0.138310 0.956318
vn -0.258893 0.009953 0.965855
vn -0.258940 0.047806 0.964710
vn 0.257214 -0.138891 0.956321
vn 0.257214 -0.138891 0.956321
vn 0.258882 -0.013001 0.965822
vn 0.258765 -0.057473 0.964229
vn 0.661238 -0.358093 0.659191
vn 0.661238 -0.358093 0.659191
vn 0.705158 -0.078317 0.704711
vn 0.698678 -0.157980 0.697776
vn 0.855795 -0.464033 0.228664
vn 0.855795 -0.464033 0.228664
vn 0.953385 -0.160975 0.255234
vn 0.947052 -0.197070 0.253487
vn 0.855795 -0.464033 -0.228665
vn 0.855795 -0.464033 -0.228665
vn 0.947052 -0.197070 -0.253488
vn 0.953385 -0.160975 -0.255235
vn 0.707106 0.000000 -0.707107
vn 0.707106 0.000000 -0.707107
vn 0.258819 0.000000 -0.965926
vn 0.258819 0.000000 -0.965926
vn -0.258819 0.000000 -0.965926
vn -0.258819 0.000000 -0.965926
vn -0.707107 0.000000 -0.707107
vn -0.707107 0.000000 -0.707107
vn -0.965926 0.000000 -0.258818
vn -0.965926 0.000000 -0.258818
vn -0.965926 0.000000 0.258818
vn -0.965926 0.000000 0.258818
vn -0.707107 0.000000 0.707107
vn -0.707107 0.000000 0.707107
vn -0.258819 0.000000 0.965926
vn -0.258819 0.000000 0.965926
vn 0.258819 0.000000 0.965926
vn 0.258819 0.000000 0.965926
vn 0.707106 0.000000 0.707107
vn 0.707106 0.000000 0.707107
vn 0.965926 0.000000 0.258818
vn 0.965926 0.000000 0.258818
vn 0.965926 0.000000 -0.258818
vn 0.965926 0.000000 -0.258818
vn 0.000000 -1.000000 0.000000
vn 0.000000 -1.000000 -0.000000
vn 0.000000 -1.000000 0.000000
vn 0.000000 -1.000000 0.000000
vn 0.000000 -1.000000 0.000001
vn 0.000000 -1.000000 0.000001
vn 0.000000 -1.000000 0.000001
vn 0.000000 -1.000000 0.000001
vn 0.000000 -1.000000 0.000000
vn 0.000000 -1.000000 0.000000
vn 0.000000 -1.000000 -0.000001
vn 0.000000 -1.000000 -0.000001
vn 0.000000 -1.000000 -0.000001
vn 0.000000 1.000000 0.000000
vn 0.000000 1.000000 0.000000
vn 0.000000 1.000000 -0.000000
vn 0.000000 1.000000 0.000000
vn 0.000000 1.000000 0.000000
vn 0.000000 1.000000 0.000000
vn 0.000000 1.000000 0.000000
vn 0.000000 1.000000 0.000000
vn 0.000000 1.000000 0.000000
vn 0.000000 1.000000 0.000000
vn 0.000000 1.000000 -0.000000
vn 0.000000 1.000000 -0.000000
vn 0.000000 1.000000 0.000000
vn 0.000000 0.000000 0.000000
vn 0.000000 0.000000 0.000000
vn 0.000000 0.000000 0.000000
vn 0.000000 0.000000 0.000000
vn 0.000000 0.000000 0.000000
vn 0.000000 0.000000 0.000000
vn 0.000000 0.000000 0.000000
vn 0.000000 0.000000 0.000000
vn 0.000000 0.000000 0.000000
vn 0.000000 0.000000 0.000000
vn 0.000000 0.000000 0.000000
vn 0.000000 0.000000 0.000000
vn -0.000000 0.000000 -0.000000
vn -0.847998 0.000000 -0.529999
vn -0.847998 0.000000 -0.529999
vn -0.000000 0.000000 -0.000000
vn -0.992278 0.000000 -0.124035
vn -0.000000 0.000000 -0.000000
vn -0.000000 0.000000 -0.000000
vn -0.992278 0.000000 -0.124035
vn 0.000000 -0.000000 -0.000000
vn 0.000000 -0.975287 -0.220941
vn 0.000000 -0.975287 -0.220941
vn 0.000000 -0.000000 -0.000000
vn 0.000000 0.000000 -1.000000
vn 0.000000 0.000000 -0.000000
vn 0.000000 0.000000 -0.000000
vn 0.000000 0.000000 -1.000000
vn 0.000000 0.000000 0.000000
vn 0.000000 0.000000 0.000000
vn 0.000000 0.000000 0.000000
vn 0.000000 0.000000 0.000000
vn 0.000000 0.000000 0.000000
vn 0.000000 0.000000 0.000000
vn 0.000000 0.000000 0.000000
vn 0.000000 0.000000 0.000000
vn 0.000000 0.000000 0.000000
vn 0.000000 0.000000 0.000000
vn 0.000000 0.000000 0.000000
vn 0.000000 0.000000 0.000000
vn 0.000000 0.000000 0.000000
vn 0.000000 0.000000 0.000000
vn 0.000000 0.000000 0.000000
vn 0.000000 0.000000 0.000000
vn 0.000000 0.000000 0.000000
vn 0.000000 0.000000 0.000000
vn 0.000000 0.000000 0.000000
vn 0.000000 0.000000 0.000000
vn 0.000000 0.000000 0.000000
vn 0.000000 0.000000 0.000000
vn 0.000000 0.000000 0.000000
vn 0.000000 0.000000 0.000000
vn 0.000000 0.000000 0.000000
vn 0.000000 0.000000 0.000000
vn 0.000000 0.000000 0.000000
vn 0.000000 0.000000 0.000000
vn 0.000000 0.000000 0.000000
vn 0.000000 0.000000 0.000000
vn 0.000000 0.000000 0.000000
vn 0.000000 0.000000 0.000000
vn 0.000000 0.000000 0.000000
vn 0.000000 0.000000 0.000000
vn 0.000000 0.000000 0.000000
vn 0.000000 0.000000 0.000000
vn 0.000000 0.000000 0.000000
vn 0.000000 0.000000 0.000000
vn 0.000000 0.000000 0.000000
vn 0.000000 0.000000 0.000000
vn 0.000000 0.000000 0.000000
vn 0.000000 0.000000 0.000000
vn 0.000000 0.000000 0.000000
vn 0.000000 0.000000 0.000000
vn 0.000000 0.000000 0.000000
vn 0.000000 0.000000 0.000000
vn 0.000000 0.000000 0.000000
vn 0.000000 0.000000 0.000000
vn 0.000000 0.000000 0.000000
vn 0.000000 0.000000 0.000000
vn 0.000000 0.000000 0.000000
vn 0.000000 0.000000 0.000000
vn 0.000000 0.000000 0.000000
vn 0.000000 0.000000 0.000000
vn 0.000000 0.000000 0.000000
vn 0.000000 0.000000 0.000000
vn 0.000000 0.000000 0.000000
vn 0.000000 0.000000 0.000000
vn 0.000000 0.000000 0.000000
vn 0.000000 0.000000 0.000000
vn 0.000000 0.000000 0.000000
vn 0.000000 0.000000 0.000000
vn 0.000000 0.000000 0.000000
vn 0.000000 0.000000 0.000000
vn 0.000000 0.000000 0.000000
vn 0.000000 0.000000 0.000000
vn 0.000000 0.000000 0.000000
vn 0.000000 0.000000 0.000000
vn 0.000000 0.000000 0.000000
vn 0.000000 0.000000 0.000000
vn 0.000000 0.000000 0.000000
vn 0.000000 0.000000 0.000000
vn 0.000000 0.000000 0.000000
vn 0.000000 0.000000 0.000000
vn 0.000000 0.000000 0.000000
vn 0.000000 0.000000 0.000000
vn 0.000000 0.000000 0.000000
vn 0.000000 0.000000 0.000000
vn 0.000000 0.000000 0.000000
vn 0.000000 0.000000 0.000000
vn 0.000000 0.000000 0.000000
vn 0.000000 0.000000 0.000000
vn 0.000000 0.000000 0.000000
vn 0.000000 0.000000 0.000000
vn 0.000000 0.000000 1.000000
vn 0.000000 0.000000 0.000000
vn 0.000000 0.000000 0.000000
vn 0.000000 0.000000 1.000000
vn 0.000000 0.000000 0.000000
vn 0.000000 0.000000 0.000000
vn 0.000000 0.000000 0.000000
vn 0.000000 0.000000 0.000000
vn 0.000000 0.000000 1.000000
vn 0.000000 0.000000 0.000000
vn 0.000000 0.000000 0.000000
vn 0.000000 0.000000 1.000000
vn 0.000000 0.000000 0.000000
vn 0.000000 0.000000 0.000000
vn 0.000000 0.000000 0.000000
vn 0.000000 0.000000 0.000000
vn 0.000000 0.000000 0.000000
vn 0.000000 0.000000 0.000000
vn 0.000000 0.000000 0.000000
vn 0.000000 0.000000 0.000000
vn 0.000000 0.000000 0.000000
vn 0.000000 0.000000 0.000000
vn 0.000000 0.000000 0.000000
vn 0.000000 0.000000 0.000000
vn 0.000000 0.000000 0.000000
vn 0.000000 0.000000 0.000000
vn 0.000000 0.000000 0.000000
vn 0.000000 0.000000 0.000000
vn 0.000000 0.000000 0.000000
vn 0.000000 0.000000 0.000000
vn 0.000000 0.000000 0.000000
vn 0.000000 0.000000 0.000000
s 1
g pCylinder1
usemtl initialShadingGroup
f 1/13/1 2/14/2 14/27/3 13/26/4
s 2
f 2/14/5 3/15/6 15/28/7 14/27/8
s 3
f 3/15/9 4/16/10 16/29/11 15/28/12
s 4
f 4/16/13 5/17/14 17/30/15 16/29/16
s 5
f 5/17/17 6/18/18 18/31/19 17/30/20
s 6
f 6/18/21 7/19/22 19/32/23 18/31/24
s 7
f 7/19/25 8/20/26 20/33/27 19/32/28
s 8
f 8/20/29 9/21/30 21/34/31 20/33/32
s 9
f 9/21/33 10/22/34 22/35/35 21/34/36
s 10
f 10/22/37 11/23/38 23/36/39 22/35/40
s 11
f 11/23/41 12/24/42 24/37/43 23/36/44
s 12
f 12/24/45 1/25/46 13/38/47 24/37/48
s 1
f 13/26/4 14/27/3 26/40/49 25/39/50
s 2
f 14/27/8 15/28/7 27/41/51 26/40/52
s 3
f 15/28/12 16/29/11 28/42/53 27/41/54
s 4
f 16/29/16 17/30/15 29/43/55 28/42/56
s 5
f 17/30/20 18/31/19 30/44/57 29/43/58
s 6
f 18/31/24 19/32/23 31/45/59 30/44/60
s 7
f 19/32/28 20/33/27 32/46/61 31/45/62
s 8
f 20/33/32 21/34/31 33/47/63 32/46/64
s 9
f 21/34/36 22/35/35 34/48/65 33/47/66
s 10
f 22/35/40 23/36/39 35/49/67 34/48/68
s 11
f 23/36/44 24/37/43 36/50/69 35/49/70
s 12
f 24/37/48 13/38/47 25/51/71 36/50/72
s off
f 25/39/73 26/40/74 38/53/75 37/52/76
f 26/40/77 27/41/78 39/54/79 38/53/80
f 27/41/81 28/42/82 40/55/83 39/54/84
f 28/42/85 29/43/86 41/56/87 40/55/88
f 29/43/89 30/44/90 42/57/91 41/56/92
f 30/44/93 31/45/94 43/58/95 42/57/96
f 31/45/97 32/46/98 44/59/99 43/58/100
f 32/46/101 33/47/102 45/60/103 44/59/104
f 33/47/105 34/48/106 46/61/107 45/60/108
f 34/48/109 35/49/110 47/62/111 46/61/112
f 35/49/113 36/50/114 48/63/115 47/62/116
f 36/50/117 25/51/118 37/64/119 48/63/120
s 13
f 37/52/121 38/53/122 50/66/123 49/65/124
s 14
f 38/53/125 39/54/126 51/67/127 50/66/128
s 15
f 39/54/129 40/55/130 52/68/131 51/67/132
s 16
f 40/55/133 41/56/134 53/69/135 52/68/136
s 17
f 41/56/137 42/57/138 54/70/139 53/69/140
s 18
f 42/57/141 43/58/142 55/71/143 54/70/144
s 19
f 43/58/145 44/59/146 56/72/147 55/71/148
s 20
f 44/59/149 45/60/150 57/73/151 56/72/152
s 21
f 45/60/153 46/61/154 58/74/155 57/73/156
s 22
f 46/61/157 47/62/158 59/75/159 58/74/160
s 23
f 47/62/161 48/63/162 60/76/163 59/75/164
s 24
f 48/63/165 37/64/166 49/77/167 60/76/168
s 13
f 49/65/124 50/66/123 62/79/169 61/78/170
s 14
f 50/66/128 51/67/127 63/80/171 62/79/172
s 15
f 51/67/132 52/68/131 64/81/173 63/80/174
s 16
f 52/68/136 53/69/135 65/82/175 64/81/176
s 17
f 53/69/140 54/70/139 66/83/177 65/82/178
s 18
f 54/70/144 55/71/143 67/84/179 66/83/180
s 19
f 55/71/148 56/72/147 68/85/181 67/84/182
s 20
f 56/72/152 57/73/151 69/86/183 68/85/184
s 21
f 57/73/156 58/74/155 70/87/185 69/86/186
s 22
f 58/74/160 59/75/159 71/88/187 70/87/188
s 23
f 59/75/164 60/76/163 72/89/189 71/88/190
s 24
f 60/76/168 49/77/167 61/90/191 72/89/192
s 25
f 2/2/193 1/1/194 73/103/195
f 3/3/196 2/2/193 73/103/195
f 4/4/197 3/3/196 73/103/195
f 5/5/198 4/4/197 73/103/195
f 6/6/199 5/5/198 73/103/195
f 7/7/200 6/6/199 73/103/195
f 8/8/201 7/7/200 73/103/195
f 9/9/202 8/8/201 73/103/195
f 10/10/203 9/9/202 73/103/195
f 11/11/204 10/10/203 73/103/195
f 12/12/205 11/11/204 73/103/195
f 1/1/194 12/12/205 73/103/195
s 26
f 61/101/206 62/100/207 74/104/208
f 62/100/207 63/99/209 74/104/208
f 63/99/209 64/98/210 74/104/208
f 64/98/210 65/97/211 74/104/208
f 65/97/211 66/96/212 74/104/208
f 66/96/212 67/95/213 74/104/208
f 67/95/213 68/94/214 74/104/208
f 68/94/214 69/93/215 74/104/208
f 69/93/215 70/92/216 74/104/208
f 70/92/216 71/91/217 74/104/208
f 71/91/217 72/102/218 74/104/208
f 72/102/218 61/101/206 74/104/208
s off
f 25/105/219 26/106/220 76/107/221 75/108/222
f 26/109/223 27/110/224 77/111/225 76/112/226
f 27/113/227 28/114/228 78/115/229 77/116/230
f 28/117/231 29/118/232 79/119/233 78/120/234
f 29/121/235 30/122/236 80/123/237 79/124/238
f 30/125/239 31/126/240 81/127/241 80/128/242
f 31/129/243 32/130/244 82/131/245 81/132/246
f 32/133/247 33/134/248 83/135/249 82/136/250
f 33/137/251 34/138/252 84/139/253 83/140/254
f 34/141/255 35/142/256 85/143/257 84/144/258
f 35/145/259 36/146/260 86/147/261 85/148/262
f 36/149/263 25/150/264 75/151/265 86/152/266
f 37/153/267 38/154/268 88/155/269 87/156/270
f 38/157/271 39/158/272 89/159/273 88/160/274
f 39/161/275 40/162/276 90/163/277 89/164/278
f 40/165/279 41/166/280 91/167/281 90/168/282
f 41/169/283 42/170/284 92/171/285 91/172/286
f 42/173/287 43/174/288 93/175/289 92/176/290
f 43/177/291 44/178/292 94/179/293 93/180/294
f 44/181/295 45/182/296 95/183/297 94/184/298
f 45/185/299 46/186/300 96/187/301 95/188/302
f 46/189/303 47/190/304 97/191/305 96/192/306
f 47/193/307 48/194/308 98/195/309 97/196/310
f 48/197/311 37/198/312 87/199/313 98/200/314
f 25/201/315 37/202/316 87/203/317 75/204/318
f 26/205/319 38/206/320 88/207/321 76/208/322
f 27/209/323 39/210/324 89/211/325 77/212/326
f 28/213/327 40/214/328 90/215/329 78/216/330
f 29/217/331 41/218/332 91/219/333 79/220/334
f 30/221/335 42/222/336 92/223/337 80/224/338
f 31/225/339 43/226/340 93/227/341 81/228/342
f 32/229/343 44/230/344 94/231/345 82/232/346
f 33/233/347 45/234/348 95/235/349 83/236/350
f 34/237/351 46/238/352 96/239/353 84/240/354
f 35/241/355 47/242/356 97/243/357 85/244/358
f 36/245/359 48/246/360 98/247/361 86/248/362
g default
v 0.667856 -0.513307 0.448091
v 0.614191 -0.513307 0.409101
v 0.547857 -0.513307 0.409101
v 0.494192 -0.513307 0.448091
v 0.473693 -0.513307 0.511178
v 0.494192 -0.513307 0.574265
v 0.547857 -0.513307 0.613255
v 0.614191 -0.513307 0.613255
v 0.667856 -0.513307 0.574265
v 0.688354 -0.513307 0.511178
v 0.667856 -1.592960 0.448091
v 0.614191 -1.592960 0.409101
v 0.547857 -1.592960 0.409101
v 0.494192 -1.592960 0.448091
v 0.473693 -1.592960 0.511178
v 0.494192 -1.592960 0.574265
v 0.547857 -1.592960 0.613255
v 0.614191 -1.592960 0.613255
v 0.667856 -1.592960 0.574265
v 0.688354 -1.592960 0.511178
v 0.581024 -0.513307 0.511178
v 0.581024 -1.592960 0.511178
v 0.614191 -0.993772 0.613255
v 0.547857 -0.993772 0.613255
v 0.494192 -0.993772 0.574265
v 0.473693 -0.993772 0.511178
v 0.494192 -0.993772 0.448091
v 0.547857 -0.993772 0.409101
v 0.614191 -0.993772 0.409101
v 0.667856 -0.993772 0.448091
v 0.688354 -0.993772 0.511178
v 0.667856 -0.993772 0.574265
v 0.614191 -0.823611 0.613255
v 0.547857 -0.823611 0.613255
v 0.494192 -0.823611 0.574265
v 0.473693 -0.823611 0.511178
v 0.494192 -0.823611 0.448091
v 0.547857 -0.823611 0.409101
v 0.614191 -0.823611 0.409101
v 0.667856 -0.823611 0.448091
v 0.688354 -0.823611 0.511178
v 0.667856 -0.823611 0.574265
v 0.614191 -0.609077 0.613255
v 0.547857 -0.609077 0.613255
v 0.494192 -0.609077 0.574265
v 0.473693 -0.609077 0.511178
v 0.494192 -0.609077 0.448091
v 0.547857 -0.609077 0.409101
v 0.614191 -0.609077 0.409101
v 0.667856 -0.609077 0.448091
v 0.688354 -0.609077 0.511178
v 0.667856 -0.609077 0.574265
v 0.610428 -0.612818 0.601674
v 0.551620 -0.612818 0.601674
v 0.504043 -0.612818 0.567108
v 0.485871 -0.612818 0.511178
v 0.504043 -0.612818 0.455248
v 0.551620 -0.612818 0.420682
v 0.610428 -0.612818 0.420682
v 0.658004 -0.612818 0.455248
v 0.676177 -0.612818 0.511178
v 0.658004 -0.612818 0.567108
v 0.610428 -0.823389 0.601674
v 0.551620 -0.823389 0.601674
v 0.504043 -0.823389 0.567108
v 0.485871 -0.823389 0.511178
v 0.504043 -0.823389 0.455248
v 0.551620 -0.823389 0.420682
v 0.610428 -0.823389 0.420682
v 0.658004 -0.823389 0.455248
v 0.676177 -0.823389 0.511178
v 0.658004 -0.823389 0.567108
v 0.614191 -0.853311 0.613255
v 0.547857 -0.853311 0.613255
v 0.494192 -0.853311 0.574265
v 0.473693 -0.853311 0.511178
v 0.494192 -0.853311 0.448091
v 0.547857 -0.853311 0.409101
v 0.614191 -0.853311 0.409101
v 0.667856 -0.853311 0.448091
v 0.688354 -0.853311 0.511178
v 0.667856 -0.853311 0.574265
v 0.618867 -0.862485 0.627646
v 0.543181 -0.862485 0.627646
v 0.618867 -0.984598 0.627646
v 0.543181 -0.984598 0.627646
v 0.481950 -0.862485 0.583159
v 0.481950 -0.984598 0.583159
v 0.458562 -0.862485 0.511178
v 0.458562 -0.984598 0.511178
v 0.481950 -0.862485 0.439197
v 0.481950 -0.984598 0.439197
v 0.543181 -0.862485 0.394710
v 0.543181 -0.984598 0.394710
v 0.618867 -0.862485 0.394710
v 0.618867 -0.984598 0.394710
v 0.680097 -0.862485 0.439197
v 0.680097 -0.984598 0.439197
v 0.703485 -0.862485 0.511178
v 0.703485 -0.984598 0.511178
v 0.680097 -0.862485 0.583159
v 0.680097 -0.984598 0.583159
v 1.838633 -0.437002 0.593783
v 1.851529 -0.437002 0.511178
v 1.851529 -0.532772 0.511178
v 1.838633 -0.532772 0.593783
v 1.838633 -0.437002 0.428573
v 1.838633 -0.532772 0.428573
v 0.729845 -0.513307 0.585310
v 0.729845 -0.609077 0.585310
v 0.729846 -0.609077 0.511178
v 0.729845 -0.609077 0.437046
v 0.729845 -0.513307 0.437046
v 0.729846 -0.513307 0.511178
v 0.990657 -0.539356 0.435053
v 0.990657 -0.443586 0.435053
v 0.993690 -0.443586 0.511178
v 0.990657 -0.443586 0.587303
v 0.990657 -0.539356 0.587303
v 0.993690 -0.539356 0.511178
v 1.283588 -0.408519 0.589541
v 1.283588 -0.504289 0.589541
v 1.290029 -0.504289 0.511178
v 1.283588 -0.504289 0.432815
v 1.283588 -0.408519 0.432815
v 1.290029 -0.408519 0.511178
v 1.619251 -0.425744 0.592107
v 1.619251 -0.521514 0.592107
v 1.629596 -0.521514 0.511178
v 1.619251 -0.521514 0.430250
v 1.619251 -0.425744 0.430250
v 1.629596 -0.425744 0.511178
v 1.784094 -0.434203 0.593366
v 1.784094 -0.529973 0.593366
v 1.796355 -0.529973 0.511178
v 1.784094 -0.529973 0.428990
v 1.784094 -0.434203 0.428990
v 1.796355 -0.434203 0.511178
v 0.670715 -0.513307 0.565465
v 0.729845 -0.513307 0.574969
v 0.991080 -0.443586 0.576684
v 1.284487 -0.408519 0.578610
v 1.620694 -0.425744 0.580817
v 1.785804 -0.434203 0.581901
v 1.840432 -0.437002 0.582260
v 1.840432 -0.532772 0.582260
v 1.756204 -0.529973 0.581901
v 1.675591 -0.521514 0.580817
v 1.284487 -0.504289 0.578610
v 0.991080 -0.539356 0.576684
v 0.729845 -0.609077 0.574969
v 0.670715 -0.609077 0.565465
v 0.660539 -0.612818 0.559306
v 0.660539 -0.823389 0.559306
v 0.670715 -0.823611 0.565465
v 0.670715 -0.853311 0.565465
v 0.683360 -0.862485 0.573118
v 0.683360 -0.984598 0.573118
v 0.670715 -0.993772 0.565465
v 0.670715 -1.592960 0.565465
v 0.673425 -0.513307 0.452208
v 0.729845 -0.513307 0.444164
v 0.991481 -0.443586 0.442712
v 1.285338 -0.408519 0.441082
v 1.622062 -0.425744 0.439214
v 1.787425 -0.434203 0.438296
v 1.842137 -0.437002 0.437993
v 1.842137 -0.532772 0.437993
v 1.756995 -0.529973 0.438296
v 1.676258 -0.521514 0.439214
v 1.285338 -0.504289 0.441082
v 0.991481 -0.539356 0.442712
v 0.729845 -0.609077 0.444164
v 0.673425 -0.609077 0.452208
v 0.662942 -0.612818 0.457421
v 0.662942 -0.823389 0.457421
v 0.673425 -0.823611 0.452208
v 0.673425 -0.853311 0.452208
v 0.686452 -0.862485 0.445730
v 0.686452 -0.984598 0.445730
v 0.673425 -0.993772 0.452208
v 0.673425 -1.592960 0.452208
v 1.625669 -0.578938 0.511161
v 1.672332 -0.578938 0.439016
v 1.792428 -0.587397 0.511161
v 1.753070 -0.587397 0.438098
v 1.671663 -0.578938 0.580981
v 1.752277 -0.587397 0.582065
v 1.644531 -0.579895 0.510917
v 1.680638 -0.579895 0.455092
v 1.773566 -0.586440 0.510917
v 1.743111 -0.586440 0.454382
v 1.680120 -0.579895 0.564942
v 1.742498 -0.586440 0.565781
v 1.645622 -0.563939 0.510922
v 1.681729 -0.563939 0.455147
v 1.774658 -0.570485 0.510922
v 1.744202 -0.570485 0.454437
v 1.681212 -0.563939 0.564897
v 1.743589 -0.570485 0.565736
vt 0.626409 0.064409
vt 0.548284 0.007647
vt 0.451716 0.007647
vt 0.373591 0.064409
vt 0.343750 0.156250
vt 0.373591 0.248091
vt 0.451716 0.304853
vt 0.548284 0.304853
vt 0.626409 0.248091
vt 0.656250 0.156250
vt 0.375000 0.312500
vt 0.400000 0.312500
vt 0.425000 0.312500
vt 0.450000 0.312500
vt 0.475000 0.312500
vt 0.500000 0.312500
vt 0.525000 0.312500
vt 0.550000 0.312500
vt 0.575000 0.312500
vt 0.600000 0.312500
vt 0.625000 0.312500
vt 0.375000 0.687500
vt 0.400000 0.687500
vt 0.425000 0.687500
vt 0.450000 0.687500
vt 0.475000 0.687500
vt 0.500000 0.687500
vt 0.525000 0.687500
vt 0.550000 0.687500
vt 0.575000 0.687500
vt 0.600000 0.687500
vt 0.625000 0.687500
vt 0.626409 0.751909
vt 0.548284 0.695147
vt 0.451716 0.695147
vt 0.373591 0.751909
vt 0.343750 0.843750
vt 0.373591 0.935591
vt 0.451716 0.992353
vt 0.548284 0.992353
vt 0.626409 0.935591
vt 0.656250 0.843750
vt 0.500000 0.156250
vt 0.500000 0.843750
vt 0.550000 0.432591
vt 0.525000 0.432591
vt 0.500000 0.432591
vt 0.475000 0.432591
vt 0.450000 0.432591
vt 0.425000 0.432591
vt 0.400000 0.432591
vt 0.625000 0.432591
vt 0.375000 0.432591
vt 0.600000 0.432591
vt 0.575000 0.432591
vt 0.550000 0.399675
vt 0.525000 0.399675
vt 0.500000 0.399675
vt 0.475000 0.399675
vt 0.450000 0.399675
vt 0.425000 0.399675
vt 0.400000 0.399675
vt 0.625000 0.399675
vt 0.375000 0.399675
vt 0.600000 0.399675
vt 0.575000 0.399675
vt 0.550000 0.371893
vt 0.525000 0.371893
vt 0.500000 0.371893
vt 0.475000 0.371893
vt 0.450000 0.371893
vt 0.425000 0.371893
vt 0.400000 0.371893
vt 0.625000 0.371893
vt 0.375000 0.371893
vt 0.600000 0.371893
vt 0.575000 0.371893
vt 0.550000 0.378765
vt 0.525000 0.378765
vt 0.500000 0.378765
vt 0.475000 0.378765
vt 0.450000 0.378765
vt 0.425000 0.378765
vt 0.400000 0.378765
vt 0.625000 0.378765
vt 0.375000 0.378765
vt 0.600000 0.378765
vt 0.575000 0.378765
vt 0.550000 0.392650
vt 0.525000 0.392650
vt 0.500000 0.392650
vt 0.475000 0.392650
vt 0.450000 0.392650
vt 0.425000 0.392650
vt 0.400000 0.392650
vt 0.625000 0.392650
vt 0.375000 0.392650
vt 0.600000 0.392650
vt 0.575000 0.392650
vt 0.550000 0.405420
vt 0.525000 0.405420
vt 0.500000 0.405420
vt 0.475000 0.405420
vt 0.450000 0.405420
vt 0.425000 0.405420
vt 0.400000 0.405420
vt 0.625000 0.405420
vt 0.375000 0.405420
vt 0.600000 0.405420
vt 0.575000 0.405420
vt 0.525000 0.405420
vt 0.550000 0.405420
vt 0.550000 0.432591
vt 0.525000 0.432591
vt 0.500000 0.405420
vt 0.500000 0.432591
vt 0.475000 0.405420
vt 0.475000 0.432591
vt 0.450000 0.405420
vt 0.450000 0.432591
vt 0.425000 0.405420
vt 0.425000 0.432591
vt 0.400000 0.405420
vt 0.400000 0.432591
vt 0.375000 0.405420
vt 0.375000 0.432591
vt 0.600000 0.405420
vt 0.625000 0.405420
vt 0.625000 0.432591
vt 0.600000 0.432591
vt 0.575000 0.405420
vt 0.575000 0.432591
vt 0.575000 0.312500
vt 0.600000 0.312500
vt 0.600000 0.371893
vt 0.575000 0.371893
vt 0.625000 0.312500
vt 0.625000 0.371893
vt 0.575000 0.312500
vt 0.575000 0.371893
vt 0.600000 0.371893
vt 0.625000 0.371893
vt 0.625000 0.312500
vt 0.600000 0.312500
vt 0.625000 0.371893
vt 0.625000 0.312500
vt 0.600000 0.312500
vt 0.575000 0.312500
vt 0.575000 0.371893
vt 0.600000 0.371893
vt 0.575000 0.312500
vt 0.575000 0.371893
vt 0.600000 0.371893
vt 0.625000 0.371893
vt 0.625000 0.312500
vt 0.600000 0.312500
vt 0.575000 0.312500
vt 0.575000 0.371893
vt 0.600000 0.371893
vt 0.625000 0.371893
vt 0.625000 0.312500
vt 0.600000 0.312500
vt 0.575000 0.312500
vt 0.575000 0.371893
vt 0.600000 0.371893
vt 0.625000 0.371893
vt 0.625000 0.312500
vt 0.600000 0.312500
vt 0.578487 0.312500
vt 0.630572 0.235280
vt 0.578487 0.312500
vt 0.578487 0.312500
vt 0.578487 0.312500
vt 0.578487 0.312500
vt 0.578487 0.312500
vt 0.578487 0.312500
vt 0.578487 0.371893
vt 0.578487 0.371893
vt 0.578487 0.371893
vt 0.578487 0.371893
vt 0.578487 0.371893
vt 0.578487 0.371893
vt 0.578487 0.371893
vt 0.578487 0.378765
vt 0.578487 0.392650
vt 0.578487 0.399675
vt 0.578487 0.405420
vt 0.578487 0.405420
vt 0.578487 0.432591
vt 0.578487 0.432591
vt 0.630572 0.764720
vt 0.578487 0.687500
vt 0.618208 0.312500
vt 0.634516 0.089360
vt 0.618208 0.312500
vt 0.618208 0.312500
vt 0.618208 0.312500
vt 0.618208 0.312500
vt 0.618208 0.312500
vt 0.618208 0.312500
vt 0.618208 0.371893
vt 0.618208 0.371893
vt 0.618208 0.371893
vt 0.618208 0.371893
vt 0.618208 0.371893
vt 0.618208 0.371893
vt 0.618208 0.371893
vt 0.618208 0.378765
vt 0.618208 0.392650
vt 0.618208 0.399675
vt 0.618208 0.405420
vt 0.618208 0.405420
vt 0.618208 0.432591
vt 0.618208 0.432591
vt 0.634516 0.910640
vt 0.618208 0.687500
vt 0.618208 0.371893
vt 0.600000 0.371893
vt 0.600000 0.371893
vt 0.618208 0.371893
vt 0.578487 0.371893
vt 0.578487 0.371893
vt 0.618208 0.371893
vt 0.600000 0.371893
vt 0.600000 0.371893
vt 0.618208 0.371893
vt 0.578487 0.371893
vt 0.578487 0.371893
vt 0.618208 0.371893
vt 0.600000 0.371893
vt 0.600000 0.371893
vt 0.618208 0.371893
vt 0.578487 0.371893
vt 0.578487 0.371893
vn 0.587785 0.000000 -0.809017
vn 0.587785 0.000000 -0.809017
vn 0.584903 -0.098914 -0.805050
vn 0.584903 -0.098914 -0.805050
vn 0.000000 0.000000 -1.000000
vn 0.000000 0.000000 -1.000000
vn -0.000000 -0.098914 -0.995096
vn -0.000000 -0.098914 -0.995096
vn -0.587785 -0.000000 -0.809017
vn -0.587785 -0.000000 -0.809017
vn -0.584903 -0.098914 -0.805050
vn -0.584903 -0.098914 -0.805050
vn -0.951056 -0.000000 -0.309017
vn -0.951056 -0.000000 -0.309017
vn -0.946393 -0.098914 -0.307501
vn -0.946393 -0.098914 -0.307501
vn -0.951057 0.000000 0.309017
vn -0.951057 0.000000 0.309017
vn -0.946393 -0.098914 0.307501
vn -0.946393 -0.098914 0.307501
vn -0.587784 0.000000 0.809018
vn -0.587784 0.000000 0.809018
vn -0.584902 -0.098914 0.805050
vn -0.584902 -0.098914 0.805050
vn 0.000000 0.000000 1.000000
vn 0.000000 0.000000 1.000000
vn 0.000000 -0.098913 0.995096
vn 0.000000 -0.098913 0.995096
vn 0.587784 0.000000 0.809018
vn 0.587784 0.000000 0.809018
vn 0.584902 -0.098914 0.805050
vn 0.584902 -0.098914 0.805050
vn 0.988036 0.000000 0.154221
vn 0.988033 0.000000 0.154245
vn 0.988033 0.000000 0.154245
vn 0.988036 0.000000 0.154221
vn 0.991866 0.000000 -0.127287
vn 0.988033 0.000000 -0.154244
vn 0.988033 0.000000 -0.154244
vn 0.991866 0.000000 -0.127287
vn 0.000000 1.000000 -0.000000
vn 0.000000 1.000000 -0.000000
vn 0.000000 1.000000 -0.000000
vn 0.000000 1.000000 -0.000000
vn 0.000000 1.000000 0.000000
vn 0.000000 1.000000 0.000000
vn 0.000000 1.000000 -0.000000
vn 0.000000 1.000000 -0.000000
vn 0.000000 1.000000 0.000000
vn 0.000000 1.000000 0.000000
vn 0.000000 1.000000 0.000000
vn 0.000000 1.000000 0.000000
vn 0.000000 1.000000 -0.000000
vn 0.000000 -1.000000 -0.000000
vn 0.000000 -1.000000 0.000001
vn 0.000000 -1.000000 0.000000
vn 0.000000 -1.000000 0.000000
vn 0.000000 -1.000000 -0.000001
vn 0.000000 -1.000000 0.000000
vn 0.000000 -1.000000 0.000001
vn 0.000000 -1.000000 -0.000000
vn 0.000000 -1.000000 -0.000001
vn 0.000000 -1.000000 0.000000
vn 0.000000 -1.000000 0.000001
vn 0.000000 -1.000000 -0.000000
vn 0.000000 -1.000000 -0.000001
vn 0.000000 0.000000 1.000000
vn 0.000000 0.000000 1.000000
vn 0.000000 0.000000 1.000000
vn 0.000000 0.000000 1.000000
vn -0.587784 0.000000 0.809018
vn -0.587784 0.000000 0.809018
vn -0.587784 0.000000 0.809018
vn -0.587784 0.000000 0.809018
vn -0.951057 0.000000 0.309017
vn -0.951057 0.000000 0.309017
vn -0.951057 0.000000 0.309017
vn -0.951057 0.000000 0.309017
vn -0.951057 -0.000000 -0.309017
vn -0.951057 -0.000000 -0.309017
vn -0.951057 -0.000000 -0.309017
vn -0.951057 -0.000000 -0.309017
vn -0.587785 -0.000000 -0.809017
vn -0.587785 -0.000000 -0.809017
vn -0.587785 -0.000000 -0.809017
vn -0.587785 -0.000000 -0.809017
vn 0.000000 0.000000 -1.000000
vn 0.000000 0.000000 -1.000000
vn 0.000000 0.000000 -1.000000
vn 0.000000 0.000000 -1.000000
vn 0.587785 0.000000 -0.809017
vn 0.587785 0.000000 -0.809017
vn 0.587785 0.000000 -0.809017
vn 0.587785 0.000000 -0.809017
vn 0.969416 0.000000 -0.245423
vn 0.951057 0.000000 -0.309017
vn 0.951057 0.000000 -0.309017
vn 0.969416 0.000000 -0.245423
vn 0.951057 0.000000 0.309016
vn 0.951057 0.000000 0.309017
vn 0.951057 0.000000 0.309017
vn 0.951057 0.000000 0.309016
vn 0.587784 0.000000 0.809018
vn 0.587784 0.000000 0.809018
vn 0.587784 0.000000 0.809018
vn 0.587784 0.000000 0.809018
vn 0.000000 0.281169 0.959658
vn 0.000000 0.281169 0.959658
vn 0.000000 0.000000 1.000000
vn 0.000000 0.000000 1.000000
vn -0.564071 0.281171 0.776380
vn -0.564071 0.281171 0.776380
vn -0.587784 0.000000 0.809018
vn -0.587784 0.000000 0.809018
vn -0.912689 0.281171 0.296550
vn -0.912689 0.281171 0.296550
vn -0.951057 0.000000 0.309017
vn -0.951057 0.000000 0.309017
vn -0.912689 0.281170 -0.296551
vn -0.912689 0.281170 -0.296551
vn -0.951057 -0.000000 -0.309017
vn -0.951057 -0.000000 -0.309017
vn -0.564073 0.281172 -0.776379
vn -0.564073 0.281172 -0.776379
vn -0.587786 -0.000000 -0.809017
vn -0.587786 -0.000000 -0.809017
vn -0.000000 0.281171 -0.959658
vn -0.000000 0.281171 -0.959658
vn 0.000000 0.000000 -1.000000
vn 0.000000 0.000000 -1.000000
vn 0.564073 0.281170 -0.776380
vn 0.564073 0.281171 -0.776379
vn 0.587785 0.000000 -0.809017
vn 0.587785 0.000000 -0.809017
vn 0.925105 0.298894 -0.234186
vn 0.906492 0.302594 -0.294463
vn 0.951057 0.000000 -0.309017
vn 0.969416 0.000000 -0.245423
vn 0.912689 0.281170 0.296551
vn 0.903924 0.310903 0.293702
vn 0.951057 0.000000 0.309017
vn 0.951057 0.000000 0.309016
vn 0.564072 0.281172 0.776380
vn 0.564072 0.281172 0.776380
vn 0.587785 0.000000 0.809018
vn 0.587785 0.000000 0.809018
vn 0.000000 -0.062915 0.998019
vn 0.000000 -0.062915 0.998019
vn -0.586622 -0.062916 0.807414
vn -0.586622 -0.062916 0.807414
vn -0.949172 -0.062916 0.308406
vn -0.949172 -0.062916 0.308406
vn -0.949172 -0.062916 -0.308405
vn -0.949172 -0.062916 -0.308405
vn -0.586619 -0.062916 -0.807415
vn -0.586619 -0.062916 -0.807415
vn -0.000002 -0.062916 -0.998019
vn -0.000002 -0.062916 -0.998019
vn 0.586621 -0.062916 -0.807414
vn 0.586621 -0.062916 -0.807414
vn 0.043593 -0.999049 0.000894
vn 0.050057 -0.998619 -0.015970
vn 0.949111 -0.063103 -0.308555
vn 0.969176 -0.061046 -0.238687
vn 0.044113 -0.998924 0.014329
vn 0.051966 -0.998506 0.016884
vn 0.949328 -0.060252 0.308457
vn 0.949171 -0.062916 0.308408
vn 0.586621 -0.062915 0.807414
vn 0.586621 -0.062915 0.807414
vn 0.000000 0.069894 0.997554
vn 0.000000 0.069894 0.997554
vn -0.586349 0.069895 0.807038
vn -0.586349 0.069895 0.807038
vn -0.948730 0.069895 0.308262
vn -0.948730 0.069895 0.308262
vn -0.948731 0.069894 -0.308261
vn -0.948731 0.069894 -0.308261
vn -0.586346 0.069895 -0.807040
vn -0.586346 0.069895 -0.807040
vn -0.000002 0.069895 -0.997554
vn -0.000002 0.069895 -0.997554
vn 0.586348 0.069895 -0.807038
vn 0.586348 0.069895 -0.807038
vn 0.948759 0.069367 -0.308294
vn 0.968849 0.066552 -0.238542
vn 0.949079 0.064452 0.308376
vn 0.948730 0.069895 0.308265
vn 0.586348 0.069894 0.807038
vn 0.586348 0.069895 0.807038
vn 0.000000 0.000000 1.000000
vn 0.000000 0.000000 1.000000
vn 0.000000 0.000000 1.000000
vn 0.000000 0.000000 1.000000
vn -0.587784 0.000000 0.809018
vn -0.587784 0.000000 0.809018
vn -0.587784 0.000000 0.809018
vn -0.587784 0.000000 0.809018
vn -0.951057 0.000000 0.309017
vn -0.951057 0.000000 0.309017
vn -0.951057 0.000000 0.309017
vn -0.951057 0.000000 0.309017
vn -0.951056 -0.000000 -0.309017
vn -0.951056 -0.000000 -0.309017
vn -0.951056 -0.000000 -0.309017
vn -0.951056 -0.000000 -0.309017
vn -0.587786 -0.000000 -0.809016
vn -0.587786 -0.000000 -0.809016
vn -0.587786 -0.000000 -0.809016
vn -0.587786 -0.000000 -0.809016
vn 0.000000 0.000000 -1.000000
vn 0.000000 0.000000 -1.000000
vn 0.000000 0.000000 -1.000000
vn 0.000000 0.000000 -1.000000
vn 0.587786 0.000000 -0.809017
vn 0.587786 0.000000 -0.809017
vn 0.587786 0.000000 -0.809017
vn 0.587786 0.000000 -0.809017
vn 0.967760 0.000000 -0.251875
vn 0.951056 0.000000 -0.309018
vn 0.951056 0.000000 -0.309018
vn 0.967760 0.000000 -0.251875
vn 0.951058 0.000000 0.309013
vn 0.951056 0.000000 0.309017
vn 0.951056 0.000000 0.309017
vn 0.951058 0.000000 0.309013
vn 0.587785 0.000000 0.809017
vn 0.587785 0.000000 0.809017
vn 0.587785 0.000000 0.809017
vn 0.587785 0.000000 0.809017
vn 0.000000 0.843219 0.537570
vn 0.000000 0.843219 0.537570
vn 0.000000 0.843219 0.537570
vn 0.000000 0.843219 0.537570
vn 0.000000 -0.843216 0.537575
vn 0.000000 -0.843216 0.537575
vn 0.000000 -0.843216 0.537575
vn 0.000000 -0.843216 0.537575
vn -0.315976 0.843219 0.434903
vn -0.315976 0.843219 0.434903
vn -0.315976 0.843219 0.434903
vn -0.315976 0.843219 0.434903
vn -0.315978 -0.843216 0.434908
vn -0.315978 -0.843216 0.434908
vn -0.315978 -0.843216 0.434908
vn -0.315978 -0.843216 0.434908
vn -0.511260 0.843219 0.166119
vn -0.511260 0.843219 0.166119
vn -0.511260 0.843219 0.166119
vn -0.511260 0.843219 0.166119
vn -0.511264 -0.843216 0.166120
vn -0.511264 -0.843216 0.166120
vn -0.511264 -0.843216 0.166120
vn -0.511264 -0.843216 0.166120
vn -0.511260 0.843219 -0.166119
vn -0.511260 0.843219 -0.166119
vn -0.511260 0.843219 -0.166119
vn -0.511260 0.843219 -0.166119
vn -0.511265 -0.843216 -0.166120
vn -0.511265 -0.843216 -0.166120
vn -0.511265 -0.843216 -0.166120
vn -0.511265 -0.843216 -0.166120
vn -0.315976 0.843218 -0.434904
vn -0.315976 0.843219 -0.434904
vn -0.315976 0.843219 -0.434904
vn -0.315976 0.843219 -0.434904
vn -0.315979 -0.843215 -0.434908
vn -0.315979 -0.843215 -0.434908
vn -0.315979 -0.843215 -0.434908
vn -0.315979 -0.843215 -0.434908
vn 0.000000 0.843219 -0.537570
vn 0.000000 0.843219 -0.537570
vn 0.000000 0.843219 -0.537570
vn 0.000000 0.843219 -0.537570
vn 0.000000 -0.843216 -0.537575
vn 0.000000 -0.843216 -0.537575
vn 0.000000 -0.843216 -0.537575
vn 0.000000 -0.843216 -0.537575
vn 0.315976 0.843219 -0.434904
vn 0.315976 0.843218 -0.434904
vn 0.315976 0.843218 -0.434904
vn 0.315976 0.843218 -0.434904
vn 0.315979 -0.843215 -0.434908
vn 0.315979 -0.843215 -0.434908
vn 0.315979 -0.843215 -0.434908
vn 0.315979 -0.843215 -0.434908
vn 0.519344 0.844086 -0.133420
vn 0.504084 0.847731 -0.165081
vn 0.504877 0.847571 -0.163472
vn 0.519344 0.844086 -0.133420
vn 0.504088 -0.847728 -0.165083
vn 0.519349 -0.844083 -0.133421
vn 0.519349 -0.844083 -0.133421
vn 0.504882 -0.847568 -0.163474
vn 0.511261 0.843218 0.166119
vn 0.511260 0.843219 0.166119
vn 0.511260 0.843219 0.166119
vn 0.511261 0.843218 0.166119
vn 0.511264 -0.843216 0.166120
vn 0.511266 -0.843215 0.166118
vn 0.511266 -0.843215 0.166118
vn 0.511264 -0.843216 0.166120
vn 0.315975 0.843219 0.434905
vn 0.315976 0.843219 0.434905
vn 0.315975 0.843219 0.434905
vn 0.315975 0.843219 0.434905
vn 0.315978 -0.843216 0.434908
vn 0.315978 -0.843216 0.434908
vn 0.315978 -0.843216 0.434908
vn 0.315978 -0.843216 0.434908
vn -0.221451 0.975161 -0.004472
vn -0.218571 0.975811 -0.004414
vn 0.218571 -0.975811 0.004413
vn 0.221451 -0.975161 0.004471
vn -0.175407 0.000000 0.984496
vn -0.175407 0.000000 0.984496
vn -0.029406 0.000000 0.999568
vn -0.073431 0.000000 0.997300
vn -0.222517 0.974918 0.004490
vn -0.220146 0.975467 -0.000333
vn -0.175406 -0.000000 -0.984496
vn -0.175406 -0.000000 -0.984496
vn -0.073431 -0.000000 -0.997300
vn -0.029406 -0.000000 -0.999568
vn 0.220146 -0.975467 0.000334
vn 0.222518 -0.974918 -0.004490
vn -0.007641 0.000000 0.999971
vn -0.007642 0.000000 0.999971
vn 0.185760 -0.982575 0.006307
vn 0.184640 -0.982786 0.006281
vn 0.182691 -0.983170 0.000477
vn 0.184149 -0.982878 -0.006304
vn -0.007642 -0.000000 -0.999971
vn -0.007642 -0.000000 -0.999971
vn -0.184149 0.982878 0.006304
vn -0.182691 0.983170 -0.000477
vn -0.184640 0.982786 -0.006281
vn -0.185760 0.982575 -0.006310
vn -0.007642 -0.000000 -0.999971
vn -0.007642 -0.000000 -0.999971
vn -0.028490 0.999594 0.000397
vn -0.023444 0.999725 0.000011
vn -0.029539 0.999563 -0.000630
vn -0.030654 0.999530 -0.000709
vn -0.007642 0.000000 0.999971
vn -0.007642 0.000000 0.999971
vn 0.029095 -0.997663 -0.061828
vn 0.028338 -0.999598 -0.000259
vn 0.022443 -0.999748 0.000105
vn 0.027326 -0.999626 0.001101
vn -0.007642 0.000000 0.999971
vn -0.007642 0.000000 0.999971
vn -0.047104 -0.991932 -0.117692
vn -0.049646 -0.998759 -0.003867
vn -0.047141 -0.998888 -0.000231
vn -0.049145 -0.998785 0.003614
vn -0.007642 -0.000000 -0.999971
vn -0.007642 -0.000000 -0.999971
vn 0.050881 0.998688 -0.005852
vn 0.050876 0.998705 0.000444
vn 0.050929 0.998685 0.005893
vn 0.051165 0.998673 0.005907
vn -0.007641 0.000000 0.999971
vn -0.007641 0.000000 0.999971
vn -0.047095 -0.998781 0.014785
vn -0.050842 -0.997926 -0.039480
vn -0.068210 -0.997665 -0.003433
vn -0.068227 -0.997670 -0.000361
vn -0.068227 -0.997670 -0.000377
vn -0.068210 -0.997665 -0.003433
vn -0.007642 -0.000000 -0.999971
vn -0.007642 -0.000000 -0.999971
vn 0.050876 0.998680 -0.007073
vn 0.050873 0.998705 0.000523
vn 0.050922 0.998676 0.007220
vn 0.051155 0.998664 0.007249
vn -0.007641 0.000000 0.999971
vn -0.007641 0.000000 0.999971
vn -0.040519 -0.998120 0.045989
vn -0.040139 -0.999167 -0.007400
vn -0.049057 -0.997834 0.043832
vn -0.039957 -0.999201 -0.000414
vn -0.039955 -0.999202 -0.000220
vn -0.039871 -0.999174 0.007916
vn -0.007642 -0.000000 -0.999971
vn -0.007642 -0.000000 -0.999971
vn 0.050872 0.998678 -0.007425
vn 0.050873 0.998705 0.000523
vn 0.050918 0.998673 0.007773
vn 0.051152 0.998660 0.007810
vn 0.988032 0.000000 0.154249
vn 0.988032 0.000000 0.154249
vn -0.068244 -0.997665 0.002837
vn -0.068244 -0.997665 0.002837
vn 0.949172 -0.062916 0.308405
vn 0.948730 0.069894 0.308262
vn 0.912689 0.281170 0.296550
vn 0.951057 0.000000 0.309017
vn 0.511260 0.843219 0.166119
vn 0.511260 0.843219 0.166119
vn 0.951056 0.000000 0.309018
vn 0.951056 0.000000 0.309018
vn 0.511264 -0.843216 0.166120
vn 0.511264 -0.843216 0.166120
vn 0.951057 0.000000 0.309017
vn 0.951057 0.000000 0.309017
vn -0.223273 0.974676 0.012453
vn -0.185978 0.982408 0.016904
vn -0.034808 0.999390 0.003019
vn 0.051068 0.998590 -0.014483
vn 0.051046 0.998544 -0.017430
vn 0.051038 0.998523 -0.018629
vn 0.937261 0.000000 -0.348628
vn 0.937261 0.000000 -0.348628
vn -0.046189 -0.998803 -0.016088
vn -0.040251 -0.997902 -0.050718
vn -0.046666 -0.986892 0.154489
vn 0.033059 -0.996794 0.072855
vn 0.185978 -0.982408 -0.016903
vn 0.223273 -0.974676 -0.012457
vn 0.050062 -0.995238 -0.083634
vn 0.404158 -0.046637 -0.913499
vn 0.402512 0.037729 -0.914637
vn 0.556716 0.348002 -0.754296
vn 0.594445 0.000000 -0.804136
vn 0.362436 0.839041 -0.405771
vn 0.362436 0.839041 -0.405771
vn 0.716851 0.000000 -0.697226
vn 0.716851 0.000000 -0.697226
vn 0.362439 -0.839038 -0.405774
vn 0.362439 -0.839038 -0.405775
vn 0.594445 0.000000 -0.804137
vn 0.594445 0.000000 -0.804137
vn -0.837933 0.058311 -0.542649
vn -0.837933 0.058311 -0.542649
vn -0.837933 0.058311 -0.542649
vn -0.837933 0.058311 -0.542649
vn 0.878593 -0.059189 -0.473888
vn 0.878593 -0.059189 -0.473888
vn 0.878593 -0.059189 -0.473888
vn 0.878593 -0.059189 -0.473888
vn -0.010923 0.004192 -0.999932
vn -0.010923 0.004192 -0.999932
vn -0.010923 0.004192 -0.999932
vn -0.010923 0.004192 -0.999932
vn -0.833366 0.057696 0.549701
vn -0.833366 0.057696 0.549701
vn -0.833366 0.057696 0.549701
vn -0.833366 0.057696 0.549701
vn -0.013053 0.003740 0.999908
vn -0.013053 0.003740 0.999908
vn -0.013053 0.003740 0.999908
vn -0.013053 0.003740 0.999908
vn 0.868394 -0.058766 0.492380
vn 0.868394 -0.058766 0.492380
vn 0.868394 -0.058766 0.492380
vn 0.868394 -0.058766 0.492380
vn -0.051060 -0.998149 -0.033025
vn -0.051060 -0.998149 -0.033025
vn -0.051060 -0.998149 -0.033025
vn -0.051060 -0.998149 -0.033025
vn -0.050997 -0.998321 0.027471
vn -0.050997 -0.998321 0.027471
vn -0.050997 -0.998321 0.027471
vn -0.050997 -0.998321 0.027471
vn -0.104261 -0.994536 -0.005325
vn -0.104261 -0.994536 -0.005325
vn -0.104261 -0.994536 -0.005325
vn -0.104261 -0.994536 -0.005325
vn -0.050206 -0.998191 0.033074
vn -0.050206 -0.998191 0.033074
vn -0.050206 -0.998191 0.033074
vn -0.050206 -0.998191 0.033074
vn -0.104417 -0.994524 0.004270
vn -0.104417 -0.994524 0.004270
vn -0.104417 -0.994524 0.004270
vn -0.104417 -0.994524 0.004270
vn -0.050273 -0.998330 -0.028469
vn -0.050273 -0.998330 -0.028469
vn -0.050273 -0.998330 -0.028469
vn -0.050273 -0.998330 -0.028469
vn 0.838130 -0.058322 0.542344
vn 0.838130 -0.058322 0.542344
vn 0.838130 -0.058322 0.542344
vn 0.838130 -0.058322 0.542344
vn -0.878752 0.059210 0.473592
vn -0.878752 0.059210 0.473592
vn -0.878752 0.059210 0.473592
vn -0.878752 0.059210 0.473592
vn 0.010925 -0.004183 0.999932
vn 0.010925 -0.004183 0.999932
vn 0.010925 -0.004183 0.999932
vn 0.010925 -0.004183 0.999932
vn 0.833576 -0.057710 -0.549382
vn 0.833576 -0.057710 -0.549382
vn 0.833576 -0.057710 -0.549382
vn 0.833576 -0.057710 -0.549382
vn 0.013053 -0.003732 -0.999908
vn 0.013053 -0.003732 -0.999908
vn 0.013053 -0.003732 -0.999908
vn 0.013053 -0.003732 -0.999908
vn -0.868564 0.058783 -0.492078
vn -0.868564 0.058783 -0.492078
vn -0.868564 0.058783 -0.492078
vn -0.868564 0.058783 -0.492078
s 1
g pCylinder2
usemtl initialShadingGroup
f 99/259/363 100/260/364 147/321/365 148/323/366
s 2
f 100/260/367 101/261/368 146/320/369 147/321/370
s 3
f 101/261/371 102/262/372 145/319/373 146/320/374
s 4
f 102/262/375 103/263/376 144/318/377 145/319/378
s 5
f 103/263/379 104/264/380 143/317/381 144/318/382
s 6
f 104/264/383 105/265/384 142/316/385 143/317/386
s 7
f 105/265/387 106/266/388 141/315/389 142/316/390
s 8
f 106/266/391 107/267/392 150/325/393 141/315/394
s 9
f 201/381/395 243/424/396 244/425/397 204/384/398
s 10
f 202/382/399 265/448/400 266/449/401 203/383/402
s 11
f 100/250/403 99/249/404 119/291/405
f 101/251/406 100/250/403 119/291/405
f 102/252/407 101/251/406 119/291/405
f 103/253/408 102/252/407 119/291/405
f 104/254/409 103/253/408 119/291/405
f 105/255/410 104/254/409 119/291/405
f 106/256/411 105/255/410 119/291/405
f 107/257/412 106/256/411 119/291/405
f 108/258/413 237/418/414 107/257/412 119/291/405
f 99/249/404 259/442/415 108/258/413 119/291/405
s 12
f 109/289/416 110/288/417 120/292/418
f 110/288/417 111/287/419 120/292/418
f 111/287/419 112/286/420 120/292/418
f 112/286/420 113/285/421 120/292/418
f 113/285/421 114/284/422 120/292/418
f 114/284/422 115/283/423 120/292/418
f 115/283/423 116/282/424 120/292/418
f 116/282/424 117/281/425 120/292/418
f 117/281/425 258/439/426 118/290/427 120/292/418
f 118/290/427 280/463/428 109/289/416 120/292/418
s off
f 122/294/429 121/293/430 116/277/431 115/276/432
f 123/295/433 122/294/434 115/276/435 114/275/436
f 124/296/437 123/295/438 114/275/439 113/274/440
f 125/297/441 124/296/442 113/274/443 112/273/444
f 126/298/445 125/297/446 112/273/447 111/272/448
f 127/299/449 126/298/450 111/272/451 110/271/452
f 128/301/453 127/299/454 110/271/455 109/270/456
s 13
f 129/302/457 279/462/458 280/464/459 118/279/460
s 14
f 130/303/461 257/438/462 258/440/463 117/278/464
s off
f 121/293/465 130/303/466 117/278/467 116/277/468
s 7
f 132/305/469 131/304/470 171/348/471 172/349/472
s 6
f 133/306/473 132/305/474 172/349/475 173/350/476
s 5
f 134/307/477 133/306/478 173/350/479 174/351/480
s 4
f 135/308/481 134/307/482 174/351/483 175/352/484
s 3
f 136/309/485 135/308/486 175/352/487 176/353/488
s 2
f 137/310/489 136/309/490 176/353/491 177/354/492
s 1
f 138/312/493 137/310/494 177/354/495 178/356/496
s 22
f 139/313/497 275/458/498 276/459/499 179/357/500
f 140/314/501 253/434/502 254/435/503 180/358/504
s 8
f 131/304/505 140/314/506 180/358/507 171/348/508
s 7
f 142/316/390 141/315/389 151/326/509 152/327/510
s 6
f 143/317/386 142/316/385 152/327/511 153/328/512
s 5
f 144/318/382 143/317/381 153/328/513 154/329/514
s 4
f 145/319/378 144/318/377 154/329/515 155/330/516
s 3
f 146/320/374 145/319/373 155/330/517 156/331/518
s 2
f 147/321/370 146/320/369 156/331/519 157/332/520
s 1
f 148/323/366 147/321/365 157/332/521 158/334/522
s 22
f 149/324/523 272/455/524 273/456/525 159/335/526
f 150/325/527 250/431/528 251/432/529 160/336/530
s 8
f 141/315/394 150/325/393 160/336/531 151/326/532
s 7
f 152/327/510 151/326/509 161/337/533 162/338/534
s 6
f 153/328/512 152/327/511 162/338/535 163/339/536
s 5
f 154/329/514 153/328/513 163/339/537 164/340/538
s 4
f 155/330/516 154/329/515 164/340/539 165/341/540
s 3
f 156/331/518 155/330/517 165/341/541 166/342/542
s 2
f 157/332/520 156/331/519 166/342/543 167/343/544
s 1
f 158/334/522 157/332/521 167/343/545 168/345/546
s 22
f 159/335/526 273/456/525 274/457/547 169/346/548
f 160/336/530 251/432/529 252/433/549 170/347/550
s 8
f 151/326/532 160/336/531 170/347/551 161/337/552
s 7
f 162/338/534 161/337/533 131/304/470 132/305/469
s 6
f 163/339/536 162/338/535 132/305/474 133/306/473
s 5
f 164/340/538 163/339/537 133/306/478 134/307/477
s 4
f 165/341/540 164/340/539 134/307/482 135/308/481
s 3
f 166/342/542 165/341/541 135/308/486 136/309/485
s 2
f 167/343/544 166/342/543 136/309/490 137/310/489
s 1
f 168/345/546 167/343/545 137/310/494 138/312/493
s 22
f 169/346/548 274/457/547 275/458/498 139/313/497
f 170/347/550 252/433/549 253/434/502 140/314/501
s 8
f 161/337/552 170/347/551 140/314/506 131/304/505
s off
f 182/359/553 181/360/554 183/361/555 184/362/556
f 185/363/557 182/359/558 184/362/559 186/364/560
f 187/365/561 185/363/562 186/364/563 188/366/564
f 189/367/565 187/365/566 188/366/567 190/368/568
f 191/369/569 189/367/570 190/368/571 192/370/572
f 193/371/573 191/369/574 192/370/575 194/372/576
f 195/373/577 193/371/578 194/372/579 196/374/580
s 27
f 197/375/581 277/460/582 278/461/583 198/378/584
s 28
f 199/379/585 255/436/586 256/437/587 200/380/588
s off
f 181/360/589 199/379/590 200/380/591 183/361/592
f 172/349/593 171/348/594 181/360/595 182/359/596
f 121/293/597 122/294/598 184/362/599 183/361/600
f 173/350/601 172/349/602 182/359/603 185/363/604
f 122/294/605 123/295/606 186/364/607 184/362/608
f 174/351/609 173/350/610 185/363/611 187/365/612
f 123/295/613 124/296/614 188/366/615 186/364/616
f 175/352/617 174/351/618 187/365/619 189/367/620
f 124/296/621 125/297/622 190/368/623 188/366/624
f 176/353/625 175/352/626 189/367/627 191/369/628
f 125/297/629 126/298/630 192/370/631 190/368/632
f 177/354/633 176/353/634 191/369/635 193/371/636
f 126/298/637 127/299/638 194/372/639 192/370/640
f 178/356/641 177/354/642 193/371/643 195/373/644
f 127/299/645 128/301/646 196/374/647 194/372/648
s 29
f 179/357/649 276/459/650 277/460/651 197/375/652
s 30
f 279/462/653 129/302/654 198/378/655 278/461/656
s 31
f 180/358/657 254/435/658 255/436/659 199/379/660
s 32
f 257/438/661 130/303/662 200/380/663 256/437/664
s off
f 171/348/665 180/358/666 199/379/667 181/360/668
f 130/303/669 121/293/670 183/361/671 200/380/672
s 11
f 107/267/412 237/417/414 238/419/673 207/387/674
s 22
f 250/431/528 150/325/527 208/388/675 249/430/676
s 33
f 150/325/677 107/267/678 207/387/679 208/388/680
s 11
f 108/268/413 259/441/415 260/443/681 212/392/682
s 34
f 99/269/683 148/322/684 210/390/685 211/391/686
s 22
f 272/455/524 149/324/523 209/389/687 271/454/688
s 33
f 208/388/680 207/387/679 216/396/689 217/397/690
s 22
f 249/430/676 208/388/675 217/397/691 248/429/692
f 271/454/688 209/389/687 218/398/693 270/453/694
s 34
f 211/391/686 210/390/685 213/393/695 214/394/696
s 11
f 212/392/682 260/443/681 261/444/697 215/395/698
f 207/387/674 238/419/673 239/420/699 216/396/700
s 34
f 214/394/696 213/393/695 222/402/701 223/403/702
s 11
f 215/395/698 261/444/697 262/445/703 224/404/704
f 216/396/700 239/420/699 240/421/705 219/399/706
s 33
f 217/397/690 216/396/689 219/399/707 220/400/708
s 22
f 248/429/692 217/397/691 220/400/709 247/428/710
f 270/453/694 218/398/693 221/401/711 269/452/712
s 33
f 220/400/708 219/399/707 225/405/713 226/406/714
s 22
f 247/428/710 220/400/709 226/406/715 246/427/716
f 269/452/712 221/401/711 227/407/717 268/451/718
s 34
f 223/403/702 222/402/701 228/408/719 229/409/720
s 11
f 224/404/704 262/445/703 263/446/721 230/410/722
f 219/399/706 240/421/705 241/422/723 225/405/724
s 33
f 226/406/714 225/405/713 231/411/725 232/412/726
s 22
f 246/427/716 226/406/715 232/412/727 245/426/728
s 35
f 294/477/729 293/478/730 295/479/731 296/480/732
s 34
f 229/409/720 228/408/719 234/414/733 235/415/734
s 11
f 230/410/722 263/446/721 264/447/735 236/416/736
f 225/405/724 241/422/723 242/423/737 231/411/738
s 33
f 232/412/726 231/411/725 201/381/739 204/384/740
s 22
f 245/426/728 232/412/727 204/384/741 244/425/742
f 267/450/743 233/413/744 203/383/745 266/449/746
s 34
f 235/415/734 234/414/733 206/386/747 205/385/748
s 11
f 236/416/736 264/447/735 265/448/749 202/382/750
f 231/411/738 242/423/737 243/424/751 201/381/752
f 237/417/414 108/268/413 212/392/682 238/419/673
f 239/420/699 238/419/673 212/392/682 215/395/698
f 240/421/705 239/420/699 215/395/698 224/404/704
f 241/422/723 240/421/705 224/404/704 230/410/722
f 242/423/737 241/422/723 230/410/722 236/416/736
f 243/424/751 242/423/737 236/416/736 202/382/750
s 9
f 244/425/397 243/424/396 202/382/753 203/383/754
s 22
f 233/413/744 245/426/728 244/425/742 203/383/745
s 35
f 293/478/730 297/481/755 298/482/756 295/479/731
s 22
f 221/401/711 247/428/710 246/427/716 227/407/717
f 218/398/693 248/429/692 247/428/710 221/401/711
f 209/389/687 249/430/676 248/429/692 218/398/693
f 149/324/523 250/431/528 249/430/676 209/389/687
f 251/432/529 250/431/528 149/324/523 159/335/757
f 252/433/549 251/432/529 159/335/757 169/346/758
f 253/434/502 252/433/549 169/346/758 139/313/759
f 254/435/503 253/434/502 139/313/759 179/357/760
s 31
f 255/436/659 254/435/658 179/357/761 197/375/762
s 28
f 256/437/587 255/436/586 197/375/763 198/378/764
s 32
f 129/302/765 257/438/661 256/437/664 198/378/766
s 14
f 258/440/463 257/438/462 129/302/767 118/279/768
s 11
f 259/441/415 99/269/404 211/391/769 260/443/681
f 261/444/697 260/443/681 211/391/769 214/394/770
f 262/445/703 261/444/697 214/394/770 223/403/771
f 263/446/721 262/445/703 223/403/771 229/409/772
f 264/447/735 263/446/721 229/409/772 235/415/773
f 265/448/749 264/447/735 235/415/773 205/385/774
s 10
f 266/449/401 265/448/400 205/385/775 206/386/776
s 22
f 234/414/777 267/450/743 266/449/746 206/386/778
f 228/408/779 268/451/718 267/450/743 234/414/777
f 222/402/780 269/452/712 268/451/718 228/408/779
f 213/393/781 270/453/694 269/452/712 222/402/780
f 210/390/782 271/454/688 270/453/694 213/393/781
f 148/322/783 272/455/524 271/454/688 210/390/782
f 273/456/525 272/455/524 148/322/783 158/333/784
f 274/457/547 273/456/525 158/333/784 168/344/785
f 275/458/498 274/457/547 168/344/785 138/311/786
f 276/459/499 275/458/498 138/311/786 178/355/787
s 29
f 277/460/651 276/459/650 178/355/788 195/376/789
s 27
f 278/461/583 277/460/582 195/376/790 196/377/791
s 30
f 128/300/792 279/462/653 278/461/656 196/377/793
s 13
f 280/464/459 279/462/458 128/300/794 109/280/795
s off
f 268/451/796 227/407/797 281/466/798 282/465/799
f 233/413/800 267/450/801 284/468/802 283/467/803
f 267/450/804 268/451/805 282/465/806 284/468/807
f 227/407/808 246/427/809 285/469/810 281/466/811
f 246/427/812 245/426/813 286/470/814 285/469/815
f 245/426/816 233/413/817 283/467/818 286/470/819
f 282/465/820 281/466/821 287/472/822 288/471/823
f 283/467/824 284/468/825 290/474/826 289/473/827
f 284/468/828 282/465/829 288/471/830 290/474/831
f 281/466/832 285/469/833 291/475/834 287/472/835
f 285/469/836 286/470/837 292/476/838 291/475/839
f 286/470/840 283/467/841 289/473/842 292/476/843
f 288/471/844 287/472/845 293/478/846 294/477/847
f 289/473/848 290/474/849 296/480/850 295/479/851
f 290/474/852 288/471/853 294/477/854 296/480/855
f 287/472/856 291/475/857 297/481/858 293/478/859
f 291/475/860 292/476/861 298/482/862 297/481/863
f 292/476/864 289/473/865 295/479/866 298/482/867
g default
v 0.621353 -5.766450 -0.026608
v 0.596428 -5.766450 -0.044717
v 0.565619 -5.766450 -0.044717
v 0.540695 -5.766450 -0.026608
v 0.531174 -5.766450 0.002693
v 0.540695 -5.766450 0.031994
v 0.565619 -5.766450 0.050103
v 0.596428 -5.766450 0.050103
v 0.621353 -5.766450 0.031994
v 0.630873 -5.766450 0.002693
v 0.621353 -0.797670 -0.026608
v 0.596428 -0.797670 -0.044717
v 0.565619 -0.797670 -0.044717
v 0.540695 -0.797670 -0.026608
v 0.531174 -0.797670 0.002693
v 0.540695 -0.797670 0.031994
v 0.565619 -0.797670 0.050103
v 0.596428 -0.797670 0.050103
v 0.621353 -0.797670 0.031994
v 0.630873 -0.797670 0.002693
v 0.581024 -5.766450 0.002693
v 0.581024 -0.797670 0.002693
v 0.630873 -0.962123 0.002693
v 0.621353 -0.962123 0.031994
v 0.596428 -0.962123 0.050103
v 0.565619 -0.962123 0.050103
v 0.540695 -0.962123 0.031994
v 0.531174 -0.962123 0.002693
v 0.540695 -0.962123 -0.026608
v 0.565619 -0.962123 -0.044717
v 0.596428 -0.962123 -0.044717
v 0.621353 -0.962123 -0.026608
v 0.672553 -0.948560 0.002693
v 0.655073 -0.948560 0.056493
v 0.609308 -0.948560 0.089742
v 0.552740 -0.948560 0.089742
v 0.506975 -0.948560 0.056493
v 0.489495 -0.948560 0.002693
v 0.506975 -0.948560 -0.051107
v 0.552740 -0.948560 -0.084357
v 0.609308 -0.948560 -0.084357
v 0.655073 -0.948560 -0.051107
v 0.650123 -0.819847 0.002693
v 0.636926 -0.819847 0.043309
v 0.602377 -0.819847 0.068410
v 0.559671 -0.819847 0.068410
v 0.525121 -0.819847 0.043309
v 0.511925 -0.819847 0.002693
v 0.525121 -0.819847 -0.037923
v 0.559671 -0.819847 -0.063024
v 0.602377 -0.819847 -0.063024
v 0.636926 -0.819847 -0.037923
v 0.635152 -0.813161 0.002693
v 0.624815 -0.813161 0.034509
v 0.597750 -0.813161 0.054172
v 0.564297 -0.813161 0.054172
v 0.537233 -0.813161 0.034509
v 0.526895 -0.813161 0.002693
v 0.537233 -0.813161 -0.029123
v 0.564297 -0.813161 -0.048786
v 0.597750 -0.813161 -0.048786
v 0.624815 -0.813161 -0.029123
vt 0.626409 0.064409
vt 0.548284 0.007647
vt 0.451716 0.007647
vt 0.373591 0.064409
vt 0.343750 0.156250
vt 0.373591 0.248091
vt 0.451716 0.304853
vt 0.548284 0.304853
vt 0.626409 0.248091
vt 0.656250 0.156250
vt 0.375000 0.312500
vt 0.400000 0.312500
vt 0.425000 0.312500
vt 0.450000 0.312500
vt 0.475000 0.312500
vt 0.500000 0.312500
vt 0.525000 0.312500
vt 0.550000 0.312500
vt 0.575000 0.312500
vt 0.600000 0.312500
vt 0.625000 0.312500
vt 0.375000 0.687500
vt 0.400000 0.687500
vt 0.425000 0.687500
vt 0.450000 0.687500
vt 0.475000 0.687500
vt 0.500000 0.687500
vt 0.525000 0.687500
vt 0.550000 0.687500
vt 0.575000 0.687500
vt 0.600000 0.687500
vt 0.625000 0.687500
vt 0.626409 0.751909
vt 0.548284 0.695147
vt 0.451716 0.695147
vt 0.373591 0.751909
vt 0.343750 0.843750
vt 0.373591 0.935591
vt 0.451716 0.992353
vt 0.548284 0.992353
vt 0.626409 0.935591
vt 0.656250 0.843750
vt 0.500000 0.156250
vt 0.500000 0.843750
vt 0.600000 0.675088
vt 0.575000 0.675088
vt 0.550000 0.675088
vt 0.525000 0.675088
vt 0.500000 0.675088
vt 0.475000 0.675088
vt 0.450000 0.675088
vt 0.425000 0.675088
vt 0.400000 0.675088
vt 0.625000 0.675088
vt 0.375000 0.675088
vt 0.600000 0.676112
vt 0.575000 0.676112
vt 0.550000 0.676112
vt 0.525000 0.676112
vt 0.500000 0.676112
vt 0.475000 0.676112
vt 0.450000 0.676112
vt 0.425000 0.676112
vt 0.400000 0.676112
vt 0.625000 0.676112
vt 0.375000 0.676112
vt 0.600000 0.685826
vt 0.575000 0.685826
vt 0.550000 0.685826
vt 0.525000 0.685826
vt 0.500000 0.685826
vt 0.475000 0.685826
vt 0.450000 0.685826
vt 0.425000 0.685826
vt 0.400000 0.685826
vt 0.625000 0.685826
vt 0.375000 0.685826
vt 0.600000 0.686331
vt 0.575000 0.686331
vt 0.550000 0.686331
vt 0.525000 0.686331
vt 0.500000 0.686331
vt 0.475000 0.686331
vt 0.450000 0.686331
vt 0.425000 0.686331
vt 0.400000 0.686331
vt 0.625000 0.686331
vt 0.375000 0.686331
vn 0.587785 0.000000 -0.809017
vn 0.587785 0.000000 -0.809017
vn 0.587728 -0.013938 -0.808938
vn 0.587728 -0.013938 -0.808938
vn -0.000000 0.000000 -1.000000
vn -0.000000 0.000000 -1.000000
vn -0.000000 -0.013938 -0.999903
vn -0.000000 -0.013938 -0.999903
vn -0.587785 0.000000 -0.809017
vn -0.587785 0.000000 -0.809017
vn -0.587728 -0.013938 -0.808938
vn -0.587728 -0.013938 -0.808938
vn -0.951057 0.000000 -0.309017
vn -0.951057 0.000000 -0.309017
vn -0.950964 -0.013938 -0.308987
vn -0.950964 -0.013938 -0.308987
vn -0.951056 0.000000 0.309017
vn -0.951056 0.000000 0.309017
vn -0.950964 -0.013938 0.308987
vn -0.950964 -0.013938 0.308987
vn -0.587785 0.000000 0.809017
vn -0.587785 0.000000 0.809017
vn -0.587728 -0.013938 0.808939
vn -0.587728 -0.013938 0.808939
vn 0.000000 0.000000 1.000000
vn 0.000000 0.000000 1.000000
vn 0.000000 -0.013938 0.999903
vn 0.000000 -0.013938 0.999903
vn 0.587785 0.000000 0.809017
vn 0.587785 0.000000 0.809017
vn 0.587728 -0.013938 0.808938
vn 0.587728 -0.013938 0.808938
vn 0.951057 0.000000 0.309017
vn 0.951057 0.000000 0.309017
vn 0.950964 -0.013938 0.308987
vn 0.950964 -0.013938 0.308987
vn 0.951057 0.000000 -0.309017
vn 0.951057 0.000000 -0.309017
vn 0.950964 -0.013938 -0.308987
vn 0.950964 -0.013938 -0.308987
vn 0.000000 -1.000000 0.000000
vn 0.000000 -1.000000 0.000002
vn 0.000000 -1.000000 0.000001
vn 0.000000 -1.000000 -0.000002
vn 0.000000 -1.000000 0.000000
vn 0.000000 -1.000000 0.000000
vn 0.000000 -1.000000 -0.000002
vn 0.000000 -1.000000 -0.000002
vn 0.000000 -1.000000 0.000000
vn 0.000000 -1.000000 0.000008
vn 0.000000 -1.000000 0.000008
vn 0.000000 1.000000 -0.000008
vn 0.000000 1.000000 -0.000002
vn 0.000000 1.000000 -0.000002
vn 0.000000 1.000000 0.000002
vn 0.000000 1.000000 0.000004
vn 0.000000 1.000000 0.000000
vn 0.000000 1.000000 0.000000
vn 0.000000 1.000000 0.000000
vn 0.000000 1.000000 -0.000002
vn 0.000000 1.000000 -0.000002
vn 0.000000 1.000000 -0.000008
vn 0.949263 -0.061393 0.308434
vn 0.949263 -0.061393 0.308434
vn 0.586677 -0.061393 0.807491
vn 0.586677 -0.061393 0.807491
vn 0.000000 -0.061393 0.998114
vn 0.000000 -0.061393 0.998114
vn -0.586676 -0.061393 0.807491
vn -0.586676 -0.061393 0.807491
vn -0.949262 -0.061393 0.308435
vn -0.949262 -0.061393 0.308435
vn -0.949263 -0.061393 -0.308434
vn -0.949263 -0.061393 -0.308434
vn -0.586677 -0.061393 -0.807491
vn -0.586677 -0.061393 -0.807491
vn -0.000000 -0.061393 -0.998114
vn -0.000000 -0.061393 -0.998114
vn 0.586677 -0.061393 -0.807491
vn 0.586677 -0.061393 -0.807491
vn 0.949263 -0.061393 -0.308433
vn 0.949263 -0.061393 -0.308433
vn 0.928193 0.217951 0.301588
vn 0.928193 0.217951 0.301588
vn 0.573655 0.217951 0.789568
vn 0.573655 0.217951 0.789568
vn 0.000000 0.217951 0.975960
vn 0.000000 0.217951 0.975960
vn -0.573655 0.217951 0.789568
vn -0.573655 0.217951 0.789568
vn -0.928193 0.217951 0.301588
vn -0.928193 0.217951 0.301588
vn -0.928193 0.217951 -0.301588
vn -0.928193 0.217951 -0.301588
vn -0.573654 0.217950 -0.789568
vn -0.573654 0.217950 -0.789568
vn -0.000000 0.217951 -0.975960
vn -0.000000 0.217951 -0.975960
vn 0.573655 0.217951 -0.789568
vn 0.573655 0.217951 -0.789568
vn 0.928193 0.217951 -0.301587
vn 0.928193 0.217951 -0.301587
vn 0.667871 0.711939 0.217004
vn 0.667871 0.711939 0.217004
vn 0.412767 0.711940 0.568124
vn 0.412767 0.711940 0.568124
vn 0.000000 0.711945 0.702235
vn 0.000000 0.711945 0.702235
vn -0.412768 0.711942 0.568121
vn -0.412768 0.711942 0.568121
vn -0.667872 0.711940 0.217001
vn -0.667872 0.711940 0.217001
vn -0.667871 0.711939 -0.217004
vn -0.667871 0.711939 -0.217004
vn -0.412766 0.711939 -0.568126
vn -0.412766 0.711939 -0.568126
vn -0.000000 0.711939 -0.702241
vn -0.000000 0.711939 -0.702241
vn 0.412767 0.711939 -0.568125
vn 0.412767 0.711939 -0.568125
vn 0.667872 0.711939 -0.217001
vn 0.667872 0.711939 -0.217001
vn 0.919844 0.254084 0.298877
vn 0.919844 0.254084 0.298877
vn 0.568494 0.254084 0.782468
vn 0.568494 0.254084 0.782468
vn 0.000000 0.254085 0.967182
vn 0.000000 0.254085 0.967182
vn -0.568497 0.254085 0.782466
vn -0.568497 0.254085 0.782466
vn -0.919845 0.254084 0.298876
vn -0.919845 0.254084 0.298876
vn -0.919845 0.254084 -0.298877
vn -0.919845 0.254084 -0.298877
vn -0.568496 0.254085 -0.782466
vn -0.568496 0.254085 -0.782466
vn -0.000000 0.254085 -0.967182
vn -0.000000 0.254085 -0.967182
vn 0.568497 0.254085 -0.782466
vn 0.568497 0.254085 -0.782466
vn 0.919845 0.254084 -0.298876
vn 0.919845 0.254084 -0.298876
s 1
g pCylinder5
usemtl initialShadingGroup
f 299/493/868 300/494/869 329/535/870 330/537/871
s 2
f 300/494/872 301/495/873 328/534/874 329/535/875
s 3
f 301/495/876 302/496/877 327/533/878 328/534/879
s 4
f 302/496/880 303/497/881 326/532/882 327/533/883
s 5
f 303/497/884 304/498/885 325/531/886 326/532/887
s 6
f 304/498/888 305/499/889 324/530/890 325/531/891
s 7
f 305/499/892 306/500/893 323/529/894 324/530/895
s 8
f 306/500/896 307/501/897 322/528/898 323/529/899
s 9
f 307/501/900 308/502/901 321/527/902 322/528/903
s 10
f 308/502/904 299/503/905 330/536/906 321/527/907
s 11
f 300/484/908 299/483/909 319/525/910
f 301/485/911 300/484/908 319/525/910
f 302/486/912 301/485/911 319/525/910
f 303/487/913 302/486/912 319/525/910
f 304/488/914 303/487/913 319/525/910
f 305/489/915 304/488/914 319/525/910
f 306/490/916 305/489/915 319/525/910
f 307/491/917 306/490/916 319/525/910
f 308/492/918 307/491/917 319/525/910
f 299/483/909 308/492/918 319/525/910
s 12
f 309/523/919 310/522/920 320/526/921
f 310/522/920 311/521/922 320/526/921
f 311/521/922 312/520/923 320/526/921
f 312/520/923 313/519/924 320/526/921
f 313/519/924 314/518/925 320/526/921
f 314/518/925 315/517/926 320/526/921
f 315/517/926 316/516/927 320/526/921
f 316/516/927 317/515/928 320/526/921
f 317/515/928 318/524/929 320/526/921
f 318/524/929 309/523/919 320/526/921
s 9
f 322/528/903 321/527/902 331/538/930 332/539/931
s 8
f 323/529/899 322/528/898 332/539/932 333/540/933
s 7
f 324/530/895 323/529/894 333/540/934 334/541/935
s 6
f 325/531/891 324/530/890 334/541/936 335/542/937
s 5
f 326/532/887 325/531/886 335/542/938 336/543/939
s 4
f 327/533/883 326/532/882 336/543/940 337/544/941
s 3
f 328/534/879 327/533/878 337/544/942 338/545/943
s 2
f 329/535/875 328/534/874 338/545/944 339/546/945
s 1
f 330/537/871 329/535/870 339/546/946 340/548/947
s 10
f 321/527/907 330/536/906 340/547/948 331/538/949
s 9
f 332/539/931 331/538/930 341/549/950 342/550/951
s 8
f 333/540/933 332/539/932 342/550/952 343/551/953
s 7
f 334/541/935 333/540/934 343/551/954 344/552/955
s 6
f 335/542/937 334/541/936 344/552/956 345/553/957
s 5
f 336/543/939 335/542/938 345/553/958 346/554/959
s 4
f 337/544/941 336/543/940 346/554/960 347/555/961
s 3
f 338/545/943 337/544/942 347/555/962 348/556/963
s 2
f 339/546/945 338/545/944 348/556/964 349/557/965
s 1
f 340/548/947 339/546/946 349/557/966 350/559/967
s 10
f 331/538/949 340/547/948 350/558/968 341/549/969
s 9
f 342/550/951 341/549/950 351/560/970 352/561/971
s 8
f 343/551/953 342/550/952 352/561/972 353/562/973
s 7
f 344/552/955 343/551/954 353/562/974 354/563/975
s 6
f 345/553/957 344/552/956 354/563/976 355/564/977
s 5
f 346/554/959 345/553/958 355/564/978 356/565/979
s 4
f 347/555/961 346/554/960 356/565/980 357/566/981
s 3
f 348/556/963 347/555/962 357/566/982 358/567/983
s 2
f 349/557/965 348/556/964 358/567/984 359/568/985
s 1
f 350/559/967 349/557/966 359/568/986 360/570/987
s 10
f 341/549/969 350/558/968 360/569/988 351/560/989
s 9
f 352/561/971 351/560/970 318/513/990 317/512/991
s 8
f 353/562/973 352/561/972 317/512/992 316/511/993
s 7
f 354/563/975 353/562/974 316/511/994 315/510/995
s 6
f 355/564/977 354/563/976 315/510/996 314/509/997
s 5
f 356/565/979 355/564/978 314/509/998 313/508/999
s 4
f 357/566/981 356/565/980 313/508/1000 312/507/1001
s 3
f 358/567/983 357/566/982 312/507/1002 311/506/1003
s 2
f 359/568/985 358/567/984 311/506/1004 310/505/1005
s 1
f 360/570/987 359/568/986 310/505/1006 309/504/1007
s 10
f 351/560/989 360/569/988 309/514/1008 318/513/1009
g default
v -0.138851 -4.928092 8.307300
v 0.138851 -4.928092 8.307300
v -0.138851 4.928092 8.307300
v 0.138851 4.928092 8.307300
v -0.138851 4.928092 -8.307300
v 0.138851 4.928092 -8.307300
v -0.138851 -4.928092 -8.307300
v 0.138851 -4.928092 -8.307300
v 0.138851 4.928092 -7.825535
v -0.138851 4.928092 -7.825535
v -0.138851 -4.928092 -7.825535
v 0.138851 -4.928092 -7.825535
v 0.138851 -1.086752 8.307300
v -0.138851 -1.086752 8.307300
v -0.138851 -1.086752 -7.825535
v -0.138851 -1.086752 -8.307300
v 0.138851 -1.086752 -8.307300
v 0.138851 -1.086752 -7.825535
v 0.138851 -1.962322 8.307300
v -0.138851 -1.962322 8.307300
v -0.138851 -1.962322 -7.825535
v -0.138851 -1.962322 -8.307300
v 0.138851 -1.962322 -8.307300
v 0.138851 4.928092 4.271004
v -0.138851 4.928092 4.271004
v -0.138851 -1.086752 4.271004
v -0.138851 -1.962322 4.271004
v -0.138851 -4.928092 4.271004
v 0.138851 -4.928092 4.271004
v 0.138851 -1.962322 4.271004
v 0.138851 -1.086752 4.271004
v 0.138851 4.928092 -4.509011
v -0.138851 4.928092 -4.509011
v -0.138851 -1.086752 -4.509011
v -0.138851 -1.962322 -4.509011
v -0.138851 -4.928092 -4.509011
v 0.138851 -4.928092 -4.509011
v 0.138851 -1.962322 -4.509011
v 0.138851 -1.086752 -4.509011
v 3.599437 -4.928092 -7.825535
v 3.599437 -4.928092 -8.307300
v 3.599437 -1.962322 -8.307300
v 3.599437 -1.086752 -7.825535
v 3.599437 4.928092 -7.825535
v 3.599437 -1.086752 -8.307300
v 3.599437 4.928092 -8.307300
v 3.599437 -1.962322 4.271004
v 3.599437 -1.086752 4.271004
v 3.599437 -1.962322 -4.509011
v 3.599437 -1.086752 -4.509011
v 3.599437 -4.928092 -4.509011
v 10.054575 -4.928092 -7.825535
v 10.054575 -1.962322 -7.825535
v 10.054575 -4.928092 -8.307299
v 10.054575 -1.962322 -8.307299
v 10.054575 -1.086752 -7.825535
v 10.054575 4.928092 -7.825535
v 10.054575 -1.086752 -8.307300
v 10.054575 4.928092 -8.307300
v 10.054575 -4.928092 -4.509011
v 10.054575 -1.962322 -4.509011
v 10.054575 -1.086752 -4.509011
v 0.138851 0.997000 4.271004
v 0.138851 0.997000 8.307300
v -0.138851 0.997000 8.307300
v -0.138851 0.997001 4.271004
v -0.138851 0.997001 -4.509011
v -0.138851 0.997001 -7.825535
v -0.138851 0.997001 -8.307300
v 0.138851 0.997001 -8.307300
v 3.599437 0.997001 -8.307300
v 10.054575 0.997001 -8.307300
v 10.054575 0.997000 -7.825535
v 3.599437 0.997000 -7.825535
v 0.138851 0.997000 -7.825535
v 0.138851 0.997000 -4.509011
v 3.599437 -1.086752 2.549838
v 3.599437 -1.962322 2.549838
v 0.138851 -1.962322 2.549838
v 0.138851 -4.928092 2.549838
v -0.138851 -4.928092 2.549838
v -0.138851 -1.962322 2.549838
v -0.138851 -1.086752 2.549838
v -0.138851 0.997001 2.549838
v -0.138851 4.928092 2.549838
v 0.138851 4.928092 2.549838
v 0.138851 0.997000 2.549838
v 0.138851 -1.086752 2.549838
v 3.599437 -1.086752 -1.234375
v 3.599437 -1.962322 -1.234375
v 0.138851 -1.962322 -1.234375
v 0.138851 -4.928092 -1.234375
v -0.138851 -4.928092 -1.234375
v -0.138851 -1.962322 -1.234375
v -0.138851 -1.086752 -1.234375
v -0.138851 0.997001 -1.234375
v -0.138851 4.928092 -1.234375
v 0.138851 4.928092 -1.234375
v 0.138851 0.997000 -1.234375
v 0.138851 -1.086752 -1.234375
v 3.163618 -1.086752 4.271004
v 3.163618 -1.086752 2.549838
v 3.163618 -1.086752 -1.234375
v 3.163618 -1.086752 -4.509011
v 3.163618 -1.086752 -7.825535
v 3.163618 0.997000 -7.825535
v 3.163618 4.928092 -7.825535
v 3.163618 4.928092 -8.307300
v 3.163618 0.997001 -8.307300
v 3.163618 -1.086752 -8.307300
v 3.163618 -1.962322 -8.307300
v 3.163618 -4.928092 -8.307300
v 3.163618 -4.928092 -7.825535
v 3.163618 -4.928092 -4.509011
v 3.163618 -1.962322 -4.509011
v 3.163618 -1.962322 -1.234375
v 3.163618 -1.962322 2.549838
v 3.163618 -1.962322 4.271004
v 1.022138 -1.086752 4.271004
v 1.022138 -1.086752 2.549838
v 1.022138 -1.086752 -1.234375
v 1.022138 -1.086752 -4.509011
v 1.022138 -1.086752 -7.825535
v 1.022138 0.997000 -7.825535
v 1.022138 4.928092 -7.825535
v 1.022138 4.928092 -8.307300
v 1.022138 0.997001 -8.307300
v 1.022138 -1.086752 -8.307300
v 1.022138 -1.962322 -8.307300
v 1.022138 -4.928092 -8.307300
v 1.022138 -4.928092 -7.825535
v 1.022138 -4.928092 -4.509011
v 1.022138 -1.962322 -4.509011
v 1.022138 -1.962322 -1.234375
v 1.022138 -1.962322 2.549838
v 1.022138 -1.962322 4.271004
v 1.187823 -2.574579 -0.941593
v 1.187823 -2.574579 2.257058
v 2.997934 -2.574579 -0.941593
v 2.997933 -2.574579 2.257058
v 1.022138 -0.980326 -1.234375
v 3.163618 -0.980326 -1.234375
v 1.022138 -0.980326 2.549838
v 3.163618 -0.980326 2.549838
v 1.249839 -0.980326 -1.033749
v 2.935918 -0.980326 -1.033749
v 1.249839 -0.980326 2.349212
v 2.935917 -0.980326 2.349212
v 1.249839 -2.452424 -0.864828
v 2.935918 -2.452424 -0.864828
v 1.249839 -2.452424 2.180292
v 2.935917 -2.452424 2.180292
v 0.138851 4.439670 2.549839
v 0.138851 4.439670 -1.234375
v 0.138851 4.439670 -4.509011
v 0.138851 4.439670 -7.825535
v 1.022138 4.439670 -7.825535
v 3.163618 4.439670 -7.825535
v 3.599437 4.439670 -7.825535
v 10.054575 4.439670 -7.825535
v 10.054575 4.439670 -8.307300
v 3.599437 4.439670 -8.307300
v 3.163618 4.439670 -8.307300
v 1.022138 4.439670 -8.307300
v 0.138851 4.439670 -8.307300
v -0.138851 4.439670 -8.307300
v -0.138851 4.439670 -7.825535
v -0.138851 4.439670 -4.509011
v -0.138851 4.439670 -1.234375
v -0.138851 4.439670 2.549838
v -0.138851 4.439670 4.271004
v -0.138851 4.439670 8.307300
v 0.138851 4.439670 8.307300
v 0.138851 4.439670 4.271004
v 1.737885 4.439670 2.549839
v 1.737885 0.997000 2.549838
v 1.737885 0.997000 -1.234375
v 1.737885 4.439670 -1.234375
v 1.737885 4.439670 -4.509011
v 1.737885 0.997000 -4.509011
v 1.737885 4.439670 4.271004
v 1.737885 0.997000 4.271004
v 8.684861 0.997000 -7.825535
v 8.684861 -1.086752 -7.825535
v 8.684861 -1.086752 -4.509011
v 8.684861 -1.962322 -4.509011
v 8.684861 -4.928092 -4.509011
v 8.684861 -4.928092 -7.825535
v 8.684861 -4.928092 -8.307299
v 8.684861 -1.962322 -8.307299
v 8.684861 -1.086752 -8.307300
v 8.684861 0.997001 -8.307300
v 8.684861 4.439670 -8.307300
v 8.684861 4.928092 -8.307300
v 8.684861 4.928092 -7.825535
v 8.684861 4.439670 -7.825535
v 1.022138 4.439670 -6.808286
v 3.163618 4.439670 -6.808286
v 1.022138 0.997000 -6.808286
v 3.163618 0.997000 -6.808286
v 3.599437 4.439670 -6.808286
v 3.599437 0.997000 -6.808286
v 8.684861 4.439670 -6.808286
v 8.684861 0.997000 -6.808287
vt 0.375000 0.000000
vt 0.625000 0.000000
vt 0.375000 0.250000
vt 0.625000 0.250000
vt 0.375000 0.500000
vt 0.625000 0.500000
vt 0.375000 0.750000
vt 0.625000 0.750000
vt 0.375000 1.000000
vt 0.625000 1.000000
vt 0.875000 0.000000
vt 0.875000 0.250000
vt 0.125000 0.000000
vt 0.125000 0.250000
vt 0.625000 0.492751
vt 0.867751 0.250000
vt 0.132249 0.250000
vt 0.375000 0.492751
vt 0.132249 0.000000
vt 0.375000 0.757249
vt 0.625000 0.757249
vt 0.867751 0.000000
vt 0.625000 0.097435
vt 0.375000 0.097435
vt 0.132249 0.097435
vt 0.125000 0.097435
vt 0.375000 0.652565
vt 0.625000 0.652565
vt 0.875000 0.097435
vt 0.867751 0.097435
vt 0.625000 0.075226
vt 0.375000 0.075226
vt 0.132249 0.075226
vt 0.125000 0.075226
vt 0.375000 0.674774
vt 0.625000 0.674774
vt 0.875000 0.075226
vt 0.867751 0.075226
vt 0.625000 0.310734
vt 0.685734 0.250000
vt 0.314266 0.250000
vt 0.375000 0.310734
vt 0.314266 0.097435
vt 0.314266 0.075226
vt 0.314266 0.000000
vt 0.375000 0.939266
vt 0.625000 0.939266
vt 0.685734 0.000000
vt 0.685734 0.075226
vt 0.685734 0.097435
vt 0.625000 0.442847
vt 0.817847 0.250000
vt 0.182153 0.250000
vt 0.375000 0.442847
vt 0.182153 0.097435
vt 0.182153 0.075226
vt 0.182153 0.000000
vt 0.375000 0.807153
vt 0.625000 0.807153
vt 0.817847 0.000000
vt 0.817847 0.075226
vt 0.817847 0.097435
vt 0.867751 0.000000
vt 0.875000 0.000000
vt 0.875000 0.075226
vt 0.867751 0.250000
vt 0.867751 0.097435
vt 0.875000 0.097435
vt 0.875000 0.250000
vt 0.685734 0.097435
vt 0.685734 0.075226
vt 0.817847 0.075226
vt 0.817847 0.097435
vt 0.817847 0.000000
vt 0.867751 0.000000
vt 0.875000 0.000000
vt 0.875000 0.075226
vt 0.867751 0.250000
vt 0.867751 0.097435
vt 0.875000 0.097435
vt 0.875000 0.250000
vt 0.817847 0.075226
vt 0.817847 0.000000
vt 0.817847 0.097435
vt 0.685734 0.150289
vt 0.625000 0.150289
vt 0.375000 0.150289
vt 0.314266 0.150289
vt 0.182153 0.150289
vt 0.132249 0.150289
vt 0.125000 0.150289
vt 0.375000 0.599711
vt 0.625000 0.599711
vt 0.875000 0.150289
vt 0.875000 0.150289
vt 0.875000 0.150289
vt 0.867751 0.150289
vt 0.867751 0.150289
vt 0.867751 0.150289
vt 0.817847 0.150289
vt 0.711632 0.097435
vt 0.711632 0.075226
vt 0.711632 0.075226
vt 0.625000 0.913368
vt 0.711632 0.000000
vt 0.288367 0.000000
vt 0.375000 0.913368
vt 0.288367 0.075226
vt 0.288367 0.097435
vt 0.288367 0.150289
vt 0.288367 0.250000
vt 0.375000 0.336633
vt 0.625000 0.336633
vt 0.711632 0.250000
vt 0.711632 0.150289
vt 0.711632 0.097435
vt 0.768574 0.097435
vt 0.768574 0.075226
vt 0.768574 0.075226
vt 0.625000 0.856426
vt 0.768574 0.000000
vt 0.231426 0.000000
vt 0.375000 0.856426
vt 0.231426 0.075226
vt 0.231426 0.097435
vt 0.231426 0.150289
vt 0.231426 0.250000
vt 0.375000 0.393574
vt 0.625000 0.393574
vt 0.768574 0.250000
vt 0.768574 0.150289
vt 0.768574 0.097435
vt 0.685734 0.097435
vt 0.711632 0.097435
vt 0.768574 0.097435
vt 0.817847 0.097435
vt 0.867751 0.097435
vt 0.867751 0.150289
vt 0.867751 0.250000
vt 0.875000 0.250000
vt 0.875000 0.150289
vt 0.875000 0.097435
vt 0.875000 0.075226
vt 0.875000 0.000000
vt 0.867751 0.000000
vt 0.817847 0.000000
vt 0.817847 0.075226
vt 0.768574 0.075226
vt 0.711632 0.075226
vt 0.685734 0.075226
vt 0.685734 0.097435
vt 0.711632 0.097435
vt 0.768574 0.097435
vt 0.817847 0.097435
vt 0.867751 0.097435
vt 0.867751 0.150289
vt 0.867751 0.250000
vt 0.875000 0.250000
vt 0.875000 0.150289
vt 0.875000 0.097435
vt 0.875000 0.075226
vt 0.875000 0.000000
vt 0.867751 0.000000
vt 0.817847 0.000000
vt 0.817847 0.075226
vt 0.768574 0.075226
vt 0.711632 0.075226
vt 0.685734 0.075226
vt 0.711632 0.075226
vt 0.768574 0.075226
vt 0.768574 0.075226
vt 0.711632 0.075226
vt 0.768574 0.097435
vt 0.768574 0.097435
vt 0.711632 0.097435
vt 0.711632 0.097435
vt 0.768574 0.097435
vt 0.768574 0.097435
vt 0.711632 0.097435
vt 0.711632 0.097435
vt 0.768574 0.097435
vt 0.768574 0.097435
vt 0.711632 0.097435
vt 0.711632 0.097435
vt 0.711632 0.237611
vt 0.768574 0.237611
vt 0.817847 0.237611
vt 0.867751 0.237611
vt 0.867751 0.237611
vt 0.867751 0.237611
vt 0.867751 0.237611
vt 0.867751 0.237611
vt 0.875000 0.237611
vt 0.875000 0.237611
vt 0.875000 0.237611
vt 0.875000 0.237611
vt 0.625000 0.512389
vt 0.875000 0.237611
vt 0.125000 0.237611
vt 0.375000 0.512389
vt 0.132249 0.237611
vt 0.182153 0.237611
vt 0.231426 0.237611
vt 0.288367 0.237611
vt 0.314266 0.237611
vt 0.375000 0.237611
vt 0.625000 0.237611
vt 0.685734 0.237611
vt 0.711632 0.150289
vt 0.768574 0.150289
vt 0.768574 0.237611
vt 0.711632 0.237611
vt 0.817847 0.237611
vt 0.817847 0.150289
vt 0.685734 0.237611
vt 0.685734 0.150289
vt 0.867751 0.150289
vt 0.867751 0.097435
vt 0.817847 0.097435
vt 0.817847 0.075226
vt 0.817847 0.000000
vt 0.867751 0.000000
vt 0.875000 0.000000
vt 0.875000 0.075226
vt 0.875000 0.097435
vt 0.875000 0.150289
vt 0.875000 0.237611
vt 0.875000 0.250000
vt 0.867751 0.250000
vt 0.867751 0.237611
vt 0.867751 0.237611
vt 0.867751 0.237611
vt 0.867751 0.150289
vt 0.867751 0.150289
vt 0.867751 0.237611
vt 0.867751 0.150289
vt 0.867751 0.150289
vt 0.867751 0.237611
vn 0.000000 0.000000 1.000000
vn 0.000000 0.000000 1.000000
vn 0.000000 0.000000 1.000000
vn 0.000000 0.000000 1.000000
vn 0.000000 1.000000 0.000000
vn 0.000000 1.000000 0.000000
vn 0.000000 1.000000 0.000000
vn 0.000000 1.000000 0.000000
vn 0.000000 0.000000 -1.000000
vn 0.000000 0.000000 -1.000000
vn 0.000000 0.000000 -1.000000
vn 0.000000 0.000000 -1.000000
vn 0.000000 -1.000000 0.000000
vn 0.000000 -1.000000 0.000000
vn 0.000000 -1.000000 0.000000
vn 0.000000 -1.000000 0.000000
vn 1.000000 0.000000 0.000000
vn 1.000000 0.000000 0.000000
vn 1.000000 0.000000 0.000000
vn 1.000000 0.000000 0.000000
vn -1.000000 0.000000 0.000000
vn -1.000000 0.000000 0.000000
vn -1.000000 0.000000 0.000000
vn -1.000000 0.000000 0.000000
vn 0.000000 1.000000 0.000000
vn 0.000000 1.000000 0.000000
vn 0.000000 1.000000 0.000000
vn 0.000000 1.000000 0.000000
vn -1.000000 0.000000 0.000000
vn -1.000000 0.000000 0.000000
vn -1.000000 0.000000 0.000000
vn -1.000000 0.000000 0.000000
vn 0.000000 -1.000000 0.000000
vn 0.000000 -1.000000 0.000000
vn 0.000000 -1.000000 0.000000
vn 0.000000 -1.000000 0.000000
vn 1.000000 0.000000 0.000000
vn 1.000000 0.000000 0.000000
vn 1.000000 0.000000 0.000000
vn 1.000000 0.000000 0.000000
vn 0.000000 0.000000 1.000000
vn 0.000000 0.000000 1.000000
vn 0.000000 0.000000 1.000000
vn 0.000000 0.000000 1.000000
vn -1.000000 0.000000 0.000000
vn -1.000000 0.000000 0.000000
vn -1.000000 0.000000 0.000000
vn -1.000000 0.000000 0.000000
vn -1.000000 0.000000 0.000000
vn -1.000000 0.000000 0.000000
vn -1.000000 0.000000 0.000000
vn -1.000000 0.000000 0.000000
vn 0.000000 0.000000 -1.000000
vn -0.000000 0.000000 -1.000000
vn -0.000000 0.000000 -1.000000
vn 0.000000 0.000000 -1.000000
vn 1.000000 0.000000 0.000000
vn 1.000000 0.000000 0.000000
vn 1.000000 0.000000 0.000000
vn 1.000000 0.000000 0.000000
vn 1.000000 0.000000 0.000000
vn 1.000000 0.000000 0.000000
vn 1.000000 0.000000 0.000000
vn 1.000000 0.000000 0.000000
vn 0.000000 1.000000 0.000000
vn 0.000000 1.000000 0.000000
vn 0.000000 1.000000 0.000000
vn 0.000000 1.000000 0.000000
vn -1.000000 0.000000 0.000000
vn -1.000000 0.000000 0.000000
vn -1.000000 0.000000 0.000000
vn -1.000000 0.000000 0.000000
vn -1.000000 0.000000 0.000000
vn -1.000000 0.000000 0.000000
vn -1.000000 0.000000 0.000000
vn -1.000000 0.000000 0.000000
vn 0.000000 -1.000000 0.000000
vn 0.000000 -1.000000 0.000000
vn 0.000000 -1.000000 0.000000
vn 0.000000 -1.000000 0.000000
vn 1.000000 0.000000 0.000000
vn 1.000000 0.000000 0.000000
vn 1.000000 0.000000 0.000000
vn 1.000000 0.000000 0.000000
vn 1.000000 0.000000 0.000000
vn 1.000000 0.000000 0.000000
vn 1.000000 0.000000 -0.000000
vn 1.000000 0.000000 -0.000000
vn 1.000000 0.000000 0.000000
vn 1.000000 0.000000 0.000000
vn 1.000000 0.000000 0.000000
vn 1.000000 0.000000 0.000000
vn 1.000000 0.000000 0.000000
vn 1.000000 0.000000 0.000000
vn 1.000000 0.000000 0.000000
vn 1.000000 0.000000 0.000000
vn 1.000000 0.000000 0.000000
vn 0.000000 -1.000000 0.000000
vn 0.000000 -1.000000 0.000000
vn 0.000000 0.000000 -1.000000
vn 0.000000 0.000000 -1.000000
vn 0.000000 0.000000 1.000000
vn 0.000000 0.000000 1.000000
vn 0.000000 0.000000 1.000000
vn 0.000000 0.000000 1.000000
vn 0.000000 0.000000 -1.000000
vn 0.000000 0.000000 -1.000000
vn 0.000000 1.000000 0.000000
vn 0.000000 1.000000 0.000000
vn -0.000000 0.000000 1.000000
vn -0.000000 0.000000 1.000000
vn -0.000000 0.000000 1.000000
vn -0.000000 0.000000 1.000000
vn 0.000000 -1.000000 -0.000000
vn 0.000000 -1.000000 -0.000000
vn 0.000000 -1.000000 -0.000000
vn 0.000000 -1.000000 -0.000000
vn 0.000000 1.000000 0.000000
vn 0.000000 1.000000 0.000000
vn 0.000000 1.000000 0.000000
vn -0.000000 1.000000 0.000000
vn 0.000000 0.000000 1.000000
vn 0.000000 0.000000 1.000000
vn 0.000000 0.000000 1.000000
vn 0.000000 0.000000 1.000000
vn 0.000000 -1.000000 0.000000
vn 0.000000 1.000000 0.000000
vn -0.000000 1.000000 0.000000
vn 0.000000 -1.000000 0.000000
vn 0.000000 -1.000000 0.000000
vn 0.000000 -1.000000 0.000000
vn 0.000000 -1.000000 0.000000
vn 0.000000 0.000000 -1.000000
vn 0.000000 -0.000000 -1.000000
vn 0.000000 -0.000000 -1.000000
vn 0.000000 0.000000 -1.000000
vn 0.000000 0.000000 1.000000
vn 0.000000 0.000000 1.000000
vn 0.000000 0.000000 1.000000
vn 0.000000 0.000000 1.000000
vn 0.000000 -0.000000 -1.000000
vn -0.000000 0.000000 -1.000000
vn 0.000000 0.000000 -1.000000
vn 0.000000 -0.000000 -1.000000
vn 0.000000 1.000000 0.000000
vn 0.000000 1.000000 0.000000
vn 0.000000 1.000000 0.000000
vn 0.000000 1.000000 0.000000
vn 0.000000 0.000000 1.000000
vn 0.000000 0.000000 1.000000
vn 0.000000 0.000000 1.000000
vn 0.000000 0.000000 1.000000
vn 0.000000 -1.000000 0.000000
vn 0.000000 -1.000000 0.000000
vn 0.000000 0.000000 1.000000
vn 0.000000 0.000000 1.000000
vn 0.000000 1.000000 0.000000
vn 0.000000 1.000000 0.000000
vn 0.000000 1.000000 0.000000
vn 0.000000 1.000000 0.000000
vn 1.000000 0.000000 0.000000
vn 1.000000 0.000000 0.000000
vn 1.000000 0.000000 0.000000
vn 1.000000 0.000000 0.000000
vn 0.000000 0.000000 1.000000
vn 0.000000 0.000000 1.000000
vn 0.000000 0.000000 1.000000
vn 0.000000 0.000000 1.000000
vn -1.000000 0.000000 0.000000
vn -1.000000 0.000000 0.000000
vn -1.000000 0.000000 0.000000
vn -1.000000 0.000000 0.000000
vn -1.000000 0.000000 0.000000
vn -1.000000 0.000000 0.000000
vn -1.000000 0.000000 0.000000
vn -1.000000 0.000000 0.000000
vn -1.000000 0.000000 0.000000
vn -1.000000 0.000000 0.000000
vn -1.000000 0.000000 0.000000
vn -1.000000 0.000000 0.000000
vn 0.000000 0.000000 -1.000000
vn 0.000000 0.000000 -1.000000
vn 0.000000 0.000000 -1.000000
vn 0.000000 0.000000 -1.000000
vn 0.000000 0.000000 -1.000000
vn 0.000000 0.000000 -1.000000
vn 0.000000 0.000000 -1.000000
vn -0.000000 0.000000 -1.000000
vn 0.000000 0.000000 -1.000000
vn 0.000000 0.000000 -1.000000
vn 1.000000 0.000000 0.000000
vn 1.000000 0.000000 0.000000
vn 1.000000 0.000000 0.000000
vn 1.000000 0.000000 0.000000
vn 0.000000 0.000000 1.000000
vn 0.000000 0.000000 1.000000
vn 0.000000 0.000000 1.000000
vn 0.000000 0.000000 1.000000
vn 0.000000 0.000000 1.000000
vn 0.000000 0.000000 1.000000
vn 0.000000 0.000000 1.000000
vn 0.000000 0.000000 1.000000
vn 1.000000 0.000000 0.000000
vn 1.000000 0.000000 0.000000
vn 1.000000 0.000000 0.000000
vn 1.000000 0.000000 0.000000
vn 1.000000 0.000000 0.000000
vn 1.000000 0.000000 0.000000
vn 1.000000 0.000000 0.000000
vn 1.000000 0.000000 0.000000
vn 1.000000 0.000000 0.000000
vn 1.000000 0.000000 0.000000
vn 0.000000 -1.000000 0.000000
vn 0.000000 -1.000000 0.000000
vn 0.000000 -1.000000 0.000000
vn 0.000000 -1.000000 0.000000
vn 1.000000 0.000000 0.000000
vn 1.000000 0.000000 0.000000
vn 0.000000 -1.000000 0.000000
vn 0.000000 -1.000000 0.000000
vn -1.000000 0.000000 0.000000
vn -1.000000 0.000000 0.000000
vn -1.000000 0.000000 0.000000
vn -1.000000 0.000000 0.000000
vn -1.000000 0.000000 0.000000
vn -1.000000 0.000000 0.000000
vn 0.000000 1.000000 0.000000
vn 0.000000 1.000000 0.000000
vn 1.000000 0.000000 0.000000
vn 1.000000 0.000000 0.000000
vn 1.000000 0.000000 0.000000
vn 1.000000 0.000000 0.000000
vn 0.000000 1.000000 0.000000
vn 0.000000 1.000000 0.000000
vn 0.000000 1.000000 0.000000
vn -0.000000 1.000000 0.000000
vn 0.000000 1.000000 0.000000
vn -0.000000 1.000000 0.000000
vn -0.000000 1.000000 0.000000
vn 0.000000 1.000000 0.000000
vn 0.000000 1.000000 0.000000
vn -0.000000 1.000000 0.000000
vn -0.000000 1.000000 0.000000
vn 0.000000 1.000000 0.000000
vn -0.000000 1.000000 0.000000
vn 0.000000 1.000000 0.000000
vn 0.000000 0.000000 1.000000
vn 0.000000 0.000000 1.000000
vn 0.000000 0.000000 1.000000
vn 0.000000 0.000000 1.000000
vn 0.000000 0.000000 1.000000
vn 0.000000 0.000000 1.000000
vn 0.000000 0.000000 1.000000
vn 0.000000 0.000000 1.000000
vn 0.000000 1.000000 0.000000
vn 0.000000 1.000000 0.000000
vn 0.000000 1.000000 0.000000
vn 0.000000 1.000000 0.000000
vn -0.000000 0.000000 -1.000000
vn 0.000000 0.000000 -1.000000
vn 0.000000 0.000000 -1.000000
vn 0.000000 0.000000 -1.000000
vn 0.000000 0.000000 -1.000000
vn 0.000000 0.000000 -1.000000
vn -0.000000 0.000000 -1.000000
vn 0.000000 -0.000000 -1.000000
vn 0.000000 0.000000 -1.000000
vn 0.000000 -0.000000 -1.000000
vn 0.000000 0.000000 -1.000000
vn 0.000000 0.000000 -1.000000
vn 0.000000 -1.000000 0.000000
vn 0.000000 -1.000000 0.000000
vn 0.000000 -1.000000 0.000000
vn 0.000000 -1.000000 0.000000
vn 0.000000 -1.000000 0.000000
vn 0.000000 -1.000000 0.000000
vn 0.000000 0.000000 1.000000
vn 0.000000 0.000000 1.000000
vn 0.000000 0.000000 1.000000
vn 0.000000 0.000000 1.000000
vn 0.000000 -1.000000 -0.000000
vn 0.000000 -1.000000 -0.000000
vn 0.000000 -1.000000 -0.000000
vn 0.000000 -1.000000 -0.000000
vn 0.000000 -1.000000 0.000000
vn 0.000000 -1.000000 0.000000
vn 0.000000 -1.000000 0.000000
vn 0.000000 -1.000000 0.000000
vn 0.000000 0.000000 1.000000
vn 0.000000 0.000000 1.000000
vn 0.000000 0.000000 1.000000
vn 0.000000 0.000000 1.000000
vn 0.000000 1.000000 -0.000000
vn 0.000000 1.000000 -0.000000
vn 0.000000 1.000000 -0.000000
vn 0.000000 1.000000 -0.000000
vn 0.000000 -1.000000 0.000000
vn 0.000000 -1.000000 0.000000
vn 0.000000 -1.000000 0.000000
vn 0.000000 -1.000000 0.000000
vn -0.965280 -0.261217 0.000000
vn -0.965280 -0.261217 0.000000
vn -0.965280 -0.261217 0.000000
vn -0.965280 -0.261217 0.000000
vn 0.000000 -0.431411 -0.902155
vn 0.000000 -0.431411 -0.902155
vn 0.000000 -0.431411 -0.902155
vn 0.000000 -0.431411 -0.902155
vn 0.965280 -0.261217 0.000000
vn 0.965280 -0.261217 0.000000
vn 0.965280 -0.261217 0.000000
vn 0.965280 -0.261217 0.000000
vn 0.000000 -0.431410 0.902156
vn 0.000000 -0.431410 0.902156
vn 0.000000 -0.431410 0.902156
vn 0.000000 -0.431410 0.902156
vn 0.000000 0.000000 -1.000000
vn 0.000000 0.000000 -1.000000
vn 0.000000 0.000000 -1.000000
vn 0.000000 0.000000 -1.000000
vn -1.000000 0.000000 0.000000
vn -1.000000 0.000000 0.000000
vn -1.000000 0.000000 0.000000
vn -1.000000 0.000000 0.000000
vn 0.000000 0.000000 1.000000
vn 0.000000 0.000000 1.000000
vn 0.000000 0.000000 1.000000
vn 0.000000 0.000000 1.000000
vn 1.000000 0.000000 0.000000
vn 1.000000 0.000000 0.000000
vn 1.000000 0.000000 0.000000
vn 1.000000 0.000000 0.000000
vn 0.000000 1.000000 0.000000
vn 0.000000 1.000000 0.000000
vn 0.000000 1.000000 0.000000
vn 0.000000 1.000000 0.000000
vn 0.000000 1.000000 0.000000
vn 0.000000 1.000000 0.000000
vn 0.000000 1.000000 0.000000
vn 0.000000 1.000000 0.000000
vn -0.000000 1.000000 -0.000000
vn -0.000000 1.000000 -0.000000
vn -0.000000 1.000000 -0.000000
vn -0.000000 1.000000 -0.000000
vn 0.000000 1.000000 0.000000
vn 0.000000 1.000000 0.000000
vn 0.000000 1.000000 0.000000
vn 0.000000 1.000000 0.000000
vn 0.000000 0.114000 0.993481
vn 0.000000 0.114000 0.993481
vn 0.000000 0.114000 0.993481
vn 0.000000 0.114000 0.993481
vn 1.000000 -0.000000 0.000000
vn 1.000000 -0.000000 0.000000
vn 1.000000 -0.000000 0.000000
vn 1.000000 -0.000000 0.000000
vn 0.000000 0.114000 -0.993481
vn 0.000000 0.114000 -0.993481
vn 0.000000 0.114000 -0.993481
vn 0.000000 0.114000 -0.993481
vn -1.000000 -0.000000 -0.000000
vn -1.000000 -0.000000 -0.000000
vn -1.000000 -0.000000 -0.000000
vn -1.000000 -0.000000 -0.000000
vn 1.000000 -0.000000 0.000000
vn 1.000000 -0.000000 0.000000
vn 1.000000 -0.000000 0.000000
vn 1.000000 -0.000000 0.000000
vn 1.000000 0.000000 0.000000
vn 1.000000 0.000000 0.000000
vn 0.000000 0.000000 1.000000
vn 0.000000 0.000000 1.000000
vn 0.000000 0.000000 1.000000
vn 0.000000 0.000000 1.000000
vn -0.000000 -0.000000 1.000000
vn -0.000000 -0.000000 1.000000
vn 1.000000 0.000000 0.000000
vn 1.000000 0.000000 0.000000
vn 0.000000 -1.000000 0.000000
vn 0.000000 -1.000000 0.000000
vn 0.000000 -1.000000 0.000000
vn 0.000000 -1.000000 0.000000
vn 0.000000 1.000000 0.000000
vn 0.000000 1.000000 0.000000
vn 0.000000 1.000000 0.000000
vn 0.000000 1.000000 0.000000
vn 0.000000 1.000000 0.000000
vn 0.000000 1.000000 0.000000
vn 0.000000 -1.000000 0.000000
vn 0.000000 -1.000000 0.000000
vn 0.000000 0.000000 -1.000000
vn 0.000000 0.000000 -1.000000
vn 0.000000 0.000000 -1.000000
vn 0.000000 0.000000 -1.000000
vn 0.000000 1.000000 0.000000
vn 0.000000 1.000000 0.000000
vn 0.000000 0.000000 1.000000
vn 0.000000 0.000000 1.000000
vn 0.000000 0.000000 1.000000
vn 0.000000 0.000000 1.000000
vn 0.000000 -1.000000 0.000000
vn 0.000000 -1.000000 0.000000
vn 0.000000 0.000000 1.000000
vn -0.000000 -0.000000 1.000000
vn -0.000000 -0.000000 1.000000
vn 0.000000 1.000000 0.000000
vn 0.000000 1.000000 0.000000
vn 0.000000 1.000000 0.000000
vn 0.000000 1.000000 0.000000
vn -1.000000 0.000000 0.000000
vn -1.000000 0.000000 0.000000
vn -1.000000 0.000000 0.000000
vn -1.000000 0.000000 0.000000
vn 0.000000 -1.000000 0.000000
vn -0.000000 -1.000000 0.000000
vn -0.000000 -1.000000 0.000000
vn 0.000000 -1.000000 0.000000
vn 0.000000 1.000000 0.000000
vn 0.000000 1.000000 0.000000
vn -0.000000 -1.000000 -0.000000
vn -0.000000 -1.000000 -0.000000
vn 1.000000 0.000000 0.000000
vn 1.000000 0.000000 0.000000
vn 1.000000 0.000000 0.000000
vn 1.000000 0.000000 0.000000
vn 0.000000 1.000000 0.000000
vn 0.000000 1.000000 0.000000
vn -0.000000 -1.000000 -0.000000
vn -0.000000 -1.000000 -0.000000
s 1
g pCube1
usemtl initialShadingGroup
f 361/571/1010 362/572/1011 379/601/1012 380/602/1013
s 2
f 363/573/1014 364/574/1015 384/609/1016 385/612/1017
s 3
f 382/605/1018 383/606/1019 368/578/1020 367/577/1021
s 4
f 388/616/1022 389/617/1023 362/580/1024 361/579/1025
s 5
f 362/572/1026 389/618/1027 390/619/1028 379/601/1029
s 6
f 388/615/1030 361/571/1031 380/602/1032 387/614/1033
s 2
f 370/588/1034 369/585/1035 366/576/1036 365/575/1037
s 6
f 367/583/1038 371/589/1039 381/603/1040 382/604/1041
s 4
f 367/577/1042 368/578/1043 372/591/1044 371/590/1045
s 10
f 413/608/1046 412/645/1047 414/646/1048 415/647/1049
s 1
f 374/594/1050 373/593/1051 424/656/1052 425/657/1053
s 6
f 386/613/1054 374/594/1055 425/657/1056 426/658/1057
f 376/596/1058 375/595/1059 428/660/1060 429/661/1061
s 3
f 429/662/1062 430/663/1063 377/598/1064 376/597/1065
s 10
f 433/667/1066 416/649/1067 418/650/1068 432/666/1069
s 5
f 373/593/1070 391/620/1071 423/655/1072 424/656/1073
s 1
f 380/602/1013 379/601/1012 373/593/1051 374/594/1050
s 6
f 387/614/1033 380/602/1032 374/594/1055 386/613/1054
f 382/604/1041 381/603/1040 375/595/1059 376/596/1058
s 3
f 376/597/1065 377/598/1064 383/606/1019 382/605/1018
s 10
f 416/649/1067 413/608/1046 415/647/1049 418/650/1068
s 5
f 379/601/1029 390/619/1028 391/620/1071 373/593/1070
s 2
f 457/698/1074 458/699/1075 392/621/1076 393/624/1077
s 6
f 394/625/1078 455/695/1079 456/696/1080 427/659/1081
f 395/626/1082 454/694/1083 455/695/1079 394/625/1078
f 396/627/1084 453/692/1085 454/694/1083 395/626/1082
s 4
f 396/628/1086 397/629/1087 452/690/1088 453/693/1089
s 5
f 451/689/1090 452/691/1091 397/630/1092 398/631/1093
s 15
f 449/687/1094 450/688/1095 409/642/1096 410/643/1097
s 5
f 436/670/1098 459/701/1099 460/702/1100 399/632/1101
s 2
f 393/624/1077 392/621/1076 369/585/1035 370/588/1034
s 6
f 375/595/1059 394/625/1078 427/659/1081 428/660/1060
f 381/603/1040 395/626/1082 394/625/1078 375/595/1059
f 371/589/1039 396/627/1084 395/626/1082 381/603/1040
s 4
f 371/590/1045 372/591/1044 397/629/1087 396/628/1086
s 10
f 421/652/1102 420/653/1103 412/645/1047 413/608/1046
f 422/654/1104 421/652/1102 413/608/1046 416/649/1067
s 5
f 436/670/1098 399/632/1101 378/600/1105 435/669/1106
s 4
f 372/592/1044 368/581/1043 490/732/1107 491/733/1108
s 3
f 368/581/1020 383/607/1019 489/731/1109 490/732/1110
s 17
f 435/669/1111 378/600/1112 483/725/1113 484/726/1114
s 3
f 377/599/1064 430/664/1063 487/729/1115 488/730/1116
s 2
f 366/582/1036 369/586/1035 485/727/1117 486/728/1118
s 3
f 383/607/1019 377/599/1064 488/730/1116 489/731/1109
s 18
f 391/620/1119 390/619/1120 496/738/1121 479/721/1122
s 19
f 451/689/1123 398/631/1124 493/735/1125 494/736/1126
s 20
f 399/632/1127 460/702/1128 481/723/1129 482/724/1130
s 21
f 398/631/1131 397/630/1132 492/734/1133 493/735/1134
s 4
f 397/630/1087 372/592/1044 491/733/1108 492/734/1135
s 20
f 378/600/1136 399/632/1127 482/724/1130 483/725/1137
s 4
f 548/792/1138 549/793/1139 414/646/1140 412/645/1141
s 3
f 549/793/1142 550/794/1143 415/647/1144 414/646/1145
s 17
f 543/787/1146 544/788/1147 416/649/1148 433/667/1149
s 3
f 551/795/1150 552/796/1151 432/666/1152 418/650/1153
s 2
f 554/798/1154 555/799/1155 417/648/1156 419/651/1157
s 3
f 550/794/1143 551/795/1150 418/650/1153 415/647/1144
s 21
f 546/790/1158 547/791/1159 420/653/1160 421/652/1161
s 4
f 547/791/1162 548/792/1138 412/645/1141 420/653/1163
s 21
f 545/789/1164 546/790/1158 421/652/1161 422/654/1165
s 20
f 544/788/1166 545/789/1167 422/654/1168 416/649/1169
s 5
f 533/777/1170 534/778/1171 384/610/1172 364/574/1173
s 1
f 532/776/1174 533/777/1175 364/574/1176 363/573/1177
s 6
f 531/775/1178 532/776/1179 363/573/1180 385/611/1181
f 528/772/1182 529/773/1183 457/697/1184 393/623/1185
f 527/771/1186 528/772/1182 393/623/1185 370/587/1187
f 526/769/1188 527/771/1186 370/587/1187 365/584/1189
s 3
f 365/575/1190 366/576/1191 525/767/1192 526/770/1193
f 524/766/1194 525/768/1192 366/582/1191 486/728/1195
f 521/763/1196 553/797/1197 554/798/1198 419/651/1199
s 10
f 417/648/1200 520/762/1201 521/763/1202 419/651/1203
s 17
f 555/799/1204 556/800/1205 520/762/1206 417/648/1207
f 369/586/1208 516/758/1209 517/759/1210 485/727/1211
s 5
f 392/622/1212 515/757/1213 516/758/1214 369/586/1215
f 458/700/1216 514/756/1217 515/757/1213 392/622/1212
s 15
f 408/640/1218 407/641/1219 438/672/1220 437/671/1221
s 19
f 390/619/1222 439/673/1223 495/737/1224 496/738/1225
s 5
f 390/619/1028 389/618/1027 440/675/1226 439/673/1227
s 4
f 441/677/1228 440/674/1229 389/617/1023 388/616/1022
s 6
f 442/678/1230 441/676/1231 388/615/1030 387/614/1033
f 443/679/1232 442/678/1230 387/614/1033 386/613/1054
f 444/680/1233 443/679/1232 386/613/1054 426/658/1057
f 445/681/1234 530/774/1235 531/775/1178 385/611/1181
s 2
f 385/612/1017 384/609/1016 446/683/1236 445/682/1237
s 5
f 384/610/1172 534/778/1171 513/755/1238 446/684/1239
f 448/686/1240 447/685/1241 423/655/1072 391/620/1071
s 20
f 480/722/1242 448/686/1243 391/620/1244 479/721/1245
s 15
f 437/671/1221 438/672/1220 450/688/1095 449/687/1094
s 19
f 439/673/1223 451/689/1123 494/736/1126 495/737/1224
s 5
f 439/673/1227 440/675/1226 452/691/1091 451/689/1090
s 4
f 453/693/1089 452/690/1088 440/674/1229 441/677/1228
s 6
f 454/694/1083 453/692/1085 441/676/1231 442/678/1230
f 455/695/1079 454/694/1083 442/678/1230 443/679/1232
f 456/696/1080 455/695/1079 443/679/1232 444/680/1233
f 457/697/1184 529/773/1183 530/774/1235 445/681/1234
s 2
f 445/682/1237 446/683/1236 458/699/1075 457/698/1074
s 5
f 446/684/1239 513/755/1238 514/756/1217 458/700/1216
f 460/702/1100 459/701/1099 447/685/1241 448/686/1240
s 20
f 481/723/1129 460/702/1128 448/686/1243 480/722/1242
f 437/671/1246 462/704/1247 461/703/1248 408/640/1249
f 449/687/1250 463/705/1251 462/704/1247 437/671/1246
f 464/706/1252 463/705/1251 449/687/1250 410/643/1253
f 465/707/1254 464/706/1252 410/643/1253 403/637/1255
s 17
f 466/708/1256 465/707/1257 403/637/1258 434/668/1259
f 467/709/1260 518/760/1261 519/761/1262 404/636/1263
s 2
f 468/710/1264 467/709/1265 404/636/1266 406/639/1267
s 3
f 522/764/1268 523/765/1269 468/710/1270 406/639/1271
f 470/712/1272 469/711/1273 431/665/1274 405/638/1275
f 471/713/1276 470/712/1272 405/638/1275 402/635/1277
f 472/714/1278 471/713/1276 402/635/1277 401/634/1279
s 4
f 473/715/1280 472/714/1281 401/634/1282 400/633/1283
f 474/716/1284 473/715/1280 400/633/1283 411/644/1285
s 21
f 475/717/1286 474/716/1287 411/644/1288 409/642/1289
s 19
f 476/718/1290 475/717/1291 409/642/1292 450/688/1293
f 477/719/1294 476/718/1290 450/688/1293 438/672/1295
f 478/720/1296 477/719/1294 438/672/1295 407/641/1297
s 18
f 461/703/1298 478/720/1299 407/641/1300 408/640/1301
s 20
f 462/704/1247 480/722/1242 479/721/1245 461/703/1248
s off
f 510/751/1302 509/752/1303 511/753/1304 512/754/1305
s 20
f 482/724/1130 481/723/1129 463/705/1251 464/706/1252
f 483/725/1137 482/724/1130 464/706/1252 465/707/1254
s 17
f 484/726/1114 483/725/1113 465/707/1257 466/708/1256
f 485/727/1211 517/759/1210 518/760/1261 467/709/1260
s 2
f 486/728/1118 485/727/1117 467/709/1265 468/710/1264
s 3
f 523/765/1269 524/766/1194 486/728/1195 468/710/1270
f 488/730/1116 487/729/1115 469/711/1273 470/712/1272
f 489/731/1109 488/730/1116 470/712/1272 471/713/1276
f 490/732/1110 489/731/1109 471/713/1276 472/714/1278
s 4
f 491/733/1108 490/732/1107 472/714/1281 473/715/1280
f 492/734/1135 491/733/1108 473/715/1280 474/716/1284
s 21
f 493/735/1134 492/734/1133 474/716/1287 475/717/1286
s 19
f 494/736/1126 493/735/1125 475/717/1291 476/718/1290
s off
f 498/739/1306 497/740/1307 499/741/1308 500/742/1309
s 19
f 496/738/1225 495/737/1224 477/719/1294 478/720/1296
s 18
f 479/721/1122 496/738/1121 478/720/1299 461/703/1298
s off
f 495/737/1310 494/736/1311 497/740/1312 498/739/1313
f 494/736/1314 476/718/1315 499/741/1316 497/740/1317
f 476/718/1318 477/719/1319 500/742/1320 499/741/1321
f 477/719/1322 495/737/1323 498/739/1324 500/742/1325
f 463/705/1326 481/723/1327 501/744/1328 502/743/1329
f 481/723/1330 480/722/1331 503/745/1332 501/744/1333
f 480/722/1334 462/704/1335 504/746/1336 503/745/1337
f 462/704/1338 463/705/1339 502/743/1340 504/746/1341
f 502/743/1342 501/744/1343 505/748/1344 506/747/1345
f 501/744/1346 503/745/1347 507/749/1348 505/748/1349
f 503/745/1350 504/746/1351 508/750/1352 507/749/1353
f 504/746/1354 502/743/1355 506/747/1356 508/750/1357
f 506/747/1358 505/748/1359 509/752/1360 510/751/1361
f 505/748/1362 507/749/1363 511/753/1364 509/752/1365
f 507/749/1366 508/750/1367 512/754/1368 511/753/1369
f 508/750/1370 506/747/1371 510/751/1372 512/754/1373
s 34
f 535/782/1374 536/779/1375 537/780/1376 538/781/1377
f 539/783/1378 538/781/1377 537/780/1376 540/784/1379
s 5
f 516/758/1214 515/757/1213 436/670/1098 435/669/1106
s 17
f 517/759/1210 516/758/1209 435/669/1111 484/726/1114
s 35
f 558/801/1380 557/802/1381 559/803/1382 560/804/1383
f 561/805/1384 558/801/1380 560/804/1383 562/806/1385
s 17
f 520/762/1206 556/800/1205 543/787/1146 433/667/1149
s 10
f 521/763/1202 520/762/1201 433/667/1066 432/666/1069
s 3
f 432/666/1152 552/796/1151 553/797/1197 521/763/1196
f 431/665/1274 469/711/1273 523/765/1269 522/764/1268
f 469/711/1273 487/729/1115 524/766/1194 523/765/1269
f 487/729/1115 430/664/1063 525/768/1192 524/766/1194
f 526/770/1193 525/767/1192 430/663/1063 429/662/1062
s 6
f 429/661/1061 428/660/1060 527/771/1186 526/769/1188
f 428/660/1060 427/659/1081 528/772/1182 527/771/1186
f 427/659/1081 456/696/1080 529/773/1183 528/772/1182
f 530/774/1235 529/773/1183 456/696/1080 444/680/1233
f 531/775/1178 530/774/1235 444/680/1233 426/658/1057
f 426/658/1057 425/657/1056 532/776/1179 531/775/1178
s 1
f 425/657/1053 424/656/1052 533/777/1175 532/776/1174
s 5
f 424/656/1073 423/655/1072 534/778/1171 533/777/1170
s 34
f 535/782/1374 541/785/1386 542/786/1387 536/779/1375
s 36
f 447/685/1388 459/701/1389 537/780/1390 536/779/1391
s 37
f 514/756/1392 513/755/1393 535/782/1394 538/781/1395
f 515/757/1396 514/756/1392 538/781/1395 539/783/1397
s 36
f 459/701/1389 436/670/1398 540/784/1399 537/780/1390
s off
f 436/670/1400 515/757/1401 539/783/1402 540/784/1403
s 37
f 513/755/1393 534/778/1404 541/785/1405 535/782/1394
s off
f 534/778/1406 423/655/1407 542/786/1408 541/785/1409
s 36
f 423/655/1410 447/685/1388 536/779/1391 542/786/1411
s 17
f 434/668/1259 403/637/1258 544/788/1147 543/787/1146
s 20
f 403/637/1255 410/643/1253 545/789/1167 544/788/1166
s 21
f 410/643/1412 409/642/1289 546/790/1158 545/789/1164
f 409/642/1289 411/644/1288 547/791/1159 546/790/1158
s 4
f 411/644/1285 400/633/1283 548/792/1138 547/791/1162
f 400/633/1283 401/634/1282 549/793/1139 548/792/1138
s 3
f 401/634/1279 402/635/1277 550/794/1143 549/793/1142
f 402/635/1277 405/638/1275 551/795/1150 550/794/1143
f 405/638/1275 431/665/1274 552/796/1151 551/795/1150
f 553/797/1197 552/796/1151 431/665/1274 522/764/1268
f 554/798/1198 553/797/1197 522/764/1268 406/639/1271
s 2
f 406/639/1267 404/636/1266 555/799/1155 554/798/1154
s 17
f 404/636/1263 519/761/1262 556/800/1205 555/799/1204
s 35
f 564/807/1413 563/808/1414 561/805/1384 562/806/1385
s 38
f 518/760/1415 517/759/1416 557/802/1417 558/801/1418
s off
f 517/759/1419 484/726/1420 559/803/1421 557/802/1422
s 39
f 484/726/1423 466/708/1424 560/804/1425 559/803/1426
s 38
f 519/761/1427 518/760/1415 558/801/1418 561/805/1428
s 39
f 466/708/1424 434/668/1429 562/806/1430 560/804/1425
s off
f 543/787/1431 556/800/1432 563/808/1433 564/807/1434
s 38
f 556/800/1435 519/761/1427 561/805/1428 563/808/1436
s 39
f 434/668/1429 543/787/1437 564/807/1438 562/806/1430
g default
v 0.437715 3.148778 5.951659
v 0.437715 3.126558 5.908050
v 0.437715 3.091950 5.873442
v 0.437715 3.048341 5.851222
v 0.437715 3.000000 5.843565
v 0.437715 2.951659 5.851222
v 0.437715 2.908050 5.873442
v 0.437715 2.873442 5.908050
v 0.437715 2.851222 5.951659
v 0.437715 2.843565 6.000000
v 0.437715 2.851222 6.048341
v 0.437715 2.873442 6.091950
v 0.437715 2.908050 6.126558
v 0.437715 2.951659 6.148778
v 0.437715 3.000000 6.156434
v 0.437715 3.048341 6.148778
v 0.437715 3.091950 6.126558
v 0.437715 3.126558 6.091950
v 0.437715 3.148778 6.048341
v 0.437715 3.156434 6.000000
v 0.431175 3.293893 5.904508
v 0.431175 3.250000 5.818364
v 0.431175 3.181636 5.750000
v 0.431175 3.095492 5.706107
v 0.431175 3.000000 5.690983
v 0.431175 2.904508 5.706107
v 0.431175 2.818364 5.750000
v 0.431175 2.750000 5.818364
v 0.431175 2.706107 5.904508
v 0.431175 2.690983 6.000000
v 0.431175 2.706107 6.095492
v 0.431175 2.750000 6.181636
v 0.431175 2.818364 6.250000
v 0.431175 2.904508 6.293893
v 0.431175 3.000000 6.309017
v 0.431175 3.095491 6.293893
v 0.431175 3.181636 6.250000
v 0.431175 3.250000 6.181636
v 0.431175 3.293893 6.095492
v 0.431175 3.309017 6.000000
v 0.420454 3.431771 5.859709
v 0.420454 3.367286 5.733151
v 0.420454 3.266849 5.632714
v 0.420454 3.140291 5.568229
v 0.420454 3.000000 5.546009
v 0.420454 2.859709 5.568229
v 0.420454 2.733151 5.632714
v 0.420454 2.632714 5.733151
v 0.420454 2.568229 5.859709
v 0.420454 2.546009 6.000000
v 0.420454 2.568229 6.140291
v 0.420454 2.632714 6.266849
v 0.420454 2.733151 6.367286
v 0.420454 2.859709 6.431771
v 0.420454 3.000000 6.453991
v 0.420454 3.140291 6.431771
v 0.420454 3.266849 6.367286
v 0.420454 3.367286 6.266849
v 0.420454 3.431771 6.140291
v 0.420454 3.453991 6.000000
v 0.405816 3.559017 5.818364
v 0.405816 3.475529 5.654508
v 0.405816 3.345492 5.524471
v 0.405816 3.181636 5.440983
v 0.405816 3.000000 5.412214
v 0.405816 2.818364 5.440983
v 0.405816 2.654508 5.524472
v 0.405816 2.524472 5.654508
v 0.405816 2.440983 5.818364
v 0.405816 2.412215 6.000000
v 0.405816 2.440983 6.181636
v 0.405816 2.524472 6.345492
v 0.405816 2.654508 6.475528
v 0.405816 2.818364 6.559017
v 0.405816 3.000000 6.587785
v 0.405816 3.181636 6.559017
v 0.405816 3.345491 6.475528
v 0.405816 3.475528 6.345492
v 0.405816 3.559017 6.181636
v 0.405816 3.587785 6.000000
v 0.387621 3.672499 5.781492
v 0.387621 3.572062 5.584373
v 0.387621 3.415627 5.427938
v 0.387621 3.218508 5.327501
v 0.387621 3.000000 5.292893
v 0.387621 2.781492 5.327501
v 0.387621 2.584373 5.427938
v 0.387621 2.427938 5.584373
v 0.387621 2.327501 5.781492
v 0.387621 2.292893 6.000000
v 0.387621 2.327501 6.218508
v 0.387621 2.427938 6.415627
v 0.387621 2.584373 6.572061
v 0.387621 2.781492 6.672499
v 0.387621 3.000000 6.707107
v 0.387621 3.218508 6.672499
v 0.387621 3.415627 6.572061
v 0.387621 3.572061 6.415627
v 0.387621 3.672499 6.218508
v 0.387621 3.707107 6.000000
v 0.366317 3.769421 5.750000
v 0.366317 3.654509 5.524471
v 0.366317 3.475529 5.345491
v 0.366317 3.250000 5.230579
v 0.366317 3.000000 5.190983
v 0.366317 2.750000 5.230579
v 0.366317 2.524472 5.345491
v 0.366317 2.345491 5.524472
v 0.366317 2.230579 5.750000
v 0.366317 2.190983 6.000000
v 0.366317 2.230579 6.250000
v 0.366317 2.345491 6.475528
v 0.366317 2.524472 6.654509
v 0.366317 2.750000 6.769421
v 0.366317 3.000000 6.809017
v 0.366317 3.250000 6.769421
v 0.366317 3.475528 6.654509
v 0.366317 3.654509 6.475528
v 0.366317 3.769421 6.250000
v 0.366317 3.809017 6.000000
v 0.342430 3.847398 5.724664
v 0.342430 3.720840 5.476279
v 0.342430 3.523721 5.279160
v 0.342430 3.275336 5.152602
v 0.342430 3.000000 5.108993
v 0.342430 2.724664 5.152602
v 0.342430 2.476279 5.279160
v 0.342430 2.279160 5.476279
v 0.342430 2.152602 5.724664
v 0.342430 2.108993 6.000000
v 0.342430 2.152602 6.275336
v 0.342430 2.279160 6.523721
v 0.342430 2.476279 6.720840
v 0.342430 2.724664 6.847398
v 0.342430 3.000000 6.891007
v 0.342430 3.275336 6.847398
v 0.342430 3.523721 6.720840
v 0.342430 3.720839 6.523721
v 0.342430 3.847398 6.275336
v 0.342430 3.891007 6.000000
v 0.316547 3.904509 5.706107
v 0.316547 3.769421 5.440983
v 0.316547 3.559017 5.230579
v 0.316547 3.293893 5.095491
v 0.316547 3.000000 5.048943
v 0.316547 2.706107 5.095491
v 0.316547 2.440983 5.230579
v 0.316547 2.230579 5.440983
v 0.316547 2.095491 5.706107
v 0.316547 2.048943 6.000000
v 0.316547 2.095491 6.293893
v 0.316547 2.230579 6.559017
v 0.316547 2.440983 6.769421
v 0.316547 2.706107 6.904509
v 0.316547 3.000000 6.951057
v 0.316547 3.293893 6.904509
v 0.316547 3.559017 6.769421
v 0.316547 3.769421 6.559017
v 0.316547 3.904509 6.293893
v 0.316547 3.951057 6.000000
v 0.289305 3.939348 5.694787
v 0.289305 3.799057 5.419451
v 0.289305 3.580549 5.200943
v 0.289305 3.305213 5.060652
v 0.289305 3.000000 5.012311
v 0.289305 2.694787 5.060652
v 0.289305 2.419451 5.200943
v 0.289305 2.200943 5.419451
v 0.289305 2.060652 5.694787
v 0.289305 2.012311 6.000000
v 0.289305 2.060652 6.305213
v 0.289305 2.200943 6.580549
v 0.289305 2.419451 6.799057
v 0.289305 2.694787 6.939348
v 0.289305 3.000000 6.987688
v 0.289305 3.305212 6.939348
v 0.289305 3.580549 6.799057
v 0.289305 3.799057 6.580549
v 0.289305 3.939348 6.305212
v 0.289305 3.987688 6.000000
v 0.261376 3.951057 5.690983
v 0.261376 3.809018 5.412214
v 0.261376 3.587786 5.190983
v 0.261376 3.309017 5.048943
v 0.261376 3.000000 5.000000
v 0.261376 2.690983 5.048943
v 0.261376 2.412215 5.190983
v 0.261376 2.190983 5.412215
v 0.261376 2.048943 5.690983
v 0.261376 2.000000 6.000000
v 0.261376 2.048943 6.309017
v 0.261376 2.190983 6.587785
v 0.261376 2.412215 6.809017
v 0.261376 2.690983 6.951057
v 0.261376 3.000000 7.000000
v 0.261376 3.309017 6.951057
v 0.261376 3.587785 6.809017
v 0.261376 3.809017 6.587785
v 0.261376 3.951057 6.309017
v 0.261376 4.000000 6.000000
v 0.233446 3.939348 5.694787
v 0.233446 3.799057 5.419451
v 0.233446 3.580549 5.200943
v 0.233446 3.305213 5.060652
v 0.233446 3.000000 5.012311
v 0.233446 2.694787 5.060652
v 0.233446 2.419451 5.200943
v 0.233446 2.200943 5.419451
v 0.233446 2.060652 5.694787
v 0.233446 2.012311 6.000000
v 0.233446 2.060652 6.305213
v 0.233446 2.200943 6.580549
v 0.233446 2.419451 6.799057
v 0.233446 2.694787 6.939348
v 0.233446 3.000000 6.987688
v 0.233446 3.305212 6.939348
v 0.233446 3.580549 6.799057
v 0.233446 3.799057 6.580549
v 0.233446 3.939348 6.305212
v 0.233446 3.987688 6.000000
v 0.206205 3.904509 5.706107
v 0.206205 3.769421 5.440983
v 0.206205 3.559017 5.230579
v 0.206205 3.293893 5.095491
v 0.206205 3.000000 5.048943
v 0.206205 2.706107 5.095491
v 0.206205 2.440983 5.230579
v 0.206205 2.230579 5.440983
v 0.206205 2.095491 5.706107
v 0.206205 2.048943 6.000000
v 0.206205 2.095491 6.293893
v 0.206205 2.230579 6.559017
v 0.206205 2.440983 6.769421
v 0.206205 2.706107 6.904509
v 0.206205 3.000000 6.951057
v 0.206205 3.293893 6.904509
v 0.206205 3.559017 6.769421
v 0.206205 3.769421 6.559017
v 0.206205 3.904509 6.293893
v 0.206205 3.951057 6.000000
v 0.180321 3.847398 5.724664
v 0.180321 3.720840 5.476279
v 0.180321 3.523721 5.279160
v 0.180321 3.275336 5.152602
v 0.180321 3.000000 5.108993
v 0.180321 2.724664 5.152602
v 0.180321 2.476279 5.279160
v 0.180321 2.279160 5.476279
v 0.180321 2.152602 5.724664
v 0.180321 2.108993 6.000000
v 0.180321 2.152602 6.275336
v 0.180321 2.279160 6.523721
v 0.180321 2.476279 6.720840
v 0.180321 2.724664 6.847398
v 0.180321 3.000000 6.891007
v 0.180321 3.275336 6.847398
v 0.180321 3.523721 6.720840
v 0.180321 3.720839 6.523721
v 0.180321 3.847398 6.275336
v 0.180321 3.891007 6.000000
v 0.156434 3.769421 5.750000
v 0.156434 3.654509 5.524471
v 0.156434 3.475529 5.345491
v 0.156434 3.250000 5.230579
v 0.156434 3.000000 5.190983
v 0.156434 2.750000 5.230579
v 0.156434 2.524472 5.345491
v 0.156434 2.345491 5.524472
v 0.156434 2.230579 5.750000
v 0.156434 2.190983 6.000000
v 0.156434 2.230579 6.250000
v 0.156434 2.345491 6.475528
v 0.156434 2.524472 6.654509
v 0.156434 2.750000 6.769421
v 0.156434 3.000000 6.809017
v 0.156434 3.250000 6.769421
v 0.156434 3.475528 6.654509
v 0.156434 3.654509 6.475528
v 0.156434 3.769421 6.250000
v 0.156434 3.809017 6.000000
v 0.135131 3.672499 5.781492
v 0.135131 3.572062 5.584373
v 0.135131 3.415627 5.427938
v 0.135131 3.218508 5.327501
v 0.135131 3.000000 5.292893
v 0.135131 2.781492 5.327501
v 0.135131 2.584373 5.427938
v 0.135131 2.427938 5.584373
v 0.135131 2.327501 5.781492
v 0.135131 2.292893 6.000000
v 0.135131 2.327501 6.218508
v 0.135131 2.427938 6.415627
v 0.135131 2.584373 6.572061
v 0.135131 2.781492 6.672499
v 0.135131 3.000000 6.707107
v 0.135131 3.218508 6.672499
v 0.135131 3.415627 6.572061
v 0.135131 3.572061 6.415627
v 0.135131 3.672499 6.218508
v 0.135131 3.707107 6.000000
v 0.116936 3.559017 5.818364
v 0.116936 3.475529 5.654508
v 0.116936 3.345492 5.524471
v 0.116936 3.181636 5.440983
v 0.116936 3.000000 5.412214
v 0.116936 2.818364 5.440983
v 0.116936 2.654508 5.524472
v 0.116936 2.524472 5.654508
v 0.116936 2.440983 5.818364
v 0.116936 2.412215 6.000000
v 0.116936 2.440983 6.181636
v 0.116936 2.524472 6.345492
v 0.116936 2.654508 6.475528
v 0.116936 2.818364 6.559017
v 0.116936 3.000000 6.587785
v 0.116936 3.181636 6.559017
v 0.116936 3.345491 6.475528
v 0.116936 3.475528 6.345492
v 0.116936 3.559017 6.181636
v 0.116936 3.587785 6.000000
v 0.102298 3.431771 5.859709
v 0.102298 3.367286 5.733151
v 0.102298 3.266849 5.632714
v 0.102298 3.140291 5.568229
v 0.102298 3.000000 5.546009
v 0.102298 2.859709 5.568229
v 0.102298 2.733151 5.632714
v 0.102298 2.632714 5.733151
v 0.102298 2.568229 5.859709
v 0.102298 2.546009 6.000000
v 0.102298 2.568229 6.140291
v 0.102298 2.632714 6.266849
v 0.102298 2.733151 6.367286
v 0.102298 2.859709 6.431771
v 0.102298 3.000000 6.453991
v 0.102298 3.140291 6.431771
v 0.102298 3.266849 6.367286
v 0.102298 3.367286 6.266849
v 0.102298 3.431771 6.140291
v 0.102298 3.453991 6.000000
v 0.091577 3.293893 5.904508
v 0.091577 3.250000 5.818364
v 0.091577 3.181636 5.750000
v 0.091577 3.095492 5.706107
v 0.091577 3.000000 5.690983
v 0.091577 2.904508 5.706107
v 0.091577 2.818364 5.750000
v 0.091577 2.750000 5.818364
v 0.091577 2.706107 5.904508
v 0.091577 2.690983 6.000000
v 0.091577 2.706107 6.095492
v 0.091577 2.750000 6.181636
v 0.091577 2.818364 6.250000
v 0.091577 2.904508 6.293893
v 0.091577 3.000000 6.309017
v 0.091577 3.095491 6.293893
v 0.091577 3.181636 6.250000
v 0.091577 3.250000 6.181636
v 0.091577 3.293893 6.095492
v 0.091577 3.309017 6.000000
v 0.085036 3.148778 5.951659
v 0.085036 3.126558 5.908050
v 0.085036 3.091950 5.873442
v 0.085036 3.048341 5.851222
v 0.085036 3.000000 5.843565
v 0.085036 2.951659 5.851222
v 0.085036 2.908050 5.873442
v 0.085036 2.873442 5.908050
v 0.085036 2.851222 5.951659
v 0.085036 2.843565 6.000000
v 0.085036 2.851222 6.048341
v 0.085036 2.873442 6.091950
v 0.085036 2.908050 6.126558
v 0.085036 2.951659 6.148778
v 0.085036 3.000000 6.156434
v 0.085036 3.048341 6.148778
v 0.085036 3.091950 6.126558
v 0.085036 3.126558 6.091950
v 0.085036 3.148778 6.048341
v 0.085036 3.156434 6.000000
v 0.439913 3.000000 6.000000
v 0.082838 3.000000 6.000000
vt 0.000000 0.050000
vt 0.050000 0.050000
vt 0.100000 0.050000
vt 0.150000 0.050000
vt 0.200000 0.050000
vt 0.250000 0.050000
vt 0.300000 0.050000
vt 0.350000 0.050000
vt 0.400000 0.050000
vt 0.450000 0.050000
vt 0.500000 0.050000
vt 0.550000 0.050000
vt 0.600000 0.050000
vt 0.650000 0.050000
vt 0.700000 0.050000
vt 0.750000 0.050000
vt 0.800000 0.050000
vt 0.850000 0.050000
vt 0.900000 0.050000
vt 0.950000 0.050000
vt 1.000000 0.050000
vt 0.000000 0.100000
vt 0.050000 0.100000
vt 0.100000 0.100000
vt 0.150000 0.100000
vt 0.200000 0.100000
vt 0.250000 0.100000
vt 0.300000 0.100000
vt 0.350000 0.100000
vt 0.400000 0.100000
vt 0.450000 0.100000
vt 0.500000 0.100000
vt 0.550000 0.100000
vt 0.600000 0.100000
vt 0.650000 0.100000
vt 0.700000 0.100000
vt 0.750000 0.100000
vt 0.800000 0.100000
vt 0.850000 0.100000
vt 0.900000 0.100000
vt 0.950000 0.100000
vt 1.000000 0.100000
vt 0.000000 0.150000
vt 0.050000 0.150000
vt 0.100000 0.150000
vt 0.150000 0.150000
vt 0.200000 0.150000
vt 0.250000 0.150000
vt 0.300000 0.150000
vt 0.350000 0.150000
vt 0.400000 0.150000
vt 0.450000 0.150000
vt 0.500000 0.150000
vt 0.550000 0.150000
vt 0.600000 0.150000
vt 0.650000 0.150000
vt 0.700000 0.150000
vt 0.750000 0.150000
vt 0.800000 0.150000
vt 0.850000 0.150000
vt 0.900000 0.150000
vt 0.950000 0.150000
vt 1.000000 0.150000
vt 0.000000 0.200000
vt 0.050000 0.200000
vt 0.100000 0.200000
vt 0.150000 0.200000
vt 0.200000 0.200000
vt 0.250000 0.200000
vt 0.300000 0.200000
vt 0.350000 0.200000
vt 0.400000 0.200000
vt 0.450000 0.200000
vt 0.500000 0.200000
vt 0.550000 0.200000
vt 0.600000 0.200000
vt 0.650000 0.200000
vt 0.700000 0.200000
vt 0.750000 0.200000
vt 0.800000 0.200000
vt 0.850000 0.200000
vt 0.900000 0.200000
vt 0.950000 0.200000
vt 1.000000 0.200000
vt 0.000000 0.250000
vt 0.050000 0.250000
vt 0.100000 0.250000
vt 0.150000 0.250000
vt 0.200000 0.250000
vt 0.250000 0.250000
vt 0.300000 0.250000
vt 0.350000 0.250000
vt 0.400000 0.250000
vt 0.450000 0.250000
vt 0.500000 0.250000
vt 0.550000 0.250000
vt 0.600000 0.250000
vt 0.650000 0.250000
vt 0.700000 0.250000
vt 0.750000 0.250000
vt 0.800000 0.250000
vt 0.850000 0.250000
vt 0.900000 0.250000
vt 0.950000 0.250000
vt 1.000000 0.250000
vt 0.000000 0.300000
vt 0.050000 0.300000
vt 0.100000 0.300000
vt 0.150000 0.300000
vt 0.200000 0.300000
vt 0.250000 0.300000
vt 0.300000 0.300000
vt 0.350000 0.300000
vt 0.400000 0.300000
vt 0.450000 0.300000
vt 0.500000 0.300000
vt 0.550000 0.300000
vt 0.600000 0.300000
vt 0.650000 0.300000
vt 0.700000 0.300000
vt 0.750000 0.300000
vt 0.800000 0.300000
vt 0.850000 0.300000
vt 0.900000 0.300000
vt 0.950000 0.300000
vt 1.000000 0.300000
vt 0.000000 0.350000
vt 0.050000 0.350000
vt 0.100000 0.350000
vt 0.150000 0.350000
vt 0.200000 0.350000
vt 0.250000 0.350000
vt 0.300000 0.350000
vt 0.350000 0.350000
vt 0.400000 0.350000
vt 0.450000 0.350000
vt 0.500000 0.350000
vt 0.550000 0.350000
vt 0.600000 0.350000
vt 0.650000 0.350000
vt 0.700000 0.350000
vt 0.750000 0.350000
vt 0.800000 0.350000
vt 0.850000 0.350000
vt 0.900000 0.350000
vt 0.950000 0.350000
vt 1.000000 0.350000
vt 0.000000 0.400000
vt 0.050000 0.400000
vt 0.100000 0.400000
vt 0.150000 0.400000
vt 0.200000 0.400000
vt 0.250000 0.400000
vt 0.300000 0.400000
vt 0.350000 0.400000
vt 0.400000 0.400000
vt 0.450000 0.400000
vt 0.500000 0.400000
vt 0.550000 0.400000
vt 0.600000 0.400000
vt 0.650000 0.400000
vt 0.700000 0.400000
vt 0.750000 0.400000
vt 0.800000 0.400000
vt 0.850000 0.400000
vt 0.900000 0.400000
vt 0.950000 0.400000
vt 1.000000 0.400000
vt 0.000000 0.450000
vt 0.050000 0.450000
vt 0.100000 0.450000
vt 0.150000 0.450000
vt 0.200000 0.450000
vt 0.250000 0.450000
vt 0.300000 0.450000
vt 0.350000 0.450000
vt 0.400000 0.450000
vt 0.450000 0.450000
vt 0.500000 0.450000
vt 0.550000 0.450000
vt 0.600000 0.450000
vt 0.650000 0.450000
vt 0.700000 0.450000
vt 0.750000 0.450000
vt 0.800000 0.450000
vt 0.850000 0.450000
vt 0.900000 0.450000
vt 0.950000 0.450000
vt 1.000000 0.450000
vt 0.000000 0.500000
vt 0.050000 0.500000
vt 0.100000 0.500000
vt 0.150000 0.500000
vt 0.200000 0.500000
vt 0.250000 0.500000
vt 0.300000 0.500000
vt 0.350000 0.500000
vt 0.400000 0.500000
vt 0.450000 0.500000
vt 0.500000 0.500000
vt 0.550000 0.500000
vt 0.600000 0.500000
vt 0.650000 0.500000
vt 0.700000 0.500000
vt 0.750000 0.500000
vt 0.800000 0.500000
vt 0.850000 0.500000
vt 0.900000 0.500000
vt 0.950000 0.500000
vt 1.000000 0.500000
vt 0.000000 0.550000
vt 0.050000 0.550000
vt 0.100000 0.550000
vt 0.150000 0.550000
vt 0.200000 0.550000
vt 0.250000 0.550000
vt 0.300000 0.550000
vt 0.350000 0.550000
vt 0.400000 0.550000
vt 0.450000 0.550000
vt 0.500000 0.550000
vt 0.550000 0.550000
vt 0.600000 0.550000
vt 0.650000 0.550000
vt 0.700000 0.550000
vt 0.750000 0.550000
vt 0.800000 0.550000
vt 0.850000 0.550000
vt 0.900000 0.550000
vt 0.950000 0.550000
vt 1.000000 0.550000
vt 0.000000 0.600000
vt 0.050000 0.600000
vt 0.100000 0.600000
vt 0.150000 0.600000
vt 0.200000 0.600000
vt 0.250000 0.600000
vt 0.300000 0.600000
vt 0.350000 0.600000
vt 0.400000 0.600000
vt 0.450000 0.600000
vt 0.500000 0.600000
vt 0.550000 0.600000
vt 0.600000 0.600000
vt 0.650000 0.600000
vt 0.700000 0.600000
vt 0.750000 0.600000
vt 0.800000 0.600000
vt 0.850000 0.600000
vt 0.900000 0.600000
vt 0.950000 0.600000
vt 1.000000 0.600000
vt 0.000000 0.650000
vt 0.050000 0.650000
vt 0.100000 0.650000
vt 0.150000 0.650000
vt 0.200000 0.650000
vt 0.250000 0.650000
vt 0.300000 0.650000
vt 0.350000 0.650000
vt 0.400000 0.650000
vt 0.450000 0.650000
vt 0.500000 0.650000
vt 0.550000 0.650000
vt 0.600000 0.650000
vt 0.650000 0.650000
vt 0.700000 0.650000
vt 0.750000 0.650000
vt 0.800000 0.650000
vt 0.850000 0.650000
vt 0.900000 0.650000
vt 0.950000 0.650000
vt 1.000000 0.650000
vt 0.000000 0.700000
vt 0.050000 0.700000
vt 0.100000 0.700000
vt 0.150000 0.700000
vt 0.200000 0.700000
vt 0.250000 0.700000
vt 0.300000 0.700000
vt 0.350000 0.700000
vt 0.400000 0.700000
vt 0.450000 0.700000
vt 0.500000 0.700000
vt 0.550000 0.700000
vt 0.600000 0.700000
vt 0.650000 0.700000
vt 0.700000 0.700000
vt 0.750000 0.700000
vt 0.800000 0.700000
vt 0.850000 0.700000
vt 0.900000 0.700000
vt 0.950000 0.700000
vt 1.000000 0.700000
vt 0.000000 0.750000
vt 0.050000 0.750000
vt 0.100000 0.750000
vt 0.150000 0.750000
vt 0.200000 0.750000
vt 0.250000 0.750000
vt 0.300000 0.750000
vt 0.350000 0.750000
vt 0.400000 0.750000
vt 0.450000 0.750000
vt 0.500000 0.750000
vt 0.550000 0.750000
vt 0.600000 0.750000
vt 0.650000 0.750000
vt 0.700000 0.750000
vt 0.750000 0.750000
vt 0.800000 0.750000
vt 0.850000 0.750000
vt 0.900000 0.750000
vt 0.950000 0.750000
vt 1.000000 0.750000
vt 0.000000 0.800000
vt 0.050000 0.800000
vt 0.100000 0.800000
vt 0.150000 0.800000
vt 0.200000 0.800000
vt 0.250000 0.800000
vt 0.300000 0.800000
vt 0.350000 0.800000
vt 0.400000 0.800000
vt 0.450000 0.800000
vt 0.500000 0.800000
vt 0.550000 0.800000
vt 0.600000 0.800000
vt 0.650000 0.800000
vt 0.700000 0.800000
vt 0.750000 0.800000
vt 0.800000 0.800000
vt 0.850000 0.800000
vt 0.900000 0.800000
vt 0.950000 0.800000
vt 1.000000 0.800000
vt 0.000000 0.850000
vt 0.050000 0.850000
vt 0.100000 0.850000
vt 0.150000 0.850000
vt 0.200000 0.850000
vt 0.250000 0.850000
vt 0.300000 0.850000
vt 0.350000 0.850000
vt 0.400000 0.850000
vt 0.450000 0.850000
vt 0.500000 0.850000
vt 0.550000 0.850000
vt 0.600000 0.850000
vt 0.650000 0.850000
vt 0.700000 0.850000
vt 0.750000 0.850000
vt 0.800000 0.850000
vt 0.850000 0.850000
vt 0.900000 0.850000
vt 0.950000 0.850000
vt 1.000000 0.850000
vt 0.000000 0.900000
vt 0.050000 0.900000
vt 0.100000 0.900000
vt 0.150000 0.900000
vt 0.200000 0.900000
vt 0.250000 0.900000
vt 0.300000 0.900000
vt 0.350000 0.900000
vt 0.400000 0.900000
vt 0.450000 0.900000
vt 0.500000 0.900000
vt 0.550000 0.900000
vt 0.600000 0.900000
vt 0.650000 0.900000
vt 0.700000 0.900000
vt 0.750000 0.900000
vt 0.800000 0.900000
vt 0.850000 0.900000
vt 0.900000 0.900000
vt 0.950000 0.900000
vt 1.000000 0.900000
vt 0.000000 0.950000
vt 0.050000 0.950000
vt 0.100000 0.950000
vt 0.150000 0.950000
vt 0.200000 0.950000
vt 0.250000 0.950000
vt 0.300000 0.950000
vt 0.350000 0.950000
vt 0.400000 0.950000
vt 0.450000 0.950000
vt 0.500000 0.950000
vt 0.550000 0.950000
vt 0.600000 0.950000
vt 0.650000 0.950000
vt 0.700000 0.950000
vt 0.750000 0.950000
vt 0.800000 0.950000
vt 0.850000 0.950000
vt 0.900000 0.950000
vt 0.950000 0.950000
vt 1.000000 0.950000
vt 0.025000 0.000000
vt 0.075000 0.000000
vt 0.125000 0.000000
vt 0.175000 0.000000
vt 0.225000 0.000000
vt 0.275000 0.000000
vt 0.325000 0.000000
vt 0.375000 0.000000
vt 0.425000 0.000000
vt 0.475000 0.000000
vt 0.525000 0.000000
vt 0.575000 0.000000
vt 0.625000 0.000000
vt 0.675000 0.000000
vt 0.725000 0.000000
vt 0.775000 0.000000
vt 0.825000 0.000000
vt 0.875000 0.000000
vt 0.925000 0.000000
vt 0.975000 0.000000
vt 0.025000 1.000000
vt 0.075000 1.000000
vt 0.125000 1.000000
vt 0.175000 1.000000
vt 0.225000 1.000000
vt 0.275000 1.000000
vt 0.325000 1.000000
vt 0.375000 1.000000
vt 0.425000 1.000000
vt 0.475000 1.000000
vt 0.525000 1.000000
vt 0.575000 1.000000
vt 0.625000 1.000000
vt 0.675000 1.000000
vt 0.725000 1.000000
vt 0.775000 1.000000
vt 0.825000 1.000000
vt 0.875000 1.000000
vt 0.925000 1.000000
vt 0.975000 1.000000
vn 0.999334 0.034702 -0.011275
vn 0.999334 0.029519 -0.021447
vn 0.998010 0.051008 -0.037059
vn 0.998010 0.059963 -0.019483
vn 0.999334 0.021447 -0.029519
vn 0.998010 0.037059 -0.051008
vn 0.999334 0.011275 -0.034702
vn 0.998010 0.019483 -0.059963
vn 0.999334 -0.000000 -0.036488
vn 0.998010 -0.000000 -0.063049
vn 0.999334 -0.011275 -0.034702
vn 0.998010 -0.019483 -0.059963
vn 0.999334 -0.021447 -0.029520
vn 0.998010 -0.037059 -0.051008
vn 0.999334 -0.029519 -0.021447
vn 0.998010 -0.051008 -0.037059
vn 0.999334 -0.034702 -0.011275
vn 0.998010 -0.059963 -0.019483
vn 0.999334 -0.036488 0.000000
vn 0.998010 -0.063049 -0.000000
vn 0.999334 -0.034702 0.011275
vn 0.998010 -0.059963 0.019483
vn 0.999334 -0.029519 0.021447
vn 0.998010 -0.051008 0.037059
vn 0.999334 -0.021447 0.029519
vn 0.998010 -0.037059 0.051008
vn 0.999334 -0.011275 0.034702
vn 0.998010 -0.019483 0.059963
vn 0.999334 0.000000 0.036488
vn 0.998010 0.000000 0.063049
vn 0.999334 0.011275 0.034702
vn 0.998010 0.019483 0.059963
vn 0.999334 0.021447 0.029519
vn 0.998010 0.037059 0.051008
vn 0.999334 0.029519 0.021447
vn 0.998010 0.051008 0.037059
vn 0.999334 0.034702 0.011276
vn 0.998011 0.059963 0.019483
vn 0.999334 0.036488 0.000000
vn 0.998010 0.063049 0.000000
vn 0.995493 0.076722 -0.055742
vn 0.995493 0.090192 -0.029305
vn 0.995493 0.055742 -0.076722
vn 0.995493 0.029305 -0.090192
vn 0.995493 -0.000000 -0.094833
vn 0.995493 -0.029305 -0.090192
vn 0.995493 -0.055742 -0.076722
vn 0.995493 -0.076722 -0.055742
vn 0.995493 -0.090192 -0.029305
vn 0.995493 -0.094833 0.000000
vn 0.995493 -0.090192 0.029305
vn 0.995493 -0.076722 0.055742
vn 0.995493 -0.055742 0.076722
vn 0.995493 -0.029305 0.090192
vn 0.995493 0.000000 0.094833
vn 0.995493 0.029305 0.090192
vn 0.995493 0.055742 0.076722
vn 0.995493 0.076722 0.055742
vn 0.995493 0.090192 0.029305
vn 0.995493 0.094833 0.000000
vn 0.991169 0.107279 -0.077943
vn 0.991169 0.126114 -0.040977
vn 0.991169 0.077943 -0.107279
vn 0.991169 0.040977 -0.126114
vn 0.991169 -0.000000 -0.132605
vn 0.991169 -0.040977 -0.126114
vn 0.991169 -0.077943 -0.107279
vn 0.991169 -0.107279 -0.077943
vn 0.991169 -0.126114 -0.040977
vn 0.991169 -0.132605 0.000000
vn 0.991169 -0.126114 0.040977
vn 0.991169 -0.107279 0.077943
vn 0.991169 -0.077943 0.107279
vn 0.991169 -0.040977 0.126114
vn 0.991169 0.000000 0.132605
vn 0.991169 0.040977 0.126114
vn 0.991169 0.077943 0.107279
vn 0.991169 0.107279 0.077943
vn 0.991169 0.126114 0.040977
vn 0.991169 0.132605 0.000000
vn 0.983706 0.145449 -0.105675
vn 0.983706 0.170986 -0.055557
vn 0.983706 0.105675 -0.145449
vn 0.983706 0.055557 -0.170986
vn 0.983706 -0.000000 -0.179785
vn 0.983706 -0.055557 -0.170986
vn 0.983706 -0.105675 -0.145449
vn 0.983706 -0.145449 -0.105675
vn 0.983706 -0.170986 -0.055557
vn 0.983706 -0.179785 -0.000000
vn 0.983706 -0.170986 0.055557
vn 0.983706 -0.145449 0.105675
vn 0.983706 -0.105675 0.145449
vn 0.983706 -0.055557 0.170986
vn 0.983706 -0.000000 0.179785
vn 0.983706 0.055557 0.170986
vn 0.983706 0.105675 0.145449
vn 0.983706 0.145449 0.105675
vn 0.983706 0.170986 0.055557
vn 0.983706 0.179785 0.000000
vn 0.970029 0.196582 -0.142825
vn 0.970029 0.231097 -0.075088
vn 0.970029 0.142825 -0.196582
vn 0.970029 0.075088 -0.231097
vn 0.970029 -0.000000 -0.242989
vn 0.970029 -0.075088 -0.231096
vn 0.970029 -0.142826 -0.196582
vn 0.970029 -0.196583 -0.142825
vn 0.970029 -0.231097 -0.075088
vn 0.970029 -0.242989 -0.000000
vn 0.970029 -0.231097 0.075088
vn 0.970029 -0.196582 0.142826
vn 0.970029 -0.142825 0.196582
vn 0.970029 -0.075088 0.231097
vn 0.970029 0.000000 0.242989
vn 0.970029 0.075088 0.231097
vn 0.970029 0.142826 0.196582
vn 0.970029 0.196583 0.142826
vn 0.970029 0.231097 0.075088
vn 0.970029 0.242989 0.000000
vn 0.941994 0.271530 -0.197278
vn 0.941994 0.319203 -0.103715
vn 0.941994 0.197278 -0.271531
vn 0.941994 0.103715 -0.319203
vn 0.941994 -0.000000 -0.335630
vn 0.941994 -0.103715 -0.319203
vn 0.941994 -0.197278 -0.271530
vn 0.941994 -0.271530 -0.197278
vn 0.941994 -0.319203 -0.103715
vn 0.941994 -0.335630 -0.000000
vn 0.941994 -0.319203 0.103715
vn 0.941994 -0.271530 0.197278
vn 0.941994 -0.197278 0.271530
vn 0.941994 -0.103715 0.319203
vn 0.941994 0.000000 0.335630
vn 0.941994 0.103715 0.319203
vn 0.941994 0.197278 0.271531
vn 0.941994 0.271531 0.197278
vn 0.941994 0.319203 0.103715
vn 0.941994 0.335630 0.000000
vn 0.873285 0.394160 -0.286374
vn 0.873285 0.463363 -0.150555
vn 0.873285 0.286374 -0.394160
vn 0.873285 0.150556 -0.463363
vn 0.873285 -0.000000 -0.487209
vn 0.873285 -0.150556 -0.463363
vn 0.873285 -0.286374 -0.394160
vn 0.873285 -0.394160 -0.286374
vn 0.873285 -0.463363 -0.150556
vn 0.873286 -0.487209 -0.000000
vn 0.873285 -0.463363 0.150556
vn 0.873285 -0.394161 0.286374
vn 0.873285 -0.286374 0.394161
vn 0.873285 -0.150556 0.463363
vn 0.873285 0.000000 0.487209
vn 0.873285 0.150556 0.463363
vn 0.873285 0.286374 0.394160
vn 0.873285 0.394160 0.286374
vn 0.873285 0.463363 0.150556
vn 0.873285 0.487209 0.000000
vn 0.658258 0.609022 -0.442480
vn 0.658258 0.715948 -0.232625
vn 0.658258 0.442480 -0.609022
vn 0.658258 0.232625 -0.715948
vn 0.658258 0.000000 -0.752792
vn 0.658258 -0.232626 -0.715948
vn 0.658258 -0.442480 -0.609022
vn 0.658258 -0.609022 -0.442480
vn 0.658258 -0.715948 -0.232626
vn 0.658257 -0.752793 0.000000
vn 0.658257 -0.715949 0.232626
vn 0.658257 -0.609022 0.442481
vn 0.658258 -0.442480 0.609022
vn 0.658258 -0.232626 0.715948
vn 0.658258 0.000000 0.752792
vn 0.658258 0.232626 0.715948
vn 0.658258 0.442480 0.609022
vn 0.658258 0.609022 0.442480
vn 0.658258 0.715948 0.232626
vn 0.658258 0.752792 0.000001
vn -0.000000 0.809017 -0.587785
vn 0.000000 0.951057 -0.309016
vn 0.000000 0.587785 -0.809017
vn 0.000000 0.309017 -0.951057
vn 0.000000 0.000000 -1.000000
vn 0.000000 -0.309017 -0.951056
vn 0.000000 -0.587785 -0.809017
vn -0.000000 -0.809017 -0.587785
vn -0.000000 -0.951057 -0.309017
vn 0.000000 -1.000000 0.000000
vn 0.000000 -0.951057 0.309017
vn 0.000000 -0.809017 0.587785
vn 0.000000 -0.587785 0.809017
vn 0.000000 -0.309017 0.951057
vn 0.000000 0.000000 1.000000
vn 0.000000 0.309017 0.951057
vn 0.000000 0.587785 0.809017
vn 0.000000 0.809017 0.587785
vn 0.000000 0.951057 0.309017
vn -0.000000 1.000000 0.000001
vn -0.658258 0.609022 -0.442480
vn -0.658258 0.715948 -0.232625
vn -0.658258 0.442480 -0.609022
vn -0.658258 0.232625 -0.715948
vn -0.658258 0.000000 -0.752792
vn -0.658258 -0.232626 -0.715948
vn -0.658258 -0.442480 -0.609022
vn -0.658258 -0.609022 -0.442480
vn -0.658258 -0.715949 -0.232626
vn -0.658257 -0.752793 0.000000
vn -0.658257 -0.715949 0.232626
vn -0.658257 -0.609022 0.442481
vn -0.658258 -0.442480 0.609022
vn -0.658258 -0.232626 0.715948
vn -0.658258 0.000000 0.752792
vn -0.658258 0.232626 0.715948
vn -0.658258 0.442480 0.609022
vn -0.658258 0.609022 0.442480
vn -0.658258 0.715948 0.232626
vn -0.658258 0.752792 0.000001
vn -0.873285 0.394160 -0.286374
vn -0.873285 0.463363 -0.150555
vn -0.873285 0.286374 -0.394160
vn -0.873285 0.150556 -0.463363
vn -0.873285 -0.000000 -0.487209
vn -0.873285 -0.150556 -0.463363
vn -0.873285 -0.286374 -0.394160
vn -0.873285 -0.394160 -0.286374
vn -0.873285 -0.463363 -0.150556
vn -0.873285 -0.487209 -0.000000
vn -0.873285 -0.463363 0.150556
vn -0.873285 -0.394161 0.286374
vn -0.873285 -0.286374 0.394161
vn -0.873285 -0.150556 0.463363
vn -0.873285 0.000000 0.487209
vn -0.873285 0.150556 0.463363
vn -0.873285 0.286374 0.394160
vn -0.873285 0.394160 0.286374
vn -0.873285 0.463363 0.150556
vn -0.873285 0.487209 0.000000
vn -0.941994 0.271530 -0.197278
vn -0.941994 0.319203 -0.103715
vn -0.941994 0.197278 -0.271530
vn -0.941994 0.103715 -0.319203
vn -0.941994 -0.000000 -0.335630
vn -0.941994 -0.103715 -0.319203
vn -0.941994 -0.197278 -0.271530
vn -0.941994 -0.271531 -0.197278
vn -0.941994 -0.319203 -0.103715
vn -0.941994 -0.335630 -0.000000
vn -0.941994 -0.319203 0.103715
vn -0.941994 -0.271530 0.197278
vn -0.941994 -0.197278 0.271530
vn -0.941994 -0.103715 0.319203
vn -0.941994 0.000000 0.335630
vn -0.941994 0.103715 0.319203
vn -0.941994 0.197278 0.271531
vn -0.941994 0.271531 0.197278
vn -0.941994 0.319203 0.103715
vn -0.941994 0.335630 0.000000
vn -0.970029 0.196582 -0.142825
vn -0.970029 0.231097 -0.075088
vn -0.970029 0.142825 -0.196582
vn -0.970029 0.075088 -0.231097
vn -0.970029 -0.000000 -0.242989
vn -0.970029 -0.075088 -0.231096
vn -0.970029 -0.142826 -0.196582
vn -0.970029 -0.196582 -0.142825
vn -0.970029 -0.231097 -0.075088
vn -0.970029 -0.242989 -0.000000
vn -0.970029 -0.231097 0.075088
vn -0.970029 -0.196582 0.142826
vn -0.970029 -0.142825 0.196582
vn -0.970029 -0.075088 0.231097
vn -0.970029 0.000000 0.242989
vn -0.970029 0.075088 0.231097
vn -0.970029 0.142826 0.196582
vn -0.970029 0.196582 0.142826
vn -0.970029 0.231097 0.075088
vn -0.970029 0.242989 0.000000
vn -0.983706 0.145449 -0.105675
vn -0.983706 0.170986 -0.055557
vn -0.983706 0.105675 -0.145449
vn -0.983706 0.055557 -0.170986
vn -0.983706 -0.000000 -0.179785
vn -0.983706 -0.055557 -0.170986
vn -0.983706 -0.105675 -0.145449
vn -0.983706 -0.145449 -0.105675
vn -0.983706 -0.170986 -0.055557
vn -0.983706 -0.179785 0.000000
vn -0.983706 -0.170986 0.055557
vn -0.983706 -0.145449 0.105675
vn -0.983706 -0.105675 0.145449
vn -0.983706 -0.055557 0.170986
vn -0.983706 -0.000000 0.179785
vn -0.983706 0.055557 0.170986
vn -0.983706 0.105675 0.145449
vn -0.983706 0.145449 0.105675
vn -0.983706 0.170986 0.055557
vn -0.983706 0.179785 0.000000
vn -0.991169 0.107279 -0.077943
vn -0.991169 0.126114 -0.040977
vn -0.991169 0.077943 -0.107279
vn -0.991169 0.040977 -0.126114
vn -0.991169 -0.000000 -0.132605
vn -0.991169 -0.040977 -0.126114
vn -0.991169 -0.077943 -0.107279
vn -0.991169 -0.107279 -0.077943
vn -0.991169 -0.126114 -0.040977
vn -0.991169 -0.132605 0.000000
vn -0.991169 -0.126114 0.040977
vn -0.991169 -0.107279 0.077943
vn -0.991169 -0.077943 0.107279
vn -0.991169 -0.040977 0.126114
vn -0.991169 0.000000 0.132605
vn -0.991169 0.040977 0.126114
vn -0.991169 0.077943 0.107279
vn -0.991169 0.107279 0.077943
vn -0.991169 0.126114 0.040977
vn -0.991169 0.132605 0.000000
vn -0.995493 0.076722 -0.055742
vn -0.995493 0.090192 -0.029305
vn -0.995493 0.055742 -0.076722
vn -0.995493 0.029305 -0.090192
vn -0.995493 -0.000000 -0.094833
vn -0.995493 -0.029305 -0.090192
vn -0.995493 -0.055742 -0.076722
vn -0.995493 -0.076722 -0.055742
vn -0.995493 -0.090192 -0.029305
vn -0.995493 -0.094833 0.000000
vn -0.995493 -0.090192 0.029305
vn -0.995493 -0.076722 0.055742
vn -0.995493 -0.055742 0.076722
vn -0.995493 -0.029305 0.090192
vn -0.995493 0.000000 0.094833
vn -0.995493 0.029305 0.090192
vn -0.995493 0.055742 0.076722
vn -0.995493 0.076722 0.055742
vn -0.995493 0.090192 0.029305
vn -0.995493 0.094833 0.000000
vn -0.998010 0.051008 -0.037059
vn -0.998010 0.059963 -0.019483
vn -0.998010 0.037059 -0.051008
vn -0.998010 0.019483 -0.059963
vn -0.998010 -0.000000 -0.063049
vn -0.998010 -0.019483 -0.059963
vn -0.998010 -0.037059 -0.051008
vn -0.998010 -0.051008 -0.037059
vn -0.998010 -0.059963 -0.019483
vn -0.998010 -0.063049 0.000000
vn -0.998010 -0.059963 0.019483
vn -0.998010 -0.051008 0.037059
vn -0.998010 -0.037059 0.051008
vn -0.998010 -0.019483 0.059963
vn -0.998010 0.000000 0.063049
vn -0.998010 0.019483 0.059963
vn -0.998010 0.037059 0.051008
vn -0.998010 0.051008 0.037059
vn -0.998010 0.059963 0.019483
vn -0.998010 0.063049 0.000000
vn -0.999334 0.029519 -0.021447
vn -0.999334 0.034702 -0.011275
vn -0.999334 0.021447 -0.029519
vn -0.999334 0.011275 -0.034702
vn -0.999334 -0.000000 -0.036488
vn -0.999334 -0.011275 -0.034702
vn -0.999334 -0.021447 -0.029519
vn -0.999334 -0.029519 -0.021447
vn -0.999334 -0.034702 -0.011275
vn -0.999334 -0.036488 0.000000
vn -0.999334 -0.034702 0.011275
vn -0.999334 -0.029519 0.021447
vn -0.999334 -0.021447 0.029519
vn -0.999334 -0.011275 0.034702
vn -0.999334 0.000000 0.036488
vn -0.999334 0.011275 0.034702
vn -0.999334 0.021447 0.029519
vn -0.999334 0.029519 0.021447
vn -0.999334 0.034702 0.011275
vn -0.999334 0.036488 0.000000
vn 1.000000 -0.000000 -0.000000
vn -1.000000 -0.000000 0.000000
s 1
g pSphere1
usemtl initialShadingGroup
f 565/809/1439 566/810/1440 586/831/1441 585/830/1442
f 566/810/1440 567/811/1443 587/832/1444 586/831/1441
f 567/811/1443 568/812/1445 588/833/1446 587/832/1444
f 568/812/1445 569/813/1447 589/834/1448 588/833/1446
f 569/813/1447 570/814/1449 590/835/1450 589/834/1448
f 570/814/1449 571/815/1451 591/836/1452 590/835/1450
f 571/815/1451 572/816/1453 592/837/1454 591/836/1452
f 572/816/1453 573/817/1455 593/838/1456 592/837/1454
f 573/817/1455 574/818/1457 594/839/1458 593/838/1456
f 574/818/1457 575/819/1459 595/840/1460 594/839/1458
f 575/819/1459 576/820/1461 596/841/1462 595/840/1460
f 576/820/1461 577/821/1463 597/842/1464 596/841/1462
f 577/821/1463 578/822/1465 598/843/1466 597/842/1464
f 578/822/1465 579/823/1467 599/844/1468 598/843/1466
f 579/823/1467 580/824/1469 600/845/1470 599/844/1468
f 580/824/1469 581/825/1471 601/846/1472 600/845/1470
f 581/825/1471 582/826/1473 602/847/1474 601/846/1472
f 582/826/1473 583/827/1475 603/848/1476 602/847/1474
f 583/827/1475 584/828/1477 604/849/1478 603/848/1476
f 584/828/1477 565/829/1439 585/850/1442 604/849/1478
f 585/830/1442 586/831/1441 606/852/1479 605/851/1480
f 586/831/1441 587/832/1444 607/853/1481 606/852/1479
f 587/832/1444 588/833/1446 608/854/1482 607/853/1481
f 588/833/1446 589/834/1448 609/855/1483 608/854/1482
f 589/834/1448 590/835/1450 610/856/1484 609/855/1483
f 590/835/1450 591/836/1452 611/857/1485 610/856/1484
f 591/836/1452 592/837/1454 612/858/1486 611/857/1485
f 592/837/1454 593/838/1456 613/859/1487 612/858/1486
f 593/838/1456 594/839/1458 614/860/1488 613/859/1487
f 594/839/1458 595/840/1460 615/861/1489 614/860/1488
f 595/840/1460 596/841/1462 616/862/1490 615/861/1489
f 596/841/1462 597/842/1464 617/863/1491 616/862/1490
f 597/842/1464 598/843/1466 618/864/1492 617/863/1491
f 598/843/1466 599/844/1468 619/865/1493 618/864/1492
f 599/844/1468 600/845/1470 620/866/1494 619/865/1493
f 600/845/1470 601/846/1472 621/867/1495 620/866/1494
f 601/846/1472 602/847/1474 622/868/1496 621/867/1495
f 602/847/1474 603/848/1476 623/869/1497 622/868/1496
f 603/848/1476 604/849/1478 624/870/1498 623/869/1497
f 604/849/1478 585/850/1442 605/871/1480 624/870/1498
f 605/851/1480 606/852/1479 626/873/1499 625/872/1500
f 606/852/1479 607/853/1481 627/874/1501 626/873/1499
f 607/853/1481 608/854/1482 628/875/1502 627/874/1501
f 608/854/1482 609/855/1483 629/876/1503 628/875/1502
f 609/855/1483 610/856/1484 630/877/1504 629/876/1503
f 610/856/1484 611/857/1485 631/878/1505 630/877/1504
f 611/857/1485 612/858/1486 632/879/1506 631/878/1505
f 612/858/1486 613/859/1487 633/880/1507 632/879/1506
f 613/859/1487 614/860/1488 634/881/1508 633/880/1507
f 614/860/1488 615/861/1489 635/882/1509 634/881/1508
f 615/861/1489 616/862/1490 636/883/1510 635/882/1509
f 616/862/1490 617/863/1491 637/884/1511 636/883/1510
f 617/863/1491 618/864/1492 638/885/1512 637/884/1511
f 618/864/1492 619/865/1493 639/886/1513 638/885/1512
f 619/865/1493 620/866/1494 640/887/1514 639/886/1513
f 620/866/1494 621/867/1495 641/888/1515 640/887/1514
f 621/867/1495 622/868/1496 642/889/1516 641/888/1515
f 622/868/1496 623/869/1497 643/890/1517 642/889/1516
f 623/869/1497 624/870/1498 644/891/1518 643/890/1517
f 624/870/1498 605/871/1480 625/892/1500 644/891/1518
f 625/872/1500 626/873/1499 646/894/1519 645/893/1520
f 626/873/1499 627/874/1501 647/895/1521 646/894/1519
f 627/874/1501 628/875/1502 648/896/1522 647/895/1521
f 628/875/1502 629/876/1503 649/897/1523 648/896/1522
f 629/876/1503 630/877/1504 650/898/1524 649/897/1523
f 630/877/1504 631/878/1505 651/899/1525 650/898/1524
f 631/878/1505 632/879/1506 652/900/1526 651/899/1525
f 632/879/1506 633/880/1507 653/901/1527 652/900/1526
f 633/880/1507 634/881/1508 654/902/1528 653/901/1527
f 634/881/1508 635/882/1509 655/903/1529 654/902/1528
f 635/882/1509 636/883/1510 656/904/1530 655/903/1529
f 636/883/1510 637/884/1511 657/905/1531 656/904/1530
f 637/884/1511 638/885/1512 658/906/1532 657/905/1531
f 638/885/1512 639/886/1513 659/907/1533 658/906/1532
f 639/886/1513 640/887/1514 660/908/1534 659/907/1533
f 640/887/1514 641/888/1515 661/909/1535 660/908/1534
f 641/888/1515 642/889/1516 662/910/1536 661/909/1535
f 642/889/1516 643/890/1517 663/911/1537 662/910/1536
f 643/890/1517 644/891/1518 664/912/1538 663/911/1537
f 644/891/1518 625/892/1500 645/913/1520 664/912/1538
f 645/893/1520 646/894/1519 666/915/1539 665/914/1540
f 646/894/1519 647/895/1521 667/916/1541 666/915/1539
f 647/895/1521 648/896/1522 668/917/1542 667/916/1541
f 648/896/1522 649/897/1523 669/918/1543 668/917/1542
f 649/897/1523 650/898/1524 670/919/1544 669/918/1543
f 650/898/1524 651/899/1525 671/920/1545 670/919/1544
f 651/899/1525 652/900/1526 672/921/1546 671/920/1545
f 652/900/1526 653/901/1527 673/922/1547 672/921/1546
f 653/901/1527 654/902/1528 674/923/1548 673/922/1547
f 654/902/1528 655/903/1529 675/924/1549 674/923/1548
f 655/903/1529 656/904/1530 676/925/1550 675/924/1549
f 656/904/1530 657/905/1531 677/926/1551 676/925/1550
f 657/905/1531 658/906/1532 678/927/1552 677/926/1551
f 658/906/1532 659/907/1533 679/928/1553 678/927/1552
f 659/907/1533 660/908/1534 680/929/1554 679/928/1553
f 660/908/1534 661/909/1535 681/930/1555 680/929/1554
f 661/909/1535 662/910/1536 682/931/1556 681/930/1555
f 662/910/1536 663/911/1537 683/932/1557 682/931/1556
f 663/911/1537 664/912/1538 684/933/1558 683/932/1557
f 664/912/1538 645/913/1520 665/934/1540 684/933/1558
f 665/914/1540 666/915/1539 686/936/1559 685/935/1560
f 666/915/1539 667/916/1541 687/937/1561 686/936/1559
f 667/916/1541 668/917/1542 688/938/1562 687/937/1561
f 668/917/1542 669/918/1543 689/939/1563 688/938/1562
f 669/918/1543 670/919/1544 690/940/1564 689/939/1563
f 670/919/1544 671/920/1545 691/941/1565 690/940/1564
f 671/920/1545 672/921/1546 692/942/1566 691/941/1565
f 672/921/1546 673/922/1547 693/943/1567 692/942/1566
f 673/922/1547 674/923/1548 694/944/1568 693/943/1567
f 674/923/1548 675/924/1549 695/945/1569 694/944/1568
f 675/924/1549 676/925/1550 696/946/1570 695/945/1569
f 676/925/1550 677/926/1551 697/947/1571 696/946/1570
f 677/926/1551 678/927/1552 698/948/1572 697/947/1571
f 678/927/1552 679/928/1553 699/949/1573 698/948/1572
f 679/928/1553 680/929/1554 700/950/1574 699/949/1573
f 680/929/1554 681/930/1555 701/951/1575 700/950/1574
f 681/930/1555 682/931/1556 702/952/1576 701/951/1575
f 682/931/1556 683/932/1557 703/953/1577 702/952/1576
f 683/932/1557 684/933/1558 704/954/1578 703/953/1577
f 684/933/1558 665/934/1540 685/955/1560 704/954/1578
f 685/935/1560 686/936/1559 706/957/1579 705/956/1580
f 686/936/1559 687/937/1561 707/958/1581 706/957/1579
f 687/937/1561 688/938/1562 708/959/1582 707/958/1581
f 688/938/1562 689/939/1563 709/960/1583 708/959/1582
f 689/939/1563 690/940/1564 710/961/1584 709/960/1583
f 690/940/1564 691/941/1565 711/962/1585 710/961/1584
f 691/941/1565 692/942/1566 712/963/1586 711/962/1585
f 692/942/1566 693/943/1567 713/964/1587 712/963/1586
f 693/943/1567 694/944/1568 714/965/1588 713/964/1587
f 694/944/1568 695/945/1569 715/966/1589 714/965/1588
f 695/945/1569 696/946/1570 716/967/1590 715/966/1589
f 696/946/1570 697/947/1571 717/968/1591 716/967/1590
f 697/947/1571 698/948/1572 718/969/1592 717/968/1591
f 698/948/1572 699/949/1573 719/970/1593 718/969/1592
f 699/949/1573 700/950/1574 720/971/1594 719/970/1593
f 700/950/1574 701/951/1575 721/972/1595 720/971/1594
f 701/951/1575 702/952/1576 722/973/1596 721/972/1595
f 702/952/1576 703/953/1577 723/974/1597 722/973/1596
f 703/953/1577 704/954/1578 724/975/1598 723/974/1597
f 704/954/1578 685/955/1560 705/976/1580 724/975/1598
f 705/956/1580 706/957/1579 726/978/1599 725/977/1600
f 706/957/1579 707/958/1581 727/979/1601 726/978/1599
f 707/958/1581 708/959/1582 728/980/1602 727/979/1601
f 708/959/1582 709/960/1583 729/981/1603 728/980/1602
f 709/960/1583 710/961/1584 730/982/1604 729/981/1603
f 710/961/1584 711/962/1585 731/983/1605 730/982/1604
f 711/962/1585 712/963/1586 732/984/1606 731/983/1605
f 712/963/1586 713/964/1587 733/985/1607 732/984/1606
f 713/964/1587 714/965/1588 734/986/1608 733/985/1607
f 714/965/1588 715/966/1589 735/987/1609 734/986/1608
f 715/966/1589 716/967/1590 736/988/1610 735/987/1609
f 716/967/1590 717/968/1591 737/989/1611 736/988/1610
f 717/968/1591 718/969/1592 738/990/1612 737/989/1611
f 718/969/1592 719/970/1593 739/991/1613 738/990/1612
f 719/970/1593 720/971/1594 740/992/1614 739/991/1613
f 720/971/1594 721/972/1595 741/993/1615 740/992/1614
f 721/972/1595 722/973/1596 742/994/1616 741/993/1615
f 722/973/1596 723/974/1597 743/995/1617 742/994/1616
f 723/974/1597 724/975/1598 744/996/1618 743/995/1617
f 724/975/1598 705/976/1580 725/997/1600 744/996/1618
f 725/977/1600 726/978/1599 746/999/1619 745/998/1620
f 726/978/1599 727/979/1601 747/1000/1621 746/999/1619
f 727/979/1601 728/980/1602 748/1001/1622 747/1000/1621
f 728/980/1602 729/981/1603 749/1002/1623 748/1001/1622
f 729/981/1603 730/982/1604 750/1003/1624 749/1002/1623
f 730/982/1604 731/983/1605 751/1004/1625 750/1003/1624
f 731/983/1605 732/984/1606 752/1005/1626 751/1004/1625
f 732/984/1606 733/985/1607 753/1006/1627 752/1005/1626
f 733/985/1607 734/986/1608 754/1007/1628 753/1006/1627
f 734/986/1608 735/987/1609 755/1008/1629 754/1007/1628
f 735/987/1609 736/988/1610 756/1009/1630 755/1008/1629
f 736/988/1610 737/989/1611 757/1010/1631 756/1009/1630
f 737/989/1611 738/990/1612 758/1011/1632 757/1010/1631
f 738/990/1612 739/991/1613 759/1012/1633 758/1011/1632
f 739/991/1613 740/992/1614 760/1013/1634 759/1012/1633
f 740/992/1614 741/993/1615 761/1014/1635 760/1013/1634
f 741/993/1615 742/994/1616 762/1015/1636 761/1014/1635
f 742/994/1616 743/995/1617 763/1016/1637 762/1015/1636
f 743/995/1617 744/996/1618 764/1017/1638 763/1016/1637
f 744/996/1618 725/997/1600 745/1018/1620 764/1017/1638
f 745/998/1620 746/999/1619 766/1020/1639 765/1019/1640
f 746/999/1619 747/1000/1621 767/1021/1641 766/1020/1639
f 747/1000/1621 748/1001/1622 768/1022/1642 767/1021/1641
f 748/1001/1622 749/1002/1623 769/1023/1643 768/1022/1642
f 749/1002/1623 750/1003/1624 770/1024/1644 769/1023/1643
f 750/1003/1624 751/1004/1625 771/1025/1645 770/1024/1644
f 751/1004/1625 752/1005/1626 772/1026/1646 771/1025/1645
f 752/1005/1626 753/1006/1627 773/1027/1647 772/1026/1646
f 753/1006/1627 754/1007/1628 774/1028/1648 773/1027/1647
f 754/1007/1628 755/1008/1629 775/1029/1649 774/1028/1648
f 755/1008/1629 756/1009/1630 776/1030/1650 775/1029/1649
f 756/1009/1630 757/1010/1631 777/1031/1651 776/1030/1650
f 757/1010/1631 758/1011/1632 778/1032/1652 777/1031/1651
f 758/1011/1632 759/1012/1633 779/1033/1653 778/1032/1652
f 759/1012/1633 760/1013/1634 780/1034/1654 779/1033/1653
f 760/1013/1634 761/1014/1635 781/1035/1655 780/1034/1654
f 761/1014/1635 762/1015/1636 782/1036/1656 781/1035/1655
f 762/1015/1636 763/1016/1637 783/1037/1657 782/1036/1656
f 763/1016/1637 764/1017/1638 784/1038/1658 783/1037/1657
f 764/1017/1638 745/1018/1620 765/1039/1640 784/1038/1658
f 765/1019/1640 766/1020/1639 786/1041/1659 785/1040/1660
f 766/1020/1639 767/1021/1641 787/1042/1661 786/1041/1659
f 767/1021/1641 768/1022/1642 788/1043/1662 787/1042/1661
f 768/1022/1642 769/1023/1643 789/1044/1663 788/1043/1662
f 769/1023/1643 770/1024/1644 790/1045/1664 789/1044/1663
f 770/1024/1644 771/1025/1645 791/1046/1665 790/1045/1664
f 771/1025/1645 772/1026/1646 792/1047/1666 791/1046/1665
f 772/1026/1646 773/1027/1647 793/1048/1667 792/1047/1666
f 773/1027/1647 774/1028/1648 794/1049/1668 793/1048/1667
f 774/1028/1648 775/1029/1649 795/1050/1669 794/1049/1668
f 775/1029/1649 776/1030/1650 796/1051/1670 795/1050/1669
f 776/1030/1650 777/1031/1651 797/1052/1671 796/1051/1670
f 777/1031/1651 778/1032/1652 798/1053/1672 797/1052/1671
f 778/1032/1652 779/1033/1653 799/1054/1673 798/1053/1672
f 779/1033/1653 780/1034/1654 800/1055/1674 799/1054/1673
f 780/1034/1654 781/1035/1655 801/1056/1675 800/1055/1674
f 781/1035/1655 782/1036/1656 802/1057/1676 801/1056/1675
f 782/1036/1656 783/1037/1657 803/1058/1677 802/1057/1676
f 783/1037/1657 784/1038/1658 804/1059/1678 803/1058/1677
f 784/1038/1658 765/1039/1640 785/1060/1660 804/1059/1678
f 785/1040/1660 786/1041/1659 806/1062/1679 805/1061/1680
f 786/1041/1659 787/1042/1661 807/1063/1681 806/1062/1679
f 787/1042/1661 788/1043/1662 808/1064/1682 807/1063/1681
f 788/1043/1662 789/1044/1663 809/1065/1683 808/1064/1682
f 789/1044/1663 790/1045/1664 810/1066/1684 809/1065/1683
f 790/1045/1664 791/1046/1665 811/1067/1685 810/1066/1684
f 791/1046/1665 792/1047/1666 812/1068/1686 811/1067/1685
f 792/1047/1666 793/1048/1667 813/1069/1687 812/1068/1686
f 793/1048/1667 794/1049/1668 814/1070/1688 813/1069/1687
f 794/1049/1668 795/1050/1669 815/1071/1689 814/1070/1688
f 795/1050/1669 796/1051/1670 816/1072/1690 815/1071/1689
f 796/1051/1670 797/1052/1671 817/1073/1691 816/1072/1690
f 797/1052/1671 798/1053/1672 818/1074/1692 817/1073/1691
f 798/1053/1672 799/1054/1673 819/1075/1693 818/1074/1692
f 799/1054/1673 800/1055/1674 820/1076/1694 819/1075/1693
f 800/1055/1674 801/1056/1675 821/1077/1695 820/1076/1694
f 801/1056/1675 802/1057/1676 822/1078/1696 821/1077/1695
f 802/1057/1676 803/1058/1677 823/1079/1697 822/1078/1696
f 803/1058/1677 804/1059/1678 824/1080/1698 823/1079/1697
f 804/1059/1678 785/1060/1660 805/1081/1680 824/1080/1698
f 805/1061/1680 806/1062/1679 826/1083/1699 825/1082/1700
f 806/1062/1679 807/1063/1681 827/1084/1701 826/1083/1699
f 807/1063/1681 808/1064/1682 828/1085/1702 827/1084/1701
f 808/1064/1682 809/1065/1683 829/1086/1703 828/1085/1702
f 809/1065/1683 810/1066/1684 830/1087/1704 829/1086/1703
f 810/1066/1684 811/1067/1685 831/1088/1705 830/1087/1704
f 811/1067/1685 812/1068/1686 832/1089/1706 831/1088/1705
f 812/1068/1686 813/1069/1687 833/1090/1707 832/1089/1706
f 813/1069/1687 814/1070/1688 834/1091/1708 833/1090/1707
f 814/1070/1688 815/1071/1689 835/1092/1709 834/1091/1708
f 815/1071/1689 816/1072/1690 836/1093/1710 835/1092/1709
f 816/1072/1690 817/1073/1691 837/1094/1711 836/1093/1710
f 817/1073/1691 818/1074/1692 838/1095/1712 837/1094/1711
f 818/1074/1692 819/1075/1693 839/1096/1713 838/1095/1712
f 819/1075/1693 820/1076/1694 840/1097/1714 839/1096/1713
f 820/1076/1694 821/1077/1695 841/1098/1715 840/1097/1714
f 821/1077/1695 822/1078/1696 842/1099/1716 841/1098/1715
f 822/1078/1696 823/1079/1697 843/1100/1717 842/1099/1716
f 823/1079/1697 824/1080/1698 844/1101/1718 843/1100/1717
f 824/1080/1698 805/1081/1680 825/1102/1700 844/1101/1718
f 825/1082/1700 826/1083/1699 846/1104/1719 845/1103/1720
f 826/1083/1699 827/1084/1701 847/1105/1721 846/1104/1719
f 827/1084/1701 828/1085/1702 848/1106/1722 847/1105/1721
f 828/1085/1702 829/1086/1703 849/1107/1723 848/1106/1722
f 829/1086/1703 830/1087/1704 850/1108/1724 849/1107/1723
f 830/1087/1704 831/1088/1705 851/1109/1725 850/1108/1724
f 831/1088/1705 832/1089/1706 852/1110/1726 851/1109/1725
f 832/1089/1706 833/1090/1707 853/1111/1727 852/1110/1726
f 833/1090/1707 834/1091/1708 854/1112/1728 853/1111/1727
f 834/1091/1708 835/1092/1709 855/1113/1729 854/1112/1728
f 835/1092/1709 836/1093/1710 856/1114/1730 855/1113/1729
f 836/1093/1710 837/1094/1711 857/1115/1731 856/1114/1730
f 837/1094/1711 838/1095/1712 858/1116/1732 857/1115/1731
f 838/1095/1712 839/1096/1713 859/1117/1733 858/1116/1732
f 839/1096/1713 840/1097/1714 860/1118/1734 859/1117/1733
f 840/1097/1714 841/1098/1715 861/1119/1735 860/1118/1734
f 841/1098/1715 842/1099/1716 862/1120/1736 861/1119/1735
f 842/1099/1716 843/1100/1717 863/1121/1737 862/1120/1736
f 843/1100/1717 844/1101/1718 864/1122/1738 863/1121/1737
f 844/1101/1718 825/1102/1700 845/1123/1720 864/1122/1738
f 845/1103/1720 846/1104/1719 866/1125/1739 865/1124/1740
f 846/1104/1719 847/1105/1721 867/1126/1741 866/1125/1739
f 847/1105/1721 848/1106/1722 868/1127/1742 867/1126/1741
f 848/1106/1722 849/1107/1723 869/1128/1743 868/1127/1742
f 849/1107/1723 850/1108/1724 870/1129/1744 869/1128/1743
f 850/1108/1724 851/1109/1725 871/1130/1745 870/1129/1744
f 851/1109/1725 852/1110/1726 872/1131/1746 871/1130/1745
f 852/1110/1726 853/1111/1727 873/1132/1747 872/1131/1746
f 853/1111/1727 854/1112/1728 874/1133/1748 873/1132/1747
f 854/1112/1728 855/1113/1729 875/1134/1749 874/1133/1748
f 855/1113/1729 856/1114/1730 876/1135/1750 875/1134/1749
f 856/1114/1730 857/1115/1731 877/1136/1751 876/1135/1750
f 857/1115/1731 858/1116/1732 878/1137/1752 877/1136/1751
f 858/1116/1732 859/1117/1733 879/1138/1753 878/1137/1752
f 859/1117/1733 860/1118/1734 880/1139/1754 879/1138/1753
f 860/1118/1734 861/1119/1735 881/1140/1755 880/1139/1754
f 861/1119/1735 862/1120/1736 882/1141/1756 881/1140/1755
f 862/1120/1736 863/1121/1737 883/1142/1757 882/1141/1756
f 863/1121/1737 864/1122/1738 884/1143/1758 883/1142/1757
f 864/1122/1738 845/1123/1720 865/1144/1740 884/1143/1758
f 865/1124/1740 866/1125/1739 886/1146/1759 885/1145/1760
f 866/1125/1739 867/1126/1741 887/1147/1761 886/1146/1759
f 867/1126/1741 868/1127/1742 888/1148/1762 887/1147/1761
f 868/1127/1742 869/1128/1743 889/1149/1763 888/1148/1762
f 869/1128/1743 870/1129/1744 890/1150/1764 889/1149/1763
f 870/1129/1744 871/1130/1745 891/1151/1765 890/1150/1764
f 871/1130/1745 872/1131/1746 892/1152/1766 891/1151/1765
f 872/1131/1746 873/1132/1747 893/1153/1767 892/1152/1766
f 873/1132/1747 874/1133/1748 894/1154/1768 893/1153/1767
f 874/1133/1748 875/1134/1749 895/1155/1769 894/1154/1768
f 875/1134/1749 876/1135/1750 896/1156/1770 895/1155/1769
f 876/1135/1750 877/1136/1751 897/1157/1771 896/1156/1770
f 877/1136/1751 878/1137/1752 898/1158/1772 897/1157/1771
f 878/1137/1752 879/1138/1753 899/1159/1773 898/1158/1772
f 879/1138/1753 880/1139/1754 900/1160/1774 899/1159/1773
f 880/1139/1754 881/1140/1755 901/1161/1775 900/1160/1774
f 881/1140/1755 882/1141/1756 902/1162/1776 901/1161/1775
f 882/1141/1756 883/1142/1757 903/1163/1777 902/1162/1776
f 883/1142/1757 884/1143/1758 904/1164/1778 903/1163/1777
f 884/1143/1758 865/1144/1740 885/1165/1760 904/1164/1778
f 885/1145/1760 886/1146/1759 906/1167/1779 905/1166/1780
f 886/1146/1759 887/1147/1761 907/1168/1781 906/1167/1779
f 887/1147/1761 888/1148/1762 908/1169/1782 907/1168/1781
f 888/1148/1762 889/1149/1763 909/1170/1783 908/1169/1782
f 889/1149/1763 890/1150/1764 910/1171/1784 909/1170/1783
f 890/1150/1764 891/1151/1765 911/1172/1785 910/1171/1784
f 891/1151/1765 892/1152/1766 912/1173/1786 911/1172/1785
f 892/1152/1766 893/1153/1767 913/1174/1787 912/1173/1786
f 893/1153/1767 894/1154/1768 914/1175/1788 913/1174/1787
f 894/1154/1768 895/1155/1769 915/1176/1789 914/1175/1788
f 895/1155/1769 896/1156/1770 916/1177/1790 915/1176/1789
f 896/1156/1770 897/1157/1771 917/1178/1791 916/1177/1790
f 897/1157/1771 898/1158/1772 918/1179/1792 917/1178/1791
f 898/1158/1772 899/1159/1773 919/1180/1793 918/1179/1792
f 899/1159/1773 900/1160/1774 920/1181/1794 919/1180/1793
f 900/1160/1774 901/1161/1775 921/1182/1795 920/1181/1794
f 901/1161/1775 902/1162/1776 922/1183/1796 921/1182/1795
f 902/1162/1776 903/1163/1777 923/1184/1797 922/1183/1796
f 903/1163/1777 904/1164/1778 924/1185/1798 923/1184/1797
f 904/1164/1778 885/1165/1760 905/1186/1780 924/1185/1798
f 905/1166/1780 906/1167/1779 926/1188/1799 925/1187/1800
f 906/1167/1779 907/1168/1781 927/1189/1801 926/1188/1799
f 907/1168/1781 908/1169/1782 928/1190/1802 927/1189/1801
f 908/1169/1782 909/1170/1783 929/1191/1803 928/1190/1802
f 909/1170/1783 910/1171/1784 930/1192/1804 929/1191/1803
f 910/1171/1784 911/1172/1785 931/1193/1805 930/1192/1804
f 911/1172/1785 912/1173/1786 932/1194/1806 931/1193/1805
f 912/1173/1786 913/1174/1787 933/1195/1807 932/1194/1806
f 913/1174/1787 914/1175/1788 934/1196/1808 933/1195/1807
f 914/1175/1788 915/1176/1789 935/1197/1809 934/1196/1808
f 915/1176/1789 916/1177/1790 936/1198/1810 935/1197/1809
f 916/1177/1790 917/1178/1791 937/1199/1811 936/1198/1810
f 917/1178/1791 918/1179/1792 938/1200/1812 937/1199/1811
f 918/1179/1792 919/1180/1793 939/1201/1813 938/1200/1812
f 919/1180/1793 920/1181/1794 940/1202/1814 939/1201/1813
f 920/1181/1794 921/1182/1795 941/1203/1815 940/1202/1814
f 921/1182/1795 922/1183/1796 942/1204/1816 941/1203/1815
f 922/1183/1796 923/1184/1797 943/1205/1817 942/1204/1816
f 923/1184/1797 924/1185/1798 944/1206/1818 943/1205/1817
f 924/1185/1798 905/1186/1780 925/1207/1800 944/1206/1818
f 566/810/1440 565/809/1439 945/1208/1819
f 567/811/1443 566/810/1440 945/1209/1819
f 568/812/1445 567/811/1443 945/1210/1819
f 569/813/1447 568/812/1445 945/1211/1819
f 570/814/1449 569/813/1447 945/1212/1819
f 571/815/1451 570/814/1449 945/1213/1819
f 572/816/1453 571/815/1451 945/1214/1819
f 573/817/1455 572/816/1453 945/1215/1819
f 574/818/1457 573/817/1455 945/1216/1819
f 575/819/1459 574/818/1457 945/1217/1819
f 576/820/1461 575/819/1459 945/1218/1819
f 577/821/1463 576/820/1461 945/1219/1819
f 578/822/1465 577/821/1463 945/1220/1819
f 579/823/1467 578/822/1465 945/1221/1819
f 580/824/1469 579/823/1467 945/1222/1819
f 581/825/1471 580/824/1469 945/1223/1819
f 582/826/1473 581/825/1471 945/1224/1819
f 583/827/1475 582/826/1473 945/1225/1819
f 584/828/1477 583/827/1475 945/1226/1819
f 565/829/1439 584/828/1477 945/1227/1819
f 925/1187/1800 926/1188/1799 946/1228/1820
f 926/1188/1799 927/1189/1801 946/1229/1820
f 927/1189/1801 928/1190/1802 946/1230/1820
f 928/1190/1802 929/1191/1803 946/1231/1820
f 929/1191/1803 930/1192/1804 946/1232/1820
f 930/1192/1804 931/1193/1805 946/1233/1820
f 931/1193/1805 932/1194/1806 946/1234/1820
f 932/1194/1806 933/1195/1807 946/1235/1820
f 933/1195/1807 934/1196/1808 946/1236/1820
f 934/1196/1808 935/1197/1809 946/1237/1820
f 935/1197/1809 936/1198/1810 946/1238/1820
f 936/1198/1810 937/1199/1811 946/1239/1820
f 937/1199/1811 938/1200/1812 946/1240/1820
f 938/1200/1812 939/1201/1813 946/1241/1820
f 939/1201/1813 940/1202/1814 946/1242/1820
f 940/1202/1814 941/1203/1815 946/1243/1820
f 941/1203/1815 942/1204/1816 946/1244/1820
f 942/1204/1816 943/1205/1817 946/1245/1820
f 943/1205/1817 944/1206/1818 946/1246/1820
f 944/1206/1818 925/1207/1800 946/1247/1820
g default
v 0.144008 3.356646 5.884119
v 0.144008 3.303382 5.779580
v 0.144008 3.220420 5.696618
v 0.144008 3.115881 5.643354
v 0.144008 3.000000 5.625000
v 0.144008 2.884119 5.643354
v 0.144008 2.779580 5.696619
v 0.144008 2.696619 5.779580
v 0.144008 2.643354 5.884119
v 0.144008 2.625000 6.000000
v 0.144008 2.643354 6.115881
v 0.144008 2.696619 6.220420
v 0.144008 2.779580 6.303381
v 0.144008 2.884119 6.356646
v 0.144008 3.000000 6.375000
v 0.144008 3.115881 6.356646
v 0.144008 3.220419 6.303381
v 0.144008 3.303381 6.220419
v 0.144008 3.356646 6.115881
v 0.144008 3.375000 6.000000
v 0.096050 3.374102 5.878447
v 0.096050 3.318230 5.768792
v 0.096050 3.231208 5.681770
v 0.096050 3.121553 5.625898
v 0.096050 3.000000 5.606646
v 0.096050 2.878447 5.625898
v 0.096050 2.768792 5.681770
v 0.096050 2.681770 5.768792
v 0.096050 2.625898 5.878447
v 0.096050 2.606646 6.000000
v 0.096050 2.625898 6.121553
v 0.096050 2.681770 6.231208
v 0.096050 2.768792 6.318230
v 0.096050 2.878447 6.374102
v 0.096050 3.000000 6.393354
v 0.096050 3.121553 6.374102
v 0.096050 3.231208 6.318230
v 0.096050 3.318230 6.231208
v 0.096050 3.374102 6.121553
v 0.096050 3.393354 6.000000
v 0.052786 3.424760 5.861987
v 0.052786 3.361322 5.737484
v 0.052786 3.262516 5.638678
v 0.052786 3.138013 5.575240
v 0.052786 3.000000 5.553381
v 0.052786 2.861987 5.575240
v 0.052786 2.737484 5.638678
v 0.052786 2.638678 5.737484
v 0.052786 2.575240 5.861987
v 0.052786 2.553381 6.000000
v 0.052786 2.575240 6.138013
v 0.052786 2.638678 6.262516
v 0.052786 2.737484 6.361322
v 0.052786 2.861987 6.424760
v 0.052786 3.000000 6.446619
v 0.052786 3.138013 6.424760
v 0.052786 3.262516 6.361322
v 0.052786 3.361322 6.262516
v 0.052786 3.424760 6.138013
v 0.052786 3.446619 6.000000
v 0.018452 3.503661 5.836351
v 0.018452 3.428440 5.688720
v 0.018452 3.311280 5.571560
v 0.018452 3.163649 5.496339
v 0.018452 3.000000 5.470419
v 0.018452 2.836351 5.496339
v 0.018452 2.688720 5.571560
v 0.018452 2.571560 5.688720
v 0.018452 2.496339 5.836351
v 0.018452 2.470419 6.000000
v 0.018452 2.496339 6.163649
v 0.018452 2.571560 6.311280
v 0.018452 2.688720 6.428440
v 0.018452 2.836351 6.503661
v 0.018452 3.000000 6.529581
v 0.018452 3.163649 6.503661
v 0.018452 3.311280 6.428440
v 0.018452 3.428440 6.311280
v 0.018452 3.503661 6.163649
v 0.018452 3.529581 6.000000
v -0.003592 3.603083 5.804046
v -0.003592 3.513013 5.627274
v -0.003592 3.372726 5.486987
v -0.003592 3.195954 5.396917
v -0.003592 3.000000 5.365881
v -0.003592 2.804046 5.396917
v -0.003592 2.627274 5.486987
v -0.003592 2.486987 5.627274
v -0.003592 2.396917 5.804047
v -0.003592 2.365881 6.000000
v -0.003592 2.396917 6.195953
v -0.003592 2.486987 6.372726
v -0.003592 2.627274 6.513013
v -0.003592 2.804047 6.603083
v -0.003592 3.000000 6.634119
v -0.003592 3.195953 6.603083
v -0.003592 3.372726 6.513013
v -0.003592 3.513013 6.372726
v -0.003592 3.603083 6.195953
v -0.003592 3.634119 6.000000
v -0.011188 3.713293 5.768237
v -0.011188 3.606763 5.559161
v -0.011188 3.440839 5.393237
v -0.011188 3.231763 5.286707
v -0.011188 3.000000 5.250000
v -0.011188 2.768237 5.286707
v -0.011188 2.559161 5.393237
v -0.011188 2.393237 5.559161
v -0.011188 2.286707 5.768237
v -0.011188 2.250000 6.000000
v -0.011188 2.286707 6.231763
v -0.011188 2.393237 6.440839
v -0.011188 2.559161 6.606763
v -0.011188 2.768237 6.713292
v -0.011188 3.000000 6.750000
v -0.011188 3.231763 6.713292
v -0.011188 3.440839 6.606763
v -0.011188 3.606763 6.440839
v -0.011188 3.713292 6.231763
v -0.011188 3.750000 6.000000
v -0.003592 3.823503 5.732428
v -0.003592 3.700513 5.491047
v -0.003592 3.508953 5.299487
v -0.003592 3.267572 5.176497
v -0.003592 3.000000 5.134118
v -0.003592 2.732428 5.176497
v -0.003592 2.491047 5.299487
v -0.003592 2.299487 5.491048
v -0.003592 2.176498 5.732428
v -0.003592 2.134118 6.000000
v -0.003592 2.176498 6.267572
v -0.003592 2.299487 6.508952
v -0.003592 2.491048 6.700513
v -0.003592 2.732428 6.823502
v -0.003592 3.000000 6.865882
v -0.003592 3.267572 6.823502
v -0.003592 3.508952 6.700513
v -0.003592 3.700513 6.508952
v -0.003592 3.823502 6.267572
v -0.003592 3.865881 6.000000
v 0.018452 3.922924 5.700124
v 0.018452 3.785086 5.429601
v 0.018452 3.570399 5.214914
v 0.018452 3.299876 5.077076
v 0.018452 3.000000 5.029580
v 0.018452 2.700124 5.077076
v 0.018452 2.429602 5.214914
v 0.018452 2.214914 5.429602
v 0.018452 2.077076 5.700124
v 0.018452 2.029580 6.000000
v 0.018452 2.077076 6.299876
v 0.018452 2.214914 6.570398
v 0.018452 2.429602 6.785086
v 0.018452 2.700124 6.922924
v 0.018452 3.000000 6.970420
v 0.018452 3.299876 6.922924
v 0.018452 3.570398 6.785086
v 0.018452 3.785086 6.570398
v 0.018452 3.922924 6.299876
v 0.018452 3.970419 6.000000
v 0.052786 4.001826 5.674487
v 0.052786 3.852204 5.380838
v 0.052786 3.619162 5.147796
v 0.052786 3.325513 4.998174
v 0.052786 3.000000 4.946618
v 0.052786 2.674487 4.998174
v 0.052786 2.380838 5.147796
v 0.052786 2.147796 5.380838
v 0.052786 1.998174 5.674487
v 0.052786 1.946618 6.000000
v 0.052786 1.998174 6.325513
v 0.052786 2.147796 6.619162
v 0.052786 2.380838 6.852204
v 0.052786 2.674487 7.001825
v 0.052786 3.000000 7.053382
v 0.052786 3.325513 7.001825
v 0.052786 3.619162 6.852204
v 0.052786 3.852204 6.619162
v 0.052786 4.001825 6.325513
v 0.052786 4.053381 6.000000
v 0.096050 4.052484 5.658027
v 0.096050 3.895296 5.349529
v 0.096050 3.650471 5.104704
v 0.096050 3.341973 4.947516
v 0.096050 3.000000 4.893353
v 0.096050 2.658027 4.947516
v 0.096050 2.349529 5.104704
v 0.096050 2.104704 5.349529
v 0.096050 1.947517 5.658027
v 0.096050 1.893353 6.000000
v 0.096050 1.947517 6.341973
v 0.096050 2.104704 6.650470
v 0.096050 2.349530 6.895296
v 0.096050 2.658027 7.052483
v 0.096050 3.000000 7.106646
v 0.096050 3.341972 7.052483
v 0.096050 3.650470 6.895296
v 0.096050 3.895296 6.650470
v 0.096050 4.052483 6.341973
v 0.096050 4.106646 6.000000
v 0.144008 4.069939 5.652356
v 0.144008 3.910145 5.338741
v 0.144008 3.661259 5.089855
v 0.144008 3.347644 4.930061
v 0.144008 3.000000 4.874999
v 0.144008 2.652356 4.930061
v 0.144008 2.338741 5.089855
v 0.144008 2.089855 5.338741
v 0.144008 1.930061 5.652356
v 0.144008 1.875000 6.000000
v 0.144008 1.930061 6.347644
v 0.144008 2.089856 6.661259
v 0.144008 2.338741 6.910144
v 0.144008 2.652356 7.069939
v 0.144008 3.000000 7.125000
v 0.144008 3.347644 7.069939
v 0.144008 3.661258 6.910144
v 0.144008 3.910144 6.661259
v 0.144008 4.069939 6.347644
v 0.144008 4.125000 6.000000
v 0.191966 4.052484 5.658027
v 0.191966 3.895296 5.349529
v 0.191966 3.650471 5.104704
v 0.191966 3.341973 4.947516
v 0.191966 3.000000 4.893353
v 0.191966 2.658027 4.947516
v 0.191966 2.349529 5.104704
v 0.191966 2.104704 5.349529
v 0.191966 1.947517 5.658027
v 0.191966 1.893353 6.000000
v 0.191966 1.947517 6.341973
v 0.191966 2.104704 6.650470
v 0.191966 2.349530 6.895296
v 0.191966 2.658027 7.052483
v 0.191966 3.000000 7.106646
v 0.191966 3.341972 7.052483
v 0.191966 3.650470 6.895296
v 0.191966 3.895296 6.650470
v 0.191966 4.052483 6.341973
v 0.191966 4.106646 6.000000
v 0.235230 4.001826 5.674487
v 0.235230 3.852204 5.380838
v 0.235230 3.619162 5.147796
v 0.235230 3.325513 4.998174
v 0.235230 3.000000 4.946618
v 0.235230 2.674487 4.998174
v 0.235230 2.380838 5.147796
v 0.235230 2.147796 5.380838
v 0.235230 1.998174 5.674487
v 0.235230 1.946618 6.000000
v 0.235230 1.998174 6.325513
v 0.235230 2.147796 6.619162
v 0.235230 2.380838 6.852204
v 0.235230 2.674487 7.001825
v 0.235230 3.000000 7.053382
v 0.235230 3.325513 7.001825
v 0.235230 3.619162 6.852204
v 0.235230 3.852204 6.619162
v 0.235230 4.001825 6.325513
v 0.235230 4.053381 6.000000
v 0.269564 3.922924 5.700124
v 0.269564 3.785086 5.429601
v 0.269564 3.570399 5.214914
v 0.269564 3.299876 5.077076
v 0.269564 3.000000 5.029580
v 0.269564 2.700124 5.077076
v 0.269564 2.429601 5.214914
v 0.269564 2.214914 5.429602
v 0.269564 2.077076 5.700124
v 0.269564 2.029580 6.000000
v 0.269564 2.077076 6.299876
v 0.269564 2.214914 6.570398
v 0.269564 2.429602 6.785086
v 0.269564 2.700124 6.922924
v 0.269564 3.000000 6.970420
v 0.269564 3.299876 6.922924
v 0.269564 3.570398 6.785086
v 0.269564 3.785086 6.570398
v 0.269564 3.922924 6.299876
v 0.269564 3.970420 6.000000
v 0.291608 3.823503 5.732428
v 0.291608 3.700513 5.491047
v 0.291608 3.508953 5.299487
v 0.291608 3.267572 5.176497
v 0.291608 3.000000 5.134118
v 0.291608 2.732428 5.176497
v 0.291608 2.491047 5.299487
v 0.291608 2.299487 5.491048
v 0.291608 2.176498 5.732428
v 0.291608 2.134118 6.000000
v 0.291608 2.176498 6.267572
v 0.291608 2.299487 6.508952
v 0.291608 2.491048 6.700513
v 0.291608 2.732428 6.823502
v 0.291608 3.000000 6.865882
v 0.291608 3.267572 6.823502
v 0.291608 3.508952 6.700513
v 0.291608 3.700513 6.508952
v 0.291608 3.823502 6.267572
v 0.291608 3.865881 6.000000
v 0.299204 3.713293 5.768237
v 0.299204 3.606763 5.559161
v 0.299204 3.440839 5.393237
v 0.299204 3.231763 5.286707
v 0.299204 3.000000 5.250000
v 0.299204 2.768237 5.286707
v 0.299204 2.559161 5.393237
v 0.299204 2.393237 5.559161
v 0.299204 2.286707 5.768237
v 0.299204 2.250000 6.000000
v 0.299204 2.286707 6.231763
v 0.299204 2.393237 6.440839
v 0.299204 2.559161 6.606763
v 0.299204 2.768237 6.713292
v 0.299204 3.000000 6.750000
v 0.299204 3.231763 6.713292
v 0.299204 3.440839 6.606763
v 0.299204 3.606763 6.440839
v 0.299204 3.713292 6.231763
v 0.299204 3.750000 6.000000
v 0.291608 3.603083 5.804046
v 0.291608 3.513013 5.627274
v 0.291608 3.372726 5.486987
v 0.291608 3.195954 5.396917
v 0.291608 3.000000 5.365881
v 0.291608 2.804046 5.396917
v 0.291608 2.627274 5.486987
v 0.291608 2.486987 5.627274
v 0.291608 2.396917 5.804047
v 0.291608 2.365881 6.000000
v 0.291608 2.396917 6.195953
v 0.291608 2.486987 6.372726
v 0.291608 2.627274 6.513013
v 0.291608 2.804047 6.603083
v 0.291608 3.000000 6.634119
v 0.291608 3.195953 6.603083
v 0.291608 3.372726 6.513013
v 0.291608 3.513013 6.372726
v 0.291608 3.603083 6.195953
v 0.291608 3.634119 6.000000
v 0.269564 3.503661 5.836351
v 0.269564 3.428440 5.688720
v 0.269564 3.311280 5.571560
v 0.269564 3.163649 5.496339
v 0.269564 3.000000 5.470419
v 0.269564 2.836351 5.496339
v 0.269564 2.688720 5.571560
v 0.269564 2.571560 5.688720
v 0.269564 2.496339 5.836351
v 0.269564 2.470419 6.000000
v 0.269564 2.496339 6.163649
v 0.269564 2.571560 6.311280
v 0.269564 2.688720 6.428440
v 0.269564 2.836351 6.503661
v 0.269564 3.000000 6.529580
v 0.269564 3.163649 6.503661
v 0.269564 3.311280 6.428440
v 0.269564 3.428440 6.311280
v 0.269564 3.503661 6.163649
v 0.269564 3.529580 6.000000
v 0.235230 3.424760 5.861987
v 0.235230 3.361322 5.737484
v 0.235230 3.262516 5.638678
v 0.235230 3.138013 5.575240
v 0.235230 3.000000 5.553381
v 0.235230 2.861987 5.575240
v 0.235230 2.737484 5.638678
v 0.235230 2.638678 5.737484
v 0.235230 2.575241 5.861987
v 0.235230 2.553381 6.000000
v 0.235230 2.575241 6.138013
v 0.235230 2.638678 6.262516
v 0.235230 2.737484 6.361322
v 0.235230 2.861987 6.424759
v 0.235230 3.000000 6.446618
v 0.235230 3.138013 6.424759
v 0.235230 3.262516 6.361322
v 0.235230 3.361322 6.262516
v 0.235230 3.424759 6.138013
v 0.235230 3.446618 6.000000
v 0.191966 3.374102 5.878447
v 0.191966 3.318230 5.768792
v 0.191966 3.231208 5.681770
v 0.191966 3.121553 5.625898
v 0.191966 3.000000 5.606646
v 0.191966 2.878447 5.625898
v 0.191966 2.768792 5.681770
v 0.191966 2.681770 5.768793
v 0.191966 2.625898 5.878447
v 0.191966 2.606646 6.000000
v 0.191966 2.625898 6.121553
v 0.191966 2.681770 6.231207
v 0.191966 2.768793 6.318230
v 0.191966 2.878447 6.374102
v 0.191966 3.000000 6.393354
v 0.191966 3.121553 6.374101
v 0.191966 3.231207 6.318230
v 0.191966 3.318230 6.231207
v 0.191966 3.374101 6.121553
v 0.191966 3.393354 6.000000
vt 0.000000 1.000000
vt 0.050000 1.000000
vt 0.100000 1.000000
vt 0.150000 1.000000
vt 0.200000 1.000000
vt 0.250000 1.000000
vt 0.300000 1.000000
vt 0.350000 1.000000
vt 0.400000 1.000000
vt 0.450000 1.000000
vt 0.500000 1.000000
vt 0.550000 1.000000
vt 0.600000 1.000000
vt 0.650000 1.000000
vt 0.700000 1.000000
vt 0.750000 1.000000
vt 0.800000 1.000000
vt 0.850000 1.000000
vt 0.900000 1.000000
vt 0.950000 1.000000
vt 1.000000 1.000000
vt 0.000000 0.950000
vt 0.050000 0.950000
vt 0.100000 0.950000
vt 0.150000 0.950000
vt 0.200000 0.950000
vt 0.250000 0.950000
vt 0.300000 0.950000
vt 0.350000 0.950000
vt 0.400000 0.950000
vt 0.450000 0.950000
vt 0.500000 0.950000
vt 0.550000 0.950000
vt 0.600000 0.950000
vt 0.650000 0.950000
vt 0.700000 0.950000
vt 0.750000 0.950000
vt 0.800000 0.950000
vt 0.850000 0.950000
vt 0.900000 0.950000
vt 0.950000 0.950000
vt 1.000000 0.950000
vt 0.000000 0.900000
vt 0.050000 0.900000
vt 0.100000 0.900000
vt 0.150000 0.900000
vt 0.200000 0.900000
vt 0.250000 0.900000
vt 0.300000 0.900000
vt 0.350000 0.900000
vt 0.400000 0.900000
vt 0.450000 0.900000
vt 0.500000 0.900000
vt 0.550000 0.900000
vt 0.600000 0.900000
vt 0.650000 0.900000
vt 0.700000 0.900000
vt 0.750000 0.900000
vt 0.800000 0.900000
vt 0.850000 0.900000
vt 0.900000 0.900000
vt 0.950000 0.900000
vt 1.000000 0.900000
vt 0.000000 0.850000
vt 0.050000 0.850000
vt 0.100000 0.850000
vt 0.150000 0.850000
vt 0.200000 0.850000
vt 0.250000 0.850000
vt 0.300000 0.850000
vt 0.350000 0.850000
vt 0.400000 0.850000
vt 0.450000 0.850000
vt 0.500000 0.850000
vt 0.550000 0.850000
vt 0.600000 0.850000
vt 0.650000 0.850000
vt 0.700000 0.850000
vt 0.750000 0.850000
vt 0.800000 0.850000
vt 0.850000 0.850000
vt 0.900000 0.850000
vt 0.950000 0.850000
vt 1.000000 0.850000
vt 0.000000 0.800000
vt 0.050000 0.800000
vt 0.100000 0.800000
vt 0.150000 0.800000
vt 0.200000 0.800000
vt 0.250000 0.800000
vt 0.300000 0.800000
vt 0.350000 0.800000
vt 0.400000 0.800000
vt 0.450000 0.800000
vt 0.500000 0.800000
vt 0.550000 0.800000
vt 0.600000 0.800000
vt 0.650000 0.800000
vt 0.700000 0.800000
vt 0.750000 0.800000
vt 0.800000 0.800000
vt 0.850000 0.800000
vt 0.900000 0.800000
vt 0.950000 0.800000
vt 1.000000 0.800000
vt 0.000000 0.750000
vt 0.050000 0.750000
vt 0.100000 0.750000
vt 0.150000 0.750000
vt 0.200000 0.750000
vt 0.250000 0.750000
vt 0.300000 0.750000
vt 0.350000 0.750000
vt 0.400000 0.750000
vt 0.450000 0.750000
vt 0.500000 0.750000
vt 0.550000 0.750000
vt 0.600000 0.750000
vt 0.650000 0.750000
vt 0.700000 0.750000
vt 0.750000 0.750000
vt 0.800000 0.750000
vt 0.850000 0.750000
vt 0.900000 0.750000
vt 0.950000 0.750000
vt 1.000000 0.750000
vt 0.000000 0.700000
vt 0.050000 0.700000
vt 0.100000 0.700000
vt 0.150000 0.700000
vt 0.200000 0.700000
vt 0.250000 0.700000
vt 0.300000 0.700000
vt 0.350000 0.700000
vt 0.400000 0.700000
vt 0.450000 0.700000
vt 0.500000 0.700000
vt 0.550000 0.700000
vt 0.600000 0.700000
vt 0.650000 0.700000
vt 0.700000 0.700000
vt 0.750000 0.700000
vt 0.800000 0.700000
vt 0.850000 0.700000
vt 0.900000 0.700000
vt 0.950000 0.700000
vt 1.000000 0.700000
vt 0.000000 0.650000
vt 0.050000 0.650000
vt 0.100000 0.650000
vt 0.150000 0.650000
vt 0.200000 0.650000
vt 0.250000 0.650000
vt 0.300000 0.650000
vt 0.350000 0.650000
vt 0.400000 0.650000
vt 0.450000 0.650000
vt 0.500000 0.650000
vt 0.550000 0.650000
vt 0.600000 0.650000
vt 0.650000 0.650000
vt 0.700000 0.650000
vt 0.750000 0.650000
vt 0.800000 0.650000
vt 0.850000 0.650000
vt 0.900000 0.650000
vt 0.950000 0.650000
vt 1.000000 0.650000
vt 0.000000 0.600000
vt 0.050000 0.600000
vt 0.100000 0.600000
vt 0.150000 0.600000
vt 0.200000 0.600000
vt 0.250000 0.600000
vt 0.300000 0.600000
vt 0.350000 0.600000
vt 0.400000 0.600000
vt 0.450000 0.600000
vt 0.500000 0.600000
vt 0.550000 0.600000
vt 0.600000 0.600000
vt 0.650000 0.600000
vt 0.700000 0.600000
vt 0.750000 0.600000
vt 0.800000 0.600000
vt 0.850000 0.600000
vt 0.900000 0.600000
vt 0.950000 0.600000
vt 1.000000 0.600000
vt 0.000000 0.550000
vt 0.050000 0.550000
vt 0.100000 0.550000
vt 0.150000 0.550000
vt 0.200000 0.550000
vt 0.250000 0.550000
vt 0.300000 0.550000
vt 0.350000 0.550000
vt 0.400000 0.550000
vt 0.450000 0.550000
vt 0.500000 0.550000
vt 0.550000 0.550000
vt 0.600000 0.550000
vt 0.650000 0.550000
vt 0.700000 0.550000
vt 0.750000 0.550000
vt 0.800000 0.550000
vt 0.850000 0.550000
vt 0.900000 0.550000
vt 0.950000 0.550000
vt 1.000000 0.550000
vt 0.000000 0.500000
vt 0.050000 0.500000
vt 0.100000 0.500000
vt 0.150000 0.500000
vt 0.200000 0.500000
vt 0.250000 0.500000
vt 0.300000 0.500000
vt 0.350000 0.500000
vt 0.400000 0.500000
vt 0.450000 0.500000
vt 0.500000 0.500000
vt 0.550000 0.500000
vt 0.600000 0.500000
vt 0.650000 0.500000
vt 0.700000 0.500000
vt 0.750000 0.500000
vt 0.800000 0.500000
vt 0.850000 0.500000
vt 0.900000 0.500000
vt 0.950000 0.500000
vt 1.000000 0.500000
vt 0.000000 0.450000
vt 0.050000 0.450000
vt 0.100000 0.450000
vt 0.150000 0.450000
vt 0.200000 0.450000
vt 0.250000 0.450000
vt 0.300000 0.450000
vt 0.350000 0.450000
vt 0.400000 0.450000
vt 0.450000 0.450000
vt 0.500000 0.450000
vt 0.550000 0.450000
vt 0.600000 0.450000
vt 0.650000 0.450000
vt 0.700000 0.450000
vt 0.750000 0.450000
vt 0.800000 0.450000
vt 0.850000 0.450000
vt 0.900000 0.450000
vt 0.950000 0.450000
vt 1.000000 0.450000
vt 0.000000 0.400000
vt 0.050000 0.400000
vt 0.100000 0.400000
vt 0.150000 0.400000
vt 0.200000 0.400000
vt 0.250000 0.400000
vt 0.300000 0.400000
vt 0.350000 0.400000
vt 0.400000 0.400000
vt 0.450000 0.400000
vt 0.500000 0.400000
vt 0.550000 0.400000
vt 0.600000 0.400000
vt 0.650000 0.400000
vt 0.700000 0.400000
vt 0.750000 0.400000
vt 0.800000 0.400000
vt 0.850000 0.400000
vt 0.900000 0.400000
vt 0.950000 0.400000
vt 1.000000 0.400000
vt 0.000000 0.350000
vt 0.050000 0.350000
vt 0.100000 0.350000
vt 0.150000 0.350000
vt 0.200000 0.350000
vt 0.250000 0.350000
vt 0.300000 0.350000
vt 0.350000 0.350000
vt 0.400000 0.350000
vt 0.450000 0.350000
vt 0.500000 0.350000
vt 0.550000 0.350000
vt 0.600000 0.350000
vt 0.650000 0.350000
vt 0.700000 0.350000
vt 0.750000 0.350000
vt 0.800000 0.350000
vt 0.850000 0.350000
vt 0.900000 0.350000
vt 0.950000 0.350000
vt 1.000000 0.350000
vt 0.000000 0.300000
vt 0.050000 0.300000
vt 0.100000 0.300000
vt 0.150000 0.300000
vt 0.200000 0.300000
vt 0.250000 0.300000
vt 0.300000 0.300000
vt 0.350000 0.300000
vt 0.400000 0.300000
vt 0.450000 0.300000
vt 0.500000 0.300000
vt 0.550000 0.300000
vt 0.600000 0.300000
vt 0.650000 0.300000
vt 0.700000 0.300000
vt 0.750000 0.300000
vt 0.800000 0.300000
vt 0.850000 0.300000
vt 0.900000 0.300000
vt 0.950000 0.300000
vt 1.000000 0.300000
vt 0.000000 0.250000
vt 0.050000 0.250000
vt 0.100000 0.250000
vt 0.150000 0.250000
vt 0.200000 0.250000
vt 0.250000 0.250000
vt 0.300000 0.250000
vt 0.350000 0.250000
vt 0.400000 0.250000
vt 0.450000 0.250000
vt 0.500000 0.250000
vt 0.550000 0.250000
vt 0.600000 0.250000
vt 0.650000 0.250000
vt 0.700000 0.250000
vt 0.750000 0.250000
vt 0.800000 0.250000
vt 0.850000 0.250000
vt 0.900000 0.250000
vt 0.950000 0.250000
vt 1.000000 0.250000
vt 0.000000 0.200000
vt 0.050000 0.200000
vt 0.100000 0.200000
vt 0.150000 0.200000
vt 0.200000 0.200000
vt 0.250000 0.200000
vt 0.300000 0.200000
vt 0.350000 0.200000
vt 0.400000 0.200000
vt 0.450000 0.200000
vt 0.500000 0.200000
vt 0.550000 0.200000
vt 0.600000 0.200000
vt 0.650000 0.200000
vt 0.700000 0.200000
vt 0.750000 0.200000
vt 0.800000 0.200000
vt 0.850000 0.200000
vt 0.900000 0.200000
vt 0.950000 0.200000
vt 1.000000 0.200000
vt 0.000000 0.150000
vt 0.050000 0.150000
vt 0.100000 0.150000
vt 0.150000 0.150000
vt 0.200000 0.150000
vt 0.250000 0.150000
vt 0.300000 0.150000
vt 0.350000 0.150000
vt 0.400000 0.150000
vt 0.450000 0.150000
vt 0.500000 0.150000
vt 0.550000 0.150000
vt 0.600000 0.150000
vt 0.650000 0.150000
vt 0.700000 0.150000
vt 0.750000 0.150000
vt 0.800000 0.150000
vt 0.850000 0.150000
vt 0.900000 0.150000
vt 0.950000 0.150000
vt 1.000000 0.150000
vt 0.000000 0.100000
vt 0.050000 0.100000
vt 0.100000 0.100000
vt 0.150000 0.100000
vt 0.200000 0.100000
vt 0.250000 0.100000
vt 0.300000 0.100000
vt 0.350000 0.100000
vt 0.400000 0.100000
vt 0.450000 0.100000
vt 0.500000 0.100000
vt 0.550000 0.100000
vt 0.600000 0.100000
vt 0.650000 0.100000
vt 0.700000 0.100000
vt 0.750000 0.100000
vt 0.800000 0.100000
vt 0.850000 0.100000
vt 0.900000 0.100000
vt 0.950000 0.100000
vt 1.000000 0.100000
vt 0.000000 0.050000
vt 0.050000 0.050000
vt 0.100000 0.050000
vt 0.150000 0.050000
vt 0.200000 0.050000
vt 0.250000 0.050000
vt 0.300000 0.050000
vt 0.350000 0.050000
vt 0.400000 0.050000
vt 0.450000 0.050000
vt 0.500000 0.050000
vt 0.550000 0.050000
vt 0.600000 0.050000
vt 0.650000 0.050000
vt 0.700000 0.050000
vt 0.750000 0.050000
vt 0.800000 0.050000
vt 0.850000 0.050000
vt 0.900000 0.050000
vt 0.950000 0.050000
vt 1.000000 0.050000
vt 0.000000 -0.000000
vt 0.050000 -0.000000
vt 0.100000 -0.000000
vt 0.150000 -0.000000
vt 0.200000 -0.000000
vt 0.250000 -0.000000
vt 0.300000 -0.000000
vt 0.350000 -0.000000
vt 0.400000 -0.000000
vt 0.450000 -0.000000
vt 0.500000 -0.000000
vt 0.550000 -0.000000
vt 0.600000 -0.000000
vt 0.650000 -0.000000
vt 0.700000 -0.000000
vt 0.750000 -0.000000
vt 0.800000 -0.000000
vt 0.850000 -0.000000
vt 0.900000 -0.000000
vt 0.950000 -0.000000
vt 1.000000 -0.000000
vn -0.000003 -0.809017 0.587785
vn -0.000003 -0.951057 0.309016
vn -0.632553 -0.736609 0.239338
vn -0.632553 -0.626597 0.455250
vn -0.000003 -0.587785 0.809017
vn -0.632553 -0.455249 0.626597
vn -0.000003 -0.309017 0.951057
vn -0.632553 -0.239339 0.736609
vn -0.000003 0.000000 1.000000
vn -0.632553 0.000000 0.774517
vn -0.000003 0.309017 0.951056
vn -0.632553 0.239339 0.736609
vn -0.000003 0.587785 0.809017
vn -0.632553 0.455250 0.626597
vn -0.000003 0.809017 0.587785
vn -0.632553 0.626597 0.455249
vn -0.000003 0.951057 0.309017
vn -0.632553 0.736609 0.239339
vn -0.000003 1.000000 -0.000000
vn -0.632553 0.774517 -0.000000
vn -0.000003 0.951057 -0.309017
vn -0.632553 0.736609 -0.239339
vn -0.000003 0.809017 -0.587785
vn -0.632553 0.626597 -0.455250
vn -0.000003 0.587785 -0.809017
vn -0.632553 0.455249 -0.626597
vn -0.000003 0.309017 -0.951057
vn -0.632553 0.239339 -0.736609
vn -0.000003 0.000000 -1.000000
vn -0.632553 -0.000000 -0.774517
vn -0.000003 -0.309017 -0.951056
vn -0.632553 -0.239339 -0.736609
vn -0.000003 -0.587785 -0.809017
vn -0.632553 -0.455250 -0.626597
vn -0.000003 -0.809017 -0.587785
vn -0.632553 -0.626597 -0.455250
vn -0.000003 -0.951057 -0.309017
vn -0.632553 -0.736610 -0.239339
vn -0.000003 -1.000000 -0.000001
vn -0.632553 -0.774517 -0.000001
vn -0.877936 -0.455346 0.147950
vn -0.877936 -0.387340 0.281419
vn -0.877936 -0.281419 0.387340
vn -0.877936 -0.147951 0.455345
vn -0.877936 0.000000 0.478778
vn -0.877936 0.147951 0.455346
vn -0.877936 0.281419 0.387340
vn -0.877936 0.387340 0.281419
vn -0.877936 0.455346 0.147951
vn -0.877936 0.478779 0.000000
vn -0.877936 0.455346 -0.147951
vn -0.877936 0.387340 -0.281419
vn -0.877936 0.281419 -0.387340
vn -0.877936 0.147951 -0.455346
vn -0.877936 -0.000000 -0.478779
vn -0.877936 -0.147951 -0.455346
vn -0.877936 -0.281419 -0.387340
vn -0.877936 -0.387340 -0.281419
vn -0.877936 -0.455346 -0.147951
vn -0.877936 -0.478779 -0.000000
vn -0.961854 -0.260176 0.084536
vn -0.961854 -0.221319 0.160797
vn -0.961854 -0.160797 0.221319
vn -0.961854 -0.084536 0.260176
vn -0.961854 0.000000 0.273565
vn -0.961854 0.084536 0.260176
vn -0.961854 0.160798 0.221319
vn -0.961854 0.221319 0.160797
vn -0.961854 0.260176 0.084536
vn -0.961854 0.273565 0.000000
vn -0.961854 0.260176 -0.084536
vn -0.961854 0.221319 -0.160798
vn -0.961854 0.160797 -0.221319
vn -0.961854 0.084536 -0.260176
vn -0.961854 -0.000000 -0.273565
vn -0.961854 -0.084536 -0.260176
vn -0.961854 -0.160798 -0.221319
vn -0.961854 -0.221319 -0.160798
vn -0.961854 -0.260176 -0.084536
vn -0.961854 -0.273565 -0.000000
vn -0.992682 -0.114850 0.037317
vn -0.992682 -0.097698 0.070982
vn -0.992682 -0.070981 0.097698
vn -0.992682 -0.037317 0.114850
vn -0.992682 0.000000 0.120761
vn -0.992682 0.037317 0.114850
vn -0.992682 0.070982 0.097698
vn -0.992682 0.097698 0.070981
vn -0.992682 0.114851 0.037317
vn -0.992682 0.120761 0.000000
vn -0.992682 0.114851 -0.037317
vn -0.992682 0.097698 -0.070982
vn -0.992682 0.070982 -0.097698
vn -0.992682 0.037317 -0.114850
vn -0.992682 -0.000000 -0.120761
vn -0.992682 -0.037317 -0.114851
vn -0.992682 -0.070982 -0.097698
vn -0.992682 -0.097698 -0.070982
vn -0.992682 -0.114851 -0.037317
vn -0.992682 -0.120761 -0.000000
vn -0.999934 0.010889 -0.003538
vn -0.999934 0.009263 -0.006730
vn -0.999934 0.006730 -0.009263
vn -0.999934 0.003538 -0.010889
vn -0.999934 -0.000000 -0.011449
vn -0.999934 -0.003538 -0.010889
vn -0.999934 -0.006730 -0.009263
vn -0.999934 -0.009263 -0.006730
vn -0.999934 -0.010889 -0.003538
vn -0.999934 -0.011449 -0.000000
vn -0.999934 -0.010889 0.003538
vn -0.999934 -0.009263 0.006730
vn -0.999934 -0.006730 0.009263
vn -0.999934 -0.003538 0.010889
vn -0.999934 -0.000000 0.011449
vn -0.999934 0.003538 0.010889
vn -0.999934 0.006730 0.009263
vn -0.999934 0.009263 0.006730
vn -0.999934 0.010889 0.003538
vn -0.999934 0.011449 0.000000
vn -0.989515 0.137359 -0.044631
vn -0.989515 0.116845 -0.084893
vn -0.989515 0.084893 -0.116845
vn -0.989515 0.044631 -0.137359
vn -0.989515 -0.000000 -0.144428
vn -0.989515 -0.044631 -0.137359
vn -0.989515 -0.084893 -0.116845
vn -0.989515 -0.116845 -0.084893
vn -0.989515 -0.137359 -0.044631
vn -0.989515 -0.144428 -0.000000
vn -0.989515 -0.137359 0.044631
vn -0.989515 -0.116845 0.084893
vn -0.989515 -0.084893 0.116845
vn -0.989515 -0.044631 0.137359
vn -0.989515 0.000000 0.144428
vn -0.989515 0.044631 0.137359
vn -0.989515 0.084893 0.116845
vn -0.989515 0.116845 0.084893
vn -0.989515 0.137359 0.044631
vn -0.989515 0.144428 0.000000
vn -0.954138 0.284715 -0.092509
vn -0.954138 0.242193 -0.175963
vn -0.954138 0.175963 -0.242193
vn -0.954138 0.092509 -0.284715
vn -0.954138 -0.000000 -0.299367
vn -0.954138 -0.092510 -0.284715
vn -0.954138 -0.175964 -0.242193
vn -0.954138 -0.242193 -0.175963
vn -0.954138 -0.284715 -0.092509
vn -0.954138 -0.299367 0.000000
vn -0.954138 -0.284715 0.092509
vn -0.954138 -0.242193 0.175964
vn -0.954138 -0.175963 0.242193
vn -0.954138 -0.092509 0.284715
vn -0.954138 0.000000 0.299367
vn -0.954138 0.092510 0.284715
vn -0.954138 0.175964 0.242193
vn -0.954138 0.242193 0.175964
vn -0.954138 0.284715 0.092509
vn -0.954138 0.299367 0.000000
vn -0.862308 0.481600 -0.156481
vn -0.862308 0.409674 -0.297645
vn -0.862308 0.297645 -0.409674
vn -0.862308 0.156481 -0.481600
vn -0.862308 -0.000000 -0.506384
vn -0.862308 -0.156481 -0.481600
vn -0.862308 -0.297646 -0.409674
vn -0.862308 -0.409674 -0.297645
vn -0.862308 -0.481600 -0.156481
vn -0.862308 -0.506385 0.000000
vn -0.862308 -0.481600 0.156481
vn -0.862308 -0.409674 0.297645
vn -0.862308 -0.297645 0.409674
vn -0.862308 -0.156481 0.481601
vn -0.862308 0.000000 0.506385
vn -0.862308 0.156481 0.481600
vn -0.862308 0.297645 0.409674
vn -0.862308 0.409674 0.297645
vn -0.862308 0.481600 0.156481
vn -0.862308 0.506385 0.000000
vn -0.607699 0.755299 -0.245411
vn -0.607698 0.642495 -0.466800
vn -0.607699 0.466800 -0.642495
vn -0.607699 0.245411 -0.755298
vn -0.607698 -0.000000 -0.794168
vn -0.607699 -0.245411 -0.755298
vn -0.607698 -0.466800 -0.642495
vn -0.607699 -0.642495 -0.466800
vn -0.607698 -0.755299 -0.245411
vn -0.607698 -0.794168 0.000000
vn -0.607698 -0.755299 0.245411
vn -0.607698 -0.642495 0.466800
vn -0.607698 -0.466800 0.642496
vn -0.607698 -0.245411 0.755299
vn -0.607698 0.000000 0.794168
vn -0.607698 0.245411 0.755299
vn -0.607698 0.466800 0.642495
vn -0.607699 0.642495 0.466800
vn -0.607699 0.755298 0.245411
vn -0.607699 0.794168 0.000001
vn 0.000000 0.951057 -0.309016
vn -0.000000 0.809017 -0.587785
vn 0.000000 0.587785 -0.809017
vn 0.000000 0.309017 -0.951057
vn -0.000000 -0.000000 -1.000000
vn 0.000000 -0.309017 -0.951056
vn -0.000000 -0.587785 -0.809017
vn -0.000000 -0.809017 -0.587785
vn -0.000000 -0.951057 -0.309017
vn 0.000000 -1.000000 0.000000
vn 0.000000 -0.951056 0.309017
vn 0.000000 -0.809017 0.587785
vn 0.000000 -0.587785 0.809017
vn 0.000000 -0.309017 0.951057
vn 0.000000 0.000000 1.000000
vn 0.000000 0.309017 0.951056
vn 0.000000 0.587785 0.809017
vn 0.000000 0.809017 0.587785
vn 0.000000 0.951057 0.309017
vn 0.000000 1.000000 0.000001
vn 0.607699 0.755299 -0.245411
vn 0.607698 0.642495 -0.466800
vn 0.607699 0.466800 -0.642495
vn 0.607699 0.245411 -0.755299
vn 0.607698 -0.000000 -0.794168
vn 0.607698 -0.245412 -0.755298
vn 0.607698 -0.466800 -0.642495
vn 0.607698 -0.642495 -0.466800
vn 0.607698 -0.755299 -0.245411
vn 0.607698 -0.794168 0.000000
vn 0.607698 -0.755298 0.245411
vn 0.607699 -0.642495 0.466800
vn 0.607698 -0.466800 0.642496
vn 0.607698 -0.245411 0.755299
vn 0.607698 0.000000 0.794168
vn 0.607698 0.245411 0.755299
vn 0.607698 0.466800 0.642495
vn 0.607699 0.642495 0.466800
vn 0.607699 0.755298 0.245411
vn 0.607698 0.794168 0.000001
vn 0.862308 0.481601 -0.156481
vn 0.862308 0.409674 -0.297646
vn 0.862308 0.297646 -0.409674
vn 0.862308 0.156481 -0.481601
vn 0.862308 -0.000000 -0.506385
vn 0.862308 -0.156482 -0.481601
vn 0.862307 -0.297646 -0.409674
vn 0.862307 -0.409674 -0.297646
vn 0.862308 -0.481601 -0.156482
vn 0.862308 -0.506385 -0.000000
vn 0.862308 -0.481600 0.156481
vn 0.862308 -0.409674 0.297646
vn 0.862308 -0.297646 0.409674
vn 0.862307 -0.156482 0.481601
vn 0.862308 0.000000 0.506385
vn 0.862308 0.156482 0.481601
vn 0.862308 0.297646 0.409674
vn 0.862307 0.409674 0.297646
vn 0.862307 0.481601 0.156482
vn 0.862307 0.506385 0.000000
vn 0.954138 0.284715 -0.092509
vn 0.954138 0.242193 -0.175964
vn 0.954138 0.175964 -0.242193
vn 0.954138 0.092510 -0.284715
vn 0.954138 -0.000000 -0.299367
vn 0.954138 -0.092510 -0.284715
vn 0.954138 -0.175964 -0.242193
vn 0.954138 -0.242193 -0.175964
vn 0.954138 -0.284715 -0.092509
vn 0.954138 -0.299367 0.000000
vn 0.954138 -0.284715 0.092510
vn 0.954138 -0.242193 0.175964
vn 0.954138 -0.175964 0.242193
vn 0.954138 -0.092509 0.284715
vn 0.954138 0.000000 0.299367
vn 0.954138 0.092510 0.284715
vn 0.954138 0.175964 0.242193
vn 0.954138 0.242193 0.175964
vn 0.954138 0.284715 0.092510
vn 0.954138 0.299367 0.000000
vn 0.989515 0.137359 -0.044631
vn 0.989515 0.116845 -0.084893
vn 0.989515 0.084893 -0.116845
vn 0.989515 0.044631 -0.137359
vn 0.989515 -0.000000 -0.144428
vn 0.989515 -0.044631 -0.137359
vn 0.989515 -0.084893 -0.116845
vn 0.989515 -0.116845 -0.084893
vn 0.989515 -0.137359 -0.044631
vn 0.989515 -0.144428 -0.000000
vn 0.989515 -0.137359 0.044631
vn 0.989515 -0.116845 0.084893
vn 0.989515 -0.084893 0.116845
vn 0.989515 -0.044631 0.137359
vn 0.989515 0.000000 0.144428
vn 0.989515 0.044631 0.137359
vn 0.989515 0.084893 0.116845
vn 0.989515 0.116845 0.084893
vn 0.989515 0.137359 0.044631
vn 0.989515 0.144428 0.000000
vn 0.999934 0.010889 -0.003538
vn 0.999934 0.009263 -0.006730
vn 0.999934 0.006730 -0.009263
vn 0.999934 0.003538 -0.010889
vn 0.999934 -0.000000 -0.011449
vn 0.999934 -0.003538 -0.010889
vn 0.999934 -0.006730 -0.009263
vn 0.999934 -0.009263 -0.006730
vn 0.999934 -0.010889 -0.003538
vn 0.999934 -0.011449 -0.000000
vn 0.999934 -0.010889 0.003538
vn 0.999934 -0.009263 0.006730
vn 0.999934 -0.006730 0.009263
vn 0.999934 -0.003538 0.010889
vn 0.999934 -0.000000 0.011449
vn 0.999934 0.003538 0.010889
vn 0.999934 0.006730 0.009263
vn 0.999934 0.009263 0.006730
vn 0.999934 0.010889 0.003538
vn 0.999934 0.011449 0.000000
vn 0.992682 -0.114850 0.037317
vn 0.992682 -0.097698 0.070981
vn 0.992682 -0.070981 0.097698
vn 0.992682 -0.037317 0.114850
vn 0.992682 -0.000000 0.120761
vn 0.992682 0.037317 0.114850
vn 0.992682 0.070981 0.097698
vn 0.992682 0.097698 0.070981
vn 0.992682 0.114850 0.037317
vn 0.992682 0.120761 0.000000
vn 0.992682 0.114850 -0.037317
vn 0.992682 0.097698 -0.070981
vn 0.992682 0.070981 -0.097698
vn 0.992682 0.037317 -0.114850
vn 0.992682 -0.000000 -0.120761
vn 0.992682 -0.037317 -0.114850
vn 0.992682 -0.070981 -0.097698
vn 0.992682 -0.097698 -0.070981
vn 0.992682 -0.114850 -0.037317
vn 0.992682 -0.120761 -0.000000
vn 0.961854 -0.260176 0.084536
vn 0.961854 -0.221319 0.160797
vn 0.961854 -0.160797 0.221319
vn 0.961854 -0.084536 0.260176
vn 0.961854 -0.000000 0.273565
vn 0.961854 0.084536 0.260176
vn 0.961854 0.160797 0.221319
vn 0.961854 0.221319 0.160797
vn 0.961854 0.260176 0.084536
vn 0.961854 0.273565 -0.000000
vn 0.961854 0.260176 -0.084536
vn 0.961854 0.221319 -0.160797
vn 0.961854 0.160797 -0.221319
vn 0.961854 0.084536 -0.260176
vn 0.961854 -0.000000 -0.273565
vn 0.961854 -0.084536 -0.260176
vn 0.961854 -0.160798 -0.221319
vn 0.961854 -0.221319 -0.160798
vn 0.961854 -0.260176 -0.084536
vn 0.961854 -0.273565 -0.000000
vn 0.877936 -0.455345 0.147950
vn 0.877936 -0.387340 0.281419
vn 0.877936 -0.281419 0.387340
vn 0.877936 -0.147951 0.455345
vn 0.877936 0.000000 0.478778
vn 0.877936 0.147951 0.455345
vn 0.877936 0.281419 0.387340
vn 0.877936 0.387340 0.281419
vn 0.877936 0.455345 0.147951
vn 0.877936 0.478778 -0.000000
vn 0.877936 0.455345 -0.147951
vn 0.877936 0.387340 -0.281419
vn 0.877936 0.281419 -0.387340
vn 0.877936 0.147951 -0.455345
vn 0.877936 0.000000 -0.478779
vn 0.877936 -0.147951 -0.455345
vn 0.877936 -0.281419 -0.387340
vn 0.877936 -0.387340 -0.281419
vn 0.877936 -0.455346 -0.147951
vn 0.877936 -0.478779 -0.000000
vn 0.632552 -0.736610 0.239338
vn 0.632552 -0.626598 0.455250
vn 0.632552 -0.455250 0.626598
vn 0.632552 -0.239339 0.736610
vn 0.632552 0.000000 0.774518
vn 0.632552 0.239339 0.736610
vn 0.632552 0.455250 0.626598
vn 0.632552 0.626598 0.455250
vn 0.632552 0.736610 0.239339
vn 0.632552 0.774518 -0.000000
vn 0.632552 0.736610 -0.239339
vn 0.632552 0.626598 -0.455250
vn 0.632552 0.455250 -0.626598
vn 0.632552 0.239339 -0.736610
vn 0.632552 0.000000 -0.774518
vn 0.632552 -0.239339 -0.736610
vn 0.632552 -0.455250 -0.626598
vn 0.632552 -0.626598 -0.455250
vn 0.632552 -0.736610 -0.239339
vn 0.632552 -0.774518 -0.000001
s 1
g pTorus1
usemtl initialShadingGroup
f 948/1249/1821 947/1248/1822 967/1269/1823 968/1270/1824
f 949/1250/1825 948/1249/1821 968/1270/1824 969/1271/1826
f 950/1251/1827 949/1250/1825 969/1271/1826 970/1272/1828
f 951/1252/1829 950/1251/1827 970/1272/1828 971/1273/1830
f 952/1253/1831 951/1252/1829 971/1273/1830 972/1274/1832
f 953/1254/1833 952/1253/1831 972/1274/1832 973/1275/1834
f 954/1255/1835 953/1254/1833 973/1275/1834 974/1276/1836
f 955/1256/1837 954/1255/1835 974/1276/1836 975/1277/1838
f 956/1257/1839 955/1256/1837 975/1277/1838 976/1278/1840
f 957/1258/1841 956/1257/1839 976/1278/1840 977/1279/1842
f 958/1259/1843 957/1258/1841 977/1279/1842 978/1280/1844
f 959/1260/1845 958/1259/1843 978/1280/1844 979/1281/1846
f 960/1261/1847 959/1260/1845 979/1281/1846 980/1282/1848
f 961/1262/1849 960/1261/1847 980/1282/1848 981/1283/1850
f 962/1263/1851 961/1262/1849 981/1283/1850 982/1284/1852
f 963/1264/1853 962/1263/1851 982/1284/1852 983/1285/1854
f 964/1265/1855 963/1264/1853 983/1285/1854 984/1286/1856
f 965/1266/1857 964/1265/1855 984/1286/1856 985/1287/1858
f 966/1267/1859 965/1266/1857 985/1287/1858 986/1288/1860
f 947/1268/1822 966/1267/1859 986/1288/1860 967/1289/1823
f 968/1270/1824 967/1269/1823 987/1290/1861 988/1291/1862
f 969/1271/1826 968/1270/1824 988/1291/1862 989/1292/1863
f 970/1272/1828 969/1271/1826 989/1292/1863 990/1293/1864
f 971/1273/1830 970/1272/1828 990/1293/1864 991/1294/1865
f 972/1274/1832 971/1273/1830 991/1294/1865 992/1295/1866
f 973/1275/1834 972/1274/1832 992/1295/1866 993/1296/1867
f 974/1276/1836 973/1275/1834 993/1296/1867 994/1297/1868
f 975/1277/1838 974/1276/1836 994/1297/1868 995/1298/1869
f 976/1278/1840 975/1277/1838 995/1298/1869 996/1299/1870
f 977/1279/1842 976/1278/1840 996/1299/1870 997/1300/1871
f 978/1280/1844 977/1279/1842 997/1300/1871 998/1301/1872
f 979/1281/1846 978/1280/1844 998/1301/1872 999/1302/1873
f 980/1282/1848 979/1281/1846 999/1302/1873 1000/1303/1874
f 981/1283/1850 980/1282/1848 1000/1303/1874 1001/1304/1875
f 982/1284/1852 981/1283/1850 1001/1304/1875 1002/1305/1876
f 983/1285/1854 982/1284/1852 1002/1305/1876 1003/1306/1877
f 984/1286/1856 983/1285/1854 1003/1306/1877 1004/1307/1878
f 985/1287/1858 984/1286/1856 1004/1307/1878 1005/1308/1879
f 986/1288/1860 985/1287/1858 1005/1308/1879 1006/1309/1880
f 967/1289/1823 986/1288/1860 1006/1309/1880 987/1310/1861
f 988/1291/1862 987/1290/1861 1007/1311/1881 1008/1312/1882
f 989/1292/1863 988/1291/1862 1008/1312/1882 1009/1313/1883
f 990/1293/1864 989/1292/1863 1009/1313/1883 1010/1314/1884
f 991/1294/1865 990/1293/1864 1010/1314/1884 1011/1315/1885
f 992/1295/1866 991/1294/1865 1011/1315/1885 1012/1316/1886
f 993/1296/1867 992/1295/1866 1012/1316/1886 1013/1317/1887
f 994/1297/1868 993/1296/1867 1013/1317/1887 1014/1318/1888
f 995/1298/1869 994/1297/1868 1014/1318/1888 1015/1319/1889
f 996/1299/1870 995/1298/1869 1015/1319/1889 1016/1320/1890
f 997/1300/1871 996/1299/1870 1016/1320/1890 1017/1321/1891
f 998/1301/1872 997/1300/1871 1017/1321/1891 1018/1322/1892
f 999/1302/1873 998/1301/1872 1018/1322/1892 1019/1323/1893
f 1000/1303/1874 999/1302/1873 1019/1323/1893 1020/1324/1894
f 1001/1304/1875 1000/1303/1874 1020/1324/1894 1021/1325/1895
f 1002/1305/1876 1001/1304/1875 1021/1325/1895 1022/1326/1896
f 1003/1306/1877 1002/1305/1876 1022/1326/1896 1023/1327/1897
f 1004/1307/1878 1003/1306/1877 1023/1327/1897 1024/1328/1898
f 1005/1308/1879 1004/1307/1878 1024/1328/1898 1025/1329/1899
f 1006/1309/1880 1005/1308/1879 1025/1329/1899 1026/1330/1900
f 987/1310/1861 1006/1309/1880 1026/1330/1900 1007/1331/1881
f 1008/1312/1882 1007/1311/1881 1027/1332/1901 1028/1333/1902
f 1009/1313/1883 1008/1312/1882 1028/1333/1902 1029/1334/1903
f 1010/1314/1884 1009/1313/1883 1029/1334/1903 1030/1335/1904
f 1011/1315/1885 1010/1314/1884 1030/1335/1904 1031/1336/1905
f 1012/1316/1886 1011/1315/1885 1031/1336/1905 1032/1337/1906
f 1013/1317/1887 1012/1316/1886 1032/1337/1906 1033/1338/1907
f 1014/1318/1888 1013/1317/1887 1033/1338/1907 1034/1339/1908
f 1015/1319/1889 1014/1318/1888 1034/1339/1908 1035/1340/1909
f 1016/1320/1890 1015/1319/1889 1035/1340/1909 1036/1341/1910
f 1017/1321/1891 1016/1320/1890 1036/1341/1910 1037/1342/1911
f 1018/1322/1892 1017/1321/1891 1037/1342/1911 1038/1343/1912
f 1019/1323/1893 1018/1322/1892 1038/1343/1912 1039/1344/1913
f 1020/1324/1894 1019/1323/1893 1039/1344/1913 1040/1345/1914
f 1021/1325/1895 1020/1324/1894 1040/1345/1914 1041/1346/1915
f 1022/1326/1896 1021/1325/1895 1041/1346/1915 1042/1347/1916
f 1023/1327/1897 1022/1326/1896 1042/1347/1916 1043/1348/1917
f 1024/1328/1898 1023/1327/1897 1043/1348/1917 1044/1349/1918
f 1025/1329/1899 1024/1328/1898 1044/1349/1918 1045/1350/1919
f 1026/1330/1900 1025/1329/1899 1045/1350/1919 1046/1351/1920
f 1007/1331/1881 1026/1330/1900 1046/1351/1920 1027/1352/1901
f 1028/1333/1902 1027/1332/1901 1047/1353/1921 1048/1354/1922
f 1029/1334/1903 1028/1333/1902 1048/1354/1922 1049/1355/1923
f 1030/1335/1904 1029/1334/1903 1049/1355/1923 1050/1356/1924
f 1031/1336/1905 1030/1335/1904 1050/1356/1924 1051/1357/1925
f 1032/1337/1906 1031/1336/1905 1051/1357/1925 1052/1358/1926
f 1033/1338/1907 1032/1337/1906 1052/1358/1926 1053/1359/1927
f 1034/1339/1908 1033/1338/1907 1053/1359/1927 1054/1360/1928
f 1035/1340/1909 1034/1339/1908 1054/1360/1928 1055/1361/1929
f 1036/1341/1910 1035/1340/1909 1055/1361/1929 1056/1362/1930
f 1037/1342/1911 1036/1341/1910 1056/1362/1930 1057/1363/1931
f 1038/1343/1912 1037/1342/1911 1057/1363/1931 1058/1364/1932
f 1039/1344/1913 1038/1343/1912 1058/1364/1932 1059/1365/1933
f 1040/1345/1914 1039/1344/1913 1059/1365/1933 1060/1366/1934
f 1041/1346/1915 1040/1345/1914 1060/1366/1934 1061/1367/1935
f 1042/1347/1916 1041/1346/1915 1061/1367/1935 1062/1368/1936
f 1043/1348/1917 1042/1347/1916 1062/1368/1936 1063/1369/1937
f 1044/1349/1918 1043/1348/1917 1063/1369/1937 1064/1370/1938
f 1045/1350/1919 1044/1349/1918 1064/1370/1938 1065/1371/1939
f 1046/1351/1920 1045/1350/1919 1065/1371/1939 1066/1372/1940
f 1027/1352/1901 1046/1351/1920 1066/1372/1940 1047/1373/1921
f 1048/1354/1922 1047/1353/1921 1067/1374/1941 1068/1375/1942
f 1049/1355/1923 1048/1354/1922 1068/1375/1942 1069/1376/1943
f 1050/1356/1924 1049/1355/1923 1069/1376/1943 1070/1377/1944
f 1051/1357/1925 1050/1356/1924 1070/1377/1944 1071/1378/1945
f 1052/1358/1926 1051/1357/1925 1071/1378/1945 1072/1379/1946
f 1053/1359/1927 1052/1358/1926 1072/1379/1946 1073/1380/1947
f 1054/1360/1928 1053/1359/1927 1073/1380/1947 1074/1381/1948
f 1055/1361/1929 1054/1360/1928 1074/1381/1948 1075/1382/1949
f 1056/1362/1930 1055/1361/1929 1075/1382/1949 1076/1383/1950
f 1057/1363/1931 1056/1362/1930 1076/1383/1950 1077/1384/1951
f 1058/1364/1932 1057/1363/1931 1077/1384/1951 1078/1385/1952
f 1059/1365/1933 1058/1364/1932 1078/1385/1952 1079/1386/1953
f 1060/1366/1934 1059/1365/1933 1079/1386/1953 1080/1387/1954
f 1061/1367/1935 1060/1366/1934 1080/1387/1954 1081/1388/1955
f 1062/1368/1936 1061/1367/1935 1081/1388/1955 1082/1389/1956
f 1063/1369/1937 1062/1368/1936 1082/1389/1956 1083/1390/1957
f 1064/1370/1938 1063/1369/1937 1083/1390/1957 1084/1391/1958
f 1065/1371/1939 1064/1370/1938 1084/1391/1958 1085/1392/1959
f 1066/1372/1940 1065/1371/1939 1085/1392/1959 1086/1393/1960
f 1047/1373/1921 1066/1372/1940 1086/1393/1960 1067/1394/1941
f 1068/1375/1942 1067/1374/1941 1087/1395/1961 1088/1396/1962
f 1069/1376/1943 1068/1375/1942 1088/1396/1962 1089/1397/1963
f 1070/1377/1944 1069/1376/1943 1089/1397/1963 1090/1398/1964
f 1071/1378/1945 1070/1377/1944 1090/1398/1964 1091/1399/1965
f 1072/1379/1946 1071/1378/1945 1091/1399/1965 1092/1400/1966
f 1073/1380/1947 1072/1379/1946 1092/1400/1966 1093/1401/1967
f 1074/1381/1948 1073/1380/1947 1093/1401/1967 1094/1402/1968
f 1075/1382/1949 1074/1381/1948 1094/1402/1968 1095/1403/1969
f 1076/1383/1950 1075/1382/1949 1095/1403/1969 1096/1404/1970
f 1077/1384/1951 1076/1383/1950 1096/1404/1970 1097/1405/1971
f 1078/1385/1952 1077/1384/1951 1097/1405/1971 1098/1406/1972
f 1079/1386/1953 1078/1385/1952 1098/1406/1972 1099/1407/1973
f 1080/1387/1954 1079/1386/1953 1099/1407/1973 1100/1408/1974
f 1081/1388/1955 1080/1387/1954 1100/1408/1974 1101/1409/1975
f 1082/1389/1956 1081/1388/1955 1101/1409/1975 1102/1410/1976
f 1083/1390/1957 1082/1389/1956 1102/1410/1976 1103/1411/1977
f 1084/1391/1958 1083/1390/1957 1103/1411/1977 1104/1412/1978
f 1085/1392/1959 1084/1391/1958 1104/1412/1978 1105/1413/1979
f 1086/1393/1960 1085/1392/1959 1105/1413/1979 1106/1414/1980
f 1067/1394/1941 1086/1393/1960 1106/1414/1980 1087/1415/1961
f 1088/1396/1962 1087/1395/1961 1107/1416/1981 1108/1417/1982
f 1089/1397/1963 1088/1396/1962 1108/1417/1982 1109/1418/1983
f 1090/1398/1964 1089/1397/1963 1109/1418/1983 1110/1419/1984
f 1091/1399/1965 1090/1398/1964 1110/1419/1984 1111/1420/1985
f 1092/1400/1966 1091/1399/1965 1111/1420/1985 1112/1421/1986
f 1093/1401/1967 1092/1400/1966 1112/1421/1986 1113/1422/1987
f 1094/1402/1968 1093/1401/1967 1113/1422/1987 1114/1423/1988
f 1095/1403/1969 1094/1402/1968 1114/1423/1988 1115/1424/1989
f 1096/1404/1970 1095/1403/1969 1115/1424/1989 1116/1425/1990
f 1097/1405/1971 1096/1404/1970 1116/1425/1990 1117/1426/1991
f 1098/1406/1972 1097/1405/1971 1117/1426/1991 1118/1427/1992
f 1099/1407/1973 1098/1406/1972 1118/1427/1992 1119/1428/1993
f 1100/1408/1974 1099/1407/1973 1119/1428/1993 1120/1429/1994
f 1101/1409/1975 1100/1408/1974 1120/1429/1994 1121/1430/1995
f 1102/1410/1976 1101/1409/1975 1121/1430/1995 1122/1431/1996
f 1103/1411/1977 1102/1410/1976 1122/1431/1996 1123/1432/1997
f 1104/1412/1978 1103/1411/1977 1123/1432/1997 1124/1433/1998
f 1105/1413/1979 1104/1412/1978 1124/1433/1998 1125/1434/1999
f 1106/1414/1980 1105/1413/1979 1125/1434/1999 1126/1435/2000
f 1087/1415/1961 1106/1414/1980 1126/1435/2000 1107/1436/1981
f 1108/1417/1982 1107/1416/1981 1127/1437/2001 1128/1438/2002
f 1109/1418/1983 1108/1417/1982 1128/1438/2002 1129/1439/2003
f 1110/1419/1984 1109/1418/1983 1129/1439/2003 1130/1440/2004
f 1111/1420/1985 1110/1419/1984 1130/1440/2004 1131/1441/2005
f 1112/1421/1986 1111/1420/1985 1131/1441/2005 1132/1442/2006
f 1113/1422/1987 1112/1421/1986 1132/1442/2006 1133/1443/2007
f 1114/1423/1988 1113/1422/1987 1133/1443/2007 1134/1444/2008
f 1115/1424/1989 1114/1423/1988 1134/1444/2008 1135/1445/2009
f 1116/1425/1990 1115/1424/1989 1135/1445/2009 1136/1446/2010
f 1117/1426/1991 1116/1425/1990 1136/1446/2010 1137/1447/2011
f 1118/1427/1992 1117/1426/1991 1137/1447/2011 1138/1448/2012
f 1119/1428/1993 1118/1427/1992 1138/1448/2012 1139/1449/2013
f 1120/1429/1994 1119/1428/1993 1139/1449/2013 1140/1450/2014
f 1121/1430/1995 1120/1429/1994 1140/1450/2014 1141/1451/2015
f 1122/1431/1996 1121/1430/1995 1141/1451/2015 1142/1452/2016
f 1123/1432/1997 1122/1431/1996 1142/1452/2016 1143/1453/2017
f 1124/1433/1998 1123/1432/1997 1143/1453/2017 1144/1454/2018
f 1125/1434/1999 1124/1433/1998 1144/1454/2018 1145/1455/2019
f 1126/1435/2000 1125/1434/1999 1145/1455/2019 1146/1456/2020
f 1107/1436/1981 1126/1435/2000 1146/1456/2020 1127/1457/2001
f 1128/1438/2002 1127/1437/2001 1147/1458/2021 1148/1459/2022
f 1129/1439/2003 1128/1438/2002 1148/1459/2022 1149/1460/2023
f 1130/1440/2004 1129/1439/2003 1149/1460/2023 1150/1461/2024
f 1131/1441/2005 1130/1440/2004 1150/1461/2024 1151/1462/2025
f 1132/1442/2006 1131/1441/2005 1151/1462/2025 1152/1463/2026
f 1133/1443/2007 1132/1442/2006 1152/1463/2026 1153/1464/2027
f 1134/1444/2008 1133/1443/2007 1153/1464/2027 1154/1465/2028
f 1135/1445/2009 1134/1444/2008 1154/1465/2028 1155/1466/2029
f 1136/1446/2010 1135/1445/2009 1155/1466/2029 1156/1467/2030
f 1137/1447/2011 1136/1446/2010 1156/1467/2030 1157/1468/2031
f 1138/1448/2012 1137/1447/2011 1157/1468/2031 1158/1469/2032
f 1139/1449/2013 1138/1448/2012 1158/1469/2032 1159/1470/2033
f 1140/1450/2014 1139/1449/2013 1159/1470/2033 1160/1471/2034
f 1141/1451/2015 1140/1450/2014 1160/1471/2034 1161/1472/2035
f 1142/1452/2016 1141/1451/2015 1161/1472/2035 1162/1473/2036
f 1143/1453/2017 1142/1452/2016 1162/1473/2036 1163/1474/2037
f 1144/1454/2018 1143/1453/2017 1163/1474/2037 1164/1475/2038
f 1145/1455/2019 1144/1454/2018 1164/1475/2038 1165/1476/2039
f 1146/1456/2020 1145/1455/2019 1165/1476/2039 1166/1477/2040
f 1127/1457/2001 1146/1456/2020 1166/1477/2040 1147/1478/2021
f 1148/1459/2022 1147/1458/2021 1167/1479/2041 1168/1480/2042
f 1149/1460/2023 1148/1459/2022 1168/1480/2042 1169/1481/2043
f 1150/1461/2024 1149/1460/2023 1169/1481/2043 1170/1482/2044
f 1151/1462/2025 1150/1461/2024 1170/1482/2044 1171/1483/2045
f 1152/1463/2026 1151/1462/2025 1171/1483/2045 1172/1484/2046
f 1153/1464/2027 1152/1463/2026 1172/1484/2046 1173/1485/2047
f 1154/1465/2028 1153/1464/2027 1173/1485/2047 1174/1486/2048
f 1155/1466/2029 1154/1465/2028 1174/1486/2048 1175/1487/2049
f 1156/1467/2030 1155/1466/2029 1175/1487/2049 1176/1488/2050
f 1157/1468/2031 1156/1467/2030 1176/1488/2050 1177/1489/2051
f 1158/1469/2032 1157/1468/2031 1177/1489/2051 1178/1490/2052
f 1159/1470/2033 1158/1469/2032 1178/1490/2052 1179/1491/2053
f 1160/1471/2034 1159/1470/2033 1179/1491/2053 1180/1492/2054
f 1161/1472/2035 1160/1471/2034 1180/1492/2054 1181/1493/2055
f 1162/1473/2036 1161/1472/2035 1181/1493/2055 1182/1494/2056
f 1163/1474/2037 1162/1473/2036 1182/1494/2056 1183/1495/2057
f 1164/1475/2038 1163/1474/2037 1183/1495/2057 1184/1496/2058
f 1165/1476/2039 1164/1475/2038 1184/1496/2058 1185/1497/2059
f 1166/1477/2040 1165/1476/2039 1185/1497/2059 1186/1498/2060
f 1147/1478/2021 1166/1477/2040 1186/1498/2060 1167/1499/2041
f 1168/1480/2042 1167/1479/2041 1187/1500/2061 1188/1501/2062
f 1169/1481/2043 1168/1480/2042 1188/1501/2062 1189/1502/2063
f 1170/1482/2044 1169/1481/2043 1189/1502/2063 1190/1503/2064
f 1171/1483/2045 1170/1482/2044 1190/1503/2064 1191/1504/2065
f 1172/1484/2046 1171/1483/2045 1191/1504/2065 1192/1505/2066
f 1173/1485/2047 1172/1484/2046 1192/1505/2066 1193/1506/2067
f 1174/1486/2048 1173/1485/2047 1193/1506/2067 1194/1507/2068
f 1175/1487/2049 1174/1486/2048 1194/1507/2068 1195/1508/2069
f 1176/1488/2050 1175/1487/2049 1195/1508/2069 1196/1509/2070
f 1177/1489/2051 1176/1488/2050 1196/1509/2070 1197/1510/2071
f 1178/1490/2052 1177/1489/2051 1197/1510/2071 1198/1511/2072
f 1179/1491/2053 1178/1490/2052 1198/1511/2072 1199/1512/2073
f 1180/1492/2054 1179/1491/2053 1199/1512/2073 1200/1513/2074
f 1181/1493/2055 1180/1492/2054 1200/1513/2074 1201/1514/2075
f 1182/1494/2056 1181/1493/2055 1201/1514/2075 1202/1515/2076
f 1183/1495/2057 1182/1494/2056 1202/1515/2076 1203/1516/2077
f 1184/1496/2058 1183/1495/2057 1203/1516/2077 1204/1517/2078
f 1185/1497/2059 1184/1496/2058 1204/1517/2078 1205/1518/2079
f 1186/1498/2060 1185/1497/2059 1205/1518/2079 1206/1519/2080
f 1167/1499/2041 1186/1498/2060 1206/1519/2080 1187/1520/2061
f 1188/1501/2062 1187/1500/2061 1207/1521/2081 1208/1522/2082
f 1189/1502/2063 1188/1501/2062 1208/1522/2082 1209/1523/2083
f 1190/1503/2064 1189/1502/2063 1209/1523/2083 1210/1524/2084
f 1191/1504/2065 1190/1503/2064 1210/1524/2084 1211/1525/2085
f 1192/1505/2066 1191/1504/2065 1211/1525/2085 1212/1526/2086
f 1193/1506/2067 1192/1505/2066 1212/1526/2086 1213/1527/2087
f 1194/1507/2068 1193/1506/2067 1213/1527/2087 1214/1528/2088
f 1195/1508/2069 1194/1507/2068 1214/1528/2088 1215/1529/2089
f 1196/1509/2070 1195/1508/2069 1215/1529/2089 1216/1530/2090
f 1197/1510/2071 1196/1509/2070 1216/1530/2090 1217/1531/2091
f 1198/1511/2072 1197/1510/2071 1217/1531/2091 1218/1532/2092
f 1199/1512/2073 1198/1511/2072 1218/1532/2092 1219/1533/2093
f 1200/1513/2074 1199/1512/2073 1219/1533/2093 1220/1534/2094
f 1201/1514/2075 1200/1513/2074 1220/1534/2094 1221/1535/2095
f 1202/1515/2076 1201/1514/2075 1221/1535/2095 1222/1536/2096
f 1203/1516/2077 1202/1515/2076 1222/1536/2096 1223/1537/2097
f 1204/1517/2078 1203/1516/2077 1223/1537/2097 1224/1538/2098
f 1205/1518/2079 1204/1517/2078 1224/1538/2098 1225/1539/2099
f 1206/1519/2080 1205/1518/2079 1225/1539/2099 1226/1540/2100
f 1187/1520/2061 1206/1519/2080 1226/1540/2100 1207/1541/2081
f 1208/1522/2082 1207/1521/2081 1227/1542/2101 1228/1543/2102
f 1209/1523/2083 1208/1522/2082 1228/1543/2102 1229/1544/2103
f 1210/1524/2084 1209/1523/2083 1229/1544/2103 1230/1545/2104
f 1211/1525/2085 1210/1524/2084 1230/1545/2104 1231/1546/2105
f 1212/1526/2086 1211/1525/2085 1231/1546/2105 1232/1547/2106
f 1213/1527/2087 1212/1526/2086 1232/1547/2106 1233/1548/2107
f 1214/1528/2088 1213/1527/2087 1233/1548/2107 1234/1549/2108
f 1215/1529/2089 1214/1528/2088 1234/1549/2108 1235/1550/2109
f 1216/1530/2090 1215/1529/2089 1235/1550/2109 1236/1551/2110
f 1217/1531/2091 1216/1530/2090 1236/1551/2110 1237/1552/2111
f 1218/1532/2092 1217/1531/2091 1237/1552/2111 1238/1553/2112
f 1219/1533/2093 1218/1532/2092 1238/1553/2112 1239/1554/2113
f 1220/1534/2094 1219/1533/2093 1239/1554/2113 1240/1555/2114
f 1221/1535/2095 1220/1534/2094 1240/1555/2114 1241/1556/2115
f 1222/1536/2096 1221/1535/2095 1241/1556/2115 1242/1557/2116
f 1223/1537/2097 1222/1536/2096 1242/1557/2116 1243/1558/2117
f 1224/1538/2098 1223/1537/2097 1243/1558/2117 1244/1559/2118
f 1225/1539/2099 1224/1538/2098 1244/1559/2118 1245/1560/2119
f 1226/1540/2100 1225/1539/2099 1245/1560/2119 1246/1561/2120
f 1207/1541/2081 1226/1540/2100 1246/1561/2120 1227/1562/2101
f 1228/1543/2102 1227/1542/2101 1247/1563/2121 1248/1564/2122
f 1229/1544/2103 1228/1543/2102 1248/1564/2122 1249/1565/2123
f 1230/1545/2104 1229/1544/2103 1249/1565/2123 1250/1566/2124
f 1231/1546/2105 1230/1545/2104 1250/1566/2124 1251/1567/2125
f 1232/1547/2106 1231/1546/2105 1251/1567/2125 1252/1568/2126
f 1233/1548/2107 1232/1547/2106 1252/1568/2126 1253/1569/2127
f 1234/1549/2108 1233/1548/2107 1253/1569/2127 1254/1570/2128
f 1235/1550/2109 1234/1549/2108 1254/1570/2128 1255/1571/2129
f 1236/1551/2110 1235/1550/2109 1255/1571/2129 1256/1572/2130
f 1237/1552/2111 1236/1551/2110 1256/1572/2130 1257/1573/2131
f 1238/1553/2112 1237/1552/2111 1257/1573/2131 1258/1574/2132
f 1239/1554/2113 1238/1553/2112 1258/1574/2132 1259/1575/2133
f 1240/1555/2114 1239/1554/2113 1259/1575/2133 1260/1576/2134
f 1241/1556/2115 1240/1555/2114 1260/1576/2134 1261/1577/2135
f 1242/1557/2116 1241/1556/2115 1261/1577/2135 1262/1578/2136
f 1243/1558/2117 1242/1557/2116 1262/1578/2136 1263/1579/2137
f 1244/1559/2118 1243/1558/2117 1263/1579/2137 1264/1580/2138
f 1245/1560/2119 1244/1559/2118 1264/1580/2138 1265/1581/2139
f 1246/1561/2120 1245/1560/2119 1265/1581/2139 1266/1582/2140
f 1227/1562/2101 1246/1561/2120 1266/1582/2140 1247/1583/2121
f 1248/1564/2122 1247/1563/2121 1267/1584/2141 1268/1585/2142
f 1249/1565/2123 1248/1564/2122 1268/1585/2142 1269/1586/2143
f 1250/1566/2124 1249/1565/2123 1269/1586/2143 1270/1587/2144
f 1251/1567/2125 1250/1566/2124 1270/1587/2144 1271/1588/2145
f 1252/1568/2126 1251/1567/2125 1271/1588/2145 1272/1589/2146
f 1253/1569/2127 1252/1568/2126 1272/1589/2146 1273/1590/2147
f 1254/1570/2128 1253/1569/2127 1273/1590/2147 1274/1591/2148
f 1255/1571/2129 1254/1570/2128 1274/1591/2148 1275/1592/2149
f 1256/1572/2130 1255/1571/2129 1275/1592/2149 1276/1593/2150
f 1257/1573/2131 1256/1572/2130 1276/1593/2150 1277/1594/2151
f 1258/1574/2132 1257/1573/2131 1277/1594/2151 1278/1595/2152
f 1259/1575/2133 1258/1574/2132 1278/1595/2152 1279/1596/2153
f 1260/1576/2134 1259/1575/2133 1279/1596/2153 1280/1597/2154
f 1261/1577/2135 1260/1576/2134 1280/1597/2154 1281/1598/2155
f 1262/1578/2136 1261/1577/2135 1281/1598/2155 1282/1599/2156
f 1263/1579/2137 1262/1578/2136 1282/1599/2156 1283/1600/2157
f 1264/1580/2138 1263/1579/2137 1283/1600/2157 1284/1601/2158
f 1265/1581/2139 1264/1580/2138 1284/1601/2158 1285/1602/2159
f 1266/1582/2140 1265/1581/2139 1285/1602/2159 1286/1603/2160
f 1247/1583/2121 1266/1582/2140 1286/1603/2160 1267/1604/2141
f 1268/1585/2142 1267/1584/2141 1287/1605/2161 1288/1606/2162
f 1269/1586/2143 1268/1585/2142 1288/1606/2162 1289/1607/2163
f 1270/1587/2144 1269/1586/2143 1289/1607/2163 1290/1608/2164
f 1271/1588/2145 1270/1587/2144 1290/1608/2164 1291/1609/2165
f 1272/1589/2146 1271/1588/2145 1291/1609/2165 1292/1610/2166
f 1273/1590/2147 1272/1589/2146 1292/1610/2166 1293/1611/2167
f 1274/1591/2148 1273/1590/2147 1293/1611/2167 1294/1612/2168
f 1275/1592/2149 1274/1591/2148 1294/1612/2168 1295/1613/2169
f 1276/1593/2150 1275/1592/2149 1295/1613/2169 1296/1614/2170
f 1277/1594/2151 1276/1593/2150 1296/1614/2170 1297/1615/2171
f 1278/1595/2152 1277/1594/2151 1297/1615/2171 1298/1616/2172
f 1279/1596/2153 1278/1595/2152 1298/1616/2172 1299/1617/2173
f 1280/1597/2154 1279/1596/2153 1299/1617/2173 1300/1618/2174
f 1281/1598/2155 1280/1597/2154 1300/1618/2174 1301/1619/2175
f 1282/1599/2156 1281/1598/2155 1301/1619/2175 1302/1620/2176
f 1283/1600/2157 1282/1599/2156 1302/1620/2176 1303/1621/2177
f 1284/1601/2158 1283/1600/2157 1303/1621/2177 1304/1622/2178
f 1285/1602/2159 1284/1601/2158 1304/1622/2178 1305/1623/2179
f 1286/1603/2160 1285/1602/2159 1305/1623/2179 1306/1624/2180
f 1267/1604/2141 1286/1603/2160 1306/1624/2180 1287/1625/2161
f 1288/1606/2162 1287/1605/2161 1307/1626/2181 1308/1627/2182
f 1289/1607/2163 1288/1606/2162 1308/1627/2182 1309/1628/2183
f 1290/1608/2164 1289/1607/2163 1309/1628/2183 1310/1629/2184
f 1291/1609/2165 1290/1608/2164 1310/1629/2184 1311/1630/2185
f 1292/1610/2166 1291/1609/2165 1311/1630/2185 1312/1631/2186
f 1293/1611/2167 1292/1610/2166 1312/1631/2186 1313/1632/2187
f 1294/1612/2168 1293/1611/2167 1313/1632/2187 1314/1633/2188
f 1295/1613/2169 1294/1612/2168 1314/1633/2188 1315/1634/2189
f 1296/1614/2170 1295/1613/2169 1315/1634/2189 1316/1635/2190
f 1297/1615/2171 1296/1614/2170 1316/1635/2190 1317/1636/2191
f 1298/1616/2172 1297/1615/2171 1317/1636/2191 1318/1637/2192
f 1299/1617/2173 1298/1616/2172 1318/1637/2192 1319/1638/2193
f 1300/1618/2174 1299/1617/2173 1319/1638/2193 1320/1639/2194
f 1301/1619/2175 1300/1618/2174 1320/1639/2194 1321/1640/2195
f 1302/1620/2176 1301/1619/2175 1321/1640/2195 1322/1641/2196
f 1303/1621/2177 1302/1620/2176 1322/1641/2196 1323/1642/2197
f 1304/1622/2178 1303/1621/2177 1323/1642/2197 1324/1643/2198
f 1305/1623/2179 1304/1622/2178 1324/1643/2198 1325/1644/2199
f 1306/1624/2180 1305/1623/2179 1325/1644/2199 1326/1645/2200
f 1287/1625/2161 1306/1624/2180 1326/1645/2200 1307/1646/2181
f 1308/1627/2182 1307/1626/2181 1327/1647/2201 1328/1648/2202
f 1309/1628/2183 1308/1627/2182 1328/1648/2202 1329/1649/2203
f 1310/1629/2184 1309/1628/2183 1329/1649/2203 1330/1650/2204
f 1311/1630/2185 1310/1629/2184 1330/1650/2204 1331/1651/2205
f 1312/1631/2186 1311/1630/2185 1331/1651/2205 1332/1652/2206
f 1313/1632/2187 1312/1631/2186 1332/1652/2206 1333/1653/2207
f 1314/1633/2188 1313/1632/2187 1333/1653/2207 1334/1654/2208
f 1315/1634/2189 1314/1633/2188 1334/1654/2208 1335/1655/2209
f 1316/1635/2190 1315/1634/2189 1335/1655/2209 1336/1656/2210
f 1317/1636/2191 1316/1635/2190 1336/1656/2210 1337/1657/2211
f 1318/1637/2192 1317/1636/2191 1337/1657/2211 1338/1658/2212
f 1319/1638/2193 1318/1637/2192 1338/1658/2212 1339/1659/2213
f 1320/1639/2194 1319/1638/2193 1339/1659/2213 1340/1660/2214
f 1321/1640/2195 1320/1639/2194 1340/1660/2214 1341/1661/2215
f 1322/1641/2196 1321/1640/2195 1341/1661/2215 1342/1662/2216
f 1323/1642/2197 1322/1641/2196 1342/1662/2216 1343/1663/2217
f 1324/1643/2198 1323/1642/2197 1343/1663/2217 1344/1664/2218
f 1325/1644/2199 1324/1643/2198 1344/1664/2218 1345/1665/2219
f 1326/1645/2200 1325/1644/2199 1345/1665/2219 1346/1666/2220
f 1307/1646/2181 1326/1645/2200 1346/1666/2220 1327/1667/2201
f 1328/1648/2202 1327/1647/2201 947/1668/1822 948/1669/1821
f 1329/1649/2203 1328/1648/2202 948/1669/1821 949/1670/1825
f 1330/1650/2204 1329/1649/2203 949/1670/1825 950/1671/1827
f 1331/1651/2205 1330/1650/2204 950/1671/1827 951/1672/1829
f 1332/1652/2206 1331/1651/2205 951/1672/1829 952/1673/1831
f 1333/1653/2207 1332/1652/2206 952/1673/1831 953/1674/1833
f 1334/1654/2208 1333/1653/2207 953/1674/1833 954/1675/1835
f 1335/1655/2209 1334/1654/2208 954/1675/1835 955/1676/1837
f 1336/1656/2210 1335/1655/2209 955/1676/1837 956/1677/1839
f 1337/1657/2211 1336/1656/2210 956/1677/1839 957/1678/1841
f 1338/1658/2212 1337/1657/2211 957/1678/1841 958/1679/1843
f 1339/1659/2213 1338/1658/2212 958/1679/1843 959/1680/1845
f 1340/1660/2214 1339/1659/2213 959/1680/1845 960/1681/1847
f 1341/1661/2215 1340/1660/2214 960/1681/1847 961/1682/1849
f 1342/1662/2216 1341/1661/2215 961/1682/1849 962/1683/1851
f 1343/1663/2217 1342/1662/2216 962/1683/1851 963/1684/1853
f 1344/1664/2218 1343/1663/2217 963/1684/1853 964/1685/1855
f 1345/1665/2219 1344/1664/2218 964/1685/1855 965/1686/1857
f 1346/1666/2220 1345/1665/2219 965/1686/1857 966/1687/1859
f 1327/1667/2201 1346/1666/2220 966/1687/1859 947/1688/1822
g default
v 0.621353 -5.766450 1.140457
v 0.596428 -5.766450 1.122348
v 0.565619 -5.766450 1.122348
v 0.540695 -5.766450 1.140457
v 0.531174 -5.766450 1.169758
v 0.540695 -5.766450 1.199058
v 0.565619 -5.766450 1.217167
v 0.596428 -5.766450 1.217167
v 0.621353 -5.766450 1.199058
v 0.630873 -5.766450 1.169758
v 0.621353 -0.797670 1.140457
v 0.596428 -0.797670 1.122348
v 0.565619 -0.797670 1.122348
v 0.540695 -0.797670 1.140457
v 0.531174 -0.797670 1.169758
v 0.540695 -0.797670 1.199058
v 0.565619 -0.797670 1.217167
v 0.596428 -0.797670 1.217167
v 0.621353 -0.797670 1.199058
v 0.630873 -0.797670 1.169758
v 0.581024 -5.766450 1.169758
v 0.581024 -0.797670 1.169758
v 0.630873 -0.962123 1.169758
v 0.621353 -0.962123 1.199058
v 0.596428 -0.962123 1.217167
v 0.565619 -0.962123 1.217167
v 0.540695 -0.962123 1.199058
v 0.531174 -0.962123 1.169758
v 0.540695 -0.962123 1.140457
v 0.565619 -0.962123 1.122348
v 0.596428 -0.962123 1.122348
v 0.621353 -0.962123 1.140457
v 0.672553 -0.948560 1.169758
v 0.655073 -0.948560 1.223557
v 0.609308 -0.948560 1.256807
v 0.552740 -0.948560 1.256807
v 0.506975 -0.948560 1.223557
v 0.489495 -0.948560 1.169758
v 0.506975 -0.948560 1.115958
v 0.552740 -0.948560 1.082708
v 0.609308 -0.948560 1.082708
v 0.655073 -0.948560 1.115958
v 0.650123 -0.819847 1.169758
v 0.636926 -0.819847 1.210373
v 0.602377 -0.819847 1.235475
v 0.559671 -0.819847 1.235475
v 0.525121 -0.819847 1.210373
v 0.511925 -0.819847 1.169758
v 0.525121 -0.819847 1.129142
v 0.559671 -0.819847 1.104040
v 0.602377 -0.819847 1.104040
v 0.636926 -0.819847 1.129142
v 0.635152 -0.813161 1.169758
v 0.624815 -0.813161 1.201574
v 0.597750 -0.813161 1.221237
v 0.564297 -0.813161 1.221237
v 0.537233 -0.813161 1.201574
v 0.526895 -0.813161 1.169758
v 0.537233 -0.813161 1.137942
v 0.564297 -0.813161 1.118278
v 0.597750 -0.813161 1.118278
v 0.624815 -0.813161 1.137942
vt 0.626409 0.064409
vt 0.548284 0.007647
vt 0.451716 0.007647
vt 0.373591 0.064409
vt 0.343750 0.156250
vt 0.373591 0.248091
vt 0.451716 0.304853
vt 0.548284 0.304853
vt 0.626409 0.248091
vt 0.656250 0.156250
vt 0.375000 0.312500
vt 0.400000 0.312500
vt 0.425000 0.312500
vt 0.450000 0.312500
vt 0.475000 0.312500
vt 0.500000 0.312500
vt 0.525000 0.312500
vt 0.550000 0.312500
vt 0.575000 0.312500
vt 0.600000 0.312500
vt 0.625000 0.312500
vt 0.375000 0.687500
vt 0.400000 0.687500
vt 0.425000 0.687500
vt 0.450000 0.687500
vt 0.475000 0.687500
vt 0.500000 0.687500
vt 0.525000 0.687500
vt 0.550000 0.687500
vt 0.575000 0.687500
vt 0.600000 0.687500
vt 0.625000 0.687500
vt 0.626409 0.751909
vt 0.548284 0.695147
vt 0.451716 0.695147
vt 0.373591 0.751909
vt 0.343750 0.843750
vt 0.373591 0.935591
vt 0.451716 0.992353
vt 0.548284 0.992353
vt 0.626409 0.935591
vt 0.656250 0.843750
vt 0.500000 0.156250
vt 0.500000 0.843750
vt 0.600000 0.675088
vt 0.575000 0.675088
vt 0.550000 0.675088
vt 0.525000 0.675088
vt 0.500000 0.675088
vt 0.475000 0.675088
vt 0.450000 0.675088
vt 0.425000 0.675088
vt 0.400000 0.675088
vt 0.625000 0.675088
vt 0.375000 0.675088
vt 0.600000 0.676112
vt 0.575000 0.676112
vt 0.550000 0.676112
vt 0.525000 0.676112
vt 0.500000 0.676112
vt 0.475000 0.676112
vt 0.450000 0.676112
vt 0.425000 0.676112
vt 0.400000 0.676112
vt 0.625000 0.676112
vt 0.375000 0.676112
vt 0.600000 0.685826
vt 0.575000 0.685826
vt 0.550000 0.685826
vt 0.525000 0.685826
vt 0.500000 0.685826
vt 0.475000 0.685826
vt 0.450000 0.685826
vt 0.425000 0.685826
vt 0.400000 0.685826
vt 0.625000 0.685826
vt 0.375000 0.685826
vt 0.600000 0.686331
vt 0.575000 0.686331
vt 0.550000 0.686331
vt 0.525000 0.686331
vt 0.500000 0.686331
vt 0.475000 0.686331
vt 0.450000 0.686331
vt 0.425000 0.686331
vt 0.400000 0.686331
vt 0.625000 0.686331
vt 0.375000 0.686331
vn 0.587785 0.000000 -0.809017
vn 0.587785 0.000000 -0.809017
vn 0.587728 -0.013938 -0.808938
vn 0.587728 -0.013938 -0.808938
vn -0.000000 0.000000 -1.000000
vn -0.000000 0.000000 -1.000000
vn -0.000000 -0.013938 -0.999903
vn -0.000000 -0.013938 -0.999903
vn -0.587785 0.000000 -0.809017
vn -0.587785 0.000000 -0.809017
vn -0.587728 -0.013938 -0.808938
vn -0.587728 -0.013938 -0.808938
vn -0.951057 0.000000 -0.309017
vn -0.951057 0.000000 -0.309017
vn -0.950964 -0.013938 -0.308987
vn -0.950964 -0.013938 -0.308987
vn -0.951056 0.000000 0.309017
vn -0.951056 0.000000 0.309017
vn -0.950964 -0.013938 0.308987
vn -0.950964 -0.013938 0.308987
vn -0.587785 0.000000 0.809017
vn -0.587785 0.000000 0.809017
vn -0.587728 -0.013938 0.808939
vn -0.587728 -0.013938 0.808939
vn 0.000000 0.000000 1.000000
vn 0.000000 0.000000 1.000000
vn 0.000000 -0.013938 0.999903
vn 0.000000 -0.013938 0.999903
vn 0.587785 0.000000 0.809017
vn 0.587785 0.000000 0.809017
vn 0.587728 -0.013938 0.808938
vn 0.587728 -0.013938 0.808938
vn 0.951057 0.000000 0.309017
vn 0.951057 0.000000 0.309017
vn 0.950964 -0.013938 0.308987
vn 0.950964 -0.013938 0.308987
vn 0.951057 0.000000 -0.309017
vn 0.951057 0.000000 -0.309017
vn 0.950964 -0.013938 -0.308987
vn 0.950964 -0.013938 -0.308987
vn 0.000000 -1.000000 0.000000
vn 0.000000 -1.000000 0.000002
vn 0.000000 -1.000000 0.000001
vn 0.000000 -1.000000 -0.000002
vn 0.000000 -1.000000 0.000000
vn 0.000000 -1.000000 0.000000
vn 0.000000 -1.000000 -0.000002
vn 0.000000 -1.000000 -0.000002
vn 0.000000 -1.000000 0.000000
vn 0.000000 -1.000000 0.000008
vn 0.000000 -1.000000 0.000008
vn 0.000000 1.000000 -0.000008
vn 0.000000 1.000000 -0.000002
vn 0.000000 1.000000 -0.000002
vn 0.000000 1.000000 0.000002
vn 0.000000 1.000000 0.000004
vn 0.000000 1.000000 0.000000
vn 0.000000 1.000000 0.000000
vn 0.000000 1.000000 0.000000
vn 0.000000 1.000000 -0.000002
vn 0.000000 1.000000 -0.000002
vn 0.000000 1.000000 -0.000008
vn 0.949263 -0.061393 0.308434
vn 0.949263 -0.061393 0.308434
vn 0.586677 -0.061393 0.807491
vn 0.586677 -0.061393 0.807491
vn 0.000000 -0.061393 0.998114
vn 0.000000 -0.061393 0.998114
vn -0.586676 -0.061393 0.807491
vn -0.586676 -0.061393 0.807491
vn -0.949262 -0.061393 0.308435
vn -0.949262 -0.061393 0.308435
vn -0.949263 -0.061393 -0.308434
vn -0.949263 -0.061393 -0.308434
vn -0.586677 -0.061393 -0.807491
vn -0.586677 -0.061393 -0.807491
vn -0.000000 -0.061393 -0.998114
vn -0.000000 -0.061393 -0.998114
vn 0.586677 -0.061393 -0.807491
vn 0.586677 -0.061393 -0.807491
vn 0.949263 -0.061393 -0.308433
vn 0.949263 -0.061393 -0.308433
vn 0.928193 0.217951 0.301588
vn 0.928193 0.217951 0.301588
vn 0.573655 0.217951 0.789568
vn 0.573655 0.217951 0.789568
vn 0.000000 0.217951 0.975960
vn 0.000000 0.217951 0.975960
vn -0.573655 0.217951 0.789568
vn -0.573655 0.217951 0.789568
vn -0.928193 0.217951 0.301588
vn -0.928193 0.217951 0.301588
vn -0.928193 0.217951 -0.301588
vn -0.928193 0.217951 -0.301588
vn -0.573654 0.217950 -0.789568
vn -0.573654 0.217950 -0.789568
vn -0.000000 0.217951 -0.975960
vn -0.000000 0.217951 -0.975960
vn 0.573655 0.217951 -0.789568
vn 0.573655 0.217951 -0.789568
vn 0.928193 0.217951 -0.301587
vn 0.928193 0.217951 -0.301587
vn 0.667871 0.711939 0.217004
vn 0.667871 0.711939 0.217004
vn 0.412767 0.711940 0.568124
vn 0.412767 0.711940 0.568124
vn 0.000000 0.711945 0.702235
vn 0.000000 0.711945 0.702235
vn -0.412768 0.711942 0.568121
vn -0.412768 0.711942 0.568121
vn -0.667872 0.711940 0.217001
vn -0.667872 0.711940 0.217001
vn -0.667871 0.711939 -0.217004
vn -0.667871 0.711939 -0.217004
vn -0.412766 0.711939 -0.568126
vn -0.412766 0.711939 -0.568126
vn -0.000000 0.711939 -0.702241
vn -0.000000 0.711939 -0.702241
vn 0.412767 0.711939 -0.568125
vn 0.412767 0.711939 -0.568125
vn 0.667872 0.711939 -0.217001
vn 0.667872 0.711939 -0.217001
vn 0.919844 0.254084 0.298877
vn 0.919844 0.254084 0.298877
vn 0.568494 0.254084 0.782468
vn 0.568494 0.254084 0.782468
vn 0.000000 0.254085 0.967182
vn 0.000000 0.254085 0.967182
vn -0.568497 0.254085 0.782466
vn -0.568497 0.254085 0.782466
vn -0.919845 0.254084 0.298876
vn -0.919845 0.254084 0.298876
vn -0.919845 0.254084 -0.298877
vn -0.919845 0.254084 -0.298877
vn -0.568496 0.254085 -0.782466
vn -0.568496 0.254085 -0.782466
vn -0.000000 0.254085 -0.967182
vn -0.000000 0.254085 -0.967182
vn 0.568497 0.254085 -0.782466
vn 0.568497 0.254085 -0.782466
vn 0.919845 0.254084 -0.298876
vn 0.919845 0.254084 -0.298876
s 1
g pCylinder3
usemtl initialShadingGroup
f 1347/1699/2221 1348/1700/2222 1377/1741/2223 1378/1743/2224
s 2
f 1348/1700/2225 1349/1701/2226 1376/1740/2227 1377/1741/2228
s 3
f 1349/1701/2229 1350/1702/2230 1375/1739/2231 1376/1740/2232
s 4
f 1350/1702/2233 1351/1703/2234 1374/1738/2235 1375/1739/2236
s 5
f 1351/1703/2237 1352/1704/2238 1373/1737/2239 1374/1738/2240
s 6
f 1352/1704/2241 1353/1705/2242 1372/1736/2243 1373/1737/2244
s 7
f 1353/1705/2245 1354/1706/2246 1371/1735/2247 1372/1736/2248
s 8
f 1354/1706/2249 1355/1707/2250 1370/1734/2251 1371/1735/2252
s 9
f 1355/1707/2253 1356/1708/2254 1369/1733/2255 1370/1734/2256
s 10
f 1356/1708/2257 1347/1709/2258 1378/1742/2259 1369/1733/2260
s 11
f 1348/1690/2261 1347/1689/2262 1367/1731/2263
f 1349/1691/2264 1348/1690/2261 1367/1731/2263
f 1350/1692/2265 1349/1691/2264 1367/1731/2263
f 1351/1693/2266 1350/1692/2265 1367/1731/2263
f 1352/1694/2267 1351/1693/2266 1367/1731/2263
f 1353/1695/2268 1352/1694/2267 1367/1731/2263
f 1354/1696/2269 1353/1695/2268 1367/1731/2263
f 1355/1697/2270 1354/1696/2269 1367/1731/2263
f 1356/1698/2271 1355/1697/2270 1367/1731/2263
f 1347/1689/2262 1356/1698/2271 1367/1731/2263
s 12
f 1357/1729/2272 1358/1728/2273 1368/1732/2274
f 1358/1728/2273 1359/1727/2275 1368/1732/2274
f 1359/1727/2275 1360/1726/2276 1368/1732/2274
f 1360/1726/2276 1361/1725/2277 1368/1732/2274
f 1361/1725/2277 1362/1724/2278 1368/1732/2274
f 1362/1724/2278 1363/1723/2279 1368/1732/2274
f 1363/1723/2279 1364/1722/2280 1368/1732/2274
f 1364/1722/2280 1365/1721/2281 1368/1732/2274
f 1365/1721/2281 1366/1730/2282 1368/1732/2274
f 1366/1730/2282 1357/1729/2272 1368/1732/2274
s 9
f 1370/1734/2256 1369/1733/2255 1379/1744/2283 1380/1745/2284
s 8
f 1371/1735/2252 1370/1734/2251 1380/1745/2285 1381/1746/2286
s 7
f 1372/1736/2248 1371/1735/2247 1381/1746/2287 1382/1747/2288
s 6
f 1373/1737/2244 1372/1736/2243 1382/1747/2289 1383/1748/2290
s 5
f 1374/1738/2240 1373/1737/2239 1383/1748/2291 1384/1749/2292
s 4
f 1375/1739/2236 1374/1738/2235 1384/1749/2293 1385/1750/2294
s 3
f 1376/1740/2232 1375/1739/2231 1385/1750/2295 1386/1751/2296
s 2
f 1377/1741/2228 1376/1740/2227 1386/1751/2297 1387/1752/2298
s 1
f 1378/1743/2224 1377/1741/2223 1387/1752/2299 1388/1754/2300
s 10
f 1369/1733/2260 1378/1742/2259 1388/1753/2301 1379/1744/2302
s 9
f 1380/1745/2284 1379/1744/2283 1389/1755/2303 1390/1756/2304
s 8
f 1381/1746/2286 1380/1745/2285 1390/1756/2305 1391/1757/2306
s 7
f 1382/1747/2288 1381/1746/2287 1391/1757/2307 1392/1758/2308
s 6
f 1383/1748/2290 1382/1747/2289 1392/1758/2309 1393/1759/2310
s 5
f 1384/1749/2292 1383/1748/2291 1393/1759/2311 1394/1760/2312
s 4
f 1385/1750/2294 1384/1749/2293 1394/1760/2313 1395/1761/2314
s 3
f 1386/1751/2296 1385/1750/2295 1395/1761/2315 1396/1762/2316
s 2
f 1387/1752/2298 1386/1751/2297 1396/1762/2317 1397/1763/2318
s 1
f 1388/1754/2300 1387/1752/2299 1397/1763/2319 1398/1765/2320
s 10
f 1379/1744/2302 1388/1753/2301 1398/1764/2321 1389/1755/2322
s 9
f 1390/1756/2304 1389/1755/2303 1399/1766/2323 1400/1767/2324
s 8
f 1391/1757/2306 1390/1756/2305 1400/1767/2325 1401/1768/2326
s 7
f 1392/1758/2308 1391/1757/2307 1401/1768/2327 1402/1769/2328
s 6
f 1393/1759/2310 1392/1758/2309 1402/1769/2329 1403/1770/2330
s 5
f 1394/1760/2312 1393/1759/2311 1403/1770/2331 1404/1771/2332
s 4
f 1395/1761/2314 1394/1760/2313 1404/1771/2333 1405/1772/2334
s 3
f 1396/1762/2316 1395/1761/2315 1405/1772/2335 1406/1773/2336
s 2
f 1397/1763/2318 1396/1762/2317 1406/1773/2337 1407/1774/2338
s 1
f 1398/1765/2320 1397/1763/2319 1407/1774/2339 1408/1776/2340
s 10
f 1389/1755/2322 1398/1764/2321 1408/1775/2341 1399/1766/2342
s 9
f 1400/1767/2324 1399/1766/2323 1366/1719/2343 1365/1718/2344
s 8
f 1401/1768/2326 1400/1767/2325 1365/1718/2345 1364/1717/2346
s 7
f 1402/1769/2328 1401/1768/2327 1364/1717/2347 1363/1716/2348
s 6
f 1403/1770/2330 1402/1769/2329 1363/1716/2349 1362/1715/2350
s 5
f 1404/1771/2332 1403/1770/2331 1362/1715/2351 1361/1714/2352
s 4
f 1405/1772/2334 1404/1771/2333 1361/1714/2353 1360/1713/2354
s 3
f 1406/1773/2336 1405/1772/2335 1360/1713/2355 1359/1712/2356
s 2
f 1407/1774/2338 1406/1773/2337 1359/1712/2357 1358/1711/2358
s 1
f 1408/1776/2340 1407/1774/2339 1358/1711/2359 1357/1710/2360
s 10
f 1399/1766/2342 1408/1775/2341 1357/1720/2361 1366/1719/2362
g default
v 0.823466 -1.120002 0.001043
v 0.788922 -1.120002 -0.455592
v 0.735117 -1.120002 -0.817980
v 0.667320 -1.120002 -1.050647
v 0.592166 -1.120002 -1.130818
v 0.517012 -1.120002 -1.050647
v 0.449215 -1.120002 -0.817979
v 0.395411 -1.120002 -0.455592
v 0.360867 -1.120002 0.001043
v 0.348963 -1.120002 0.507227
v 0.360867 -1.120002 1.013411
v 0.395411 -1.120002 1.470046
v 0.449215 -1.120002 1.832433
v 0.517012 -1.120002 2.065101
v 0.592166 -1.120002 2.145272
v 0.667320 -1.120002 2.065100
v 0.735117 -1.120002 1.832433
v 0.788922 -1.120002 1.470046
v 0.823466 -1.120002 1.013411
v 0.835369 -1.120002 0.507227
v 0.823466 -0.987331 0.001043
v 0.788922 -0.987331 -0.455592
v 0.735117 -0.987331 -0.817980
v 0.667320 -0.987331 -1.050647
v 0.592166 -0.987331 -1.130818
v 0.517012 -0.987331 -1.050647
v 0.449215 -0.987331 -0.817979
v 0.395411 -0.987331 -0.455592
v 0.360867 -0.987331 0.001043
v 0.348963 -0.987331 0.507227
v 0.360867 -0.987331 1.013411
v 0.395411 -0.987331 1.470046
v 0.449215 -0.987331 1.832433
v 0.517012 -0.987331 2.065101
v 0.592166 -0.987331 2.145272
v 0.667320 -0.987331 2.065100
v 0.735117 -0.987331 1.832433
v 0.788922 -0.987331 1.470046
v 0.823466 -0.987331 1.013411
v 0.835369 -0.987331 0.507227
v 0.592166 -1.120002 0.507227
v 0.592166 -0.987331 0.507227
vt 0.648603 0.107966
vt 0.626409 0.064408
vt 0.591842 0.029841
vt 0.548284 0.007647
vt 0.500000 -0.000000
vt 0.451716 0.007647
vt 0.408159 0.029841
vt 0.373591 0.064409
vt 0.351397 0.107966
vt 0.343750 0.156250
vt 0.351397 0.204534
vt 0.373591 0.248091
vt 0.408159 0.282659
vt 0.451716 0.304853
vt 0.500000 0.312500
vt 0.548284 0.304853
vt 0.591841 0.282659
vt 0.626409 0.248091
vt 0.648603 0.204534
vt 0.656250 0.156250
vt 0.375000 0.312500
vt 0.387500 0.312500
vt 0.400000 0.312500
vt 0.412500 0.312500
vt 0.425000 0.312500
vt 0.437500 0.312500
vt 0.450000 0.312500
vt 0.462500 0.312500
vt 0.475000 0.312500
vt 0.487500 0.312500
vt 0.500000 0.312500
vt 0.512500 0.312500
vt 0.525000 0.312500
vt 0.537500 0.312500
vt 0.550000 0.312500
vt 0.562500 0.312500
vt 0.575000 0.312500
vt 0.587500 0.312500
vt 0.600000 0.312500
vt 0.612500 0.312500
vt 0.625000 0.312500
vt 0.375000 0.687500
vt 0.387500 0.687500
vt 0.400000 0.687500
vt 0.412500 0.687500
vt 0.425000 0.687500
vt 0.437500 0.687500
vt 0.450000 0.687500
vt 0.462500 0.687500
vt 0.475000 0.687500
vt 0.487500 0.687500
vt 0.500000 0.687500
vt 0.512500 0.687500
vt 0.525000 0.687500
vt 0.537500 0.687500
vt 0.550000 0.687500
vt 0.562500 0.687500
vt 0.575000 0.687500
vt 0.587500 0.687500
vt 0.600000 0.687500
vt 0.612500 0.687500
vt 0.625000 0.687500
vt 0.648603 0.795466
vt 0.626409 0.751908
vt 0.591842 0.717341
vt 0.548284 0.695147
vt 0.500000 0.687500
vt 0.451716 0.695147
vt 0.408159 0.717341
vt 0.373591 0.751909
vt 0.351397 0.795466
vt 0.343750 0.843750
vt 0.351397 0.892034
vt 0.373591 0.935591
vt 0.408159 0.970159
vt 0.451716 0.992353
vt 0.500000 1.000000
vt 0.548284 0.992353
vt 0.591841 0.970159
vt 0.626409 0.935591
vt 0.648603 0.892034
vt 0.656250 0.843750
vt 0.500000 0.156250
vt 0.500000 0.843750
vn 0.998838 0.000000 -0.048185
vn 0.994232 0.000000 -0.107249
vn 0.994232 0.000000 -0.107249
vn 0.998838 0.000000 -0.048185
vn 0.979752 0.000000 -0.200216
vn 0.979752 0.000000 -0.200216
vn 0.909541 0.000000 -0.415613
vn 0.909541 0.000000 -0.415613
vn -0.000001 0.000000 -1.000000
vn -0.000001 0.000000 -1.000000
vn -0.909542 0.000000 -0.415613
vn -0.909542 0.000000 -0.415613
vn -0.979752 0.000000 -0.200216
vn -0.979752 0.000000 -0.200216
vn -0.994232 0.000000 -0.107249
vn -0.994232 0.000000 -0.107249
vn -0.998838 0.000000 -0.048185
vn -0.998838 0.000000 -0.048185
vn -1.000000 0.000000 0.000000
vn -1.000000 0.000000 0.000000
vn -0.998838 0.000000 0.048185
vn -0.998838 0.000000 0.048185
vn -0.994232 0.000000 0.107249
vn -0.994232 0.000000 0.107249
vn -0.979752 0.000000 0.200216
vn -0.979752 0.000000 0.200216
vn -0.909541 0.000000 0.415613
vn -0.909541 0.000000 0.415613
vn 0.000001 0.000000 1.000000
vn 0.000001 0.000000 1.000000
vn 0.909541 0.000000 0.415613
vn 0.909541 0.000000 0.415613
vn 0.979752 0.000000 0.200216
vn 0.979752 0.000000 0.200216
vn 0.994232 0.000000 0.107249
vn 0.994232 0.000000 0.107249
vn 0.998838 0.000000 0.048185
vn 0.998838 0.000000 0.048185
vn 1.000000 0.000000 0.000000
vn 1.000000 0.000000 0.000000
vn 0.000000 -1.000000 0.000000
vn 0.000000 -1.000000 0.000000
vn 0.000000 -1.000000 0.000000
vn 0.000000 -1.000000 0.000000
vn 0.000000 -1.000000 0.000000
vn 0.000000 -1.000000 0.000000
vn 0.000000 -1.000000 0.000000
vn 0.000000 -1.000000 0.000000
vn 0.000000 -1.000000 0.000000
vn 0.000000 -1.000000 0.000000
vn 0.000000 -1.000000 0.000000
vn 0.000000 -1.000000 0.000000
vn 0.000000 -1.000000 0.000000
vn 0.000000 -1.000000 0.000000
vn 0.000000 -1.000000 0.000000
vn 0.000000 -1.000000 0.000000
vn 0.000000 -1.000000 0.000000
vn 0.000000 -1.000000 0.000000
vn 0.000000 -1.000000 0.000000
vn 0.000000 -1.000000 0.000000
vn 0.000000 -1.000000 0.000000
vn 0.000000 1.000000 0.000000
vn 0.000000 1.000000 0.000000
vn 0.000000 1.000000 0.000000
vn 0.000000 1.000000 0.000000
vn 0.000000 1.000000 0.000000
vn 0.000000 1.000000 0.000000
vn 0.000000 1.000000 0.000000
vn 0.000000 1.000000 0.000000
vn 0.000000 1.000000 0.000000
vn 0.000000 1.000000 0.000000
vn 0.000000 1.000000 0.000000
vn 0.000000 1.000000 0.000000
vn 0.000000 1.000000 0.000000
vn 0.000000 1.000000 0.000000
vn 0.000000 1.000000 0.000000
vn 0.000000 1.000000 0.000000
vn 0.000000 1.000000 0.000000
vn 0.000000 1.000000 0.000000
vn 0.000000 1.000000 0.000000
vn 0.000000 1.000000 0.000000
vn 0.000000 1.000000 0.000000
s 1
g pCylinder4
usemtl initialShadingGroup
f 1409/1797/2363 1410/1798/2364 1430/1819/2365 1429/1818/2366
f 1410/1798/2364 1411/1799/2367 1431/1820/2368 1430/1819/2365
f 1411/1799/2367 1412/1800/2369 1432/1821/2370 1431/1820/2368
f 1412/1800/2369 1413/1801/2371 1433/1822/2372 1432/1821/2370
f 1413/1801/2371 1414/1802/2373 1434/1823/2374 1433/1822/2372
f 1414/1802/2373 1415/1803/2375 1435/1824/2376 1434/1823/2374
f 1415/1803/2375 1416/1804/2377 1436/1825/2378 1435/1824/2376
f 1416/1804/2377 1417/1805/2379 1437/1826/2380 1436/1825/2378
f 1417/1805/2379 1418/1806/2381 1438/1827/2382 1437/1826/2380
f 1418/1806/2381 1419/1807/2383 1439/1828/2384 1438/1827/2382
f 1419/1807/2383 1420/1808/2385 1440/1829/2386 1439/1828/2384
f 1420/1808/2385 1421/1809/2387 1441/1830/2388 1440/1829/2386
f 1421/1809/2387 1422/1810/2389 1442/1831/2390 1441/1830/2388
f 1422/1810/2389 1423/1811/2391 1443/1832/2392 1442/1831/2390
f 1423/1811/2391 1424/1812/2393 1444/1833/2394 1443/1832/2392
f 1424/1812/2393 1425/1813/2395 1445/1834/2396 1444/1833/2394
f 1425/1813/2395 1426/1814/2397 1446/1835/2398 1445/1834/2396
f 1426/1814/2397 1427/1815/2399 1447/1836/2400 1446/1835/2398
f 1427/1815/2399 1428/1816/2401 1448/1837/2402 1447/1836/2400
f 1428/1816/2401 1409/1817/2363 1429/1838/2366 1448/1837/2402
s 2
f 1410/1778/2403 1409/1777/2404 1449/1859/2405
f 1411/1779/2406 1410/1778/2403 1449/1859/2405
f 1412/1780/2407 1411/1779/2406 1449/1859/2405
f 1413/1781/2408 1412/1780/2407 1449/1859/2405
f 1414/1782/2409 1413/1781/2408 1449/1859/2405
f 1415/1783/2410 1414/1782/2409 1449/1859/2405
f 1416/1784/2411 1415/1783/2410 1449/1859/2405
f 1417/1785/2412 1416/1784/2411 1449/1859/2405
f 1418/1786/2413 1417/1785/2412 1449/1859/2405
f 1419/1787/2414 1418/1786/2413 1449/1859/2405
f 1420/1788/2415 1419/1787/2414 1449/1859/2405
f 1421/1789/2416 1420/1788/2415 1449/1859/2405
f 1422/1790/2417 1421/1789/2416 1449/1859/2405
f 1423/1791/2418 1422/1790/2417 1449/1859/2405
f 1424/1792/2419 1423/1791/2418 1449/1859/2405
f 1425/1793/2420 1424/1792/2419 1449/1859/2405
f 1426/1794/2421 1425/1793/2420 1449/1859/2405
f 1427/1795/2422 1426/1794/2421 1449/1859/2405
f 1428/1796/2423 1427/1795/2422 1449/1859/2405
f 1409/1777/2404 1428/1796/2423 1449/1859/2405
s 3
f 1429/1857/2424 1430/1856/2425 1450/1860/2426
f 1430/1856/2425 1431/1855/2427 1450/1860/2426
f 1431/1855/2427 1432/1854/2428 1450/1860/2426
f 1432/1854/2428 1433/1853/2429 1450/1860/2426
f 1433/1853/2429 1434/1852/2430 1450/1860/2426
f 1434/1852/2430 1435/1851/2431 1450/1860/2426
f 1435/1851/2431 1436/1850/2432 1450/1860/2426
f 1436/1850/2432 1437/1849/2433 1450/1860/2426
f 1437/1849/2433 1438/1848/2434 1450/1860/2426
f 1438/1848/2434 1439/1847/2435 1450/1860/2426
f 1439/1847/2435 1440/1846/2436 1450/1860/2426
f 1440/1846/2436 1441/1845/2437 1450/1860/2426
f 1441/1845/2437 1442/1844/2438 1450/1860/2426
f 1442/1844/2438 1443/1843/2439 1450/1860/2426
f 1443/1843/2439 1444/1842/2440 1450/1860/2426
f 1444/1842/2440 1445/1841/2441 1450/1860/2426
f 1445/1841/2441 1446/1840/2442 1450/1860/2426
f 1446/1840/2442 1447/1839/2443 1450/1860/2426
f 1447/1839/2443 1448/1858/2444 1450/1860/2426
f 1448/1858/2444 1429/1857/2424 1450/1860/2426
