# This file uses centimeters as units for non-parametric coordinates.

mtllib Chair.mtl
g default
v -0.468952 -0.098425 0.500000
v -0.468952 -0.054516 0.500000
v -0.500000 -0.054516 0.468952
v -0.500000 -0.098425 0.468952
v -0.327246 -0.076471 0.470103
v -0.335918 -0.046455 0.500000
v -0.380761 -0.052853 0.500000
v -0.388479 -0.098629 0.500000
v -0.357143 -0.106367 0.470103
v -0.192331 -0.076471 0.468952
v -0.192331 -0.045423 0.500000
v -0.236240 -0.045423 0.500000
v -0.236240 -0.076471 0.468952
v -0.049474 -0.076471 0.468952
v -0.049474 -0.045423 0.500000
v -0.093383 -0.045423 0.500000
v -0.093383 -0.076471 0.468952
v 0.093383 -0.076471 0.468952
v 0.093383 -0.045423 0.500000
v 0.049474 -0.045423 0.500000
v 0.049474 -0.076471 0.468952
v 0.236240 -0.076471 0.468952
v 0.236240 -0.045423 0.500000
v 0.192331 -0.045423 0.500000
v 0.192331 -0.076471 0.468952
v 0.357143 -0.106367 0.470103
v 0.387159 -0.097695 0.500000
v 0.380761 -0.052853 0.500000
v 0.334985 -0.045135 0.500000
v 0.327246 -0.076471 0.470103
v 0.500000 -0.098425 0.468952
v 0.500000 -0.054516 0.468952
v 0.468952 -0.054516 0.500000
v 0.468952 -0.098425 0.500000
v -0.500000 0.045423 0.468952
v -0.468952 0.045423 0.500000
v -0.468952 0.076471 0.468952
v -0.379097 0.076471 0.468952
v -0.379097 0.045423 0.500000
v -0.335189 0.045423 0.500000
v -0.335189 0.076471 0.468952
v -0.236240 0.076471 0.468952
v -0.236240 0.045423 0.500000
v -0.192331 0.045423 0.500000
v -0.192331 0.076471 0.468952
v -0.093383 0.076471 0.468952
v -0.093383 0.045423 0.500000
v -0.049474 0.045423 0.500000
v -0.049474 0.076471 0.468952
v 0.049474 0.076471 0.468952
v 0.049474 0.045423 0.500000
v 0.093383 0.045423 0.500000
v 0.093383 0.076471 0.468952
v 0.192331 0.076471 0.468952
v 0.192331 0.045423 0.500000
v 0.236240 0.045423 0.500000
v 0.236240 0.076471 0.468952
v 0.335189 0.076471 0.468952
v 0.335189 0.045423 0.500000
v 0.379097 0.045423 0.500000
v 0.379097 0.076471 0.468952
v 0.468952 0.076471 0.468952
v 0.468952 0.045423 0.500000
v 0.500000 0.045423 0.468952
v -0.500000 0.045423 0.361488
v -0.468952 0.076471 0.361487
v -0.468952 0.076471 0.317579
v -0.500000 0.045423 0.317579
v -0.379097 0.076471 0.317579
v -0.379097 0.076471 0.361487
v -0.335189 0.076471 0.361487
v -0.335189 0.076471 0.317579
v -0.236240 0.076471 0.317579
v -0.236240 0.076471 0.361487
v -0.192331 0.076471 0.361487
v -0.192331 0.076471 0.317579
v -0.093383 0.076471 0.317579
v -0.093383 0.076471 0.361487
v -0.049474 0.076471 0.361487
v -0.049474 0.076471 0.317579
v 0.049474 0.076471 0.317579
v 0.049474 0.076471 0.361487
v 0.093383 0.076471 0.361487
v 0.093383 0.076471 0.317579
v 0.192331 0.076471 0.317579
v 0.192331 0.076471 0.361487
v 0.236240 0.076471 0.361487
v 0.236240 0.076471 0.317579
v 0.335189 0.076471 0.317579
v 0.335189 0.076471 0.361487
v 0.379097 0.076471 0.361487
v 0.379097 0.076471 0.317579
v 0.500000 0.045423 0.317579
v 0.468952 0.076471 0.317579
v 0.468952 0.076471 0.361487
v 0.500000 0.045423 0.361488
v -0.500000 0.097731 -0.389203
v -0.500000 0.052865 -0.378110
v -0.500000 0.045135 -0.332347
v -0.470812 0.076471 -0.325317
v -0.470831 0.105116 -0.360005
v -0.357143 0.106943 -0.390927
v -0.386140 0.105013 -0.359622
v -0.378584 0.076471 -0.326548
v -0.333669 0.076471 -0.331030
v -0.327127 0.076471 -0.375729
v -0.244302 0.076471 -0.375729
v -0.237630 0.076471 -0.331160
v -0.192123 0.076471 -0.325495
v -0.184820 0.105521 -0.359434
v -0.214286 0.106943 -0.390583
v -0.071429 0.106943 -0.390927
v -0.100425 0.105012 -0.359623
v -0.092870 0.076471 -0.326548
v -0.047954 0.076471 -0.331030
v -0.041413 0.076471 -0.375729
v 0.041413 0.076471 -0.375729
v 0.048098 0.076471 -0.331174
v 0.093590 0.076471 -0.325609
v 0.100845 0.105425 -0.359697
v 0.071429 0.106943 -0.390927
v 0.214286 0.106943 -0.390583
v 0.185247 0.105100 -0.359362
v 0.192854 0.076471 -0.326451
v 0.237767 0.076471 -0.331023
v 0.244302 0.076471 -0.375729
v 0.327127 0.076471 -0.375729
v 0.333812 0.076471 -0.331174
v 0.379305 0.076471 -0.325609
v 0.386560 0.105426 -0.359696
v 0.357143 0.106943 -0.390927
v 0.470831 0.105116 -0.360005
v 0.471388 0.076471 -0.325893
v 0.500000 0.046455 -0.333280
v 0.500000 0.052878 -0.378097
v 0.500000 0.097731 -0.389203
v -0.468932 0.098142 -0.504162
v -0.468952 0.054417 -0.500000
v -0.500000 0.054480 -0.468901
v -0.500000 0.098375 -0.472663
v -0.327246 0.076471 -0.470103
v -0.335918 0.046455 -0.500000
v -0.380794 0.052820 -0.500000
v -0.388479 0.098367 -0.503926
v -0.357143 0.106378 -0.474978
v -0.214286 0.106377 -0.474741
v -0.184257 0.097480 -0.503565
v -0.190634 0.052819 -0.500000
v -0.236444 0.045135 -0.500000
v -0.244182 0.076471 -0.470103
v -0.041532 0.076471 -0.470103
v -0.050204 0.046455 -0.500000
v -0.095079 0.052820 -0.500000
v -0.102765 0.098367 -0.503927
v -0.071429 0.106378 -0.474979
v 0.071429 0.106378 -0.474979
v 0.101459 0.097455 -0.503763
v 0.095084 0.052815 -0.500000
v 0.049271 0.045135 -0.500000
v 0.041532 0.076471 -0.470103
v 0.244182 0.076471 -0.470103
v 0.235510 0.046455 -0.500000
v 0.190638 0.052824 -0.500000
v 0.182949 0.098394 -0.503720
v 0.214286 0.106377 -0.474741
v 0.357143 0.106378 -0.474978
v 0.387174 0.097455 -0.503762
v 0.380799 0.052815 -0.500000
v 0.334985 0.045135 -0.500000
v 0.327246 0.076471 -0.470103
v 0.500000 0.098375 -0.472663
v 0.500000 0.054480 -0.468901
v 0.468952 0.054417 -0.500000
v 0.468932 0.098142 -0.504162
v -0.500000 -0.098425 -0.468952
v -0.500000 -0.054516 -0.468952
v -0.468952 -0.054516 -0.500000
v -0.468952 -0.098425 -0.500000
v -0.357143 -0.106367 -0.470103
v -0.387159 -0.097695 -0.500000
v -0.380761 -0.052853 -0.500000
v -0.334985 -0.045135 -0.500000
v -0.327246 -0.076471 -0.470103
v -0.236240 -0.076471 -0.468952
v -0.236240 -0.045423 -0.500000
v -0.192331 -0.045423 -0.500000
v -0.192331 -0.076471 -0.468952
v -0.093383 -0.076471 -0.468952
v -0.093383 -0.045423 -0.500000
v -0.049474 -0.045423 -0.500000
v -0.049474 -0.076471 -0.468952
v 0.049474 -0.076471 -0.468952
v 0.049474 -0.045423 -0.500000
v 0.093383 -0.045423 -0.500000
v 0.093383 -0.076471 -0.468952
v 0.192331 -0.076471 -0.468952
v 0.192331 -0.045423 -0.500000
v 0.236240 -0.045423 -0.500000
v 0.236240 -0.076471 -0.468952
v 0.327246 -0.076471 -0.470103
v 0.335918 -0.046455 -0.500000
v 0.380761 -0.052853 -0.500000
v 0.388479 -0.098629 -0.500000
v 0.357143 -0.106367 -0.470103
v 0.468952 -0.098425 -0.500000
v 0.468952 -0.054516 -0.500000
v 0.500000 -0.054516 -0.468952
v 0.500000 -0.098425 -0.468952
v -0.357143 -0.106367 -0.384401
v -0.327127 -0.076471 -0.375729
v -0.333525 -0.076471 -0.330887
v -0.379301 -0.076471 -0.323169
v -0.387039 -0.106367 -0.354504
v -0.192331 -0.076471 -0.376459
v -0.192331 -0.076471 -0.332550
v -0.236240 -0.076471 -0.332550
v -0.236240 -0.076471 -0.376459
v -0.049474 -0.076471 -0.376459
v -0.049474 -0.076471 -0.332550
v -0.093383 -0.076471 -0.332550
v -0.093383 -0.076471 -0.376459
v 0.093383 -0.076471 -0.376459
v 0.093383 -0.076471 -0.332550
v 0.049474 -0.076471 -0.332550
v 0.049474 -0.076471 -0.376459
v 0.236240 -0.076471 -0.376459
v 0.236240 -0.076471 -0.332550
v 0.192331 -0.076471 -0.332550
v 0.192331 -0.076471 -0.376459
v 0.387039 -0.106367 -0.354504
v 0.378367 -0.076471 -0.324489
v 0.333525 -0.076471 -0.330887
v 0.325807 -0.076471 -0.376662
v 0.357143 -0.106367 -0.384401
v -0.387039 -0.106367 0.339533
v -0.378367 -0.076471 0.309517
v -0.333525 -0.076471 0.315915
v -0.325807 -0.076471 0.361691
v -0.357143 -0.106367 0.369430
v -0.236240 -0.076471 0.361488
v -0.236240 -0.076471 0.317579
v -0.192331 -0.076471 0.317579
v -0.192331 -0.076471 0.361488
v -0.093383 -0.076471 0.361488
v -0.093383 -0.076471 0.317579
v -0.049474 -0.076471 0.317579
v -0.049474 -0.076471 0.361488
v 0.049474 -0.076471 0.361488
v 0.049474 -0.076471 0.317579
v 0.093383 -0.076471 0.317579
v 0.093383 -0.076471 0.361488
v 0.192331 -0.076471 0.361488
v 0.192331 -0.076471 0.317579
v 0.236240 -0.076471 0.317579
v 0.236240 -0.076471 0.361488
v 0.357143 -0.106367 0.369430
v 0.327127 -0.076471 0.360758
v 0.333525 -0.076471 0.315915
v 0.379301 -0.076471 0.308197
v 0.387039 -0.106367 0.339533
v -0.470103 -0.076471 -0.324608
v -0.500000 -0.046455 -0.333280
v -0.500000 -0.052853 -0.378122
v -0.500000 -0.098629 -0.385840
v -0.470103 -0.106367 -0.354504
v 0.470103 -0.106367 -0.354504
v 0.500000 -0.097695 -0.384520
v 0.500000 -0.052853 -0.378122
v 0.500000 -0.045135 -0.332347
v 0.470103 -0.076471 -0.324608
v -0.470103 -0.106367 0.339533
v -0.500000 -0.097695 0.369549
v -0.500000 -0.052853 0.363151
v -0.500000 -0.045135 0.317375
v -0.470103 -0.076471 0.309637
v 0.470103 -0.076471 0.309637
v 0.500000 -0.046455 0.318309
v 0.500000 -0.052853 0.363151
v 0.500000 -0.098629 0.370869
v 0.470103 -0.106367 0.339533
v -0.500000 1.127641 -0.583000
v -0.500000 1.083751 -0.578319
v -0.470497 1.096704 -0.547521
v -0.468960 1.146509 -0.552173
v -0.333483 1.189266 -0.582748
v -0.336051 1.220705 -0.552173
v -0.380892 1.193432 -0.552173
v -0.389259 1.138407 -0.547857
v -0.357143 1.153274 -0.579885
v -0.357143 1.153087 -0.663302
v -0.385818 1.140720 -0.693452
v -0.380668 1.193295 -0.697669
v -0.335318 1.222158 -0.697669
v -0.333651 1.189192 -0.667310
v -0.468374 1.147278 -0.697669
v -0.468074 1.098360 -0.693097
v -0.500000 1.083946 -0.660300
v -0.500000 1.127933 -0.666428
v -0.214286 1.204505 -0.576041
v -0.182807 1.204488 -0.548242
v -0.190482 1.257021 -0.552173
v -0.236995 1.266588 -0.552173
v -0.248513 1.226482 -0.581088
v -0.248362 1.226548 -0.668881
v -0.235709 1.265166 -0.697669
v -0.190744 1.256850 -0.697669
v -0.182963 1.202918 -0.693460
v -0.214286 1.204427 -0.663315
v -0.041532 1.178774 -0.582070
v -0.050204 1.208789 -0.552173
v -0.095031 1.214908 -0.552173
v -0.101383 1.168179 -0.547916
v -0.071429 1.149172 -0.576939
v -0.071429 1.148204 -0.661130
v -0.102173 1.169714 -0.693624
v -0.095225 1.215206 -0.697669
v -0.049271 1.210109 -0.697669
v -0.041532 1.178774 -0.667772
v 0.071429 1.149172 -0.576939
v 0.100261 1.168576 -0.548075
v 0.095064 1.214959 -0.552173
v 0.049271 1.210109 -0.552173
v 0.041532 1.178774 -0.582070
v 0.041532 1.178774 -0.667772
v 0.050204 1.208789 -0.697669
v 0.095352 1.215401 -0.697669
v 0.103685 1.169269 -0.693426
v 0.071429 1.148204 -0.661130
v 0.248513 1.226482 -0.581088
v 0.235709 1.265166 -0.552173
v 0.190496 1.257012 -0.552173
v 0.180899 1.202247 -0.548004
v 0.214286 1.204505 -0.576041
v 0.214286 1.204427 -0.663315
v 0.184632 1.204971 -0.693684
v 0.190606 1.256940 -0.697669
v 0.236995 1.266588 -0.697669
v 0.248362 1.226548 -0.668881
v 0.357143 1.153274 -0.579885
v 0.388075 1.139901 -0.548017
v 0.380820 1.193388 -0.552173
v 0.335318 1.222158 -0.552173
v 0.333483 1.189266 -0.582748
v 0.333651 1.189192 -0.667310
v 0.336051 1.220705 -0.697669
v 0.380589 1.193247 -0.697669
v 0.386697 1.139548 -0.693323
v 0.357143 1.153087 -0.663302
v 0.468960 1.146509 -0.552173
v 0.470564 1.096725 -0.547532
v 0.500000 1.083713 -0.578364
v 0.500000 1.127641 -0.583000
v 0.500000 1.127933 -0.666428
v 0.500000 1.083771 -0.660001
v 0.468221 1.098395 -0.693118
v 0.468374 1.147278 -0.697669
v -0.500000 1.215826 -0.583867
v -0.469962 1.223722 -0.552173
v -0.476610 1.254060 -0.583867
v -0.336977 1.323991 -0.583294
v -0.376653 1.305180 -0.583150
v -0.379275 1.268684 -0.552173
v -0.335393 1.291104 -0.552173
v -0.335393 1.291104 -0.697669
v -0.379224 1.268792 -0.697669
v -0.376676 1.305169 -0.666656
v -0.336977 1.323991 -0.666549
v -0.476610 1.254060 -0.665976
v -0.469962 1.223722 -0.697669
v -0.500000 1.215826 -0.665976
v -0.192444 1.368142 -0.583067
v -0.236026 1.368206 -0.582913
v -0.236347 1.334005 -0.552173
v -0.192225 1.333974 -0.552173
v -0.192225 1.333974 -0.697669
v -0.236454 1.333794 -0.697669
v -0.236135 1.368159 -0.666775
v -0.192444 1.368142 -0.666775
v -0.049017 1.315029 -0.583193
v -0.092029 1.324070 -0.583311
v -0.093248 1.290907 -0.552173
v -0.049351 1.283806 -0.552173
v -0.049351 1.283806 -0.697669
v -0.093267 1.290885 -0.697669
v -0.091999 1.324057 -0.666576
v -0.049017 1.315029 -0.666649
v 0.091999 1.324057 -0.583266
v 0.049037 1.315029 -0.583165
v 0.049351 1.283806 -0.552173
v 0.093248 1.290907 -0.552173
v 0.093248 1.290907 -0.697669
v 0.049383 1.283851 -0.697669
v 0.049017 1.315029 -0.666649
v 0.091999 1.324057 -0.666576
v 0.236135 1.368159 -0.583067
v 0.192553 1.368190 -0.582913
v 0.192225 1.333974 -0.552173
v 0.236347 1.334005 -0.552173
v 0.236347 1.334005 -0.697669
v 0.192118 1.333762 -0.697669
v 0.192444 1.368142 -0.666775
v 0.236135 1.368159 -0.666775
v 0.376676 1.305169 -0.583186
v 0.336930 1.324011 -0.583366
v 0.335393 1.291104 -0.552173
v 0.379275 1.268684 -0.552173
v 0.379275 1.268684 -0.697669
v 0.335368 1.291077 -0.697669
v 0.336977 1.323991 -0.666549
v 0.376676 1.305169 -0.666656
v 0.476610 1.254060 -0.583867
v 0.469962 1.223722 -0.552173
v 0.500000 1.215826 -0.583867
v 0.476848 1.253938 -0.666298
v 0.500000 1.215826 -0.665976
v 0.469962 1.223722 -0.697669
v -0.500000 -0.450545 -0.468952
v -0.500000 -0.406636 -0.468952
v -0.468952 -0.406636 -0.500000
v -0.468952 -0.450545 -0.500000
v -0.327246 -0.428590 -0.470103
v -0.335918 -0.458606 -0.500000
v -0.380761 -0.452208 -0.500000
v -0.388479 -0.406433 -0.500000
v -0.357143 -0.398694 -0.470103
v -0.470103 -0.398694 -0.354504
v -0.500000 -0.407366 -0.384520
v -0.500000 -0.452208 -0.378122
v -0.500000 -0.459926 -0.332347
v -0.470103 -0.428590 -0.324608
v -0.192331 -0.428590 -0.468952
v -0.192331 -0.459639 -0.500000
v -0.236240 -0.459639 -0.500000
v -0.236240 -0.428590 -0.468952
v -0.388191 -0.397542 -0.354504
v -0.388191 -0.428590 -0.323456
v -0.357143 -0.459639 -0.323456
v -0.326095 -0.459639 -0.354504
v -0.326095 -0.428590 -0.385553
v -0.357143 -0.397542 -0.385553
v -0.236240 -0.428590 -0.385553
v -0.236240 -0.459639 -0.354504
v -0.192331 -0.459639 -0.354504
v -0.192331 -0.428590 -0.385553
v -0.049474 -0.428590 -0.468952
v -0.049474 -0.459639 -0.500000
v -0.093383 -0.459639 -0.500000
v -0.093383 -0.428590 -0.468952
v -0.093383 -0.428590 -0.385553
v -0.093383 -0.459639 -0.354504
v -0.049474 -0.459639 -0.354504
v -0.049474 -0.428590 -0.385553
v 0.093383 -0.428590 -0.468952
v 0.093383 -0.459639 -0.500000
v 0.049474 -0.459639 -0.500000
v 0.049474 -0.428590 -0.468952
v 0.049474 -0.428590 -0.385553
v 0.049474 -0.459639 -0.354504
v 0.093383 -0.459639 -0.354504
v 0.093383 -0.428590 -0.385553
v 0.236240 -0.428590 -0.468952
v 0.236240 -0.459639 -0.500000
v 0.192331 -0.459639 -0.500000
v 0.192331 -0.428590 -0.468952
v 0.192331 -0.428590 -0.385553
v 0.192331 -0.459639 -0.354504
v 0.236240 -0.459639 -0.354504
v 0.236240 -0.428590 -0.385553
v 0.357143 -0.398694 -0.470103
v 0.387159 -0.407366 -0.500000
v 0.380761 -0.452208 -0.500000
v 0.334985 -0.459926 -0.500000
v 0.327246 -0.428590 -0.470103
v 0.357143 -0.397542 -0.385553
v 0.326095 -0.428590 -0.385553
v 0.326095 -0.459639 -0.354504
v 0.357143 -0.459639 -0.323456
v 0.388191 -0.428590 -0.323456
v 0.388191 -0.397542 -0.354504
v 0.468952 -0.450545 -0.500000
v 0.468952 -0.406636 -0.500000
v 0.500000 -0.406636 -0.468952
v 0.500000 -0.450545 -0.468952
v 0.470103 -0.428590 -0.324608
v 0.500000 -0.458606 -0.333280
v 0.500000 -0.452208 -0.378122
v 0.500000 -0.406433 -0.385840
v 0.470103 -0.398694 -0.354504
v -0.357143 -0.397542 0.370581
v -0.326095 -0.428590 0.370581
v -0.326095 -0.459639 0.339533
v -0.357143 -0.459639 0.308485
v -0.388191 -0.428590 0.308485
v -0.388191 -0.397542 0.339533
v -0.470103 -0.428590 0.309637
v -0.500000 -0.458606 0.318309
v -0.500000 -0.452208 0.363151
v -0.500000 -0.406433 0.370869
v -0.470103 -0.398694 0.339533
v 0.470103 -0.398694 0.339533
v 0.500000 -0.407366 0.369549
v 0.500000 -0.452208 0.363151
v 0.500000 -0.459926 0.317375
v 0.470103 -0.428590 0.309637
v 0.388191 -0.397542 0.339533
v 0.388191 -0.428590 0.308485
v 0.357143 -0.459639 0.308485
v 0.326095 -0.459639 0.339533
v 0.326095 -0.428590 0.370581
v 0.357143 -0.397542 0.370581
v -0.357143 -0.398694 0.470103
v -0.387159 -0.407366 0.500000
v -0.380761 -0.452208 0.500000
v -0.334985 -0.459926 0.500000
v -0.327246 -0.428590 0.470103
v -0.468952 -0.450545 0.500000
v -0.468952 -0.406636 0.500000
v -0.500000 -0.406636 0.468952
v -0.500000 -0.450545 0.468952
v -0.192331 -0.428590 0.370581
v -0.192331 -0.459639 0.339533
v -0.236240 -0.459639 0.339533
v -0.236240 -0.428590 0.370581
v -0.236240 -0.428590 0.468952
v -0.236240 -0.459639 0.500000
v -0.192331 -0.459639 0.500000
v -0.192331 -0.428590 0.468952
v -0.049474 -0.428590 0.370581
v -0.049474 -0.459639 0.339533
v -0.093383 -0.459639 0.339533
v -0.093383 -0.428590 0.370581
v -0.093383 -0.428590 0.468952
v -0.093383 -0.459639 0.500000
v -0.049474 -0.459639 0.500000
v -0.049474 -0.428590 0.468952
v 0.093383 -0.428590 0.370581
v 0.093383 -0.459639 0.339533
v 0.049474 -0.459639 0.339533
v 0.049474 -0.428590 0.370581
v 0.049474 -0.428590 0.468952
v 0.049474 -0.459639 0.500000
v 0.093383 -0.459639 0.500000
v 0.093383 -0.428590 0.468952
v 0.236240 -0.428590 0.370581
v 0.236240 -0.459639 0.339533
v 0.192331 -0.459639 0.339533
v 0.192331 -0.428590 0.370581
v 0.192331 -0.428590 0.468952
v 0.192331 -0.459639 0.500000
v 0.236240 -0.459639 0.500000
v 0.236240 -0.428590 0.468952
v 0.327246 -0.428590 0.470103
v 0.335918 -0.458606 0.500000
v 0.380761 -0.452208 0.500000
v 0.388479 -0.406433 0.500000
v 0.357143 -0.398694 0.470103
v 0.500000 -0.450545 0.468952
v 0.500000 -0.406636 0.468952
v 0.468952 -0.406636 0.500000
v 0.468952 -0.450545 0.500000
v -0.500000 -0.580703 -0.468952
v -0.500000 -0.536794 -0.468952
v -0.468952 -0.536794 -0.500000
v -0.468952 -0.580703 -0.500000
v -0.357143 -0.588645 -0.470103
v -0.387159 -0.579973 -0.500000
v -0.380761 -0.535131 -0.500000
v -0.334985 -0.527413 -0.500000
v -0.327246 -0.558749 -0.470103
v -0.357143 -0.589797 -0.385553
v -0.326095 -0.558749 -0.385553
v -0.326095 -0.527700 -0.354504
v -0.357143 -0.527700 -0.323456
v -0.388191 -0.558749 -0.323456
v -0.388191 -0.589797 -0.354504
v -0.470103 -0.558749 -0.324608
v -0.500000 -0.528733 -0.333280
v -0.500000 -0.535131 -0.378122
v -0.500000 -0.580906 -0.385840
v -0.470103 -0.588645 -0.354504
v -0.236240 -0.558749 -0.468952
v -0.236240 -0.527700 -0.500000
v -0.192331 -0.527700 -0.500000
v -0.192331 -0.558749 -0.468952
v -0.192331 -0.558749 -0.385553
v -0.192331 -0.527700 -0.354504
v -0.236240 -0.527700 -0.354504
v -0.236240 -0.558749 -0.385553
v -0.093383 -0.558749 -0.468952
v -0.093383 -0.527700 -0.500000
v -0.049474 -0.527700 -0.500000
v -0.049474 -0.558749 -0.468952
v -0.049474 -0.558749 -0.385553
v -0.049474 -0.527700 -0.354504
v -0.093383 -0.527700 -0.354504
v -0.093383 -0.558749 -0.385553
v 0.049474 -0.558749 -0.468952
v 0.049474 -0.527700 -0.500000
v 0.093383 -0.527700 -0.500000
v 0.093383 -0.558749 -0.468952
v 0.093383 -0.558749 -0.385553
v 0.093383 -0.527700 -0.354504
v 0.049474 -0.527700 -0.354504
v 0.049474 -0.558749 -0.385553
v 0.192331 -0.558749 -0.468952
v 0.192331 -0.527700 -0.500000
v 0.236240 -0.527700 -0.500000
v 0.236240 -0.558749 -0.468952
v 0.236240 -0.558749 -0.385553
v 0.236240 -0.527700 -0.354504
v 0.192331 -0.527700 -0.354504
v 0.192331 -0.558749 -0.385553
v 0.327246 -0.558749 -0.470103
v 0.335918 -0.528733 -0.500000
v 0.380761 -0.535131 -0.500000
v 0.388479 -0.580906 -0.500000
v 0.357143 -0.588645 -0.470103
v 0.388191 -0.589797 -0.354504
v 0.388191 -0.558749 -0.323456
v 0.357143 -0.527700 -0.323456
v 0.326095 -0.527700 -0.354504
v 0.326095 -0.558749 -0.385553
v 0.357143 -0.589797 -0.385553
v 0.468952 -0.580703 -0.500000
v 0.468952 -0.536794 -0.500000
v 0.500000 -0.536794 -0.468952
v 0.500000 -0.580703 -0.468952
v 0.470103 -0.588645 -0.354504
v 0.500000 -0.579973 -0.384520
v 0.500000 -0.535131 -0.378122
v 0.500000 -0.527413 -0.332347
v 0.470103 -0.558749 -0.324608
v -0.388191 -0.589797 0.339533
v -0.388191 -0.558749 0.308485
v -0.357143 -0.527700 0.308485
v -0.326095 -0.527700 0.339533
v -0.326095 -0.558749 0.370581
v -0.357143 -0.589797 0.370581
v -0.470103 -0.588645 0.339533
v -0.500000 -0.579973 0.369549
v -0.500000 -0.535131 0.363151
v -0.500000 -0.527413 0.317375
v -0.470103 -0.558749 0.309637
v 0.470103 -0.558749 0.309637
v 0.500000 -0.528733 0.318309
v 0.500000 -0.535131 0.363151
v 0.500000 -0.580906 0.370869
v 0.470103 -0.588645 0.339533
v 0.326095 -0.558749 0.370581
v 0.326095 -0.527700 0.339533
v 0.357143 -0.527700 0.308485
v 0.388191 -0.558749 0.308485
v 0.388191 -0.589797 0.339533
v 0.357143 -0.589797 0.370581
v -0.327246 -0.558749 0.470103
v -0.335918 -0.528733 0.500000
v -0.380761 -0.535131 0.500000
v -0.388479 -0.580906 0.500000
v -0.357143 -0.588645 0.470103
v -0.468952 -0.580703 0.500000
v -0.468952 -0.536794 0.500000
v -0.500000 -0.536794 0.468952
v -0.500000 -0.580703 0.468952
v -0.236240 -0.558749 0.370581
v -0.236240 -0.527700 0.339533
v -0.192331 -0.527700 0.339533
v -0.192331 -0.558749 0.370581
v -0.192331 -0.558749 0.468952
v -0.192331 -0.527700 0.500000
v -0.236240 -0.527700 0.500000
v -0.236240 -0.558749 0.468952
v -0.093383 -0.558749 0.370581
v -0.093383 -0.527700 0.339533
v -0.049474 -0.527700 0.339533
v -0.049474 -0.558749 0.370581
v -0.049474 -0.558749 0.468952
v -0.049474 -0.527700 0.500000
v -0.093383 -0.527700 0.500000
v -0.093383 -0.558749 0.468952
v 0.049474 -0.558749 0.370581
v 0.049474 -0.527700 0.339533
v 0.093383 -0.527700 0.339533
v 0.093383 -0.558749 0.370581
v 0.093383 -0.558749 0.468952
v 0.093383 -0.527700 0.500000
v 0.049474 -0.527700 0.500000
v 0.049474 -0.558749 0.468952
v 0.192331 -0.558749 0.370581
v 0.192331 -0.527700 0.339533
v 0.236240 -0.527700 0.339533
v 0.236240 -0.558749 0.370581
v 0.236240 -0.558749 0.468952
v 0.236240 -0.527700 0.500000
v 0.192331 -0.527700 0.500000
v 0.192331 -0.558749 0.468952
v 0.357143 -0.588645 0.470103
v 0.387159 -0.579973 0.500000
v 0.380761 -0.535131 0.500000
v 0.334985 -0.527413 0.500000
v 0.327246 -0.558749 0.470103
v 0.500000 -0.580703 0.468952
v 0.500000 -0.536794 0.468952
v 0.468952 -0.536794 0.500000
v 0.468952 -0.580703 0.500000
v -0.500000 -1.002144 -0.468952
v -0.468952 -1.002144 -0.500000
v -0.468952 -1.033192 -0.468952
v -0.388191 -1.033192 -0.468952
v -0.388191 -1.002144 -0.500000
v -0.357143 -1.002144 -0.468952
v -0.388191 -1.002144 -0.354504
v -0.388191 -1.033192 -0.385553
v -0.357143 -1.002144 -0.385553
v -0.468952 -1.033192 -0.385553
v -0.468952 -1.002144 -0.354504
v -0.500000 -1.002144 -0.385553
v 0.388191 -1.033192 -0.468952
v 0.357143 -1.002144 -0.468952
v 0.388191 -1.002144 -0.500000
v 0.357143 -1.002144 -0.385553
v 0.388191 -1.033192 -0.385553
v 0.388191 -1.002144 -0.354504
v 0.468952 -1.033192 -0.468952
v 0.468952 -1.002144 -0.500000
v 0.500000 -1.002144 -0.468952
v 0.468952 -1.033192 -0.385553
v 0.500000 -1.002144 -0.385553
v 0.468952 -1.002144 -0.354504
v -0.500000 -1.002144 0.370581
v -0.468952 -1.002144 0.339533
v -0.468952 -1.033192 0.370581
v -0.357143 -1.002144 0.370581
v -0.388191 -1.033192 0.370581
v -0.388191 -1.002144 0.339533
v 0.468952 -1.033192 0.370581
v 0.468952 -1.002144 0.339533
v 0.500000 -1.002144 0.370581
v 0.388191 -1.002144 0.339533
v 0.388191 -1.033192 0.370581
v 0.357143 -1.002144 0.370581
v -0.388191 -1.033192 0.468952
v -0.357143 -1.002144 0.468952
v -0.388191 -1.002144 0.500000
v -0.468952 -1.033192 0.468952
v -0.468952 -1.002144 0.500000
v -0.500000 -1.002144 0.468952
v 0.388191 -1.002144 0.500000
v 0.357143 -1.002144 0.468952
v 0.388191 -1.033192 0.468952
v 0.468952 -1.033192 0.468952
v 0.500000 -1.002144 0.468952
v 0.468952 -1.002144 0.500000
vt 0.382762 0.922509
vt 0.381788 0.095027
vt 0.382762 0.144554
vt 0.362720 0.135082
vt 0.360957 0.058775
vt 0.340177 0.383048
vt 0.418188 0.566146
vt 0.416020 0.376651
vt 0.402880 0.641142
vt 0.440940 0.254202
vt 0.451917 0.177362
vt 0.451917 0.050752
vt 0.476654 0.177362
vt 0.487631 0.177362
vt 0.487631 0.050752
vt 0.512369 0.177362
vt 0.523346 0.177362
vt 0.523346 0.050752
vt 0.548083 0.177362
vt 0.559060 0.177362
vt 0.559060 0.127592
vt 0.581812 0.472991
vt 0.596791 0.605067
vt 0.589286 0.620081
vt 0.595875 0.407747
vt 0.595190 0.378732
vt 0.630465 0.923766
vt 0.617238 0.891327
vt 0.632050 0.077550
vt 0.654287 0.322157
vt 0.633062 0.124568
vt 0.375000 0.266124
vt 0.375000 0.321932
vt 0.382762 0.300752
vt 0.405226 0.300752
vt 0.416203 0.223911
vt 0.440940 0.199248
vt 0.451917 0.199248
vt 0.476654 0.199248
vt 0.487631 0.199248
vt 0.512369 0.199248
vt 0.523346 0.199248
vt 0.548083 0.199248
vt 0.559060 0.276089
vt 0.583797 0.300752
vt 0.594774 0.223911
vt 0.617238 0.199248
vt 0.625000 0.266124
vt 0.333032 0.358704
vt 0.382762 0.321932
vt 0.405226 0.321932
vt 0.375000 0.335970
vt 0.382762 0.335970
vt 0.375000 0.414006
vt 0.416203 0.321932
vt 0.440940 0.321932
vt 0.451917 0.321932
vt 0.476654 0.321932
vt 0.487631 0.321932
vt 0.512369 0.321932
vt 0.523346 0.321932
vt 0.548083 0.321932
vt 0.559060 0.321932
vt 0.583797 0.321932
vt 0.594774 0.321932
vt 0.617238 0.321932
vt 0.701193 0.290975
vt 0.688473 0.292293
vt 0.660836 0.426162
vt 0.625000 0.335969
vt 0.190885 0.250000
vt 0.149136 0.250000
vt 0.207675 0.275724
vt 0.382297 0.413162
vt 0.405354 0.413310
vt 0.410714 0.434388
vt 0.416583 0.413848
vt 0.440592 0.413864
vt 0.451969 0.413183
vt 0.476783 0.413310
vt 0.453795 0.416667
vt 0.482143 0.434392
vt 0.488011 0.413848
vt 0.512025 0.413865
vt 0.523398 0.413197
vt 0.548214 0.413298
vt 0.525214 0.416667
vt 0.553571 0.434374
vt 0.559442 0.413847
vt 0.583453 0.413865
vt 0.594826 0.413197
vt 0.617847 0.413231
vt 0.596640 0.416667
vt 0.772763 0.282709
vt 0.819286 0.250000
vt 0.805180 0.211435
vt 0.857188 0.214054
vt 0.861304 0.250000
vt 0.375000 0.481934
vt 0.382767 0.500000
vt 0.382762 0.536049
vt 0.375000 0.714113
vt 0.418188 0.482877
vt 0.438954 0.482877
vt 0.416020 0.549064
vt 0.402880 0.500000
vt 0.446429 0.482626
vt 0.453933 0.500000
vt 0.452342 0.538662
vt 0.489617 0.482877
vt 0.510383 0.482877
vt 0.487449 0.549064
vt 0.474310 0.500000
vt 0.517857 0.482597
vt 0.525365 0.500000
vt 0.523771 0.538668
vt 0.561046 0.482877
vt 0.581812 0.482877
vt 0.558878 0.549064
vt 0.545737 0.500000
vt 0.589286 0.482597
vt 0.596796 0.500000
vt 0.595200 0.538668
vt 0.617235 0.500000
vt 0.625000 0.535946
vt 0.156101 0.077753
vt 0.264612 0.387636
vt 0.382762 0.714113
vt 0.404810 0.711394
vt 0.410714 0.767123
vt 0.416254 0.698778
vt 0.440940 0.699248
vt 0.451917 0.699248
vt 0.476654 0.699248
vt 0.487631 0.699248
vt 0.512369 0.699248
vt 0.523346 0.699248
vt 0.548083 0.699248
vt 0.559060 0.699248
vt 0.583980 0.700936
vt 0.595190 0.711394
vt 0.617238 0.714113
vt 0.597120 0.750000
vt 0.822977 0.130056
vt 0.851396 0.064990
vt 0.748256 0.323294
vt 0.738526 0.341184
vt 0.418218 0.821177
vt 0.440940 0.820759
vt 0.416619 0.836169
vt 0.392249 0.772469
vt 0.451917 0.820759
vt 0.476654 0.820759
vt 0.451917 0.835969
vt 0.487631 0.820759
vt 0.512369 0.820759
vt 0.487631 0.835969
vt 0.523346 0.820759
vt 0.548083 0.820759
vt 0.523346 0.835969
vt 0.559060 0.820759
vt 0.581452 0.820642
vt 0.559060 0.835969
vt 0.589286 0.816210
vt 0.607124 0.781512
vt 0.605171 0.773231
vt 0.410714 0.839037
vt 0.394520 0.820748
vt 0.416619 0.913831
vt 0.440940 0.914031
vt 0.440940 0.859660
vt 0.451917 0.914031
vt 0.476654 0.914031
vt 0.476654 0.791253
vt 0.487631 0.914031
vt 0.512369 0.914031
vt 0.512369 0.791253
vt 0.523346 0.914031
vt 0.548083 0.914031
vt 0.548083 0.791253
vt 0.559060 0.914031
vt 0.583381 0.913831
vt 0.581782 0.795422
vt 0.601288 0.841815
vt 0.316581 0.507455
vt 0.347732 0.552457
vt 0.322136 0.415648
vt 0.314857 0.514673
vt 0.676344 0.539242
vt 0.722747 0.382519
vt 0.676118 0.416172
vt 0.650473 0.550662
vt 0.349527 0.554251
vt 0.655908 0.592949
vt 0.375000 0.434323
vt 0.375000 0.481005
vt 0.382383 0.416667
vt 0.402685 0.416667
vt 0.410714 0.435171
vt 0.410714 0.482967
vt 0.416629 0.434179
vt 0.415987 0.416667
vt 0.403546 0.500000
vt 0.382989 0.500000
vt 0.404833 0.500000
vt 0.416171 0.500000
vt 0.375000 0.482107
vt 0.437872 0.433228
vt 0.437909 0.483512
vt 0.446429 0.483924
vt 0.454298 0.416667
vt 0.474650 0.416667
vt 0.452379 0.416667
vt 0.441073 0.500000
vt 0.452314 0.500000
vt 0.474453 0.500000
vt 0.482143 0.433892
vt 0.482143 0.482212
vt 0.489617 0.433790
vt 0.487449 0.416667
vt 0.476194 0.500000
vt 0.487682 0.500000
vt 0.510383 0.433790
vt 0.510383 0.482877
vt 0.517857 0.482212
vt 0.525069 0.416667
vt 0.545225 0.416667
vt 0.523766 0.416667
vt 0.512551 0.500000
vt 0.523838 0.500000
vt 0.546158 0.500000
vt 0.553571 0.433930
vt 0.553571 0.483924
vt 0.562128 0.433228
vt 0.558927 0.416667
vt 0.547652 0.500000
vt 0.559249 0.500000
vt 0.583371 0.434179
vt 0.583413 0.482612
vt 0.589286 0.482967
vt 0.597019 0.416667
vt 0.617634 0.416667
vt 0.595205 0.416667
vt 0.584013 0.500000
vt 0.595147 0.500000
vt 0.617048 0.500000
vt 0.625000 0.434101
vt 0.625000 0.480853
vt 0.617093 0.500000
vt 0.375000 0.481847
vt 0.382510 0.416667
vt 0.405181 0.416667
vt 0.416152 0.416667
vt 0.440913 0.416667
vt 0.415756 0.434491
vt 0.415756 0.482176
vt 0.440887 0.500000
vt 0.405194 0.500000
vt 0.382510 0.500000
vt 0.380848 0.481847
vt 0.451944 0.416667
vt 0.476688 0.416667
vt 0.451889 0.434361
vt 0.440966 0.482305
vt 0.451889 0.482305
vt 0.476683 0.500000
vt 0.487662 0.416667
vt 0.512338 0.416667
vt 0.487746 0.434433
vt 0.477000 0.482191
vt 0.487746 0.482233
vt 0.512346 0.500000
vt 0.523312 0.416667
vt 0.548056 0.416667
vt 0.523000 0.434475
vt 0.512254 0.482233
vt 0.523000 0.482191
vt 0.548029 0.500000
vt 0.559087 0.416667
vt 0.583848 0.416667
vt 0.559034 0.434361
vt 0.548111 0.482305
vt 0.559034 0.482305
vt 0.583842 0.500000
vt 0.594819 0.416667
vt 0.617490 0.416667
vt 0.594169 0.434429
vt 0.584244 0.482176
vt 0.594169 0.482237
vt 0.617490 0.500000
vt 0.625000 0.434819
vt 0.625000 0.481847
vt 0.619212 0.482032
vt 0.375000 0.767783
vt 0.375000 0.816142
vt 0.382762 0.750000
vt 0.402880 0.750000
vt 0.410714 0.767125
vt 0.410714 0.815549
vt 0.418188 0.767123
vt 0.416020 0.750000
vt 0.402952 0.833333
vt 0.375000 0.819806
vt 0.375000 0.835994
vt 0.440940 0.767783
vt 0.451917 0.767783
vt 0.451917 0.750000
vt 0.402952 0.837061
vt 0.410714 0.837061
vt 0.418476 0.833333
vt 0.440940 0.815550
vt 0.440940 0.833333
vt 0.451917 0.833333
vt 0.476654 0.767783
vt 0.476654 0.815550
vt 0.487631 0.767783
vt 0.487631 0.750000
vt 0.476654 0.833333
vt 0.487631 0.833333
vt 0.512369 0.767783
vt 0.512369 0.815550
vt 0.523346 0.767783
vt 0.523346 0.750000
vt 0.512369 0.833333
vt 0.523346 0.833333
vt 0.548083 0.767783
vt 0.548083 0.815550
vt 0.559060 0.767783
vt 0.559060 0.750000
vt 0.548083 0.833333
vt 0.559060 0.833333
vt 0.581812 0.767123
vt 0.581524 0.815550
vt 0.589286 0.815550
vt 0.596790 0.750000
vt 0.617238 0.750000
vt 0.595190 0.750000
vt 0.581524 0.833333
vt 0.589286 0.837061
vt 0.597048 0.837061
vt 0.617525 0.833333
vt 0.630196 0.741804
vt 0.630244 0.789166
vt 0.617526 0.836923
vt 0.625000 0.835882
vt 0.410714 0.888709
vt 0.410714 0.942021
vt 0.418476 0.932790
vt 0.418476 0.916667
vt 0.402952 0.912939
vt 0.382474 0.913077
vt 0.378936 0.877752
vt 0.375000 0.914118
vt 0.375000 0.928932
vt 0.372402 0.955299
vt 0.617526 0.913077
vt 0.597048 0.912939
vt 0.597048 0.916667
vt 0.625000 0.932254
vt 0.625000 0.983876
vt 0.625000 0.928932
vt 0.589286 0.912939
vt 0.581524 0.916667
vt 0.581524 0.932790
vt 0.589286 0.984473
vt 0.403210 1.000000
vt 0.382762 1.000000
vt 0.404810 1.000000
vt 0.416254 1.000000
vt 0.375000 0.983876
vt 0.440940 0.932790
vt 0.440940 0.983876
vt 0.451917 0.932790
vt 0.451917 0.916667
vt 0.440940 1.000000
vt 0.451917 1.000000
vt 0.476654 0.932790
vt 0.476654 0.983876
vt 0.487631 0.932790
vt 0.487632 0.916667
vt 0.476654 1.000000
vt 0.487631 1.000000
vt 0.512369 0.932790
vt 0.512369 0.983876
vt 0.523346 0.932790
vt 0.523346 0.916667
vt 0.512369 1.000000
vt 0.523346 1.000000
vt 0.548083 0.932790
vt 0.548083 0.983876
vt 0.559060 0.916667
vt 0.548083 1.000000
vt 0.559060 1.000000
vt 0.581812 0.984474
vt 0.583980 1.000000
vt 0.595190 1.000000
vt 0.617238 0.968825
vt 0.617238 1.000000
vt 0.375000 0.767784
vt 0.375000 0.819806
vt 0.382762 0.750000
vt 0.404810 0.750000
vt 0.410714 0.767123
vt 0.416254 0.750000
vt 0.440940 0.750000
vt 0.418476 0.815550
vt 0.440940 0.833333
vt 0.410714 0.837061
vt 0.410714 0.912939
vt 0.402952 0.837061
vt 0.382474 0.836923
vt 0.375000 0.914006
vt 0.375000 0.815384
vt 0.440940 0.815550
vt 0.451917 0.750000
vt 0.476654 0.750000
vt 0.451917 0.815550
vt 0.476654 0.833333
vt 0.476654 0.815550
vt 0.487631 0.750000
vt 0.512369 0.750000
vt 0.487631 0.815550
vt 0.512369 0.833333
vt 0.512369 0.815550
vt 0.523346 0.750000
vt 0.548083 0.750000
vt 0.523346 0.815550
vt 0.548083 0.833333
vt 0.548083 0.815550
vt 0.559060 0.750000
vt 0.583980 0.750000
vt 0.559060 0.815550
vt 0.581524 0.833333
vt 0.581524 0.815550
vt 0.595190 0.750000
vt 0.617238 0.750000
vt 0.597120 0.750000
vt 0.589286 0.815550
vt 0.597048 0.833333
vt 0.597048 0.837061
vt 0.589286 0.912939
vt 0.625000 0.767783
vt 0.625000 0.819806
vt 0.617526 0.833333
vt 0.625000 0.835994
vt 0.625000 0.914118
vt 0.402952 0.916667
vt 0.382474 0.913077
vt 0.418476 0.916667
vt 0.440940 0.916667
vt 0.418476 0.932790
vt 0.382474 0.916667
vt 0.375000 0.932252
vt 0.375000 0.983876
vt 0.597048 0.912939
vt 0.625000 0.928932
vt 0.625000 0.983876
vt 0.625000 0.932942
vt 0.581524 0.932790
vt 0.559060 0.916667
vt 0.597048 0.916667
vt 0.418188 0.984474
vt 0.440940 1.000000
vt 0.404810 1.000000
vt 0.382762 1.000000
vt 0.402880 1.000000
vt 0.375000 0.983876
vt 0.440940 0.983876
vt 0.451917 0.916667
vt 0.476654 0.916667
vt 0.451917 0.983876
vt 0.476654 1.000000
vt 0.476654 0.983876
vt 0.487631 0.916667
vt 0.512369 0.916667
vt 0.487631 0.983876
vt 0.512369 1.000000
vt 0.512369 0.983876
vt 0.523346 0.916667
vt 0.548083 0.916667
vt 0.523346 0.983876
vt 0.548083 1.000000
vt 0.559060 0.932790
vt 0.548083 0.983876
vt 0.559060 0.983876
vt 0.581812 0.984474
vt 0.583746 1.000000
vt 0.589286 0.984474
vt 0.596790 1.000000
vt 0.617238 1.000000
vt 0.617238 1.000000
vt 0.375000 0.815550
vt 0.382762 0.750000
vt 0.402952 0.750000
vt 0.410714 0.767781
vt 0.410714 0.815546
vt 0.402953 0.833333
vt 0.382762 0.833333
vt 0.382762 0.815550
vt 0.597048 0.750000
vt 0.617238 0.750000
vt 0.597048 0.767783
vt 0.589286 0.815552
vt 0.597048 0.815550
vt 0.617239 0.833333
vt 0.625000 0.767783
vt 0.625000 0.815550
vt 0.617238 0.815550
vt 0.375000 0.983876
vt 0.382761 0.916667
vt 0.402952 0.916667
vt 0.410714 0.932788
vt 0.410714 0.983876
vt 0.625000 0.932790
vt 0.625000 0.983876
vt 0.617238 0.932790
vt 0.597047 0.916667
vt 0.597048 0.932790
vt 0.589286 0.983876
vt 0.402952 1.000000
vt 0.382762 1.000000
vt 0.382762 0.983876
vt 0.597048 0.983876
vt 0.617238 0.983876
vt 0.617238 1.000000
vt 0.404810 0.455943
vt 0.440940 0.050752
vt 0.476654 0.050752
vt 0.512369 0.050752
vt 0.548083 0.050752
vt 0.583746 0.448778
vt 0.617238 0.072781
vt 0.382762 0.266124
vt 0.405226 0.266124
vt 0.416203 0.266124
vt 0.440940 0.266124
vt 0.451917 0.266124
vt 0.476654 0.266124
vt 0.487631 0.266124
vt 0.512369 0.266124
vt 0.523346 0.266124
vt 0.548083 0.266124
vt 0.559060 0.266124
vt 0.583797 0.266124
vt 0.594774 0.266124
vt 0.617238 0.266124
vt 0.405226 0.335970
vt 0.416203 0.335970
vt 0.440940 0.335970
vt 0.451917 0.335970
vt 0.476654 0.335970
vt 0.487631 0.335970
vt 0.512369 0.335970
vt 0.523346 0.335970
vt 0.548083 0.335970
vt 0.559060 0.335970
vt 0.583797 0.335970
vt 0.594774 0.335970
vt 0.617238 0.335970
vt 0.380848 0.434819
vt 0.405837 0.434409
vt 0.405831 0.482237
vt 0.440994 0.434273
vt 0.476993 0.434501
vt 0.512259 0.434417
vt 0.548138 0.434273
vt 0.584233 0.434532
vt 0.619152 0.434819
vt 0.404802 0.538660
vt 0.440889 0.551222
vt 0.476230 0.538660
vt 0.512318 0.551222
vt 0.547660 0.538654
vt 0.583746 0.551222
vt 0.617238 0.536049
vt 0.382762 0.767783
vt 0.402952 0.767783
vt 0.402952 0.815550
vt 0.617238 0.767783
vt 0.440940 0.835969
vt 0.476654 0.835969
vt 0.512369 0.835969
vt 0.548083 0.835969
vt 0.583381 0.836169
vt 0.382762 0.932790
vt 0.402952 0.932790
vt 0.402952 0.983876
vt 0.160566 0.124802
vt 0.154794 0.273964
vt 0.276586 0.385231
vt 0.297489 0.292293
vt 0.226738 0.285478
vt 0.358876 0.199248
vt 0.305826 0.229586
vt 0.382289 0.416667
vt 0.403463 0.416667
vt 0.375000 0.434072
vt 0.474894 0.416667
vt 0.454259 0.500000
vt 0.546305 0.416667
vt 0.525926 0.500000
vt 0.617708 0.416667
vt 0.625000 0.434201
vt 0.625000 0.481925
vt 0.596674 0.500000
vt 0.382760 0.416667
vt 0.404777 0.416667
vt 0.382907 0.500000
vt 0.375000 0.434819
vt 0.440751 0.416667
vt 0.416152 0.500000
vt 0.476242 0.416667
vt 0.451944 0.500000
vt 0.512318 0.416667
vt 0.487662 0.500000
vt 0.547624 0.416667
vt 0.523312 0.500000
vt 0.583830 0.416667
vt 0.559087 0.500000
vt 0.617240 0.416667
vt 0.625000 0.434323
vt 0.625000 0.482107
vt 0.594819 0.500000
vt 0.382762 0.750000
vt 0.403209 0.750000
vt 0.375000 0.767783
vt 0.617238 0.750000
vt 0.642784 0.678864
vt 0.691140 0.485440
vt 0.366938 0.895194
vt 0.341127 0.559650
vt 0.372378 0.904098
vt 0.597120 0.968536
vt 0.382762 0.750000
vt 0.404810 0.750000
vt 0.375000 0.767783
vt 0.440940 0.750000
vt 0.418476 0.833333
vt 0.476654 0.750000
vt 0.451917 0.833333
vt 0.512369 0.750000
vt 0.487631 0.833333
vt 0.548083 0.750000
vt 0.523346 0.833333
vt 0.583746 0.750000
vt 0.559060 0.833333
vt 0.617238 0.750000
vt 0.625000 0.767783
vt 0.625000 0.819806
vt 0.410714 0.912939
vt 0.375000 0.835882
vt 0.625000 0.914006
vt 0.589286 0.837061
vt 0.382762 1.000000
vt 0.375000 0.928932
vt 0.440940 0.916667
vt 0.416020 1.000000
vt 0.476654 0.916667
vt 0.451917 1.000000
vt 0.512369 0.916667
vt 0.487631 1.000000
vt 0.548083 0.916667
vt 0.523346 1.000000
vt 0.581524 0.916667
vt 0.559060 1.000000
vt 0.625000 0.983876
vt 0.595190 1.000000
vt 0.382762 0.750000
vt 0.403210 0.750000
vt 0.375000 0.767783
vt 0.617238 0.750000
vt 0.625000 0.767784
vt 0.625000 0.816145
vt 0.382762 1.000000
vt 0.375000 0.932790
vt 0.625000 0.983876
vt 0.597048 1.000000
vt 0.451917 0.767783
vt 0.476654 0.767783
vt 0.487631 0.767783
vt 0.512369 0.767783
vt 0.523346 0.767783
vt 0.548083 0.767783
vt 0.617526 0.836923
vt 0.617526 0.913077
vt 0.559060 0.767783
vt 0.581812 0.767123
vt 0.617238 0.916667
vt 0.617526 0.916667
vt 0.597048 0.833333
vt 0.589286 0.767787
vt 0.589286 0.767123
vt 0.589286 0.932790
vt 0.589286 0.932790
vt 0.382474 0.836923
vt 0.559060 0.932790
vt 0.559060 0.983876
vt 0.523346 0.983876
vt 0.487631 0.983876
vt 0.451917 0.983876
vt 0.418188 0.984474
vt 0.559060 0.815550
vt 0.523346 0.815550
vt 0.487631 0.815550
vt 0.451917 0.815550
vt 0.418476 0.815550
vt 0.402952 0.912939
vt 0.418188 0.767123
vt 0.440940 0.767783
vt 0.440940 0.932790
vt 0.451917 0.932790
vt 0.476654 0.932790
vt 0.487631 0.932790
vt 0.512369 0.932790
vt 0.523346 0.932790
vt 0.548083 0.932790
vt 0.410714 0.932790
vt 0.410714 0.984474
vt 0.402952 0.833333
vt 0.382474 0.833333
vt 0.410714 0.815550
vt 0.418188 0.767123
vt 0.440940 0.767783
vt 0.451917 0.767783
vt 0.476654 0.767783
vt 0.487631 0.767783
vt 0.512369 0.767783
vt 0.523346 0.767783
vt 0.548083 0.767783
vt 0.559060 0.767783
vt 0.581812 0.767123
vt 0.681625 0.505660
vt 0.397416 0.846770
vt 0.559060 0.791253
vt 0.523346 0.791253
vt 0.487631 0.791253
vt 0.451917 0.791253
vt 0.418548 0.859132
vt 0.410714 0.577629
vt 0.399278 0.876253
vt 0.589286 0.932789
vt 0.589286 0.881490
vt 0.646935 0.593166
vt 0.617526 0.916667
vt 0.601942 0.859663
vt 0.597048 0.833333
vt 0.589286 0.767123
vt 0.589286 0.767123
vt 0.410714 0.816210
vt 0.323656 0.539242
vt 0.382474 0.833333
vt 0.392876 0.781512
vt 0.489647 0.428823
vt 0.510353 0.428823
vt 0.418218 0.428823
vt 0.438925 0.428823
vt 0.561075 0.428823
vt 0.581782 0.428823
vt 0.589286 0.434398
vt 0.589286 0.435171
vt 0.410714 0.482612
vt 0.482143 0.482590
vt 0.416587 0.482612
vt 0.553571 0.482624
vt 0.517857 0.434398
vt 0.517857 0.433892
vt 0.446429 0.434369
vt 0.446429 0.433930
vt 0.489617 0.482877
vt 0.562091 0.483512
vt 0.375000 0.000000
vt 0.399352 0.340932
vt 0.410714 0.500000
vt 0.589286 0.500000
vt 0.625000 0.000000
vt 0.613729 0.157791
vt 0.633062 0.287930
vt 0.375000 0.333333
vt 0.625000 0.333333
vt 0.625000 0.321932
vt 0.375000 0.434202
vt 0.375000 0.416667
vt 0.625000 0.414118
vt 0.625000 0.416667
vt 0.375000 0.535946
vt 0.375000 0.500000
vt 0.362413 0.704848
vt 0.625000 0.714113
vt 0.625000 0.750000
vt 0.239223 0.285558
vt 0.291667 0.416667
vt 0.708333 0.416667
vt 0.333333 0.458333
vt 0.666667 0.458333
vn -0.707107 0.000000 0.707107
vn -0.707107 0.000000 0.707107
vn -0.707107 0.000000 0.707107
vn -0.707107 0.000000 0.707107
vn 0.000000 0.000000 1.000000
vn 0.000000 0.000000 1.000000
vn 0.000000 0.000000 1.000000
vn 0.000000 0.000000 1.000000
vn -0.707107 0.000000 0.707107
vn -0.707107 0.000000 0.707107
vn -0.707107 0.000000 0.707107
vn -0.707107 0.000000 0.707107
vn -1.000000 0.000000 0.000000
vn -1.000000 0.000000 0.000000
vn -1.000000 0.000000 0.000000
vn -1.000000 0.000000 0.000000
vn 0.698951 -0.715154 0.004811
vn 0.698951 -0.715154 0.004811
vn 0.590044 -0.789793 -0.167556
vn 0.589557 -0.790015 -0.168223
vn 0.124533 -0.631302 0.765473
vn 0.237213 -0.543490 0.805201
vn 0.005512 -0.706233 0.707958
vn 0.005437 -0.706245 0.707946
vn 0.000000 0.000000 1.000000
vn 0.000000 0.000000 1.000000
vn 0.000000 0.000000 1.000000
vn 0.681028 -0.028779 0.731692
vn 0.578459 -0.183894 0.794713
vn 0.569296 0.197281 0.798111
vn 0.682779 0.028500 0.730069
vn 0.000000 -1.000000 0.000000
vn 0.000000 -1.000000 0.000000
vn 0.000000 -1.000000 0.000000
vn 0.000000 -1.000000 0.000000
vn 0.000000 -0.707107 0.707107
vn 0.000000 -0.707107 0.707107
vn 0.000000 -0.707107 0.707107
vn 0.000000 -0.707107 0.707107
vn 0.000000 0.000000 1.000000
vn 0.000000 0.000000 1.000000
vn 0.000000 0.000000 1.000000
vn 0.000000 0.000000 1.000000
vn 0.000000 -1.000000 0.000000
vn 0.000000 -1.000000 0.000000
vn 0.000000 -1.000000 0.000000
vn 0.000000 -1.000000 0.000000
vn 0.000000 -0.707107 0.707107
vn 0.000000 -0.707107 0.707107
vn 0.000000 -0.707107 0.707107
vn 0.000000 -0.707107 0.707107
vn 0.000000 0.000000 1.000000
vn 0.000000 0.000000 1.000000
vn 0.000000 0.000000 1.000000
vn 0.000000 0.000000 1.000000
vn 0.000000 -1.000000 0.000000
vn 0.000000 -1.000000 0.000000
vn 0.000000 -1.000000 0.000000
vn 0.000000 -1.000000 0.000000
vn 0.000000 -0.707107 0.707107
vn 0.000000 -0.707107 0.707107
vn 0.000000 -0.707107 0.707107
vn 0.000000 -0.707107 0.707107
vn 0.000000 0.000000 1.000000
vn 0.000000 0.000000 1.000000
vn 0.000000 0.000000 1.000000
vn 0.000000 0.000000 1.000000
vn 0.000000 -1.000000 0.000000
vn 0.000000 -1.000000 0.000000
vn 0.000000 -1.000000 0.000000
vn 0.000000 -1.000000 0.000000
vn -0.002248 -0.701291 0.712872
vn -0.002238 -0.701315 0.712848
vn -0.236360 -0.539118 0.808385
vn -0.116444 -0.629028 0.768612
vn 0.000000 0.000000 1.000000
vn 0.000000 0.000000 1.000000
vn 0.000000 0.000000 1.000000
vn 0.000000 0.000000 1.000000
vn -0.706431 -0.707782 0.000401
vn -0.706431 -0.707782 0.000401
vn -0.593800 -0.786126 -0.171489
vn -0.595487 -0.785333 -0.169256
vn -0.569297 -0.197281 0.798111
vn -0.682779 -0.028500 0.730069
vn -0.681028 0.028779 0.731692
vn -0.578459 0.183895 0.794713
vn 0.000000 0.000000 1.000000
vn 0.000000 0.000000 1.000000
vn 0.000000 0.000000 1.000000
vn 0.000000 0.000000 1.000000
vn 0.000000 0.000000 1.000000
vn 0.000000 0.000000 1.000000
vn 0.000000 0.000000 1.000000
vn 0.707107 0.000000 0.707107
vn 0.707107 0.000000 0.707107
vn 0.707107 0.000000 0.707107
vn 0.707107 0.000000 0.707107
vn 1.000000 0.000000 0.000000
vn 1.000000 0.000000 0.000000
vn 1.000000 0.000000 0.000000
vn 1.000000 0.000000 0.000000
vn 0.707107 0.000000 0.707107
vn 0.707107 0.000000 0.707107
vn 0.707107 0.000000 0.707107
vn 0.707107 0.000000 0.707107
vn -0.707107 0.707107 0.000000
vn -0.707107 0.707107 0.000000
vn -0.707107 0.707107 0.000000
vn -0.707107 0.707107 0.000000
vn 0.000000 0.707107 0.707107
vn 0.000000 0.707107 0.707107
vn 0.000000 0.707107 0.707107
vn 0.000000 0.707107 0.707107
vn 0.000000 1.000000 0.000000
vn 0.000000 1.000000 0.000000
vn 0.000000 1.000000 0.000000
vn 0.000000 1.000000 0.000000
vn 0.000000 0.707107 0.707107
vn 0.000000 0.707107 0.707107
vn 0.000000 0.707107 0.707107
vn 0.000000 0.707107 0.707107
vn 0.000000 1.000000 0.000000
vn 0.000000 1.000000 0.000000
vn 0.000000 1.000000 0.000000
vn 0.000000 1.000000 0.000000
vn 0.000000 0.707107 0.707107
vn 0.000000 0.707107 0.707107
vn 0.000000 0.707107 0.707107
vn 0.000000 0.707107 0.707107
vn 0.000000 1.000000 0.000000
vn 0.000000 1.000000 0.000000
vn 0.000000 1.000000 0.000000
vn 0.000000 1.000000 0.000000
vn 0.000000 0.707107 0.707107
vn 0.000000 0.707107 0.707107
vn 0.000000 0.707107 0.707107
vn 0.000000 0.707107 0.707107
vn 0.000000 1.000000 0.000000
vn 0.000000 1.000000 0.000000
vn 0.000000 1.000000 0.000000
vn 0.000000 1.000000 0.000000
vn 0.000000 0.707107 0.707107
vn 0.000000 0.707107 0.707107
vn 0.000000 0.707107 0.707107
vn 0.000000 0.707107 0.707107
vn 0.000000 1.000000 0.000000
vn 0.000000 1.000000 0.000000
vn 0.000000 1.000000 0.000000
vn 0.000000 1.000000 0.000000
vn 0.000000 0.707107 0.707107
vn 0.000000 0.707107 0.707107
vn 0.000000 0.707107 0.707107
vn 0.000000 0.707107 0.707107
vn 0.000000 1.000000 0.000000
vn 0.000000 1.000000 0.000000
vn 0.000000 1.000000 0.000000
vn 0.000000 1.000000 0.000000
vn 0.000000 0.707107 0.707107
vn 0.000000 0.707107 0.707107
vn 0.000000 0.707107 0.707107
vn 0.000000 0.707107 0.707107
vn 0.707107 0.707107 0.000000
vn 0.707107 0.707107 0.000000
vn 0.707107 0.707107 0.000000
vn 0.707107 0.707107 0.000000
vn -1.000000 0.000000 0.000000
vn -1.000000 0.000000 0.000000
vn -1.000000 0.000000 0.000000
vn 0.000000 1.000000 0.000000
vn 0.000000 1.000000 0.000000
vn 0.000000 1.000000 0.000000
vn -0.718649 0.695373 0.000824
vn -0.718647 0.695374 0.000824
vn -0.749091 0.659277 0.064942
vn -0.729377 0.683781 0.021306
vn 0.000000 1.000000 0.000000
vn 0.000000 1.000000 0.000000
vn 0.000000 1.000000 0.000000
vn 0.000000 1.000000 0.000000
vn 0.000000 1.000000 0.000000
vn 0.000000 1.000000 0.000000
vn 0.000000 1.000000 0.000000
vn 0.000000 1.000000 0.000000
vn 0.000000 1.000000 0.000000
vn 0.000000 1.000000 0.000000
vn 0.000000 1.000000 0.000000
vn 0.000000 1.000000 0.000000
vn 0.000000 1.000000 0.000000
vn 0.000000 1.000000 0.000000
vn 0.000000 1.000000 0.000000
vn 0.000000 1.000000 0.000000
vn 0.000000 1.000000 0.000000
vn 0.000000 1.000000 0.000000
vn 0.000000 1.000000 0.000000
vn 0.000000 1.000000 0.000000
vn 0.000000 1.000000 0.000000
vn 0.000000 1.000000 0.000000
vn 0.000000 1.000000 0.000000
vn 0.000000 1.000000 0.000000
vn 0.000000 1.000000 0.000000
vn 1.000000 0.000000 0.000000
vn 1.000000 0.000000 0.000000
vn 1.000000 0.000000 0.000000
vn 0.714858 0.699268 0.001780
vn 0.714855 0.699271 0.001779
vn 0.726400 0.686858 0.023872
vn 0.745456 0.663402 0.064745
vn -0.759780 0.187979 0.622413
vn -0.734405 0.135557 0.665037
vn -0.730738 0.117852 0.672408
vn -0.730425 0.127486 0.670990
vn -1.000000 0.000000 0.000000
vn -1.000000 0.000000 0.000000
vn -1.000000 0.000000 0.000000
vn -1.000000 0.000000 0.000000
vn -1.000000 0.000000 0.000000
vn -1.000000 0.000000 0.000000
vn -1.000000 0.000000 0.000000
vn 0.003540 0.764410 0.644721
vn 0.003540 0.764410 0.644721
vn 0.173584 0.825856 0.536498
vn 0.187557 0.829359 0.526294
vn 0.710296 0.703898 -0.002704
vn 0.710296 0.703898 -0.002704
vn 0.710296 0.703898 -0.002704
vn 0.710296 0.703898 -0.002704
vn 0.696250 0.129107 0.706093
vn 0.696250 0.129107 0.706093
vn 0.669754 -0.017533 0.742376
vn 0.695648 0.124400 0.707530
vn 0.000000 1.000000 0.000000
vn 0.000000 1.000000 0.000000
vn -0.710276 0.703918 -0.002706
vn -0.710276 0.703918 -0.002706
vn -0.710276 0.703918 -0.002706
vn -0.710276 0.703918 -0.002706
vn -0.182089 0.826023 0.533412
vn -0.167979 0.822424 0.543509
vn 0.172250 0.821952 0.542885
vn 0.184396 0.825288 0.533759
vn -0.688509 0.122429 0.714819
vn -0.688509 0.122429 0.714819
vn -0.688509 0.122429 0.714819
vn -0.688509 0.122429 0.714819
vn 0.710295 0.703899 -0.002704
vn 0.710295 0.703899 -0.002704
vn 0.710295 0.703899 -0.002704
vn 0.710295 0.703899 -0.002704
vn 0.726843 0.120538 0.676143
vn 0.726843 0.120538 0.676143
vn 0.726843 0.120538 0.676143
vn 0.726843 0.120538 0.676143
vn 0.000000 1.000000 -0.000000
vn 0.000000 1.000000 -0.000000
vn -0.710295 0.703899 -0.002704
vn -0.710295 0.703899 -0.002704
vn -0.710295 0.703899 -0.002704
vn -0.710295 0.703899 -0.002704
vn -0.183065 0.826340 0.532588
vn -0.169143 0.822698 0.542733
vn 0.171060 0.821640 0.543734
vn 0.183431 0.824953 0.534607
vn -0.730433 0.119380 0.672471
vn -0.730433 0.119380 0.672471
vn -0.730433 0.119380 0.672471
vn -0.730433 0.119380 0.672471
vn 0.710276 0.703918 -0.002706
vn 0.710276 0.703918 -0.002706
vn 0.710276 0.703918 -0.002706
vn 0.710276 0.703918 -0.002706
vn 0.678770 0.124701 0.723685
vn 0.678770 0.124701 0.723685
vn 0.678770 0.124701 0.723685
vn 0.678770 0.124701 0.723685
vn 0.000000 1.000000 0.000000
vn 0.000000 1.000000 0.000000
vn -0.710296 0.703898 -0.002704
vn -0.710296 0.703898 -0.002704
vn -0.710296 0.703898 -0.002704
vn -0.710296 0.703898 -0.002704
vn -0.185508 0.829377 0.526991
vn -0.171663 0.826012 0.536876
vn 0.003508 0.763802 0.645441
vn 0.003508 0.763802 0.645441
vn -0.701555 0.127629 0.701093
vn -0.701555 0.127629 0.701093
vn -0.700850 0.122465 0.702718
vn -0.675883 -0.009967 0.736941
vn 0.734930 0.135238 0.664522
vn 0.759929 0.186906 0.622554
vn 0.731053 0.127359 0.670329
vn 0.731364 0.117723 0.671750
vn 1.000000 0.000000 0.000000
vn 1.000000 0.000000 0.000000
vn 1.000000 0.000000 0.000000
vn 1.000000 0.000000 0.000000
vn 1.000000 0.000000 0.000000
vn 1.000000 0.000000 0.000000
vn 1.000000 0.000000 0.000000
vn -0.693657 -0.131024 -0.708289
vn -0.693623 -0.131162 -0.708297
vn -0.692851 -0.133690 -0.708579
vn -0.691127 -0.123213 -0.712153
vn 0.000208 -0.028596 -0.999591
vn 0.044914 -0.178087 -0.982989
vn 0.044971 -0.178200 -0.982966
vn 0.000141 -0.019413 -0.999812
vn -0.708028 -0.018227 -0.705949
vn -0.708024 -0.018079 -0.705957
vn -0.707314 0.000118 -0.706899
vn -0.707314 0.000118 -0.706899
vn 0.005047 0.697904 -0.716174
vn 0.005047 0.697904 -0.716174
vn 0.005047 0.697904 -0.716174
vn 0.005047 0.697904 -0.716174
vn 0.000000 0.000000 -1.000000
vn 0.000000 0.000000 -1.000000
vn -0.000000 0.000000 -1.000000
vn 0.717378 -0.124883 -0.685400
vn 0.717378 -0.124883 -0.685400
vn 0.715754 -0.128336 -0.686459
vn 0.678113 -0.202107 -0.706622
vn -0.698464 -0.120747 -0.705385
vn -0.698464 -0.120747 -0.705385
vn -0.671795 -0.150697 -0.725247
vn -0.496975 -0.149031 -0.854871
vn -0.000413 -0.021106 -0.999777
vn -0.035696 -0.167479 -0.985229
vn -0.035959 -0.168129 -0.985109
vn -0.000407 -0.020777 -0.999784
vn 0.000000 0.000000 -1.000000
vn 0.000000 0.000000 -1.000000
vn 0.000000 0.000000 -1.000000
vn 0.005047 0.697904 -0.716174
vn 0.005047 0.697904 -0.716174
vn 0.005047 0.697904 -0.716174
vn 0.005047 0.697904 -0.716174
vn 0.000000 0.000000 -1.000000
vn 0.000000 0.000000 -1.000000
vn 0.000000 0.000000 -1.000000
vn 0.683454 -0.128016 -0.718681
vn 0.683454 -0.128016 -0.718681
vn 0.008589 -0.181425 -0.983367
vn 0.680300 -0.131476 -0.721045
vn -0.681684 -0.127385 -0.720472
vn -0.681684 -0.127385 -0.720472
vn -0.678365 -0.131035 -0.722946
vn -0.009266 -0.181389 -0.983368
vn 0.000175 -0.021063 -0.999778
vn 0.035679 -0.167445 -0.985235
vn 0.035965 -0.168134 -0.985108
vn 0.000172 -0.020755 -0.999785
vn 0.000000 0.000000 -1.000000
vn 0.000000 0.000000 -1.000000
vn 0.000000 0.000000 -1.000000
vn 0.005047 0.697904 -0.716174
vn 0.005047 0.697904 -0.716174
vn 0.005047 0.697904 -0.716174
vn 0.005047 0.697904 -0.716174
vn 0.000000 0.000000 -1.000000
vn 0.000000 0.000000 -1.000000
vn 0.000000 0.000000 -1.000000
vn 0.699798 -0.121403 -0.703949
vn 0.699798 -0.121403 -0.703949
vn 0.474027 -0.154439 -0.866861
vn 0.680959 -0.142362 -0.718351
vn -0.720265 -0.123651 -0.682590
vn -0.720265 -0.123651 -0.682590
vn -0.677908 -0.206428 -0.705569
vn -0.718748 -0.126877 -0.683596
vn -0.000248 -0.019494 -0.999810
vn -0.044223 -0.177834 -0.983066
vn -0.044505 -0.178411 -0.982949
vn -0.000360 -0.028254 -0.999601
vn -0.000000 0.000000 -1.000000
vn 0.000000 0.000000 -1.000000
vn -0.000000 0.000000 -1.000000
vn 0.696004 -0.130700 -0.706043
vn 0.696033 -0.130563 -0.706040
vn 0.693546 -0.122880 -0.709855
vn 0.695336 -0.133219 -0.706230
vn 0.708024 -0.018079 -0.705957
vn 0.708028 -0.018227 -0.705949
vn 0.707314 0.000118 -0.706899
vn 0.707314 0.000118 -0.706899
vn -0.707107 0.000000 -0.707107
vn -0.707107 0.000000 -0.707107
vn -0.707107 0.000000 -0.707107
vn -0.707107 0.000000 -0.707107
vn -1.000000 0.000000 0.000000
vn -1.000000 0.000000 0.000000
vn -1.000000 0.000000 0.000000
vn 0.000000 0.000000 -1.000000
vn -0.000000 0.000000 -1.000000
vn 0.000000 0.000000 -1.000000
vn 0.706436 -0.707777 -0.000468
vn 0.706436 -0.707777 -0.000468
vn 0.581912 -0.791468 0.186968
vn 0.583670 -0.790706 0.184699
vn 0.569297 -0.197281 -0.798111
vn 0.682779 -0.028500 -0.730069
vn 0.681028 0.028779 -0.731691
vn 0.578459 0.183894 -0.794712
vn 0.236360 -0.539118 -0.808385
vn 0.116444 -0.629028 -0.768612
vn 0.002248 -0.701291 -0.712872
vn 0.002238 -0.701315 -0.712848
vn 0.000000 -1.000000 0.000000
vn 0.000000 -1.000000 0.000000
vn 0.000000 -1.000000 0.000000
vn 0.000000 -1.000000 0.000000
vn 0.000000 -0.707107 -0.707107
vn 0.000000 -0.707107 -0.707107
vn 0.000000 -0.707107 -0.707107
vn 0.000000 -0.707107 -0.707107
vn 0.000000 -1.000000 0.000000
vn 0.000000 -1.000000 0.000000
vn 0.000000 -1.000000 0.000000
vn 0.000000 -1.000000 0.000000
vn 0.000000 -0.707107 -0.707107
vn 0.000000 -0.707107 -0.707107
vn 0.000000 -0.707107 -0.707107
vn 0.000000 -0.707107 -0.707107
vn 0.000000 -1.000000 0.000000
vn 0.000000 -1.000000 0.000000
vn 0.000000 -1.000000 0.000000
vn 0.000000 -1.000000 0.000000
vn 0.000000 -0.707107 -0.707107
vn 0.000000 -0.707107 -0.707107
vn 0.000000 -0.707107 -0.707107
vn 0.000000 -0.707107 -0.707107
vn 0.000000 -1.000000 0.000000
vn 0.000000 -1.000000 0.000000
vn 0.000000 -1.000000 0.000000
vn 0.000000 -1.000000 0.000000
vn -0.005512 -0.706233 -0.707958
vn -0.005437 -0.706245 -0.707946
vn -0.124533 -0.631302 -0.765473
vn -0.237213 -0.543490 -0.805201
vn -0.699000 -0.715100 -0.005616
vn -0.699000 -0.715100 -0.005616
vn -0.578450 -0.794942 0.182928
vn -0.577926 -0.795162 0.183630
vn 0.000000 0.000000 -1.000000
vn 0.000000 0.000000 -1.000000
vn 0.000000 0.000000 -1.000000
vn -0.681028 -0.028779 -0.731692
vn -0.578459 -0.183894 -0.794713
vn -0.569296 0.197281 -0.798111
vn -0.682779 0.028500 -0.730069
vn 0.707107 0.000000 -0.707107
vn 0.707107 0.000000 -0.707107
vn 0.707107 0.000000 -0.707107
vn 0.707107 0.000000 -0.707107
vn 1.000000 0.000000 0.000000
vn 1.000000 0.000000 0.000000
vn 1.000000 0.000000 0.000000
vn 0.707104 -0.002797 0.707104
vn 0.707104 -0.002797 0.707104
vn 0.707104 -0.002797 0.707104
vn 0.707104 -0.002797 0.707104
vn 0.000000 -1.000000 0.000000
vn 0.000000 -1.000000 0.000000
vn 0.000000 -1.000000 0.000000
vn 0.000000 -1.000000 0.000000
vn 0.000000 -1.000000 0.000000
vn 0.000000 -1.000000 0.000000
vn 0.185925 -0.795912 0.576156
vn 0.186634 -0.796130 0.575625
vn -0.005787 -0.715088 0.699010
vn -0.005787 -0.715088 0.699010
vn 0.000000 -1.000000 0.000000
vn 0.000000 -1.000000 0.000000
vn 0.000000 -1.000000 0.000000
vn 0.000000 -1.000000 0.000000
vn 0.000000 -1.000000 0.000000
vn 0.000000 -1.000000 0.000000
vn 0.000000 -1.000000 0.000000
vn 0.000000 -1.000000 0.000000
vn 0.000000 -1.000000 0.000000
vn 0.000000 -1.000000 0.000000
vn 0.000000 -1.000000 0.000000
vn 0.000000 -1.000000 0.000000
vn 0.000000 -1.000000 0.000000
vn 0.000000 -1.000000 0.000000
vn 0.000000 -1.000000 0.000000
vn 0.000000 -1.000000 0.000000
vn 0.000000 -1.000000 0.000000
vn -0.707104 -0.002797 0.707104
vn -0.707104 -0.002797 0.707104
vn -0.707104 -0.002797 0.707104
vn -0.707104 -0.002797 0.707104
vn -0.189982 -0.792473 0.579563
vn -0.187709 -0.791718 0.581333
vn 0.000482 -0.707776 0.706437
vn 0.000482 -0.707776 0.706437
vn 0.000000 -1.000000 0.000000
vn 0.000000 -1.000000 0.000000
vn 0.000000 -1.000000 0.000000
vn 0.707104 -0.002797 -0.707104
vn 0.707104 -0.002797 -0.707104
vn 0.707104 -0.002797 -0.707104
vn 0.707104 -0.002797 -0.707104
vn 0.189982 -0.792473 -0.579563
vn 0.187709 -0.791718 -0.581333
vn -0.000482 -0.707776 -0.706437
vn -0.000482 -0.707776 -0.706437
vn 0.000000 -1.000000 0.000000
vn 0.000000 -1.000000 0.000000
vn -0.707104 -0.002797 -0.707104
vn -0.707104 -0.002797 -0.707104
vn -0.707104 -0.002797 -0.707104
vn -0.707104 -0.002797 -0.707104
vn -0.185925 -0.795912 -0.576156
vn -0.186634 -0.796130 -0.575625
vn 0.005787 -0.715088 -0.699010
vn 0.005787 -0.715088 -0.699010
vn -0.728514 -0.684588 0.024617
vn -0.749416 -0.658573 0.068248
vn -0.749799 -0.658185 -0.067772
vn -0.727555 -0.685718 -0.021317
vn -0.731692 -0.028779 0.681028
vn -0.794713 -0.183894 0.578459
vn -0.798111 0.197281 0.569297
vn -0.730069 0.028500 0.682779
vn 0.798111 -0.197281 0.569297
vn 0.730069 -0.028500 0.682779
vn 0.731692 0.028779 0.681028
vn 0.794713 0.183894 0.578458
vn 0.749799 -0.658186 0.067772
vn 0.727554 -0.685719 0.021317
vn 0.728514 -0.684589 -0.024617
vn 0.749415 -0.658574 -0.068248
vn -0.798111 -0.197281 -0.569297
vn -0.730069 -0.028500 -0.682778
vn -0.731692 0.028779 -0.681027
vn -0.794713 0.183895 -0.578458
vn 0.731692 -0.028779 -0.681028
vn 0.794713 -0.183894 -0.578459
vn 0.798111 0.197281 -0.569297
vn 0.730069 0.028500 -0.682779
vn -0.728834 0.065385 0.681562
vn -0.716398 0.004656 0.697676
vn -0.639635 0.330084 0.694198
vn -0.718722 0.024826 0.694854
vn -1.000000 0.000000 0.000000
vn -1.000000 0.000000 0.000000
vn -1.000000 0.000000 0.000000
vn -1.000000 0.000000 0.000000
vn -0.038723 0.077239 0.996260
vn -0.045949 0.181736 0.982273
vn -0.045618 0.151841 0.987352
vn -0.002282 0.004553 0.999987
vn 0.836908 -0.547344 0.000015
vn 0.836908 -0.547344 0.000015
vn 0.836908 -0.547344 0.000015
vn 0.836908 -0.547344 0.000015
vn 0.302810 -0.614877 0.728170
vn 0.527777 -0.371774 0.763699
vn 0.279905 -0.634257 0.720674
vn 0.279905 -0.634257 0.720674
vn 0.000001 0.000000 1.000000
vn -0.000001 0.000000 1.000000
vn 0.000001 0.000000 1.000000
vn 0.002340 -0.004715 -0.999986
vn 0.045943 -0.151155 -0.987442
vn 0.046911 -0.181593 -0.982254
vn 0.037760 -0.076067 -0.996387
vn 0.000001 0.000000 -1.000000
vn 0.000001 0.000000 -1.000000
vn -0.000001 0.000000 -1.000000
vn 0.517495 -0.430645 -0.739421
vn 0.292413 -0.622915 -0.725583
vn 0.270955 -0.637503 -0.721230
vn 0.270955 -0.637503 -0.721230
vn -0.711562 -0.009961 -0.702552
vn -0.689738 -0.071468 -0.720524
vn -0.716929 0.020712 -0.696838
vn -0.639505 0.328017 -0.695297
vn -0.542356 -0.840149 -0.000407
vn -0.542356 -0.840149 -0.000407
vn -0.542356 -0.840149 -0.000407
vn -0.542356 -0.840149 -0.000407
vn -0.097836 -0.080268 0.991960
vn 0.036606 0.145857 0.988628
vn 0.037292 0.171153 0.984539
vn 0.057618 0.005598 0.998323
vn -0.029631 -0.024995 0.999248
vn -0.000000 0.000000 1.000000
vn -0.000001 0.000000 1.000000
vn -0.091790 -0.117831 -0.988782
vn -0.000000 0.000000 -1.000000
vn -0.000000 0.000000 -1.000000
vn 0.000000 0.000000 -1.000000
vn 0.019370 -0.098264 -0.994972
vn 0.709720 -0.704472 0.004014
vn 0.709720 -0.704472 0.004014
vn 0.709720 -0.704472 0.004014
vn 0.709720 -0.704472 0.004014
vn 0.005047 -0.697905 0.716173
vn 0.005047 -0.697905 0.716173
vn 0.005047 -0.697905 0.716173
vn 0.005047 -0.697905 0.716173
vn 0.132501 -0.114927 0.984497
vn -0.000001 0.000000 1.000000
vn -0.000000 0.000000 1.000000
vn -0.000000 0.000000 -1.000000
vn 0.000000 0.000000 -1.000000
vn -0.000001 0.000000 -1.000000
vn 0.175422 -0.554815 -0.813269
vn 0.163515 -0.565629 -0.808286
vn -0.160939 -0.569580 -0.806026
vn -0.174924 -0.556343 -0.812332
vn -0.709720 -0.704472 0.004014
vn -0.709720 -0.704472 0.004014
vn -0.709720 -0.704472 0.004014
vn -0.709720 -0.704472 0.004014
vn -0.064347 0.000945 0.997927
vn -0.037112 0.171163 0.984544
vn -0.036860 0.147084 0.988437
vn 0.096339 -0.078365 0.992259
vn -0.118652 -0.102254 0.987657
vn 0.000000 0.000000 1.000000
vn 0.000000 0.000000 1.000000
vn -0.014356 -0.090589 -0.995785
vn 0.000000 0.000000 -1.000000
vn 0.000000 0.000000 -1.000000
vn -0.000001 0.000000 -1.000000
vn 0.093200 -0.119630 -0.988434
vn 0.542356 -0.840149 -0.000407
vn 0.542355 -0.840149 -0.000407
vn 0.542356 -0.840149 -0.000407
vn 0.542356 -0.840149 -0.000407
vn -0.271457 -0.639449 0.719316
vn -0.271457 -0.639449 0.719316
vn -0.528449 -0.371807 0.763217
vn -0.294209 -0.620664 0.726785
vn 0.032972 -0.027579 0.999076
vn -0.000001 0.000000 1.000000
vn -0.000001 0.000000 1.000000
vn 0.000000 0.000000 -1.000000
vn -0.000000 0.000000 -1.000000
vn 0.000000 0.000000 -1.000000
vn -0.279356 -0.632318 -0.722588
vn -0.279356 -0.632318 -0.722588
vn -0.300780 -0.617637 -0.726675
vn -0.517429 -0.432633 -0.738306
vn -0.836908 -0.547344 0.000015
vn -0.836908 -0.547344 0.000015
vn -0.836908 -0.547344 0.000015
vn -0.836908 -0.547344 0.000015
vn 0.002256 0.004552 0.999987
vn 0.045665 0.151319 0.987430
vn 0.046457 0.181723 0.982252
vn 0.037923 0.076482 0.996350
vn 0.000000 0.000000 1.000000
vn -0.000000 0.000000 1.000000
vn 0.000000 0.000000 1.000000
vn -0.002364 -0.004719 -0.999986
vn 0.000000 0.000000 -1.000000
vn 0.000001 0.000000 -1.000000
vn 0.000000 0.000000 -1.000000
vn -0.045762 -0.151829 -0.987347
vn -0.038378 -0.076598 -0.996323
vn -0.046281 -0.181587 -0.982285
vn 0.716439 0.004656 0.697634
vn 0.729343 0.065430 0.681013
vn 0.718722 0.024825 0.694854
vn 0.639631 0.330166 0.694163
vn 1.000000 0.000000 0.000000
vn 1.000000 0.000000 0.000000
vn 1.000000 0.000000 0.000000
vn 1.000000 0.000000 0.000000
vn 0.691624 -0.072051 -0.718655
vn 0.711702 -0.010006 -0.702411
vn 0.638855 0.325090 -0.697267
vn 0.716858 0.020103 -0.696929
vn -0.853033 0.521856 0.000000
vn -0.853033 0.521856 0.000000
vn -0.853033 0.521856 0.000000
vn -0.853033 0.521856 0.000000
vn -0.329030 0.634932 0.698999
vn -0.323067 0.636743 0.700133
vn -0.314843 0.636211 0.704350
vn -0.284778 0.646677 0.707609
vn -0.305688 0.638774 0.706061
vn -0.229673 0.655806 0.719145
vn -0.099745 0.668052 0.737399
vn -0.447752 0.894158 -0.000002
vn -0.408977 0.912545 -0.000001
vn -0.408978 0.912544 -0.000001
vn -0.447764 0.894152 -0.000002
vn -0.305416 0.639316 -0.705689
vn -0.283843 0.646923 -0.707759
vn -0.100956 0.667997 -0.737284
vn -0.230142 0.655776 -0.719022
vn -0.314915 0.636814 -0.703773
vn -0.323445 0.637263 -0.699485
vn -0.329424 0.635441 -0.698351
vn 0.101790 0.668006 0.737161
vn 0.231087 0.655832 0.718668
vn 0.170475 0.678140 0.714888
vn 0.270311 0.651618 0.708749
vn -0.291780 0.956486 -0.000083
vn 0.292305 0.956325 -0.000085
vn 0.292495 0.956267 -0.000085
vn -0.292162 0.956369 -0.000083
vn 0.229227 0.655781 -0.719309
vn 0.099518 0.668040 -0.737440
vn 0.270103 0.651252 -0.709165
vn 0.170466 0.677763 -0.715247
vn 0.053106 0.698801 0.713342
vn 0.023046 0.702346 0.711463
vn -0.023192 0.702281 0.711522
vn -0.053202 0.698651 0.713482
vn 0.347361 0.937731 -0.000013
vn 0.063815 0.997962 -0.000013
vn 0.063841 0.997960 -0.000013
vn 0.347266 0.937767 -0.000013
vn 0.023078 0.702617 -0.711194
vn 0.053074 0.698899 -0.713249
vn -0.053204 0.699047 -0.713094
vn -0.023273 0.702684 -0.711121
vn -0.270225 0.650569 0.709745
vn -0.170497 0.677564 0.715429
vn -0.230387 0.655020 0.719632
vn -0.099955 0.667734 0.737659
vn -0.063833 0.997961 0.000007
vn -0.347395 0.937719 0.000007
vn -0.347392 0.937720 0.000007
vn -0.063814 0.997962 0.000007
vn -0.170362 0.677829 -0.715210
vn -0.269329 0.650795 -0.709878
vn -0.101173 0.667680 -0.737542
vn -0.230850 0.654989 -0.719512
vn 0.101645 0.668376 0.736846
vn 0.230508 0.656719 0.718043
vn 0.305741 0.639541 0.705343
vn 0.285012 0.647883 0.706411
vn -0.292243 0.956344 -0.000084
vn 0.291816 0.956475 -0.000083
vn 0.292010 0.956415 -0.000083
vn -0.292628 0.956226 -0.000083
vn 0.228524 0.656526 -0.718853
vn 0.099312 0.668342 -0.737195
vn 0.284670 0.647343 -0.707043
vn 0.305667 0.638941 -0.705919
vn 0.314825 0.636752 0.703870
vn 0.323041 0.636972 0.699937
vn 0.329005 0.635141 0.698822
vn 0.408978 0.912544 0.000003
vn 0.447771 0.894148 0.000003
vn 0.447772 0.894148 0.000003
vn 0.409000 0.912534 0.000003
vn 0.321276 0.635672 -0.701928
vn 0.314461 0.635984 -0.704726
vn 0.327197 0.633758 -0.700923
vn 0.853845 0.520527 0.000851
vn 0.853845 0.520527 0.000851
vn 0.853845 0.520527 0.000851
vn 0.853845 0.520527 0.000851
vn -0.707107 0.000000 -0.707107
vn -0.707107 0.000000 -0.707107
vn -0.707107 0.000000 -0.707107
vn -0.707107 0.000000 -0.707107
vn -1.000000 0.000000 0.000000
vn -1.000000 0.000000 0.000000
vn -1.000000 0.000000 0.000000
vn -1.000000 0.000000 0.000000
vn 0.000000 0.000000 -1.000000
vn 0.000000 0.000000 -1.000000
vn 0.000000 0.000000 -1.000000
vn 0.000000 0.000000 -1.000000
vn 0.707074 0.707074 -0.009630
vn 0.707074 0.707074 -0.009630
vn 0.707074 0.707074 -0.009630
vn 0.707074 0.707074 -0.009630
vn 0.124533 0.631302 -0.765473
vn 0.237213 0.543490 -0.805201
vn 0.005512 0.706233 -0.707958
vn 0.005437 0.706245 -0.707946
vn 0.000000 0.000000 -1.000000
vn 0.000000 0.000000 -1.000000
vn 0.000000 0.000000 -1.000000
vn -0.009940 0.707072 0.707072
vn -0.009940 0.707072 0.707072
vn -0.009940 0.707072 0.707072
vn -0.009940 0.707072 0.707072
vn -1.000000 0.000000 0.000000
vn -1.000000 0.000000 0.000000
vn -1.000000 0.000000 0.000000
vn -0.749799 0.658186 0.067772
vn -0.727554 0.685719 0.021317
vn -0.728514 0.684589 -0.024617
vn -0.749415 0.658574 -0.068248
vn 0.000000 1.000000 0.000000
vn 0.000000 1.000000 -0.000000
vn 0.000000 1.000000 -0.000000
vn 0.000000 1.000000 0.000000
vn 0.000000 0.707107 -0.707107
vn 0.000000 0.707107 -0.707107
vn 0.000000 0.707107 -0.707107
vn 0.000000 0.707107 -0.707107
vn 0.000000 0.000000 -1.000000
vn 0.000000 0.000000 -1.000000
vn 0.000000 0.000000 -1.000000
vn 0.000000 0.000000 -1.000000
vn 0.707107 0.707107 0.000000
vn 0.707107 0.707107 0.000000
vn 0.707107 0.707107 0.000000
vn 0.707107 0.707107 0.000000
vn 0.707106 0.000000 0.707107
vn 0.707106 0.000000 0.707107
vn 0.707106 0.000000 0.707107
vn 0.707106 0.000000 0.707107
vn 0.000000 0.707106 0.707107
vn 0.000000 0.707106 0.707107
vn 0.000000 0.707106 0.707107
vn 0.000000 0.707106 0.707107
vn 0.000000 0.000000 1.000000
vn 0.000000 0.000000 1.000000
vn 0.000000 0.000000 1.000000
vn 0.000000 0.000000 1.000000
vn 0.000000 0.707107 0.707107
vn 0.000000 0.707107 0.707107
vn 0.000000 0.707107 0.707107
vn 0.000000 0.707107 0.707107
vn 0.000000 1.000000 0.000000
vn 0.000000 1.000000 0.000000
vn 0.000000 1.000000 0.000000
vn 0.000000 1.000000 0.000000
vn 0.000000 0.707107 -0.707107
vn 0.000000 0.707107 -0.707107
vn 0.000000 0.707107 -0.707107
vn 0.000000 0.707107 -0.707107
vn 0.000000 0.000000 -1.000000
vn 0.000000 0.000000 -1.000000
vn 0.000000 0.000000 -1.000000
vn 0.000000 0.000000 -1.000000
vn 0.000000 0.000000 1.000000
vn 0.000000 0.000000 1.000000
vn 0.000000 0.000000 1.000000
vn 0.000000 0.000000 1.000000
vn 0.000000 0.707107 0.707107
vn 0.000000 0.707107 0.707107
vn 0.000000 0.707107 0.707107
vn 0.000000 0.707107 0.707107
vn -0.000000 1.000000 0.000000
vn 0.000000 1.000000 0.000000
vn 0.000000 1.000000 0.000000
vn -0.000000 1.000000 0.000000
vn -0.000000 0.707107 -0.707107
vn -0.000000 0.707107 -0.707107
vn -0.000000 0.707107 -0.707107
vn -0.000000 0.707107 -0.707107
vn 0.000000 0.000000 -1.000000
vn 0.000000 0.000000 -1.000000
vn 0.000000 0.000000 -1.000000
vn 0.000000 0.000000 -1.000000
vn -0.000000 0.000000 1.000000
vn 0.000000 0.000000 1.000000
vn 0.000000 0.000000 1.000000
vn -0.000000 0.000000 1.000000
vn -0.000000 0.707107 0.707107
vn -0.000000 0.707107 0.707107
vn -0.000000 0.707107 0.707107
vn -0.000000 0.707107 0.707107
vn 0.000000 1.000000 -0.000000
vn -0.000000 1.000000 0.000000
vn -0.000000 1.000000 0.000000
vn 0.000000 1.000000 -0.000000
vn -0.002248 0.701291 -0.712871
vn -0.002238 0.701316 -0.712847
vn -0.236360 0.539118 -0.808385
vn -0.116444 0.629028 -0.768612
vn 0.000000 0.000000 -1.000000
vn 0.000000 0.000000 -1.000000
vn 0.000000 0.000000 -1.000000
vn 0.000000 0.000000 -1.000000
vn 0.000000 0.000000 1.000000
vn -0.000000 0.000000 1.000000
vn -0.000000 0.000000 1.000000
vn 0.000000 0.000000 1.000000
vn 0.000000 0.707107 0.707107
vn 0.000000 0.707107 0.707107
vn 0.000000 0.707106 0.707107
vn 0.000000 0.707106 0.707107
vn -0.707074 0.707074 -0.009630
vn -0.707074 0.707074 -0.009630
vn -0.707074 0.707074 -0.009630
vn -0.707074 0.707074 -0.009630
vn 0.000000 0.000000 -1.000000
vn 0.000000 0.000000 -1.000000
vn 0.000000 0.000000 -1.000000
vn 0.000000 0.000000 -1.000000
vn 0.000000 0.000000 -1.000000
vn 0.000000 0.000000 -1.000000
vn 0.000000 0.000000 -1.000000
vn -0.707106 0.000000 0.707107
vn -0.707106 0.000000 0.707107
vn -0.707106 0.000000 0.707107
vn -0.707106 0.000000 0.707107
vn -0.707107 0.707107 0.000000
vn -0.707107 0.707107 0.000000
vn -0.707107 0.707107 0.000000
vn -0.707107 0.707107 0.000000
vn 0.009940 0.707072 0.707072
vn 0.009940 0.707072 0.707072
vn 0.009940 0.707072 0.707072
vn 0.009940 0.707072 0.707072
vn 0.707107 0.000000 -0.707107
vn 0.707107 0.000000 -0.707107
vn 0.707107 0.000000 -0.707107
vn 0.707107 0.000000 -0.707107
vn 1.000000 0.000000 0.000000
vn 1.000000 0.000000 0.000000
vn 1.000000 0.000000 0.000000
vn 1.000000 0.000000 0.000000
vn 0.728514 0.684589 0.024617
vn 0.749415 0.658574 0.068248
vn 0.749799 0.658186 -0.067772
vn 0.727554 0.685719 -0.021317
vn 1.000000 0.000000 0.000000
vn 1.000000 0.000000 0.000000
vn 1.000000 0.000000 0.000000
vn 0.707083 0.707083 0.008182
vn 0.707083 0.707083 0.008182
vn 0.707083 0.707083 0.008182
vn 0.707083 0.707083 0.008182
vn 0.000000 0.707107 -0.707107
vn 0.000000 0.707107 -0.707107
vn 0.000000 0.707107 -0.707107
vn 0.000000 0.707107 -0.707107
vn 0.707107 0.000000 -0.707107
vn 0.707107 0.000000 -0.707107
vn 0.707107 0.000000 -0.707107
vn 0.707107 0.000000 -0.707107
vn -0.009940 0.707072 -0.707072
vn -0.009940 0.707072 -0.707072
vn -0.009940 0.707072 -0.707072
vn -0.009940 0.707072 -0.707072
vn -1.000000 0.000000 0.000000
vn -1.000000 0.000000 0.000000
vn -1.000000 0.000000 0.000000
vn -1.000000 0.000000 0.000000
vn -1.000000 0.000000 0.000000
vn -1.000000 0.000000 0.000000
vn -1.000000 0.000000 0.000000
vn 0.009940 0.707072 -0.707072
vn 0.009940 0.707072 -0.707072
vn 0.009940 0.707072 -0.707072
vn 0.009940 0.707072 -0.707072
vn 1.000000 0.000000 0.000000
vn 1.000000 0.000000 0.000000
vn 1.000000 0.000000 0.000000
vn 1.000000 0.000000 0.000000
vn 1.000000 0.000000 0.000000
vn 1.000000 0.000000 0.000000
vn 1.000000 0.000000 0.000000
vn -0.707107 0.000000 -0.707107
vn -0.707107 0.000000 -0.707107
vn -0.707107 0.000000 -0.707107
vn -0.707107 0.000000 -0.707107
vn 0.000000 0.707106 -0.707107
vn 0.000000 0.707106 -0.707107
vn 0.000000 0.707107 -0.707107
vn 0.000000 0.707107 -0.707107
vn -0.707083 0.707083 0.008182
vn -0.707083 0.707083 0.008182
vn -0.707083 0.707083 0.008182
vn -0.707083 0.707083 0.008182
vn 0.000000 0.000000 1.000000
vn 0.000000 0.000000 1.000000
vn 0.000000 0.000000 1.000000
vn 0.000000 0.000000 1.000000
vn 0.000000 0.000000 1.000000
vn 0.000000 0.000000 1.000000
vn 0.000000 0.000000 1.000000
vn 0.236360 0.539118 0.808385
vn 0.116444 0.629028 0.768612
vn 0.002248 0.701291 0.712871
vn 0.002238 0.701316 0.712847
vn -0.707107 0.000000 0.707107
vn -0.707107 0.000000 0.707107
vn -0.707107 0.000000 0.707107
vn -0.707107 0.000000 0.707107
vn 0.000000 1.000000 0.000000
vn 0.000000 1.000000 0.000000
vn 0.000000 1.000000 0.000000
vn 0.000000 1.000000 0.000000
vn 0.000000 0.707107 -0.707107
vn 0.000000 0.707107 -0.707107
vn 0.000000 0.707107 -0.707107
vn 0.000000 0.707107 -0.707107
vn 0.000000 0.000000 -1.000000
vn 0.000000 0.000000 -1.000000
vn 0.000000 0.000000 -1.000000
vn 0.000000 0.000000 -1.000000
vn 0.000000 0.000000 1.000000
vn 0.000000 0.000000 1.000000
vn 0.000000 0.000000 1.000000
vn 0.000000 0.000000 1.000000
vn 0.000000 0.707107 0.707107
vn 0.000000 0.707107 0.707107
vn 0.000000 0.707107 0.707107
vn 0.000000 0.707107 0.707107
vn 0.000000 1.000000 0.000000
vn 0.000000 1.000000 0.000000
vn 0.000000 1.000000 0.000000
vn 0.000000 1.000000 0.000000
vn 0.000000 0.707107 -0.707107
vn 0.000000 0.707107 -0.707107
vn 0.000000 0.707107 -0.707107
vn 0.000000 0.707107 -0.707107
vn 0.000000 0.000000 -1.000000
vn 0.000000 0.000000 -1.000000
vn 0.000000 0.000000 -1.000000
vn 0.000000 0.000000 -1.000000
vn 0.000000 0.000000 1.000000
vn 0.000000 0.000000 1.000000
vn 0.000000 0.000000 1.000000
vn 0.000000 0.000000 1.000000
vn 0.000000 0.707107 0.707107
vn 0.000000 0.707107 0.707107
vn 0.000000 0.707107 0.707107
vn 0.000000 0.707107 0.707107
vn 0.000000 1.000000 0.000000
vn 0.000000 1.000000 0.000000
vn 0.000000 1.000000 0.000000
vn 0.000000 1.000000 0.000000
vn 0.000000 0.707107 -0.707107
vn 0.000000 0.707107 -0.707107
vn 0.000000 0.707107 -0.707107
vn 0.000000 0.707107 -0.707107
vn 0.000000 0.000000 -1.000000
vn 0.000000 0.000000 -1.000000
vn 0.000000 0.000000 -1.000000
vn 0.000000 0.000000 -1.000000
vn 0.000000 0.000000 1.000000
vn 0.000000 0.000000 1.000000
vn 0.000000 0.000000 1.000000
vn 0.000000 0.000000 1.000000
vn 0.000000 0.707107 0.707107
vn 0.000000 0.707107 0.707107
vn 0.000000 0.707107 0.707107
vn 0.000000 0.707107 0.707107
vn 0.000000 1.000000 0.000000
vn 0.000000 1.000000 0.000000
vn 0.000000 1.000000 0.000000
vn 0.000000 1.000000 0.000000
vn 0.000000 0.000000 -1.000000
vn 0.000000 0.000000 -1.000000
vn 0.000000 0.000000 -1.000000
vn 0.000000 0.000000 -1.000000
vn 0.000000 0.000000 1.000000
vn 0.000000 0.000000 1.000000
vn 0.000000 0.000000 1.000000
vn 0.000000 0.000000 1.000000
vn -0.005512 0.706234 0.707958
vn -0.005437 0.706245 0.707946
vn -0.124533 0.631302 0.765473
vn -0.237213 0.543490 0.805201
vn 0.000000 0.000000 1.000000
vn 0.000000 0.000000 1.000000
vn 0.000000 0.000000 1.000000
vn 0.000000 0.000000 1.000000
vn 0.000000 0.000000 1.000000
vn 0.000000 0.000000 1.000000
vn 0.000000 0.000000 1.000000
vn 0.707107 0.000000 0.707107
vn 0.707107 0.000000 0.707107
vn 0.707107 0.000000 0.707107
vn 0.707107 0.000000 0.707107
vn -0.707107 0.000000 -0.707107
vn -0.707107 0.000000 -0.707107
vn -0.707107 0.000000 -0.707107
vn -0.707107 0.000000 -0.707107
vn -1.000000 0.000000 0.000000
vn -1.000000 0.000000 0.000000
vn -1.000000 0.000000 0.000000
vn 0.000000 0.000000 -1.000000
vn 0.000000 0.000000 -1.000000
vn 0.000000 0.000000 -1.000000
vn 0.707074 -0.707074 -0.009631
vn 0.707074 -0.707074 -0.009631
vn 0.707074 -0.707074 -0.009631
vn 0.707074 -0.707074 -0.009631
vn 0.600219 -0.163984 -0.782845
vn 0.695090 -0.021439 -0.718603
vn 0.706283 -0.001848 -0.707928
vn 0.706283 -0.001848 -0.707928
vn 0.236360 -0.539118 -0.808385
vn 0.116444 -0.629028 -0.768612
vn 0.002248 -0.701291 -0.712871
vn 0.002238 -0.701316 -0.712847
vn 0.707107 0.000000 0.707106
vn 0.707107 0.000000 0.707106
vn 0.707107 0.000000 0.707106
vn 0.707107 0.000000 0.707106
vn 0.000000 -0.707106 0.707107
vn 0.000000 -0.707106 0.707107
vn 0.000000 -0.707107 0.707107
vn 0.000000 -0.707107 0.707107
vn 0.707107 -0.707107 0.000000
vn 0.707107 -0.707107 0.000000
vn 0.707107 -0.707107 0.000000
vn 0.707107 -0.707107 0.000000
vn -0.009940 -0.707072 0.707071
vn -0.009940 -0.707072 0.707071
vn -0.009940 -0.707072 0.707071
vn -0.009940 -0.707072 0.707071
vn -0.728514 -0.684589 0.024617
vn -0.749415 -0.658574 0.068248
vn -0.749799 -0.658186 -0.067772
vn -0.727555 -0.685719 -0.021317
vn -0.726690 -0.022509 0.686597
vn -0.782483 -0.150793 0.604137
vn -0.715356 -0.000746 0.698759
vn -0.715356 -0.000746 0.698760
vn 0.000000 -1.000000 -0.000000
vn 0.000000 -1.000000 0.000000
vn 0.000000 -1.000000 0.000000
vn 0.000000 -1.000000 -0.000000
vn 0.000000 -0.707107 -0.707107
vn 0.000000 -0.707107 -0.707107
vn 0.000000 -0.707107 -0.707107
vn 0.000000 -0.707107 -0.707107
vn 0.000000 -0.707107 0.707107
vn 0.000000 -0.707107 0.707107
vn 0.000000 -0.707107 0.707107
vn 0.000000 -0.707107 0.707107
vn 0.000000 -1.000000 0.000000
vn 0.000000 -1.000000 0.000000
vn 0.000000 -1.000000 0.000000
vn 0.000000 -1.000000 0.000000
vn 0.000000 -0.707106 -0.707107
vn 0.000000 -0.707106 -0.707107
vn 0.000000 -0.707106 -0.707107
vn 0.000000 -0.707106 -0.707107
vn 0.000000 -0.707106 0.707107
vn 0.000000 -0.707106 0.707107
vn 0.000000 -0.707106 0.707107
vn 0.000000 -0.707106 0.707107
vn 0.000000 -1.000000 0.000000
vn 0.000000 -1.000000 0.000000
vn 0.000000 -1.000000 0.000000
vn 0.000000 -1.000000 0.000000
vn 0.000000 -0.707107 -0.707107
vn 0.000000 -0.707107 -0.707107
vn 0.000000 -0.707107 -0.707107
vn 0.000000 -0.707107 -0.707107
vn 0.000000 -0.707107 0.707107
vn 0.000000 -0.707107 0.707107
vn 0.000000 -0.707107 0.707107
vn 0.000000 -0.707107 0.707107
vn 0.000000 -1.000000 0.000000
vn 0.000000 -1.000000 0.000000
vn 0.000000 -1.000000 0.000000
vn 0.000000 -1.000000 0.000000
vn -0.005512 -0.706233 -0.707958
vn -0.005437 -0.706245 -0.707946
vn -0.124533 -0.631302 -0.765473
vn -0.237213 -0.543490 -0.805201
vn 0.000000 -0.707107 0.707107
vn 0.000000 -0.707107 0.707107
vn 0.000000 -0.707107 0.707107
vn 0.000000 -0.707107 0.707107
vn -0.707074 -0.707074 -0.009630
vn -0.707074 -0.707074 -0.009630
vn -0.707074 -0.707074 -0.009630
vn -0.707074 -0.707074 -0.009630
vn 0.000000 0.000000 -1.000000
vn 0.000000 0.000000 -1.000000
vn 0.000000 0.000000 -1.000000
vn -0.686597 -0.022509 -0.726690
vn -0.604137 -0.150792 -0.782483
vn -0.698759 -0.000746 -0.715356
vn -0.698759 -0.000746 -0.715356
vn -0.707107 0.000000 0.707106
vn -0.707107 0.000000 0.707106
vn -0.707107 0.000000 0.707106
vn -0.707107 0.000000 0.707106
vn 0.009940 -0.707072 0.707071
vn 0.009940 -0.707072 0.707071
vn 0.009940 -0.707072 0.707071
vn 0.009940 -0.707072 0.707071
vn -0.707107 -0.707107 0.000000
vn -0.707107 -0.707107 0.000000
vn -0.707107 -0.707107 0.000000
vn -0.707107 -0.707107 0.000000
vn 0.707107 0.000000 -0.707107
vn 0.707107 0.000000 -0.707107
vn 0.707107 0.000000 -0.707107
vn 0.707107 0.000000 -0.707107
vn 1.000000 0.000000 0.000000
vn 1.000000 0.000000 0.000000
vn 1.000000 0.000000 0.000000
vn 0.782845 -0.163984 0.600219
vn 0.718603 -0.021439 0.695090
vn 0.707928 -0.001848 0.706282
vn 0.707928 -0.001848 0.706282
vn 0.749799 -0.658186 0.067772
vn 0.727555 -0.685719 0.021317
vn 0.728514 -0.684589 -0.024617
vn 0.749415 -0.658574 -0.068248
vn 0.707107 0.000000 -0.707107
vn 0.707107 0.000000 -0.707107
vn 0.707107 0.000000 -0.707107
vn 0.707107 0.000000 -0.707107
vn -0.009940 -0.707072 -0.707071
vn -0.009940 -0.707072 -0.707071
vn -0.009940 -0.707072 -0.707071
vn -0.009940 -0.707072 -0.707071
vn 0.000000 -0.707106 -0.707107
vn 0.000000 -0.707106 -0.707107
vn 0.000000 -0.707107 -0.707107
vn 0.000000 -0.707107 -0.707107
vn 0.707083 -0.707083 0.008182
vn 0.707083 -0.707083 0.008182
vn 0.707083 -0.707083 0.008182
vn 0.707083 -0.707083 0.008182
vn -0.782845 -0.163984 -0.600219
vn -0.718603 -0.021439 -0.695090
vn -0.707928 -0.001848 -0.706283
vn -0.707928 -0.001848 -0.706283
vn -1.000000 0.000000 0.000000
vn -1.000000 0.000000 0.000000
vn -1.000000 0.000000 0.000000
vn 0.009940 -0.707072 -0.707071
vn 0.009940 -0.707072 -0.707071
vn 0.009940 -0.707072 -0.707071
vn 0.009940 -0.707072 -0.707071
vn 1.000000 0.000000 0.000000
vn 1.000000 0.000000 0.000000
vn 1.000000 0.000000 0.000000
vn 0.726689 -0.022509 -0.686597
vn 0.782483 -0.150793 -0.604137
vn 0.715356 -0.000746 -0.698760
vn 0.715356 -0.000746 -0.698760
vn -0.707083 -0.707083 0.008182
vn -0.707083 -0.707083 0.008182
vn -0.707083 -0.707083 0.008182
vn -0.707083 -0.707083 0.008182
vn 0.000000 -0.707107 -0.707107
vn 0.000000 -0.707107 -0.707107
vn 0.000000 -0.707107 -0.707107
vn 0.000000 -0.707107 -0.707107
vn -0.707107 0.000000 -0.707107
vn -0.707107 0.000000 -0.707107
vn -0.707107 0.000000 -0.707107
vn -0.707107 0.000000 -0.707107
vn 0.124533 -0.631302 0.765473
vn 0.237213 -0.543490 0.805201
vn 0.005512 -0.706234 0.707957
vn 0.005437 -0.706246 0.707946
vn 0.000000 0.000000 1.000000
vn 0.000000 0.000000 1.000000
vn 0.000000 0.000000 1.000000
vn 0.686597 -0.022509 0.726690
vn 0.604137 -0.150792 0.782483
vn 0.698759 -0.000746 0.715356
vn 0.698759 -0.000746 0.715356
vn -0.707107 0.000000 0.707107
vn -0.707107 0.000000 0.707107
vn -0.707107 0.000000 0.707107
vn -0.707107 0.000000 0.707107
vn 0.000000 -1.000000 0.000000
vn 0.000000 -1.000000 0.000000
vn 0.000000 -1.000000 0.000000
vn 0.000000 -1.000000 0.000000
vn 0.000000 -0.707107 -0.707107
vn 0.000000 -0.707107 -0.707107
vn 0.000000 -0.707107 -0.707107
vn 0.000000 -0.707107 -0.707107
vn 0.000000 -0.707107 0.707107
vn 0.000000 -0.707107 0.707107
vn 0.000000 -0.707107 0.707107
vn 0.000000 -0.707107 0.707107
vn 0.000000 -1.000000 0.000000
vn 0.000000 -1.000000 0.000000
vn 0.000000 -1.000000 0.000000
vn 0.000000 -1.000000 0.000000
vn 0.000000 -0.707107 -0.707107
vn 0.000000 -0.707107 -0.707107
vn 0.000000 -0.707107 -0.707107
vn 0.000000 -0.707107 -0.707107
vn 0.000000 -0.707107 0.707107
vn 0.000000 -0.707107 0.707107
vn 0.000000 -0.707107 0.707107
vn 0.000000 -0.707107 0.707107
vn 0.000000 -1.000000 0.000000
vn 0.000000 -1.000000 0.000000
vn 0.000000 -1.000000 0.000000
vn 0.000000 -1.000000 0.000000
vn 0.000000 -0.707107 -0.707107
vn 0.000000 -0.707107 -0.707107
vn 0.000000 -0.707107 -0.707107
vn 0.000000 -0.707107 -0.707107
vn 0.000000 -0.707107 0.707107
vn 0.000000 -0.707107 0.707107
vn 0.000000 -0.707107 0.707107
vn 0.000000 -0.707107 0.707107
vn 0.000000 -1.000000 0.000000
vn 0.000000 -1.000000 0.000000
vn 0.000000 -1.000000 0.000000
vn 0.000000 -1.000000 0.000000
vn -0.002248 -0.701292 0.712871
vn -0.002238 -0.701316 0.712847
vn -0.236360 -0.539118 0.808385
vn -0.116444 -0.629028 0.768612
vn -0.600219 -0.163984 0.782845
vn -0.695090 -0.021439 0.718603
vn -0.706283 -0.001848 0.707928
vn -0.706283 -0.001848 0.707928
vn 0.000000 0.000000 1.000000
vn 0.000000 0.000000 1.000000
vn 0.000000 0.000000 1.000000
vn 0.707107 0.000000 0.707107
vn 0.707107 0.000000 0.707107
vn 0.707107 0.000000 0.707107
vn 0.707107 0.000000 0.707107
vn -0.707107 -0.707106 0.000000
vn -0.707107 -0.707106 0.000000
vn -0.707107 -0.707106 0.000000
vn -0.707107 -0.707106 0.000000
vn 0.000000 -0.707106 -0.707108
vn 0.000000 -0.707106 -0.707108
vn 0.000000 -0.707106 -0.707108
vn 0.000000 -0.707106 -0.707108
vn 0.707107 -0.707106 0.000000
vn 0.707107 -0.707106 0.000000
vn 0.707107 -0.707106 0.000000
vn 0.707107 -0.707106 0.000000
vn 0.000000 -0.707106 0.707108
vn 0.000000 -0.707106 0.707108
vn 0.000000 -0.707106 0.707108
vn 0.000000 -0.707106 0.707108
vn 0.000000 -0.707106 -0.707108
vn 0.000000 -0.707106 -0.707108
vn 0.000000 -0.707106 -0.707108
vn 0.000000 -0.707106 -0.707108
vn -0.707107 -0.707106 0.000000
vn -0.707107 -0.707106 0.000000
vn -0.707107 -0.707106 0.000000
vn -0.707107 -0.707106 0.000000
vn 0.000000 -0.707106 0.707108
vn 0.000000 -0.707106 0.707108
vn 0.000000 -0.707106 0.707108
vn 0.000000 -0.707106 0.707108
vn 0.707107 -0.707106 0.000000
vn 0.707107 -0.707106 0.000000
vn 0.707107 -0.707106 0.000000
vn 0.707107 -0.707106 0.000000
vn -0.707107 -0.707106 0.000000
vn -0.707107 -0.707106 0.000000
vn -0.707107 -0.707106 0.000000
vn -0.707107 -0.707106 0.000000
vn 0.000000 -0.707106 -0.707108
vn 0.000000 -0.707106 -0.707108
vn 0.000000 -0.707106 -0.707108
vn 0.000000 -0.707106 -0.707108
vn 0.707107 -0.707106 0.000000
vn 0.707107 -0.707106 0.000000
vn 0.707107 -0.707106 0.000000
vn 0.707107 -0.707106 0.000000
vn 0.707107 -0.707106 0.000000
vn 0.707107 -0.707106 0.000000
vn 0.707107 -0.707106 0.000000
vn 0.707107 -0.707106 0.000000
vn 0.000000 -0.707106 -0.707108
vn 0.000000 -0.707106 -0.707108
vn 0.000000 -0.707106 -0.707108
vn 0.000000 -0.707106 -0.707108
vn -0.707107 -0.707106 0.000000
vn -0.707107 -0.707106 0.000000
vn -0.707107 -0.707106 0.000000
vn -0.707107 -0.707106 0.000000
vn 0.000000 -0.707106 0.707108
vn 0.000000 -0.707106 0.707108
vn 0.000000 -0.707106 0.707108
vn 0.000000 -0.707106 0.707108
vn 0.000000 -0.707106 0.707108
vn 0.000000 -0.707106 0.707108
vn 0.000000 -0.707106 0.707108
vn 0.000000 -0.707106 0.707108
vn 0.000000 0.000000 1.000000
vn 0.000001 0.000000 1.000000
vn 0.000000 1.000000 0.000000
vn 0.000000 1.000000 0.000000
vn 0.000000 1.000000 0.000000
vn 0.000000 1.000000 0.000000
vn -0.455332 0.890322 -0.000001
vn -0.455332 0.890322 -0.000001
vn 0.455331 0.890322 0.000001
vn 0.455331 0.890322 0.000001
vn 0.000000 -1.000000 0.000000
vn 0.000000 -1.000000 0.000000
vn 0.000000 -1.000000 0.000000
vn 0.000000 -1.000000 0.000000
vn 0.000000 -1.000000 0.000000
vn 0.000000 -1.000000 0.000000
vn 0.000000 -1.000000 0.000000
vn 0.000000 -1.000000 0.000000
vn 0.000000 -1.000000 0.000000
vn 0.000000 -1.000000 0.000000
vn 0.000000 -1.000000 0.000000
vn 0.000000 -1.000000 0.000000
vn 0.000000 -1.000000 0.000000
vn 0.000000 -1.000000 0.000000
vn 0.000000 -1.000000 0.000000
vn 0.000000 -1.000000 0.000000
vn 1.000000 0.000000 0.000000
vn -1.000000 0.000000 0.000000
vn -0.045954 0.182190 0.982189
vn -0.045954 0.182190 0.982189
vn 0.037306 0.171681 0.984446
vn 0.037306 0.171681 0.984446
vn -0.037118 0.171723 0.984446
vn -0.037118 0.171723 0.984446
vn 0.046468 0.182168 0.982169
vn 0.046468 0.182168 0.982169
vn 0.000000 0.000000 1.000000
vn -0.000001 0.000000 -1.000000
vn -1.000000 0.000000 0.000000
vn -1.000000 0.000000 0.000000
vn -0.000001 0.000000 1.000000
vn 1.000000 0.000000 0.000000
vn 1.000000 0.000000 0.000000
vn 0.000000 0.000000 -1.000000
vn 0.000000 0.000000 1.000000
vn 0.000000 0.000000 1.000000
vn 0.000000 0.000000 1.000000
vn 0.000000 0.000000 1.000000
vn 1.000000 0.000000 0.000000
vn 1.000000 0.000000 0.000000
vn 1.000000 0.000000 0.000000
vn 1.000000 0.000000 0.000000
vn -1.000000 0.000000 0.000000
vn -1.000000 0.000000 0.000000
vn -1.000000 0.000000 0.000000
vn -1.000000 0.000000 0.000000
vn 0.000000 0.000000 -1.000000
vn 0.000000 0.000000 -1.000000
vn 0.000000 0.000000 -1.000000
vn 0.000000 0.000000 -1.000000
vn 0.000000 0.000000 -1.000000
vn 0.000000 0.000000 -1.000000
vn -1.000000 0.000000 0.000000
vn -1.000000 0.000000 0.000000
vn 0.000000 0.000000 -1.000000
vn 0.000000 0.000000 -1.000000
vn 1.000000 0.000000 0.000000
vn 1.000000 0.000000 0.000000
vn 0.000000 0.000000 1.000000
vn 0.000000 0.000000 1.000000
vn -1.000000 0.000000 0.000000
vn -1.000000 0.000000 0.000000
vn 1.000000 0.000000 0.000000
vn 1.000000 0.000000 0.000000
vn 0.000000 0.000000 1.000000
vn 0.000000 0.000000 1.000000
vn 0.000000 -1.000000 0.000000
vn 0.000000 -1.000000 0.000000
vn 0.000000 -1.000000 0.000000
vn 0.000000 -1.000000 0.000000
vn 0.000000 -1.000000 0.000000
vn 0.000000 -1.000000 0.000000
vn 0.000000 0.000000 -1.000000
vn 0.000000 0.000000 -1.000000
vn 0.000000 0.000000 -1.000000
vn 0.000000 0.000000 -1.000000
vn 0.000000 0.000000 1.000000
vn 0.000000 0.000000 1.000000
vn 0.000000 0.000000 1.000000
vn 0.000000 0.000000 1.000000
vn -1.000000 0.000000 0.000000
vn -1.000000 0.000000 0.000000
vn -1.000000 0.000000 0.000000
vn -1.000000 0.000000 0.000000
vn -1.000000 0.000000 0.000000
vn -1.000000 0.000000 0.000000
vn -1.000000 0.000000 0.000000
vn -1.000000 0.000000 0.000000
vn 0.000000 1.000000 0.000000
vn 0.000000 1.000000 0.000000
vn 0.000000 1.000000 0.000000
vn 0.000000 1.000000 0.000000
vn 0.000000 1.000000 0.000000
vn 0.000000 1.000000 0.000000
vn 0.000000 1.000000 0.000000
vn 0.000000 1.000000 0.000000
vn 0.000000 1.000000 0.000000
vn 0.000000 1.000000 0.000000
vn 0.000000 1.000000 0.000000
vn 0.000000 1.000000 0.000000
vn 0.000000 1.000000 -0.000000
vn 0.000000 1.000000 -0.000000
vn 0.000000 1.000000 -0.000001
vn 0.000000 1.000000 -0.000001
vn 0.000000 -1.000000 0.000000
vn 0.000000 -1.000000 0.000000
vn 0.000000 -1.000000 0.000000
vn 0.000000 -1.000000 0.000000
vn 0.000000 -1.000000 -0.000000
vn 0.000000 -1.000000 -0.000000
vn 0.000000 -1.000000 0.000000
vn 0.000000 -1.000000 0.000000
vn 0.000000 -1.000000 0.000000
vn 0.000000 -1.000000 0.000000
vn 1.000000 0.000000 0.000000
vn 1.000000 0.000000 0.000000
vn 1.000000 0.000000 0.000000
vn 1.000000 0.000000 0.000000
vn 0.000000 0.000000 -1.000000
vn 0.000000 0.000000 -1.000000
vn 0.000000 0.000000 -1.000000
vn 0.000000 0.000000 -1.000000
vn -0.000000 0.000000 1.000000
vn -0.000000 0.000000 1.000000
vn -0.000000 0.000000 1.000000
vn -0.000000 0.000000 1.000000
vn 1.000000 0.000000 0.000000
vn 1.000000 0.000000 0.000000
vn 1.000000 0.000000 0.000000
vn 1.000000 0.000000 0.000000
vn 0.000000 -1.000000 0.000000
vn 0.000000 -1.000000 0.000000
vn 0.000000 -1.000000 0.000000
vn 0.000000 -1.000000 0.000000
vn 0.000000 -1.000000 0.000000
vn 0.000000 -1.000000 0.000000
vn 0.000000 -1.000000 0.000000
vn 0.000000 -1.000000 0.000000
vn 1.000000 0.000000 0.000000
vn 1.000000 0.000000 0.000000
vn 1.000000 0.000000 0.000000
vn 1.000000 0.000000 0.000000
vn 0.000000 0.000000 -1.000000
vn 0.000000 0.000000 -1.000000
vn 0.000000 0.000000 -1.000000
vn 0.000000 0.000000 -1.000000
vn -1.000000 0.000000 0.000000
vn -1.000000 0.000000 0.000000
vn -1.000000 0.000000 0.000000
vn -1.000000 0.000000 0.000000
vn 0.000000 0.000000 -1.000000
vn 0.000000 0.000000 -1.000000
vn 0.000000 0.000000 -1.000000
vn 0.000000 0.000000 -1.000000
vn 0.000000 0.000000 1.000000
vn 0.000000 0.000000 1.000000
vn 0.000000 0.000000 1.000000
vn 0.000000 0.000000 1.000000
vn -1.000000 0.000000 0.000000
vn -1.000000 0.000000 0.000000
vn -1.000000 0.000000 0.000000
vn -1.000000 0.000000 0.000000
vn 1.000000 0.000000 0.000000
vn 1.000000 0.000000 0.000000
vn 1.000000 0.000000 0.000000
vn 1.000000 0.000000 0.000000
vn 0.000000 0.000000 1.000000
vn 0.000000 0.000000 1.000000
vn 0.000000 0.000000 1.000000
vn 0.000000 0.000000 1.000000
vn 0.000000 1.000000 0.000000
vn 0.000000 1.000000 0.000000
vn 0.000000 1.000000 0.000000
vn 0.000000 1.000000 0.000000
vn 0.000000 1.000000 0.000000
vn 0.000000 1.000000 0.000000
vn -1.000000 0.000000 0.000000
vn -1.000000 0.000000 0.000000
vn -1.000000 0.000000 0.000000
vn -1.000000 0.000000 0.000000
vn 1.000000 0.000000 0.000000
vn 1.000000 0.000000 0.000000
vn 1.000000 0.000000 0.000000
vn 1.000000 0.000000 0.000000
vn 1.000000 0.000000 0.000000
vn 1.000000 0.000000 0.000000
vn 1.000000 0.000000 0.000000
vn 1.000000 0.000000 0.000000
vn 0.401197 -0.915992 -0.000002
vn 0.401197 -0.915992 -0.000002
vn 0.401197 -0.915992 -0.000002
vn 0.401197 -0.915992 -0.000002
vn 1.000000 0.000000 0.000000
vn 1.000000 0.000000 0.000000
vn 1.000000 0.000000 0.000000
vn 1.000000 0.000000 0.000000
vn -1.000000 0.000000 0.000000
vn -1.000000 0.000000 0.000000
vn -1.000000 0.000000 0.000000
vn -1.000000 0.000000 0.000000
vn -1.000000 -0.000000 0.000000
vn -1.000000 -0.000000 0.000000
vn -1.000000 -0.000000 0.000000
vn -1.000000 -0.000000 0.000000
vn 0.000000 -1.000000 0.000000
vn 0.000000 -1.000000 0.000000
vn 0.000000 -1.000000 0.000000
vn 0.000000 -1.000000 0.000000
vn -0.401197 -0.915992 -0.000002
vn -0.401197 -0.915992 -0.000002
vn -0.401197 -0.915992 -0.000002
vn -0.401197 -0.915992 -0.000002
vn 0.392121 -0.393968 0.831283
vn -0.393968 -0.392121 0.831283
vn -0.577350 0.577350 0.577350
vn -0.577350 0.577350 0.577350
vn -0.577350 0.577350 0.577350
vn 0.577350 0.577350 0.577350
vn 0.577350 0.577350 0.577350
vn 0.577350 0.577350 0.577350
vn -0.824895 0.422750 0.375275
vn 0.364782 0.851079 0.377623
vn 0.364782 0.851079 0.377623
vn 0.364782 0.851079 0.377623
vn -0.368419 0.848869 0.379063
vn -0.368419 0.848869 0.379063
vn -0.368419 0.848869 0.379063
vn 0.364779 0.851081 0.377620
vn 0.364779 0.851081 0.377620
vn 0.364779 0.851081 0.377620
vn -0.366729 0.850088 0.377969
vn -0.366729 0.850088 0.377969
vn -0.366729 0.850088 0.377969
vn 0.366468 0.849848 0.378760
vn 0.366468 0.849848 0.378760
vn 0.366468 0.849848 0.378760
vn -0.366733 0.850085 0.377971
vn -0.366733 0.850085 0.377971
vn -0.366733 0.850085 0.377971
vn 0.825311 0.423867 0.373093
vn 0.414500 0.337147 -0.845294
vn 0.414501 0.337147 -0.845294
vn 0.414501 0.337147 -0.845294
vn 0.414500 0.337147 -0.845294
vn 0.414500 0.337147 -0.845294
vn -0.414371 0.339583 -0.844381
vn -0.414371 0.339583 -0.844381
vn -0.414371 0.339583 -0.844381
vn -0.414371 0.339583 -0.844381
vn -0.414371 0.339583 -0.844381
vn 0.414504 0.337140 -0.845295
vn 0.414504 0.337140 -0.845295
vn 0.414504 0.337140 -0.845295
vn 0.414504 0.337140 -0.845295
vn 0.414504 0.337140 -0.845295
vn -0.415483 0.336746 -0.844971
vn -0.415483 0.336746 -0.844971
vn -0.415483 0.336746 -0.844971
vn -0.415483 0.336746 -0.844971
vn -0.415483 0.336746 -0.844971
vn 0.413343 0.340052 -0.844696
vn 0.413343 0.340052 -0.844696
vn 0.413343 0.340052 -0.844696
vn 0.413343 0.340052 -0.844696
vn 0.413343 0.340052 -0.844696
vn -0.415480 0.336752 -0.844970
vn -0.415480 0.336752 -0.844970
vn -0.415480 0.336752 -0.844970
vn -0.415480 0.336752 -0.844970
vn -0.415480 0.336752 -0.844970
vn 0.393968 -0.392121 -0.831283
vn -0.392121 -0.393968 -0.831283
vn 0.393968 -0.831282 0.392121
vn -0.392120 -0.831283 0.393968
vn 0.392120 -0.831283 -0.393968
vn -0.393968 -0.831282 -0.392121
vn -0.831283 -0.393968 0.392121
vn 0.831282 -0.392121 0.393968
vn -0.831282 -0.392121 -0.393968
vn 0.831283 -0.393968 -0.392121
vn 0.562868 -0.322495 0.761037
vn 0.552507 -0.392807 -0.735145
vn -0.371201 -0.313138 0.874160
vn -0.371201 -0.313138 0.874160
vn -0.371201 -0.313138 0.874160
vn -0.337007 -0.426723 -0.839246
vn -0.337007 -0.426723 -0.839246
vn 0.370034 -0.320955 0.871815
vn 0.370034 -0.320955 0.871815
vn 0.370034 -0.320955 0.871815
vn -0.371322 -0.320005 0.871617
vn -0.371322 -0.320005 0.871617
vn -0.371322 -0.320005 0.871617
vn 0.372842 -0.311858 0.873918
vn 0.372842 -0.311858 0.873918
vn 0.372842 -0.311858 0.873918
vn 0.335263 -0.424231 -0.841205
vn 0.335263 -0.424231 -0.841205
vn -0.563956 -0.322451 0.760249
vn -0.552283 -0.395262 -0.733997
vn 0.392121 0.393968 -0.831283
vn -0.831283 0.392121 0.393968
vn 0.577350 0.577350 0.577350
vn 0.577350 0.577350 0.577350
vn 0.577350 0.577350 0.577350
vn 0.577350 0.577350 0.577350
vn 0.577350 0.577350 0.577350
vn 0.577350 0.577350 0.577350
vn -0.393968 0.392121 -0.831283
vn -0.577350 0.577350 0.577350
vn -0.577350 0.577350 0.577350
vn -0.577350 0.577350 0.577350
vn -0.577350 0.577350 0.577350
vn -0.577350 0.577350 0.577350
vn -0.577350 0.577350 0.577350
vn 0.831283 0.393968 0.392121
vn 0.577350 0.577350 -0.577351
vn 0.577350 0.577350 -0.577351
vn 0.577350 0.577350 -0.577351
vn 0.577350 0.577350 -0.577351
vn 0.577350 0.577350 -0.577351
vn 0.577350 0.577350 -0.577351
vn -0.831283 0.393968 -0.392121
vn 0.831283 0.392120 -0.393968
vn -0.577350 0.577350 -0.577350
vn -0.577350 0.577350 -0.577350
vn -0.577350 0.577350 -0.577350
vn -0.577350 0.577350 -0.577350
vn -0.577350 0.577350 -0.577350
vn -0.577350 0.577350 -0.577350
vn 0.393968 0.392121 0.831283
vn -0.392120 0.393968 0.831283
vn 0.393968 -0.392121 -0.831283
vn 0.577350 -0.577350 0.577350
vn 0.577350 -0.577350 0.577350
vn 0.577350 -0.577350 0.577350
vn 0.577350 -0.577350 0.577350
vn 0.577350 -0.577350 0.577350
vn 0.577350 -0.577350 0.577350
vn -0.831283 -0.393968 0.392121
vn -0.392120 -0.393967 -0.831283
vn -0.577350 -0.577350 0.577350
vn -0.577350 -0.577350 0.577350
vn -0.577350 -0.577350 0.577350
vn -0.577350 -0.577350 0.577350
vn -0.577350 -0.577350 0.577350
vn -0.577350 -0.577350 0.577350
vn 0.831283 -0.392121 0.393968
vn 0.577350 -0.577350 -0.577351
vn 0.577350 -0.577350 -0.577351
vn 0.577350 -0.577350 -0.577351
vn 0.577350 -0.577350 -0.577351
vn 0.577350 -0.577350 -0.577351
vn 0.577350 -0.577350 -0.577351
vn -0.831283 -0.392120 -0.393968
vn 0.831283 -0.393968 -0.392121
vn -0.577350 -0.577350 -0.577351
vn -0.577350 -0.577350 -0.577350
vn -0.577350 -0.577350 -0.577350
vn -0.577350 -0.577350 -0.577351
vn -0.577350 -0.577350 -0.577350
vn -0.577350 -0.577350 -0.577350
vn 0.392120 -0.393967 0.831283
vn -0.393968 -0.392121 0.831283
vn -0.577350 -0.577350 -0.577351
vn -0.577350 -0.577350 -0.577351
vn -0.577350 -0.577350 -0.577351
vn 0.577350 -0.577350 -0.577351
vn 0.577350 -0.577350 -0.577351
vn 0.577350 -0.577350 -0.577351
vn 0.577351 -0.577349 0.577351
vn 0.577351 -0.577350 0.577351
vn 0.577351 -0.577349 0.577351
vn -0.577351 -0.577350 0.577351
vn -0.577351 -0.577349 0.577351
vn -0.577351 -0.577349 0.577351
vn -0.577350 -0.577350 -0.577351
vn -0.577350 -0.577350 -0.577351
vn -0.577350 -0.577350 -0.577351
vn -0.577351 -0.577349 0.577351
vn -0.577351 -0.577350 0.577351
vn -0.577351 -0.577349 0.577351
vn 0.577350 -0.577350 -0.577351
vn 0.577350 -0.577350 -0.577351
vn 0.577350 -0.577350 -0.577351
vn 0.577351 -0.577350 0.577351
vn 0.577351 -0.577349 0.577351
vn 0.577351 -0.577349 0.577351
vn -0.577350 -0.577350 -0.577351
vn -0.577350 -0.577350 -0.577351
vn -0.577350 -0.577350 -0.577351
vn 0.577350 -0.577350 -0.577351
vn 0.577350 -0.577350 -0.577351
vn 0.577350 -0.577350 -0.577351
vn 0.577350 -0.577350 -0.577351
vn 0.577350 -0.577350 -0.577351
vn 0.577350 -0.577350 -0.577351
vn -0.577350 -0.577350 -0.577351
vn -0.577350 -0.577350 -0.577351
vn -0.577350 -0.577350 -0.577351
vn 0.577350 -0.577350 0.577351
vn 0.577350 -0.577350 0.577351
vn 0.577350 -0.577350 0.577351
vn -0.577350 -0.577350 0.577351
vn -0.577350 -0.577350 0.577351
vn -0.577350 -0.577350 0.577351
vn -0.577350 -0.577350 0.577351
vn -0.577350 -0.577350 0.577351
vn -0.577350 -0.577350 0.577351
vn 0.577350 -0.577350 0.577351
vn 0.577350 -0.577350 0.577351
vn 0.577350 -0.577350 0.577351
s 1
g pCube1
usemtl initialShadingGroup
f 1/1/1 4/630/2 518/355/3 517/367/4
s 2
f 2/3/5 1/2/6 8/772/7 7/526/8
s 1
f 3/5/9 2/3/10 36/34/11 35/593/12
s 3
f 4/4/13 3/5/14 273/49/15 272/6/16
s 4
f 5/7/17 9/739/18 239/167/19 238/738/20
s 5
f 6/8/21 5/7/22 13/10/23 12/527/24
s 2
f 7/526/8 6/8/25 40/36/26 39/35/27
s 5
f 9/739/28 8/9/29 512/366/30 511/347/31
s 7
f 10/11/32 13/10/33 240/171/34 243/737/35
s 5
f 11/12/36 10/11/37 17/13/38 16/528/39
s 2
f 12/527/40 11/12/41 44/38/42 43/37/43
s 7
f 14/14/44 17/13/45 244/174/46 247/736/47
s 5
f 15/15/48 14/14/49 21/16/50 20/529/51
s 2
f 16/528/52 15/15/53 48/40/54 47/39/55
s 7
f 18/17/56 21/16/57 248/177/58 251/735/59
s 5
f 19/18/60 18/17/61 25/19/62 24/530/63
s 2
f 20/529/64 19/18/65 52/42/66 51/41/67
s 7
f 22/20/68 25/19/69 252/180/70 255/734/71
s 5
f 23/21/72 22/20/73 30/22/74 29/531/75
s 2
f 24/530/76 23/21/77 56/44/78 55/43/79
s 12
f 26/24/80 30/22/81 257/183/82 256/742/83
s 5
f 27/23/84 26/24/85 556/365/86 555/633/87
s 2
f 28/26/88 27/25/89 34/776/90 33/532/91
f 29/531/92 28/26/88 60/46/93 59/45/94
s 14
f 31/27/95 34/28/96 559/397/97 558/360/98
s 15
f 32/31/99 31/29/100 279/30/101 278/69/102
s 14
f 33/532/103 32/31/104 64/777/105 63/47/106
s 16
f 35/32/107 37/533/108 66/50/109 65/33/110
s 17
f 37/533/111 36/34/112 39/35/113 38/534/114
s 18
f 38/534/115 41/535/116 71/55/117 70/51/118
s 17
f 41/535/119 40/36/120 43/37/121 42/536/122
s 18
f 42/536/123 45/537/124 75/57/125 74/56/126
s 17
f 45/537/127 44/38/128 47/39/129 46/538/130
s 18
f 46/538/131 49/539/132 79/59/133 78/58/134
s 17
f 49/539/135 48/40/136 51/41/137 50/540/138
s 18
f 50/540/139 53/541/140 83/61/141 82/60/142
s 17
f 53/541/143 52/42/144 55/43/145 54/542/146
s 18
f 54/542/147 57/543/148 87/63/149 86/62/150
s 17
f 57/543/151 56/44/152 59/45/153 58/544/154
s 18
f 58/544/155 61/545/156 91/65/157 90/64/158
s 17
f 61/545/159 60/46/160 63/47/161 62/546/162
s 16
f 62/546/163 64/48/164 96/780/165 95/66/166
s 3
f 65/594/167 68/591/168 274/187/169 273/49/15
s 18
f 67/53/170 66/50/171 70/51/118 69/547/172
s 16
f 68/52/173 67/53/174 100/74/175 99/54/176
s 18
f 69/547/172 72/548/177 105/77/178 104/75/179
f 72/548/177 71/55/117 74/56/126 73/549/180
f 73/549/180 76/550/181 109/79/182 108/78/183
f 76/550/181 75/57/125 78/58/134 77/551/184
f 77/551/184 80/552/185 115/83/186 114/80/187
f 80/552/185 79/59/133 82/60/142 81/553/188
f 81/553/188 84/554/189 119/85/190 118/84/191
f 84/554/189 83/61/141 86/62/150 85/555/192
f 85/555/192 88/556/193 125/89/194 124/86/195
f 88/556/193 87/63/149 90/64/158 89/557/196
f 89/557/196 92/558/197 129/91/198 128/90/199
f 92/558/197 91/65/157 95/66/200 94/559/201
s 15
f 93/67/202 96/68/203 278/69/102 277/191/204
s 16
f 94/559/205 93/70/206 134/783/207 133/92/208
f 97/781/209 101/595/210 283/197/211 282/597/212
s 3
f 98/73/213 97/71/214 140/72/215 139/589/216
f 99/592/217 98/73/213 263/127/218 262/590/219
s 27
f 101/595/220 100/74/221 104/75/222 103/596/223
s off
f 102/76/224 106/755/225 141/103/226 145/761/227
s 28
f 103/596/228 102/76/229 289/199/230 288/198/231
s 18
f 106/755/232 105/77/178 108/78/183 107/756/233
s off
f 107/756/234 111/767/235 146/107/236 150/104/237
s 29
f 110/81/238 109/79/239 114/80/240 113/598/241
s off
f 111/767/242 110/81/243 300/211/244 299/768/245
f 112/82/246 116/753/247 151/110/248 155/762/249
f 113/598/250 112/82/251 313/217/252 312/212/253
s 18
f 116/753/254 115/83/186 118/84/191 117/754/255
s off
f 117/754/256 121/765/257 156/114/258 160/111/259
s 30
f 120/87/260 119/85/261 124/86/262 123/600/263
s off
f 121/765/264 120/87/265 320/226/266 319/766/267
f 122/88/268 126/757/269 161/117/270 165/764/271
f 123/600/272 122/88/273 333/232/274 332/227/275
s 18
f 126/757/276 125/89/194 128/90/199 127/758/277
s off
f 127/758/278 131/759/279 166/121/280 170/118/281
s 31
f 130/93/282 129/91/283 133/92/284 132/602/285
s 32
f 131/759/286 130/93/287 340/241/288 339/760/289
s 16
f 132/602/290 136/603/291 351/247/292 350/242/293
s 15
f 135/96/294 134/94/295 269/190/296 268/146/297
f 136/95/298 135/96/294 172/97/299 171/98/300
s 33
f 137/100/301 140/99/302 297/196/303 296/204/304
s 34
f 138/101/305 137/100/306 144/106/307 143/569/308
s 33
f 139/785/309 138/101/310 177/128/311 176/102/312
s off
f 142/105/313 141/103/314 150/104/315 149/570/316
s 34
f 143/569/308 142/105/317 182/131/318 181/129/319
s 36
f 145/761/320 144/106/321 291/203/322 290/200/323
s 34
f 147/108/324 146/107/325 308/210/326 307/599/327
f 148/109/328 147/108/329 154/113/330 153/571/331
f 149/570/332 148/109/328 186/133/333 185/132/334
s off
f 152/112/335 151/110/336 160/111/337 159/572/338
s 34
f 153/571/331 152/112/339 190/135/340 189/134/341
f 155/762/342 154/113/343 315/216/344 314/218/345
f 157/115/346 156/114/347 328/225/348 327/601/349
f 158/116/350 157/115/351 164/120/352 163/573/353
f 159/572/354 158/116/350 194/137/355 193/136/356
s off
f 162/119/357 161/117/358 170/118/359 169/574/360
s 34
f 163/573/353 162/119/361 198/139/362 197/138/363
f 165/764/364 164/120/365 335/231/366 334/233/367
s 45
f 167/122/368 166/121/369 348/240/370 347/605/371
s 34
f 168/123/372 167/122/373 174/124/374 173/575/375
f 169/574/376 168/123/372 202/141/377 201/140/378
s 33
f 171/604/379 174/124/380 355/246/381 354/248/382
f 173/575/383 172/125/384 207/788/385 206/142/386
f 175/787/387 178/624/388 419/296/389 418/626/390
s 3
f 176/588/391 175/126/392 264/790/393 263/127/218
s 34
f 178/624/394 177/128/395 181/129/319 180/625/396
s 49
f 179/130/397 183/722/398 210/148/399 209/749/400
s 50
f 180/625/401 179/130/402 425/298/403 424/297/404
f 183/722/405 182/131/406 185/132/407 184/723/408
s 7
f 184/723/409 187/724/410 214/152/411 217/149/412
s 50
f 187/724/413 186/133/414 189/134/415 188/725/416
s 7
f 188/725/417 191/726/418 218/155/419 221/153/420
s 50
f 191/726/421 190/135/422 193/136/423 192/727/424
s 7
f 192/727/425 195/728/426 222/158/427 225/156/428
s 50
f 195/728/429 194/137/430 197/138/431 196/729/432
s 7
f 196/729/433 199/730/434 226/161/435 229/159/436
s 50
f 199/730/437 198/139/438 201/140/439 200/731/440
s 55
f 200/731/441 204/747/442 234/164/443 233/162/444
s 34
f 203/143/445 202/141/377 206/142/446 205/627/447
s 50
f 204/747/448 203/143/449 470/335/450 469/748/451
s 33
f 205/627/452 208/628/453 482/342/454 481/336/455
s 15
f 208/144/456 207/145/457 268/146/297 267/147/458
s off
f 209/749/459 213/752/460 435/302/461 440/299/462
s 7
f 211/150/463 210/148/464 217/149/412 216/580/465
f 212/151/466 211/150/463 237/169/467 236/733/468
s 49
f 213/752/469 212/151/470 261/185/471 265/750/472
s 7
f 215/154/473 214/152/411 221/153/420 220/581/474
f 216/580/465 215/154/473 242/172/475 241/170/476
f 219/157/477 218/155/419 225/156/428 224/582/478
f 220/581/474 219/157/477 246/175/479 245/173/480
f 223/160/481 222/158/427 229/159/436 228/583/482
f 224/582/478 223/160/481 250/178/483 249/176/484
f 227/163/485 226/161/435 233/162/486 232/584/487
f 228/583/482 227/163/485 254/181/488 253/179/489
s off
f 230/165/490 234/164/491 474/334/492 479/746/493
s 55
f 231/166/494 230/165/495 266/189/496 270/732/497
s 7
f 232/584/487 231/166/498 259/184/499 258/182/500
s off
f 235/168/501 239/167/502 489/346/503 494/740/504
s 4
f 236/733/505 235/168/506 271/193/507 275/186/508
s 7
f 238/738/509 237/169/467 241/170/476 240/171/34
f 243/737/35 242/172/475 245/173/480 244/174/46
f 247/736/47 246/175/479 249/176/484 248/177/58
f 251/735/59 250/178/483 253/179/489 252/180/70
f 255/734/71 254/181/488 258/182/500 257/183/510
s off
f 256/742/511 260/745/512 505/358/513 510/741/514
s 12
f 260/745/515 259/184/516 276/192/517 280/743/518
s 57
f 262/590/519 261/185/520 275/186/521 274/187/522
f 265/750/523 264/188/524 427/295/525 426/751/526
s 58
f 267/629/527 266/189/528 488/341/529 487/343/530
f 270/732/531 269/190/532 277/191/533 276/192/534
s 57
f 272/631/535 271/193/536 499/352/537 498/632/538
s 58
f 280/743/539 279/194/540 501/359/541 500/744/542
s 16
f 281/195/543 284/606/544 358/251/545 357/609/546
s 3
f 282/597/547 281/195/548 298/207/549 297/196/550
s 60
f 284/606/551 283/197/552 288/198/553 287/607/554
s off
f 285/201/555 289/199/556 290/200/557 294/763/558
s 28
f 286/202/559 285/201/560 303/208/561 302/610/562
s 60
f 287/607/554 286/202/563 363/253/564 362/252/565
s 34
f 292/205/566 291/203/567 296/204/568 295/608/569
f 293/206/570 292/205/566 365/258/571 364/611/572
s 36
f 294/763/573 293/206/574 305/214/575 304/209/576
s 33
f 295/608/577 298/207/578 370/250/579 369/259/580
s off
f 299/768/581 303/208/582 304/209/583 308/210/584
s 60
f 301/213/585 300/211/586 312/212/587 311/612/588
f 302/610/589 301/213/585 374/261/590 373/254/591
s 34
f 306/215/592 305/214/593 376/257/594 375/613/595
f 307/599/327 306/215/592 316/221/596 315/216/344
s off
f 309/219/597 313/217/598 314/218/599 318/769/600
f 310/220/601 309/219/602 323/223/603 322/614/604
s 60
f 311/612/588 310/220/605 382/267/606 381/262/607
s 34
f 317/222/608 316/221/596 384/266/609 383/615/610
f 318/769/611 317/222/612 325/229/613 324/224/614
s off
f 319/766/615 323/223/616 324/224/617 328/225/618
s 60
f 321/228/619 320/226/620 332/227/621 331/616/622
f 322/614/623 321/228/619 390/273/624 389/268/625
s 34
f 326/230/626 325/229/627 392/272/628 391/617/629
f 327/601/349 326/230/626 336/236/630 335/231/366
s off
f 329/234/631 333/232/632 334/233/633 338/770/634
s 32
f 330/235/635 329/234/636 343/238/637 342/618/638
s 60
f 331/616/622 330/235/639 398/279/640 397/274/641
s 34
f 337/237/642 336/236/630 400/278/643 399/619/644
s 45
f 338/770/645 337/237/646 345/244/647 344/239/648
s off
f 339/760/649 343/238/650 344/239/651 348/240/652
s 60
f 341/243/653 340/241/654 350/242/655 349/620/656
f 342/618/657 341/243/653 406/285/658 405/280/659
s 34
f 346/245/660 345/244/661 408/284/662 407/623/663
f 347/605/664 346/245/660 356/249/665 355/246/666
s 16
f 349/620/667 352/621/668 413/291/669 412/286/670
s 15
f 352/621/671 351/247/672 354/248/673 353/622/674
s 33
f 353/622/675 356/249/676 416/290/677 415/292/678
s off
f 357/609/679 359/560/680 368/260/681 370/250/682
s 16
f 359/560/683 358/251/545 362/252/684 361/561/685
f 360/255/686 363/253/687 373/254/688 372/563/689
s 69
f 361/561/690 360/255/691 367/256/692 366/562/693
s 33
f 364/611/694 367/256/695 377/264/696 376/257/697
f 366/562/698 365/258/699 369/259/580 368/260/700
s 16
f 371/263/701 374/261/702 381/262/703 380/564/704
s 69
f 372/563/705 371/263/706 378/265/707 377/264/708
s 33
f 375/613/709 378/265/710 385/270/711 384/266/712
s 16
f 379/269/713 382/267/714 389/268/715 388/565/716
s 69
f 380/564/717 379/269/718 386/271/719 385/270/720
s 33
f 383/615/721 386/271/722 393/276/723 392/272/724
s 16
f 387/275/725 390/273/726 397/274/727 396/566/728
s 69
f 388/565/729 387/275/730 394/277/731 393/276/732
s 33
f 391/617/733 394/277/734 401/282/735 400/278/736
s 16
f 395/281/737 398/279/738 405/280/739 404/567/740
s 69
f 396/566/741 395/281/742 402/283/743 401/282/744
s 33
f 399/619/745 402/283/746 409/288/747 408/284/748
s 16
f 403/287/749 406/285/750 412/286/670 411/568/751
s 69
f 404/567/752 403/287/753 410/289/754 409/288/755
s 33
f 407/623/756 410/289/757 414/293/758 416/290/677
s off
f 411/568/759 413/291/760 415/292/761 414/293/762
s 33
f 417/294/763 420/634/764 563/401/765 562/636/766
s 3
f 418/626/767 417/294/768 428/303/769 427/295/770
s 34
f 420/634/771 419/296/772 424/297/773 423/635/774
s off
f 421/300/775 425/298/776 440/299/777 439/706/778
s 50
f 422/301/779 421/300/780 434/305/781 433/637/782
s 34
f 423/635/774 422/301/783 568/404/784 567/402/785
s off
f 426/751/786 430/695/787 436/308/788 435/302/789
s 3
f 429/304/790 428/303/769 578/400/791 577/651/792
s 57
f 430/695/793 429/304/794 496/353/795 495/351/796
s 78
f 431/306/797 434/305/798 441/311/799 444/705/800
s 50
f 432/307/801 431/306/802 448/314/803 447/639/804
s 34
f 433/637/805 432/307/806 583/415/807 582/405/808
s off
f 437/309/809 436/308/810 493/350/811 492/650/812
f 438/310/813 437/309/814 573/408/815 572/638/816
s 80
f 439/706/817 438/310/818 442/312/819 441/311/820
s 81
f 443/313/821 442/312/822 587/407/823 586/640/824
s 80
f 444/705/825 443/313/826 450/318/827 449/315/828
s 78
f 445/316/829 448/314/830 449/315/831 452/704/832
s 50
f 446/317/833 445/316/834 456/320/835 455/641/836
s 34
f 447/639/837 446/317/838 591/420/839 590/416/840
s 81
f 451/319/841 450/318/842 595/418/843 594/642/844
s 80
f 452/704/845 451/319/846 458/324/847 457/321/848
s 78
f 453/322/849 456/320/850 457/321/851 460/703/852
s 50
f 454/323/853 453/322/854 464/326/855 463/643/856
s 34
f 455/641/857 454/323/858 599/425/859 598/421/860
s 81
f 459/325/861 458/324/862 603/423/863 602/644/864
s 80
f 460/703/865 459/325/866 466/330/867 465/327/868
s 78
f 461/328/869 464/326/870 465/327/871 468/702/872
s 50
f 462/329/873 461/328/874 473/332/875 472/645/876
s 34
f 463/643/877 462/329/878 607/430/879 606/426/880
s 81
f 467/331/881 466/330/882 611/428/883 610/646/884
s 80
f 468/702/885 467/331/886 476/338/887 475/333/888
s off
f 469/748/889 473/332/890 475/333/891 474/334/892
s 34
f 471/337/893 470/335/894 481/336/895 480/647/896
f 472/645/897 471/337/893 615/435/898 614/431/899
s off
f 477/339/900 476/338/901 621/433/902 620/653/903
f 478/340/904 477/339/905 507/362/906 506/357/907
f 479/746/908 478/340/909 484/344/910 488/341/911
s 33
f 480/647/912 483/648/913 626/442/914 625/436/915
s 15
f 483/648/916 482/342/917 487/343/918 486/649/919
s 58
f 485/345/920 484/344/921 504/356/922 503/652/923
s 15
f 486/649/919 485/345/924 631/445/925 630/443/926
s off
f 490/348/927 489/346/928 511/347/929 515/701/930
s 86
f 491/349/931 490/348/932 523/371/933 522/656/934
s off
f 492/650/935 491/349/936 636/449/937 635/409/938
f 494/740/939 493/350/940 495/351/941 499/352/942
s 3
f 497/354/943 496/353/944 642/412/945 641/655/946
f 498/632/947 497/354/943 519/370/948 518/355/949
s off
f 500/744/950 504/356/951 506/357/952 505/358/953
s 15
f 502/361/954 501/359/955 558/360/956 557/666/957
f 503/652/958 502/361/954 646/456/959 645/446/960
s off
f 508/363/961 507/362/962 651/441/963 650/664/964
s 86
f 509/364/965 508/363/966 545/391/967 544/696/968
s off
f 510/741/969 509/364/970 552/394/971 556/365/972
s 2
f 513/368/973 512/366/974 517/367/975 516/654/976
f 514/369/977 513/368/973 657/464/978 656/657/979
s 5
f 515/701/980 514/369/981 525/375/982 524/372/983
s 1
f 516/654/984 519/370/985 662/454/986 661/465/987
s 88
f 520/373/988 523/371/989 524/372/990 527/700/991
s 86
f 521/374/992 520/373/993 531/377/994 530/658/995
s 89
f 522/656/996 521/374/997 666/469/998 665/450/999
s 2
f 526/376/1000 525/375/1001 670/463/1002 669/659/1003
s 5
f 527/700/1004 526/376/1005 533/381/1006 532/378/1007
s 88
f 528/379/1008 531/377/1009 532/378/1010 535/699/1011
s 86
f 529/380/1012 528/379/1013 539/383/1014 538/660/1015
s 89
f 530/658/1016 529/380/1017 674/474/1018 673/470/1019
s 2
f 534/382/1020 533/381/1021 678/472/1022 677/661/1023
s 5
f 535/699/1024 534/382/1025 541/387/1026 540/384/1027
s 88
f 536/385/1028 539/383/1029 540/384/1030 543/698/1031
s 86
f 537/386/1032 536/385/1033 547/389/1034 546/662/1035
s 89
f 538/660/1036 537/386/1037 682/479/1038 681/475/1039
s 2
f 542/388/1040 541/387/1041 686/477/1042 685/663/1043
s 5
f 543/698/1044 542/388/1045 549/392/1046 548/390/1047
s 88
f 544/696/1048 547/389/1049 548/390/1050 551/697/1051
s 89
f 546/662/1052 545/391/1053 690/460/1054 689/480/1055
s 2
f 550/393/1056 549/392/1057 694/482/1058 693/665/1059
s 5
f 551/697/1060 550/393/1061 553/395/1062 552/394/1063
s 2
f 554/396/1064 553/395/1065 699/487/1066 698/667/1067
f 555/633/1068 554/396/1064 560/398/1069 559/397/1070
s 14
f 557/666/1071 560/398/1072 703/490/1073 702/457/1074
s 33
f 561/399/1075 564/668/1076 706/493/1077 705/670/1078
s 3
f 562/636/1079 561/399/1080 579/413/1081 578/400/791
s 34
f 564/668/1082 563/401/1083 567/402/785 566/669/1084
s off
f 565/403/1085 569/708/1086 571/406/1087 570/721/1088
s 94
f 566/669/1089 565/403/1090 710/495/1091 709/494/1092
f 569/708/1093 568/404/1094 582/405/1095 581/709/1096
s off
f 570/721/1097 575/719/1098 711/497/1099 713/496/1100
s 95
f 572/638/1101 571/406/1102 588/414/1103 587/407/1104
s off
f 574/410/1105 573/408/1106 635/409/1107 634/707/1108
f 575/719/1109 574/410/1110 576/411/1111 580/720/1112
s 96
f 577/651/1113 576/411/1114 643/448/1115 642/412/1116
f 580/720/1117 579/413/1118 716/492/1119 715/498/1120
s 97
f 581/709/1121 584/678/1122 585/417/1123 588/414/1124
s 94
f 584/678/1125 583/415/1126 590/416/1127 589/679/1128
s 95
f 586/640/1129 585/417/1130 596/419/1131 595/418/1132
s 97
f 589/679/1133 592/680/1134 593/422/1135 596/419/1136
s 94
f 592/680/1137 591/420/1138 598/421/1139 597/681/1140
s 95
f 594/642/1141 593/422/1142 604/424/1143 603/423/1144
s 97
f 597/681/1145 600/682/1146 601/427/1147 604/424/1148
s 94
f 600/682/1149 599/425/1150 606/426/1151 605/683/1152
s 95
f 602/644/1153 601/427/1154 612/429/1155 611/428/1156
s 97
f 605/683/1157 608/686/1158 609/432/1159 612/429/1160
s 94
f 608/686/1161 607/430/1162 614/431/1163 613/687/1164
s 95
f 610/646/1165 609/432/1166 622/434/1167 621/433/1168
s off
f 613/687/1169 617/692/1170 623/438/1171 622/434/1172
s 34
f 616/437/1173 615/435/898 625/436/1174 624/671/1175
s 94
f 617/692/1176 616/437/1177 719/500/1178 718/691/1179
s off
f 618/439/1180 623/438/1181 720/503/1182 722/690/1183
f 619/440/1184 618/439/1185 628/444/1186 632/684/1187
f 620/653/1188 619/440/1189 652/455/1190 651/441/1191
s 33
f 624/671/1192 627/672/1193 725/506/1194 724/501/1195
s 15
f 627/672/1196 626/442/1197 630/443/926 629/673/1198
s 101
f 629/673/1199 628/444/1200 728/505/1201 727/507/1202
f 632/684/1203 631/445/1204 645/446/1205 644/685/1206
s off
f 633/447/1207 638/717/1208 732/512/1209 734/511/1210
f 634/707/1211 633/447/1212 639/452/1213 643/448/1214
s 102
f 637/451/1215 636/449/1216 665/450/1217 664/710/1218
s off
f 638/717/1219 637/451/1220 655/462/1221 659/718/1222
s 96
f 640/453/1223 639/452/1224 730/510/1225 729/675/1226
s 3
f 641/655/946 640/453/1227 663/467/1228 662/454/1229
s off
f 644/685/1230 648/689/1231 653/461/1232 652/455/1233
s 15
f 647/458/1234 646/456/959 702/457/1235 701/676/1236
s 101
f 648/689/1237 647/458/1238 737/514/1239 736/688/1240
s off
f 649/459/1241 654/693/1242 696/488/1243 700/486/1244
s 102
f 650/664/1245 649/459/1246 691/483/1247 690/460/1248
s off
f 654/693/1249 653/461/1250 738/517/1251 740/694/1252
s 105
f 656/657/1253 655/462/1254 671/468/1255 670/463/1256
s 2
f 658/466/1257 657/464/978 661/465/1258 660/674/1259
s 105
f 659/718/1260 658/466/1261 743/520/1262 742/513/1263
s 1
f 660/674/1264 663/467/1265 746/509/1266 745/521/1267
s 106
f 664/710/1268 667/711/1269 668/471/1270 671/468/1271
s 102
f 667/711/1272 666/469/1273 673/470/1274 672/712/1275
s 105
f 669/659/1276 668/471/1277 679/473/1278 678/472/1279
s 106
f 672/712/1280 675/713/1281 676/476/1282 679/473/1283
s 102
f 675/713/1284 674/474/1285 681/475/1286 680/714/1287
s 105
f 677/661/1288 676/476/1289 687/478/1290 686/477/1291
s 106
f 680/714/1292 683/715/1293 684/481/1294 687/478/1295
s 102
f 683/715/1296 682/479/1297 689/480/1298 688/716/1299
s 105
f 685/663/1300 684/481/1301 695/484/1302 694/482/1303
s 106
f 688/716/1304 691/483/1305 692/485/1306 695/484/1307
s 105
f 693/665/1308 692/485/1309 700/486/1310 699/487/1311
f 697/489/1312 696/488/1313 748/519/1314 747/677/1315
s 2
f 698/667/1067 697/489/1316 704/491/1317 703/490/1318
s 14
f 701/676/1319 704/491/1320 752/525/1321 751/515/1322
s off
f 705/670/1323 707/576/1324 714/499/1325 716/492/1326
f 707/576/1327 706/493/1328 709/494/1329 708/577/1330
f 708/577/1331 710/495/1332 713/496/1333 712/578/1334
f 712/578/1335 711/497/1336 715/498/1337 714/499/1338
f 717/502/1339 719/500/1340 724/501/1341 723/579/1342
f 718/691/1343 717/502/1344 721/504/1345 720/503/1346
f 722/690/1347 721/504/1348 726/508/1349 728/505/1350
f 723/579/1351 725/506/1352 727/507/1353 726/508/1354
f 729/675/1355 731/585/1356 744/522/1357 746/509/1358
f 731/585/1359 730/510/1360 734/511/1361 733/586/1362
f 733/586/1363 732/512/1364 742/513/1365 741/587/1366
f 735/516/1367 737/514/1368 751/515/1369 750/524/1370
f 736/688/1371 735/516/1372 739/518/1373 738/517/1374
f 740/694/1375 739/518/1376 749/523/1377 748/519/1378
f 741/587/1379 743/520/1380 745/521/1381 744/522/1382
f 747/677/1383 749/523/1384 750/524/1385 752/525/1386
s 2
f 2/3/5 7/526/8 39/35/27 36/34/1387
f 6/8/25 12/527/40 43/37/43 40/36/26
f 11/12/41 16/528/52 47/39/55 44/38/42
f 15/15/53 20/529/64 51/41/67 48/40/54
f 19/18/65 24/530/76 55/43/79 52/42/66
f 23/21/77 29/531/92 59/45/94 56/44/78
f 28/26/88 33/532/91 63/47/1388 60/46/93
s 18
f 37/533/1389 38/534/115 70/51/118 66/50/171
f 41/535/116 42/536/123 74/56/126 71/55/117
f 45/537/124 46/538/131 78/58/134 75/57/125
f 49/539/132 50/540/139 82/60/142 79/59/133
f 53/541/140 54/542/147 86/62/150 83/61/141
f 57/543/148 58/544/155 90/64/158 87/63/149
f 61/545/156 62/546/1390 95/66/200 91/65/157
f 67/53/170 69/547/172 104/75/179 100/74/1391
f 72/548/177 73/549/180 108/78/183 105/77/178
f 76/550/181 77/551/184 114/80/187 109/79/182
f 80/552/185 81/553/188 118/84/191 115/83/186
f 84/554/189 85/555/192 124/86/195 119/85/190
f 88/556/193 89/557/196 128/90/199 125/89/194
f 92/558/197 94/559/201 133/92/1392 129/91/198
s 69
f 359/560/1393 361/561/690 366/562/693 368/260/1394
f 360/255/691 372/563/705 377/264/708 367/256/692
f 371/263/706 380/564/717 385/270/720 378/265/707
f 379/269/718 388/565/729 393/276/732 386/271/719
f 387/275/730 396/566/741 401/282/744 394/277/731
f 395/281/742 404/567/752 409/288/755 402/283/743
f 403/287/753 411/568/1395 414/293/1396 410/289/754
s 34
f 138/101/305 143/569/308 181/129/319 177/128/395
f 142/105/317 149/570/332 185/132/334 182/131/318
f 148/109/328 153/571/331 189/134/341 186/133/333
f 152/112/339 159/572/354 193/136/356 190/135/340
f 158/116/350 163/573/353 197/138/363 194/137/355
f 162/119/361 169/574/376 201/140/378 198/139/362
f 168/123/372 173/575/375 206/142/446 202/141/377
s off
f 707/576/1397 708/577/1398 712/578/1399 714/499/1400
f 717/502/1401 723/579/1402 726/508/1403 721/504/1404
s 7
f 211/150/463 216/580/465 241/170/476 237/169/467
f 215/154/473 220/581/474 245/173/480 242/172/475
f 219/157/477 224/582/478 249/176/484 246/175/479
f 223/160/481 228/583/482 253/179/489 250/178/483
f 227/163/485 232/584/487 258/182/500 254/181/488
s off
f 731/585/1405 733/586/1406 741/587/1407 744/522/1408
f 739/518/1409 735/516/1410 750/524/1411 749/523/1412
s 15
f 268/146/297 207/145/457 172/97/299 135/96/294
f 277/191/204 269/190/296 134/94/295 93/67/202
f 32/31/99 278/69/102 96/68/203 64/777/1413
s 3
f 176/588/391 263/127/218 98/73/213 139/589/216
f 262/590/219 274/187/169 68/591/168 99/592/217
f 273/49/15 3/5/14 35/593/1414 65/594/167
s 60
f 101/595/1415 103/596/1416 288/198/553 283/197/552
s 34
f 144/106/307 137/100/306 296/204/568 291/203/567
s 3
f 140/99/215 97/781/214 282/597/547 297/196/550
s 60
f 110/81/1417 113/598/1418 312/212/587 300/211/586
s 34
f 154/113/330 147/108/329 307/599/327 315/216/344
s 60
f 120/87/1419 123/600/1420 332/227/621 320/226/620
s 34
f 164/120/352 157/115/351 327/601/349 335/231/366
s 60
f 130/93/1421 132/602/1422 350/242/655 340/241/654
s 15
f 136/603/298 171/604/300 354/248/673 351/247/672
s 34
f 174/124/374 167/122/373 347/605/664 355/246/666
s 60
f 284/606/551 287/607/554 362/252/565 358/251/1423
s 34
f 292/205/566 295/608/569 369/259/1424 365/258/571
s 3
f 298/207/549 281/195/548 357/609/1425 370/250/1426
s 60
f 286/202/563 302/610/589 373/254/591 363/253/564
s 34
f 305/214/593 293/206/570 364/611/572 376/257/594
s 60
f 301/213/585 311/612/588 381/262/607 374/261/590
s 34
f 316/221/596 306/215/592 375/613/595 384/266/609
s 60
f 310/220/605 322/614/623 389/268/625 382/267/606
s 34
f 325/229/627 317/222/608 383/615/610 392/272/628
s 60
f 321/228/619 331/616/622 397/274/641 390/273/624
s 34
f 336/236/630 326/230/626 391/617/629 400/278/643
s 60
f 330/235/639 342/618/657 405/280/659 398/279/640
s 34
f 345/244/661 337/237/642 399/619/644 408/284/662
s 60
f 341/243/653 349/620/656 412/286/1427 406/285/658
s 15
f 352/621/671 353/622/674 415/292/1428 413/291/1429
s 34
f 356/249/665 346/245/660 407/623/663 416/290/1430
f 178/624/394 180/625/396 424/297/773 419/296/772
s 3
f 264/188/393 175/787/392 418/626/767 427/295/770
s 34
f 203/143/445 205/627/447 481/336/895 470/335/894
s 15
f 208/628/456 267/629/458 487/343/918 482/342/917
s 2
f 8/9/7 1/1/6 517/367/975 512/366/974
s 3
f 4/630/13 272/631/16 498/632/947 518/355/949
s 15
f 279/194/101 31/27/100 558/360/956 501/359/955
s 2
f 34/28/90 27/23/89 555/633/1068 559/397/1070
s 34
f 420/634/771 423/635/774 567/402/785 563/401/1083
s 3
f 428/303/769 417/294/768 562/636/1079 578/400/791
s 34
f 422/301/783 433/637/805 582/405/808 568/404/784
s 81
f 442/312/822 438/310/1431 572/638/1432 587/407/823
s 34
f 432/307/806 447/639/837 590/416/840 583/415/807
s 81
f 450/318/842 443/313/821 586/640/824 595/418/843
s 34
f 446/317/838 455/641/857 598/421/860 591/420/839
s 81
f 458/324/862 451/319/841 594/642/844 603/423/863
s 34
f 454/323/858 463/643/877 606/426/880 599/425/859
s 81
f 466/330/882 459/325/861 602/644/864 611/428/883
s 34
f 462/329/878 472/645/897 614/431/899 607/430/879
s 81
f 476/338/1433 467/331/881 610/646/884 621/433/1434
s 34
f 471/337/893 480/647/896 625/436/1174 615/435/898
s 15
f 483/648/916 486/649/919 630/443/926 626/442/1197
s off
f 437/309/1435 492/650/1436 635/409/1437 573/408/1438
s 3
f 496/353/944 429/304/790 577/651/792 642/412/945
s 15
f 485/345/924 503/652/958 645/446/960 631/445/925
s off
f 507/362/1439 477/339/1440 620/653/1441 651/441/1442
s 2
f 513/368/973 516/654/976 661/465/1258 657/464/978
s 3
f 519/370/948 497/354/943 641/655/946 662/454/1229
s 89
f 491/349/1443 522/656/996 665/450/999 636/449/1444
s 2
f 525/375/1001 514/369/977 656/657/979 670/463/1002
s 89
f 521/374/997 530/658/1016 673/470/1019 666/469/998
s 2
f 533/381/1021 526/376/1000 669/659/1003 678/472/1022
s 89
f 529/380/1017 538/660/1036 681/475/1039 674/474/1018
s 2
f 541/387/1041 534/382/1020 677/661/1023 686/477/1042
s 89
f 537/386/1037 546/662/1052 689/480/1055 682/479/1038
s 2
f 549/392/1057 542/388/1040 685/663/1043 694/482/1058
s 89
f 545/391/1053 508/363/1445 650/664/1446 690/460/1054
s 2
f 553/395/1065 550/393/1056 693/665/1059 699/487/1066
s 15
f 502/361/954 557/666/957 702/457/1235 646/456/959
s 2
f 560/398/1069 554/396/1064 698/667/1067 703/490/1318
s 34
f 564/668/1082 566/669/1084 709/494/1447 706/493/1448
s 3
f 579/413/1081 561/399/1080 705/670/1449 716/492/1450
s 34
f 616/437/1173 624/671/1175 724/501/1451 719/500/1452
s 15
f 627/672/1196 629/673/1198 727/507/1453 725/506/1454
s 2
f 658/466/1257 660/674/1259 745/521/1455 743/520/1456
s 3
f 663/467/1228 640/453/1227 729/675/1457 746/509/1458
s 15
f 647/458/1234 701/676/1236 751/515/1459 737/514/1460
s 2
f 704/491/1317 697/489/1316 747/677/1461 752/525/1462
s 97
f 584/678/1122 589/679/1133 596/419/1136 585/417/1123
f 592/680/1134 597/681/1145 604/424/1148 593/422/1135
f 600/682/1146 605/683/1157 612/429/1160 601/427/1147
s off
f 632/684/1463 644/685/1464 652/455/1465 619/440/1466
s 97
f 608/686/1158 613/687/1467 622/434/1468 609/432/1159
s off
f 736/688/1469 738/517/1470 653/461/1471 648/689/1472
f 722/690/1473 728/505/1474 628/444/1475 618/439/1476
f 718/691/1477 720/503/1478 623/438/1479 617/692/1480
f 748/519/1481 696/488/1482 654/693/1483 740/694/1484
f 504/356/1485 484/344/1486 478/340/1487 506/357/1488
f 493/350/1489 436/308/1490 430/695/1491 495/351/1492
s 88
f 509/364/1493 544/696/1048 551/697/1051 552/394/1494
f 547/389/1049 536/385/1028 543/698/1031 548/390/1050
f 539/383/1029 528/379/1008 535/699/1011 540/384/1030
f 531/377/1009 520/373/988 527/700/991 532/378/1010
f 523/371/989 490/348/1495 515/701/1496 524/372/990
s 78
f 473/332/1497 461/328/869 468/702/872 475/333/1498
f 464/326/870 453/322/849 460/703/852 465/327/871
f 456/320/850 445/316/829 452/704/832 457/321/851
f 448/314/830 431/306/797 444/705/800 449/315/831
f 434/305/798 421/300/1499 439/706/1500 441/311/799
s off
f 574/410/1501 634/707/1502 643/448/1503 576/411/1504
s 97
f 569/708/1505 581/709/1121 588/414/1124 571/406/1506
s 106
f 637/451/1507 664/710/1268 671/468/1271 655/462/1508
f 667/711/1269 672/712/1280 679/473/1283 668/471/1270
f 675/713/1281 680/714/1292 687/478/1295 676/476/1282
f 683/715/1293 688/716/1304 695/484/1307 684/481/1294
f 691/483/1305 649/459/1509 700/486/1510 692/485/1306
s off
f 742/513/1511 732/512/1512 638/717/1513 659/718/1514
f 734/511/1515 730/510/1516 639/452/1517 633/447/1518
f 715/498/1519 711/497/1520 575/719/1521 580/720/1522
f 713/496/1523 710/495/1524 565/403/1525 570/721/1526
s 7
f 183/722/1527 184/723/409 217/149/412 210/148/464
f 187/724/410 188/725/417 221/153/420 214/152/411
f 191/726/418 192/727/425 225/156/428 218/155/419
f 195/728/426 196/729/433 229/159/436 222/158/427
f 199/730/434 200/731/1528 233/162/486 226/161/435
f 259/184/499 231/166/498 270/732/1529 276/192/1530
f 275/186/1531 261/185/1532 212/151/466 236/733/468
f 30/22/1533 22/20/68 255/734/71 257/183/510
f 25/19/69 18/17/56 251/735/59 252/180/70
f 21/16/57 14/14/44 247/736/47 248/177/58
f 17/13/45 10/11/32 243/737/35 244/174/46
f 13/10/33 5/7/1534 238/738/509 240/171/34
s off
f 511/347/1535 489/346/1536 239/167/1537 9/739/1538
f 499/352/1539 271/193/1540 235/168/1541 494/740/1542
f 510/741/1543 556/365/1544 26/24/1545 256/742/1546
f 280/743/1547 500/744/1548 505/358/1549 260/745/1550
f 479/746/1551 488/341/1552 266/189/1553 230/165/1554
f 204/747/1555 469/748/1556 474/334/1557 234/164/1558
f 440/299/1559 425/298/1560 179/130/1561 209/749/1562
f 265/750/1563 426/751/1564 435/302/1565 213/752/1566
s 18
f 116/753/254 117/754/255 160/111/1567 151/110/1568
f 106/755/232 107/756/233 150/104/1569 141/103/1570
f 126/757/276 127/758/277 170/118/1571 161/117/1572
s off
f 131/759/1573 339/760/1574 348/240/1575 166/121/1576
f 289/199/1577 102/76/1578 145/761/1579 290/200/1580
f 313/217/1581 112/82/1582 155/762/1583 314/218/1584
f 303/208/1585 285/201/1586 294/763/1587 304/209/1588
f 333/232/1589 122/88/1590 165/764/1591 334/233/1592
f 121/765/1593 319/766/1594 328/225/1595 156/114/1596
f 111/767/1597 299/768/1598 308/210/1599 146/107/1600
f 323/223/1601 309/219/1602 318/769/1603 324/224/1604
f 343/238/1605 329/234/1606 338/770/1607 344/239/1608
s 1
f 1/2/1 2/3/10 3/5/9 4/771/2
s 5
f 5/7/22 6/8/21 7/526/1609 8/772/29 9/773/28
f 10/11/37 11/12/36 12/527/24 13/10/23
f 14/14/49 15/15/48 16/528/39 17/13/38
f 18/17/61 19/18/60 20/529/51 21/16/50
f 22/20/73 23/21/72 24/530/63 25/19/62
f 26/24/85 27/774/84 28/26/1610 29/531/75 30/22/74
s 14
f 31/775/95 32/31/104 33/532/103 34/776/96
s off
f 35/593/1611 36/34/1612 37/533/1613
s 17
f 38/534/114 39/35/113 40/36/120 41/535/119
f 42/536/122 43/37/121 44/38/128 45/537/127
f 46/538/130 47/39/129 48/40/136 49/539/135
f 50/540/138 51/41/137 52/42/144 53/541/143
f 54/542/146 55/43/145 56/44/152 57/543/151
f 58/544/154 59/45/153 60/46/160 61/545/159
s off
f 62/546/1614 63/47/1615 64/777/1616
s 16
f 65/33/110 66/50/109 67/53/174 68/778/173
s 18
f 69/547/172 70/51/118 71/55/117 72/548/177
f 73/549/180 74/56/126 75/57/125 76/550/181
f 77/551/184 78/58/134 79/59/133 80/552/185
f 81/553/188 82/60/142 83/61/141 84/554/189
f 85/555/192 86/62/150 87/63/149 88/556/193
f 89/557/196 90/64/158 91/65/157 92/558/197
s 16
f 93/779/206 94/559/205 95/66/166 96/780/165
f 97/781/209 98/782/1617 99/54/176 100/74/175 101/595/210
s 27
f 102/76/1618 103/596/223 104/75/222 105/77/1619 106/755/1620
s 29
f 107/756/1621 108/78/1622 109/79/239 110/81/238 111/767/1623
f 112/82/1624 113/598/241 114/80/240 115/83/1625 116/753/1626
s 30
f 117/754/1627 118/84/1628 119/85/261 120/87/260 121/765/1629
f 122/88/1630 123/600/263 124/86/262 125/89/1631 126/757/1632
s 31
f 127/758/1633 128/90/1634 129/91/283 130/93/282 131/759/1635
s 16
f 132/602/290 133/92/208 134/783/207 135/784/1636 136/603/291
s 33
f 137/100/301 138/101/310 139/785/309 140/786/302
s off
f 141/103/1637 142/105/1638 143/569/1639 144/106/1640 145/761/1641
f 146/107/1642 147/108/1643 148/109/1644 149/570/1645 150/104/1646
f 151/110/1647 152/112/1648 153/571/1649 154/113/1650 155/762/1651
f 156/114/1652 157/115/1653 158/116/1654 159/572/1655 160/111/1656
f 161/117/1657 162/119/1658 163/573/1659 164/120/1660 165/764/1661
f 166/121/1662 167/122/1663 168/123/1664 169/574/1665 170/118/1666
s 33
f 171/604/379 172/125/384 173/575/383 174/124/380
f 175/787/387 176/102/312 177/128/311 178/624/388
s 50
f 179/130/402 180/625/401 181/129/1667 182/131/406 183/722/405
f 184/723/408 185/132/407 186/133/414 187/724/413
f 188/725/416 189/134/415 190/135/422 191/726/421
f 192/727/424 193/136/423 194/137/430 195/728/429
f 196/729/432 197/138/431 198/139/438 199/730/437
f 200/731/440 201/140/439 202/141/1668 203/143/449 204/747/448
s 33
f 205/627/452 206/142/386 207/788/385 208/789/453
s 49
f 209/749/400 210/148/399 211/150/1669 212/151/470 213/752/469
s 7
f 214/152/411 215/154/473 216/580/465 217/149/412
f 218/155/419 219/157/477 220/581/474 221/153/420
f 222/158/427 223/160/481 224/582/478 225/156/428
f 226/161/435 227/163/485 228/583/482 229/159/436
s 55
f 230/165/495 231/166/494 232/584/1670 233/162/444 234/164/443
s 4
f 235/168/506 236/733/505 237/169/1671 238/738/20 239/167/19
s 7
f 240/171/34 241/170/476 242/172/475 243/737/35
f 244/174/46 245/173/480 246/175/479 247/736/47
f 248/177/58 249/176/484 250/178/483 251/735/59
f 252/180/70 253/179/489 254/181/488 255/734/71
s 12
f 256/742/83 257/183/82 258/182/1672 259/184/516 260/745/515
s 57
f 261/185/520 262/590/519 263/127/1673 264/790/524 265/791/523
s 58
f 266/792/528 267/147/527 268/146/1674 269/190/532 270/732/531
s 57
f 271/193/536 272/793/535 273/49/1675 274/187/522 275/186/521
s 58
f 276/192/534 277/191/533 278/69/1676 279/794/540 280/743/539
s 16
f 281/195/543 282/597/212 283/197/211 284/606/544
s 28
f 285/201/560 286/202/559 287/607/1677 288/198/231 289/199/230
s 36
f 290/200/323 291/203/322 292/205/1678 293/206/574 294/763/573
s 33
f 295/608/577 296/204/304 297/196/303 298/207/578
s 60
f 299/768/1679 300/211/1680 301/213/585 302/610/589 303/208/1681
s 34
f 304/209/1682 305/214/1683 306/215/592 307/599/327 308/210/326
s 60
f 309/219/1684 310/220/605 311/612/588 312/212/1685 313/217/1686
s 34
f 314/218/345 315/216/344 316/221/596 317/222/612 318/769/611
s 60
f 319/766/1687 320/226/1688 321/228/619 322/614/623 323/223/1689
s 34
f 324/224/614 325/229/613 326/230/626 327/601/349 328/225/348
s 60
f 329/234/1690 330/235/639 331/616/622 332/227/1691 333/232/1692
s 34
f 334/233/367 335/231/366 336/236/630 337/237/1693 338/770/1694
s 32
f 339/760/289 340/241/288 341/243/1695 342/618/638 343/238/637
s 45
f 344/239/648 345/244/647 346/245/1696 347/605/371 348/240/370
s 16
f 349/620/667 350/242/293 351/247/292 352/621/668
s 33
f 353/622/675 354/248/382 355/246/381 356/249/676
s 16
f 357/609/546 358/251/545 359/560/683
f 360/255/686 361/561/685 362/252/684 363/253/687
s 33
f 364/611/694 365/258/699 366/562/698 367/256/695
f 368/260/700 369/259/580 370/250/579
s 16
f 371/263/701 372/563/689 373/254/688 374/261/702
s 33
f 375/613/709 376/257/697 377/264/696 378/265/710
s 16
f 379/269/713 380/564/704 381/262/703 382/267/714
s 33
f 383/615/721 384/266/712 385/270/711 386/271/722
s 16
f 387/275/725 388/565/716 389/268/715 390/273/726
s 33
f 391/617/733 392/272/724 393/276/723 394/277/734
s 16
f 395/281/737 396/566/728 397/274/727 398/279/738
s 33
f 399/619/745 400/278/736 401/282/735 402/283/746
s 16
f 403/287/749 404/567/740 405/280/739 406/285/750
s 33
f 407/623/756 408/284/748 409/288/747 410/289/757
s 16
f 411/568/751 412/286/670 413/291/669
s 33
f 414/293/758 415/292/678 416/290/677
f 417/294/763 418/626/390 419/296/389 420/634/764
s 50
f 421/300/780 422/301/779 423/635/1697 424/297/404 425/298/403
s 57
f 426/751/526 427/295/525 428/303/1698 429/304/794 430/695/793
s 50
f 431/306/802 432/307/801 433/637/782 434/305/781
s off
f 435/302/1699 436/308/1700 437/309/1701 438/310/1702 439/706/1703 440/299/1704
s 80
f 441/311/820 442/312/819 443/313/826 444/705/825
s 50
f 445/316/834 446/317/833 447/639/804 448/314/803
s 80
f 449/315/828 450/318/827 451/319/846 452/704/845
s 50
f 453/322/854 454/323/853 455/641/836 456/320/835
s 80
f 457/321/848 458/324/847 459/325/866 460/703/865
s 50
f 461/328/874 462/329/873 463/643/856 464/326/855
s 80
f 465/327/868 466/330/867 467/331/886 468/702/885
s 50
f 469/748/451 470/335/450 471/337/1705 472/645/876 473/332/875
s off
f 474/334/1706 475/333/1707 476/338/1708 477/339/1709 478/340/1710 479/746/1711
s 33
f 480/647/912 481/336/455 482/342/454 483/648/913
s 58
f 484/344/921 485/345/920 486/649/1712 487/343/530 488/341/529
s off
f 489/346/1713 490/348/1714 491/349/1715 492/650/1716 493/350/1717 494/740/1718
s 57
f 495/351/796 496/353/795 497/354/1719 498/632/538 499/352/537
s 58
f 500/744/542 501/359/541 502/361/1720 503/652/923 504/356/922
s off
f 505/358/1721 506/357/1722 507/362/1723 508/363/1724 509/364/1725 510/741/1726
s 5
f 511/347/31 512/366/30 513/368/1727 514/369/981 515/701/980
s 1
f 516/654/984 517/367/4 518/355/3 519/370/985
s 86
f 520/373/993 521/374/992 522/656/934 523/371/933
s 5
f 524/372/983 525/375/982 526/376/1005 527/700/1004
s 86
f 528/379/1013 529/380/1012 530/658/995 531/377/994
s 5
f 532/378/1007 533/381/1006 534/382/1025 535/699/1024
s 86
f 536/385/1033 537/386/1032 538/660/1015 539/383/1014
s 5
f 540/384/1027 541/387/1026 542/388/1045 543/698/1044
s 86
f 544/696/968 545/391/967 546/662/1035 547/389/1034
s 5
f 548/390/1047 549/392/1046 550/393/1061 551/697/1060
f 552/394/1063 553/395/1062 554/396/1728 555/633/87 556/365/86
s 14
f 557/666/1071 558/360/98 559/397/97 560/398/1072
s 33
f 561/399/1075 562/636/766 563/401/765 564/668/1076
s 94
f 565/403/1090 566/669/1089 567/402/1729 568/404/1094 569/708/1093
s off
f 570/721/1730 571/406/1731 572/638/1732 573/408/1733 574/410/1734 575/719/1735
s 96
f 576/411/1114 577/651/1113 578/400/1736 579/413/1118 580/720/1117
s 94
f 581/709/1096 582/405/1095 583/415/1126 584/678/1125
s 95
f 585/417/1130 586/640/1129 587/407/1104 588/414/1103
s 94
f 589/679/1128 590/416/1127 591/420/1138 592/680/1137
s 95
f 593/422/1142 594/642/1141 595/418/1132 596/419/1131
s 94
f 597/681/1140 598/421/1139 599/425/1150 600/682/1149
s 95
f 601/427/1154 602/644/1153 603/423/1144 604/424/1143
s 94
f 605/683/1152 606/426/1151 607/430/1162 608/686/1161
s 95
f 609/432/1166 610/646/1165 611/428/1156 612/429/1155
s 94
f 613/687/1164 614/431/1163 615/435/1737 616/437/1177 617/692/1176
s off
f 618/439/1738 619/440/1739 620/653/1740 621/433/1741 622/434/1742 623/438/1743
s 33
f 624/671/1192 625/436/915 626/442/914 627/672/1193
s 101
f 628/444/1200 629/673/1199 630/443/1744 631/445/1204 632/684/1203
s off
f 633/447/1745 634/707/1746 635/409/1747 636/449/1748 637/451/1749 638/717/1750
s 96
f 639/452/1224 640/453/1223 641/655/1751 642/412/1116 643/448/1115
s 101
f 644/685/1206 645/446/1205 646/456/1752 647/458/1238 648/689/1237
s off
f 649/459/1753 650/664/1754 651/441/1755 652/455/1756 653/461/1757 654/693/1758
s 105
f 655/462/1254 656/657/1253 657/464/1759 658/466/1261 659/718/1260
s 1
f 660/674/1264 661/465/987 662/454/986 663/467/1265
s 102
f 664/710/1218 665/450/1217 666/469/1273 667/711/1272
s 105
f 668/471/1277 669/659/1276 670/463/1256 671/468/1255
s 102
f 672/712/1275 673/470/1274 674/474/1285 675/713/1284
s 105
f 676/476/1289 677/661/1288 678/472/1279 679/473/1278
s 102
f 680/714/1287 681/475/1286 682/479/1297 683/715/1296
s 105
f 684/481/1301 685/663/1300 686/477/1291 687/478/1290
s 102
f 688/716/1299 689/480/1298 690/460/1248 691/483/1247
s 105
f 692/485/1309 693/665/1308 694/482/1303 695/484/1302
f 696/488/1313 697/489/1312 698/667/1760 699/487/1311 700/486/1310
s 14
f 701/676/1319 702/457/1074 703/490/1073 704/491/1320
s off
f 705/670/1761 706/493/1762 707/576/1763
f 708/577/1764 709/494/1765 710/495/1766
f 711/497/1767 712/578/1768 713/496/1769
f 714/499/1770 715/498/1771 716/492/1772
f 717/502/1773 718/691/1774 719/500/1775
f 720/503/1776 721/504/1777 722/690/1778
f 723/579/1779 724/501/1780 725/506/1781
f 726/508/1782 727/507/1783 728/505/1784
f 729/675/1785 730/510/1786 731/585/1787
f 732/512/1788 733/586/1789 734/511/1790
f 735/516/1791 736/688/1792 737/514/1793
f 738/517/1794 739/518/1795 740/694/1796
f 741/587/1797 742/513/1798 743/520/1799
f 744/522/1800 745/521/1801 746/509/1802
f 747/677/1803 748/519/1804 749/523/1805
f 750/524/1806 751/515/1807 752/525/1808
g default
v -0.468952 -0.098425 0.500000
v -0.468952 -0.054516 0.500000
v -0.500000 -0.054516 0.468952
v -0.500000 -0.098425 0.468952
v -0.327246 -0.076471 0.470103
v -0.335918 -0.046455 0.500000
v -0.380761 -0.052853 0.500000
v -0.388479 -0.098629 0.500000
v -0.357143 -0.106367 0.470103
v -0.192331 -0.076471 0.468952
v -0.192331 -0.045423 0.500000
v -0.236240 -0.045423 0.500000
v -0.236240 -0.076471 0.468952
v -0.049474 -0.076471 0.468952
v -0.049474 -0.045423 0.500000
v -0.093383 -0.045423 0.500000
v -0.093383 -0.076471 0.468952
v 0.093383 -0.076471 0.468952
v 0.093383 -0.045423 0.500000
v 0.049474 -0.045423 0.500000
v 0.049474 -0.076471 0.468952
v 0.236240 -0.076471 0.468952
v 0.236240 -0.045423 0.500000
v 0.192331 -0.045423 0.500000
v 0.192331 -0.076471 0.468952
v 0.357143 -0.106367 0.470103
v 0.387159 -0.097695 0.500000
v 0.380761 -0.052853 0.500000
v 0.334985 -0.045135 0.500000
v 0.327246 -0.076471 0.470103
v 0.500000 -0.098425 0.468952
v 0.500000 -0.054516 0.468952
v 0.468952 -0.054516 0.500000
v 0.468952 -0.098425 0.500000
v -0.500000 0.045423 0.468952
v -0.468952 0.045423 0.500000
v -0.468952 0.076471 0.468952
v -0.379097 0.076471 0.468952
v -0.379097 0.045423 0.500000
v -0.335189 0.045423 0.500000
v -0.335189 0.076471 0.468952
v -0.236240 0.076471 0.468952
v -0.236240 0.045423 0.500000
v -0.192331 0.045423 0.500000
v -0.192331 0.076471 0.468952
v -0.093383 0.076471 0.468952
v -0.093383 0.045423 0.500000
v -0.049474 0.045423 0.500000
v -0.049474 0.076471 0.468952
v 0.049474 0.076471 0.468952
v 0.049474 0.045423 0.500000
v 0.093383 0.045423 0.500000
v 0.093383 0.076471 0.468952
v 0.192331 0.076471 0.468952
v 0.192331 0.045423 0.500000
v 0.236240 0.045423 0.500000
v 0.236240 0.076471 0.468952
v 0.335189 0.076471 0.468952
v 0.335189 0.045423 0.500000
v 0.379097 0.045423 0.500000
v 0.379097 0.076471 0.468952
v 0.468952 0.076471 0.468952
v 0.468952 0.045423 0.500000
v 0.500000 0.045423 0.468952
v -0.500000 0.045423 0.361488
v -0.468952 0.076471 0.361487
v -0.468952 0.076471 0.317579
v -0.500000 0.045423 0.317579
v -0.379097 0.076471 0.317579
v -0.379097 0.076471 0.361487
v -0.335189 0.076471 0.361487
v -0.335189 0.076471 0.317579
v -0.236240 0.076471 0.317579
v -0.236240 0.076471 0.361487
v -0.192331 0.076471 0.361487
v -0.192331 0.076471 0.317579
v -0.093383 0.076471 0.317579
v -0.093383 0.076471 0.361487
v -0.049474 0.076471 0.361487
v -0.049474 0.076471 0.317579
v 0.049474 0.076471 0.317579
v 0.049474 0.076471 0.361487
v 0.093383 0.076471 0.361487
v 0.093383 0.076471 0.317579
v 0.192331 0.076471 0.317579
v 0.192331 0.076471 0.361487
v 0.236240 0.076471 0.361487
v 0.236240 0.076471 0.317579
v 0.335189 0.076471 0.317579
v 0.335189 0.076471 0.361487
v 0.379097 0.076471 0.361487
v 0.379097 0.076471 0.317579
v 0.500000 0.045423 0.317579
v 0.468952 0.076471 0.317579
v 0.468952 0.076471 0.361487
v 0.500000 0.045423 0.361488
v -0.500000 0.097731 -0.389203
v -0.500000 0.052865 -0.378110
v -0.500000 0.045135 -0.332347
v -0.470812 0.076471 -0.325317
v -0.470831 0.105116 -0.360005
v -0.357143 0.106943 -0.390927
v -0.386140 0.105013 -0.359622
v -0.378584 0.076471 -0.326548
v -0.333669 0.076471 -0.331030
v -0.327127 0.076471 -0.375729
v -0.244302 0.076471 -0.375729
v -0.237630 0.076471 -0.331160
v -0.192123 0.076471 -0.325495
v -0.184820 0.105521 -0.359434
v -0.214286 0.106943 -0.390583
v -0.071429 0.106943 -0.390927
v -0.100425 0.105012 -0.359623
v -0.092870 0.076471 -0.326548
v -0.047954 0.076471 -0.331030
v -0.041413 0.076471 -0.375729
v 0.041413 0.076471 -0.375729
v 0.048098 0.076471 -0.331174
v 0.093590 0.076471 -0.325609
v 0.100845 0.105425 -0.359697
v 0.071429 0.106943 -0.390927
v 0.214286 0.106943 -0.390583
v 0.185247 0.105100 -0.359362
v 0.192854 0.076471 -0.326451
v 0.237767 0.076471 -0.331023
v 0.244302 0.076471 -0.375729
v 0.327127 0.076471 -0.375729
v 0.333812 0.076471 -0.331174
v 0.379305 0.076471 -0.325609
v 0.386560 0.105426 -0.359696
v 0.357143 0.106943 -0.390927
v 0.470831 0.105116 -0.360005
v 0.471388 0.076471 -0.325893
v 0.500000 0.046455 -0.333280
v 0.500000 0.052878 -0.378097
v 0.500000 0.097731 -0.389203
v -0.468932 0.098142 -0.504162
v -0.468952 0.054417 -0.500000
v -0.500000 0.054480 -0.468901
v -0.500000 0.098375 -0.472663
v -0.327246 0.076471 -0.470103
v -0.335918 0.046455 -0.500000
v -0.380794 0.052820 -0.500000
v -0.388479 0.098367 -0.503926
v -0.357143 0.106378 -0.474978
v -0.214286 0.106377 -0.474741
v -0.184257 0.097480 -0.503565
v -0.190634 0.052819 -0.500000
v -0.236444 0.045135 -0.500000
v -0.244182 0.076471 -0.470103
v -0.041532 0.076471 -0.470103
v -0.050204 0.046455 -0.500000
v -0.095079 0.052820 -0.500000
v -0.102765 0.098367 -0.503927
v -0.071429 0.106378 -0.474979
v 0.071429 0.106378 -0.474979
v 0.101459 0.097455 -0.503763
v 0.095084 0.052815 -0.500000
v 0.049271 0.045135 -0.500000
v 0.041532 0.076471 -0.470103
v 0.244182 0.076471 -0.470103
v 0.235510 0.046455 -0.500000
v 0.190638 0.052824 -0.500000
v 0.182949 0.098394 -0.503720
v 0.214286 0.106377 -0.474741
v 0.357143 0.106378 -0.474978
v 0.387174 0.097455 -0.503762
v 0.380799 0.052815 -0.500000
v 0.334985 0.045135 -0.500000
v 0.327246 0.076471 -0.470103
v 0.500000 0.098375 -0.472663
v 0.500000 0.054480 -0.468901
v 0.468952 0.054417 -0.500000
v 0.468932 0.098142 -0.504162
v -0.500000 -0.098425 -0.468952
v -0.500000 -0.054516 -0.468952
v -0.468952 -0.054516 -0.500000
v -0.468952 -0.098425 -0.500000
v -0.357143 -0.106367 -0.470103
v -0.387159 -0.097695 -0.500000
v -0.380761 -0.052853 -0.500000
v -0.334985 -0.045135 -0.500000
v -0.327246 -0.076471 -0.470103
v -0.236240 -0.076471 -0.468952
v -0.236240 -0.045423 -0.500000
v -0.192331 -0.045423 -0.500000
v -0.192331 -0.076471 -0.468952
v -0.093383 -0.076471 -0.468952
v -0.093383 -0.045423 -0.500000
v -0.049474 -0.045423 -0.500000
v -0.049474 -0.076471 -0.468952
v 0.049474 -0.076471 -0.468952
v 0.049474 -0.045423 -0.500000
v 0.093383 -0.045423 -0.500000
v 0.093383 -0.076471 -0.468952
v 0.192331 -0.076471 -0.468952
v 0.192331 -0.045423 -0.500000
v 0.236240 -0.045423 -0.500000
v 0.236240 -0.076471 -0.468952
v 0.327246 -0.076471 -0.470103
v 0.335918 -0.046455 -0.500000
v 0.380761 -0.052853 -0.500000
v 0.388479 -0.098629 -0.500000
v 0.357143 -0.106367 -0.470103
v 0.468952 -0.098425 -0.500000
v 0.468952 -0.054516 -0.500000
v 0.500000 -0.054516 -0.468952
v 0.500000 -0.098425 -0.468952
v -0.357143 -0.106367 -0.384401
v -0.327127 -0.076471 -0.375729
v -0.333525 -0.076471 -0.330887
v -0.379301 -0.076471 -0.323169
v -0.387039 -0.106367 -0.354504
v -0.192331 -0.076471 -0.376459
v -0.192331 -0.076471 -0.332550
v -0.236240 -0.076471 -0.332550
v -0.236240 -0.076471 -0.376459
v -0.049474 -0.076471 -0.376459
v -0.049474 -0.076471 -0.332550
v -0.093383 -0.076471 -0.332550
v -0.093383 -0.076471 -0.376459
v 0.093383 -0.076471 -0.376459
v 0.093383 -0.076471 -0.332550
v 0.049474 -0.076471 -0.332550
v 0.049474 -0.076471 -0.376459
v 0.236240 -0.076471 -0.376459
v 0.236240 -0.076471 -0.332550
v 0.192331 -0.076471 -0.332550
v 0.192331 -0.076471 -0.376459
v 0.387039 -0.106367 -0.354504
v 0.378367 -0.076471 -0.324489
v 0.333525 -0.076471 -0.330887
v 0.325807 -0.076471 -0.376662
v 0.357143 -0.106367 -0.384401
v -0.387039 -0.106367 0.339533
v -0.378367 -0.076471 0.309517
v -0.333525 -0.076471 0.315915
v -0.325807 -0.076471 0.361691
v -0.357143 -0.106367 0.369430
v -0.236240 -0.076471 0.361488
v -0.236240 -0.076471 0.317579
v -0.192331 -0.076471 0.317579
v -0.192331 -0.076471 0.361488
v -0.093383 -0.076471 0.361488
v -0.093383 -0.076471 0.317579
v -0.049474 -0.076471 0.317579
v -0.049474 -0.076471 0.361488
v 0.049474 -0.076471 0.361488
v 0.049474 -0.076471 0.317579
v 0.093383 -0.076471 0.317579
v 0.093383 -0.076471 0.361488
v 0.192331 -0.076471 0.361488
v 0.192331 -0.076471 0.317579
v 0.236240 -0.076471 0.317579
v 0.236240 -0.076471 0.361488
v 0.357143 -0.106367 0.369430
v 0.327127 -0.076471 0.360758
v 0.333525 -0.076471 0.315915
v 0.379301 -0.076471 0.308197
v 0.387039 -0.106367 0.339533
v -0.470103 -0.076471 -0.324608
v -0.500000 -0.046455 -0.333280
v -0.500000 -0.052853 -0.378122
v -0.500000 -0.098629 -0.385840
v -0.470103 -0.106367 -0.354504
v 0.470103 -0.106367 -0.354504
v 0.500000 -0.097695 -0.384520
v 0.500000 -0.052853 -0.378122
v 0.500000 -0.045135 -0.332347
v 0.470103 -0.076471 -0.324608
v -0.470103 -0.106367 0.339533
v -0.500000 -0.097695 0.369549
v -0.500000 -0.052853 0.363151
v -0.500000 -0.045135 0.317375
v -0.470103 -0.076471 0.309637
v 0.470103 -0.076471 0.309637
v 0.500000 -0.046455 0.318309
v 0.500000 -0.052853 0.363151
v 0.500000 -0.098629 0.370869
v 0.470103 -0.106367 0.339533
v -0.500000 1.127641 -0.583000
v -0.500000 1.083751 -0.578319
v -0.470497 1.096704 -0.547521
v -0.468960 1.146509 -0.552173
v -0.333483 1.189266 -0.582748
v -0.336051 1.220705 -0.552173
v -0.380892 1.193432 -0.552173
v -0.389259 1.138407 -0.547857
v -0.357143 1.153274 -0.579885
v -0.357143 1.153087 -0.663302
v -0.385818 1.140720 -0.693452
v -0.380668 1.193295 -0.697669
v -0.335318 1.222158 -0.697669
v -0.333651 1.189192 -0.667310
v -0.468374 1.147278 -0.697669
v -0.468074 1.098360 -0.693097
v -0.500000 1.083946 -0.660300
v -0.500000 1.127933 -0.666428
v -0.214286 1.204505 -0.576041
v -0.182807 1.204488 -0.548242
v -0.190482 1.257021 -0.552173
v -0.236995 1.266588 -0.552173
v -0.248513 1.226482 -0.581088
v -0.248362 1.226548 -0.668881
v -0.235709 1.265166 -0.697669
v -0.190744 1.256850 -0.697669
v -0.182963 1.202918 -0.693460
v -0.214286 1.204427 -0.663315
v -0.041532 1.178774 -0.582070
v -0.050204 1.208789 -0.552173
v -0.095031 1.214908 -0.552173
v -0.101383 1.168179 -0.547916
v -0.071429 1.149172 -0.576939
v -0.071429 1.148204 -0.661130
v -0.102173 1.169714 -0.693624
v -0.095225 1.215206 -0.697669
v -0.049271 1.210109 -0.697669
v -0.041532 1.178774 -0.667772
v 0.071429 1.149172 -0.576939
v 0.100261 1.168576 -0.548075
v 0.095064 1.214959 -0.552173
v 0.049271 1.210109 -0.552173
v 0.041532 1.178774 -0.582070
v 0.041532 1.178774 -0.667772
v 0.050204 1.208789 -0.697669
v 0.095352 1.215401 -0.697669
v 0.103685 1.169269 -0.693426
v 0.071429 1.148204 -0.661130
v 0.248513 1.226482 -0.581088
v 0.235709 1.265166 -0.552173
v 0.190496 1.257012 -0.552173
v 0.180899 1.202247 -0.548004
v 0.214286 1.204505 -0.576041
v 0.214286 1.204427 -0.663315
v 0.184632 1.204971 -0.693684
v 0.190606 1.256940 -0.697669
v 0.236995 1.266588 -0.697669
v 0.248362 1.226548 -0.668881
v 0.357143 1.153274 -0.579885
v 0.388075 1.139901 -0.548017
v 0.380820 1.193388 -0.552173
v 0.335318 1.222158 -0.552173
v 0.333483 1.189266 -0.582748
v 0.333651 1.189192 -0.667310
v 0.336051 1.220705 -0.697669
v 0.380589 1.193247 -0.697669
v 0.386697 1.139548 -0.693323
v 0.357143 1.153087 -0.663302
v 0.468960 1.146509 -0.552173
v 0.470564 1.096725 -0.547532
v 0.500000 1.083713 -0.578364
v 0.500000 1.127641 -0.583000
v 0.500000 1.127933 -0.666428
v 0.500000 1.083771 -0.660001
v 0.468221 1.098395 -0.693118
v 0.468374 1.147278 -0.697669
v -0.500000 1.215826 -0.583867
v -0.469962 1.223722 -0.552173
v -0.476610 1.254060 -0.583867
v -0.336977 1.323991 -0.583294
v -0.376653 1.305180 -0.583150
v -0.379275 1.268684 -0.552173
v -0.335393 1.291104 -0.552173
v -0.335393 1.291104 -0.697669
v -0.379224 1.268792 -0.697669
v -0.376676 1.305169 -0.666656
v -0.336977 1.323991 -0.666549
v -0.476610 1.254060 -0.665976
v -0.469962 1.223722 -0.697669
v -0.500000 1.215826 -0.665976
v -0.192444 1.368142 -0.583067
v -0.236026 1.368206 -0.582913
v -0.236347 1.334005 -0.552173
v -0.192225 1.333974 -0.552173
v -0.192225 1.333974 -0.697669
v -0.236454 1.333794 -0.697669
v -0.236135 1.368159 -0.666775
v -0.192444 1.368142 -0.666775
v -0.049017 1.315029 -0.583193
v -0.092029 1.324070 -0.583311
v -0.093248 1.290907 -0.552173
v -0.049351 1.283806 -0.552173
v -0.049351 1.283806 -0.697669
v -0.093267 1.290885 -0.697669
v -0.091999 1.324057 -0.666576
v -0.049017 1.315029 -0.666649
v 0.091999 1.324057 -0.583266
v 0.049037 1.315029 -0.583165
v 0.049351 1.283806 -0.552173
v 0.093248 1.290907 -0.552173
v 0.093248 1.290907 -0.697669
v 0.049383 1.283851 -0.697669
v 0.049017 1.315029 -0.666649
v 0.091999 1.324057 -0.666576
v 0.236135 1.368159 -0.583067
v 0.192553 1.368190 -0.582913
v 0.192225 1.333974 -0.552173
v 0.236347 1.334005 -0.552173
v 0.236347 1.334005 -0.697669
v 0.192118 1.333762 -0.697669
v 0.192444 1.368142 -0.666775
v 0.236135 1.368159 -0.666775
v 0.376676 1.305169 -0.583186
v 0.336930 1.324011 -0.583366
v 0.335393 1.291104 -0.552173
v 0.379275 1.268684 -0.552173
v 0.379275 1.268684 -0.697669
v 0.335368 1.291077 -0.697669
v 0.336977 1.323991 -0.666549
v 0.376676 1.305169 -0.666656
v 0.476610 1.254060 -0.583867
v 0.469962 1.223722 -0.552173
v 0.500000 1.215826 -0.583867
v 0.476848 1.253938 -0.666298
v 0.500000 1.215826 -0.665976
v 0.469962 1.223722 -0.697669
v -0.500000 -0.450545 -0.468952
v -0.500000 -0.406636 -0.468952
v -0.468952 -0.406636 -0.500000
v -0.468952 -0.450545 -0.500000
v -0.327246 -0.428590 -0.470103
v -0.335918 -0.458606 -0.500000
v -0.380761 -0.452208 -0.500000
v -0.388479 -0.406433 -0.500000
v -0.357143 -0.398694 -0.470103
v -0.470103 -0.398694 -0.354504
v -0.500000 -0.407366 -0.384520
v -0.500000 -0.452208 -0.378122
v -0.500000 -0.459926 -0.332347
v -0.470103 -0.428590 -0.324608
v -0.192331 -0.428590 -0.468952
v -0.192331 -0.459639 -0.500000
v -0.236240 -0.459639 -0.500000
v -0.236240 -0.428590 -0.468952
v -0.388191 -0.397542 -0.354504
v -0.388191 -0.428590 -0.323456
v -0.357143 -0.459639 -0.323456
v -0.326095 -0.459639 -0.354504
v -0.326095 -0.428590 -0.385553
v -0.357143 -0.397542 -0.385553
v -0.236240 -0.428590 -0.385553
v -0.236240 -0.459639 -0.354504
v -0.192331 -0.459639 -0.354504
v -0.192331 -0.428590 -0.385553
v -0.049474 -0.428590 -0.468952
v -0.049474 -0.459639 -0.500000
v -0.093383 -0.459639 -0.500000
v -0.093383 -0.428590 -0.468952
v -0.093383 -0.428590 -0.385553
v -0.093383 -0.459639 -0.354504
v -0.049474 -0.459639 -0.354504
v -0.049474 -0.428590 -0.385553
v 0.093383 -0.428590 -0.468952
v 0.093383 -0.459639 -0.500000
v 0.049474 -0.459639 -0.500000
v 0.049474 -0.428590 -0.468952
v 0.049474 -0.428590 -0.385553
v 0.049474 -0.459639 -0.354504
v 0.093383 -0.459639 -0.354504
v 0.093383 -0.428590 -0.385553
v 0.236240 -0.428590 -0.468952
v 0.236240 -0.459639 -0.500000
v 0.192331 -0.459639 -0.500000
v 0.192331 -0.428590 -0.468952
v 0.192331 -0.428590 -0.385553
v 0.192331 -0.459639 -0.354504
v 0.236240 -0.459639 -0.354504
v 0.236240 -0.428590 -0.385553
v 0.357143 -0.398694 -0.470103
v 0.387159 -0.407366 -0.500000
v 0.380761 -0.452208 -0.500000
v 0.334985 -0.459926 -0.500000
v 0.327246 -0.428590 -0.470103
v 0.357143 -0.397542 -0.385553
v 0.326095 -0.428590 -0.385553
v 0.326095 -0.459639 -0.354504
v 0.357143 -0.459639 -0.323456
v 0.388191 -0.428590 -0.323456
v 0.388191 -0.397542 -0.354504
v 0.468952 -0.450545 -0.500000
v 0.468952 -0.406636 -0.500000
v 0.500000 -0.406636 -0.468952
v 0.500000 -0.450545 -0.468952
v 0.470103 -0.428590 -0.324608
v 0.500000 -0.458606 -0.333280
v 0.500000 -0.452208 -0.378122
v 0.500000 -0.406433 -0.385840
v 0.470103 -0.398694 -0.354504
v -0.357143 -0.397542 0.370581
v -0.326095 -0.428590 0.370581
v -0.326095 -0.459639 0.339533
v -0.357143 -0.459639 0.308485
v -0.388191 -0.428590 0.308485
v -0.388191 -0.397542 0.339533
v -0.470103 -0.428590 0.309637
v -0.500000 -0.458606 0.318309
v -0.500000 -0.452208 0.363151
v -0.500000 -0.406433 0.370869
v -0.470103 -0.398694 0.339533
v 0.470103 -0.398694 0.339533
v 0.500000 -0.407366 0.369549
v 0.500000 -0.452208 0.363151
v 0.500000 -0.459926 0.317375
v 0.470103 -0.428590 0.309637
v 0.388191 -0.397542 0.339533
v 0.388191 -0.428590 0.308485
v 0.357143 -0.459639 0.308485
v 0.326095 -0.459639 0.339533
v 0.326095 -0.428590 0.370581
v 0.357143 -0.397542 0.370581
v -0.357143 -0.398694 0.470103
v -0.387159 -0.407366 0.500000
v -0.380761 -0.452208 0.500000
v -0.334985 -0.459926 0.500000
v -0.327246 -0.428590 0.470103
v -0.468952 -0.450545 0.500000
v -0.468952 -0.406636 0.500000
v -0.500000 -0.406636 0.468952
v -0.500000 -0.450545 0.468952
v -0.192331 -0.428590 0.370581
v -0.192331 -0.459639 0.339533
v -0.236240 -0.459639 0.339533
v -0.236240 -0.428590 0.370581
v -0.236240 -0.428590 0.468952
v -0.236240 -0.459639 0.500000
v -0.192331 -0.459639 0.500000
v -0.192331 -0.428590 0.468952
v -0.049474 -0.428590 0.370581
v -0.049474 -0.459639 0.339533
v -0.093383 -0.459639 0.339533
v -0.093383 -0.428590 0.370581
v -0.093383 -0.428590 0.468952
v -0.093383 -0.459639 0.500000
v -0.049474 -0.459639 0.500000
v -0.049474 -0.428590 0.468952
v 0.093383 -0.428590 0.370581
v 0.093383 -0.459639 0.339533
v 0.049474 -0.459639 0.339533
v 0.049474 -0.428590 0.370581
v 0.049474 -0.428590 0.468952
v 0.049474 -0.459639 0.500000
v 0.093383 -0.459639 0.500000
v 0.093383 -0.428590 0.468952
v 0.236240 -0.428590 0.370581
v 0.236240 -0.459639 0.339533
v 0.192331 -0.459639 0.339533
v 0.192331 -0.428590 0.370581
v 0.192331 -0.428590 0.468952
v 0.192331 -0.459639 0.500000
v 0.236240 -0.459639 0.500000
v 0.236240 -0.428590 0.468952
v 0.327246 -0.428590 0.470103
v 0.335918 -0.458606 0.500000
v 0.380761 -0.452208 0.500000
v 0.388479 -0.406433 0.500000
v 0.357143 -0.398694 0.470103
v 0.500000 -0.450545 0.468952
v 0.500000 -0.406636 0.468952
v 0.468952 -0.406636 0.500000
v 0.468952 -0.450545 0.500000
v -0.500000 -0.580703 -0.468952
v -0.500000 -0.536794 -0.468952
v -0.468952 -0.536794 -0.500000
v -0.468952 -0.580703 -0.500000
v -0.357143 -0.588645 -0.470103
v -0.387159 -0.579973 -0.500000
v -0.380761 -0.535131 -0.500000
v -0.334985 -0.527413 -0.500000
v -0.327246 -0.558749 -0.470103
v -0.357143 -0.589797 -0.385553
v -0.326095 -0.558749 -0.385553
v -0.326095 -0.527700 -0.354504
v -0.357143 -0.527700 -0.323456
v -0.388191 -0.558749 -0.323456
v -0.388191 -0.589797 -0.354504
v -0.470103 -0.558749 -0.324608
v -0.500000 -0.528733 -0.333280
v -0.500000 -0.535131 -0.378122
v -0.500000 -0.580906 -0.385840
v -0.470103 -0.588645 -0.354504
v -0.236240 -0.558749 -0.468952
v -0.236240 -0.527700 -0.500000
v -0.192331 -0.527700 -0.500000
v -0.192331 -0.558749 -0.468952
v -0.192331 -0.558749 -0.385553
v -0.192331 -0.527700 -0.354504
v -0.236240 -0.527700 -0.354504
v -0.236240 -0.558749 -0.385553
v -0.093383 -0.558749 -0.468952
v -0.093383 -0.527700 -0.500000
v -0.049474 -0.527700 -0.500000
v -0.049474 -0.558749 -0.468952
v -0.049474 -0.558749 -0.385553
v -0.049474 -0.527700 -0.354504
v -0.093383 -0.527700 -0.354504
v -0.093383 -0.558749 -0.385553
v 0.049474 -0.558749 -0.468952
v 0.049474 -0.527700 -0.500000
v 0.093383 -0.527700 -0.500000
v 0.093383 -0.558749 -0.468952
v 0.093383 -0.558749 -0.385553
v 0.093383 -0.527700 -0.354504
v 0.049474 -0.527700 -0.354504
v 0.049474 -0.558749 -0.385553
v 0.192331 -0.558749 -0.468952
v 0.192331 -0.527700 -0.500000
v 0.236240 -0.527700 -0.500000
v 0.236240 -0.558749 -0.468952
v 0.236240 -0.558749 -0.385553
v 0.236240 -0.527700 -0.354504
v 0.192331 -0.527700 -0.354504
v 0.192331 -0.558749 -0.385553
v 0.327246 -0.558749 -0.470103
v 0.335918 -0.528733 -0.500000
v 0.380761 -0.535131 -0.500000
v 0.388479 -0.580906 -0.500000
v 0.357143 -0.588645 -0.470103
v 0.388191 -0.589797 -0.354504
v 0.388191 -0.558749 -0.323456
v 0.357143 -0.527700 -0.323456
v 0.326095 -0.527700 -0.354504
v 0.326095 -0.558749 -0.385553
v 0.357143 -0.589797 -0.385553
v 0.468952 -0.580703 -0.500000
v 0.468952 -0.536794 -0.500000
v 0.500000 -0.536794 -0.468952
v 0.500000 -0.580703 -0.468952
v 0.470103 -0.588645 -0.354504
v 0.500000 -0.579973 -0.384520
v 0.500000 -0.535131 -0.378122
v 0.500000 -0.527413 -0.332347
v 0.470103 -0.558749 -0.324608
v -0.388191 -0.589797 0.339533
v -0.388191 -0.558749 0.308485
v -0.357143 -0.527700 0.308485
v -0.326095 -0.527700 0.339533
v -0.326095 -0.558749 0.370581
v -0.357143 -0.589797 0.370581
v -0.470103 -0.588645 0.339533
v -0.500000 -0.579973 0.369549
v -0.500000 -0.535131 0.363151
v -0.500000 -0.527413 0.317375
v -0.470103 -0.558749 0.309637
v 0.470103 -0.558749 0.309637
v 0.500000 -0.528733 0.318309
v 0.500000 -0.535131 0.363151
v 0.500000 -0.580906 0.370869
v 0.470103 -0.588645 0.339533
v 0.326095 -0.558749 0.370581
v 0.326095 -0.527700 0.339533
v 0.357143 -0.527700 0.308485
v 0.388191 -0.558749 0.308485
v 0.388191 -0.589797 0.339533
v 0.357143 -0.589797 0.370581
v -0.327246 -0.558749 0.470103
v -0.335918 -0.528733 0.500000
v -0.380761 -0.535131 0.500000
v -0.388479 -0.580906 0.500000
v -0.357143 -0.588645 0.470103
v -0.468952 -0.580703 0.500000
v -0.468952 -0.536794 0.500000
v -0.500000 -0.536794 0.468952
v -0.500000 -0.580703 0.468952
v -0.236240 -0.558749 0.370581
v -0.236240 -0.527700 0.339533
v -0.192331 -0.527700 0.339533
v -0.192331 -0.558749 0.370581
v -0.192331 -0.558749 0.468952
v -0.192331 -0.527700 0.500000
v -0.236240 -0.527700 0.500000
v -0.236240 -0.558749 0.468952
v -0.093383 -0.558749 0.370581
v -0.093383 -0.527700 0.339533
v -0.049474 -0.527700 0.339533
v -0.049474 -0.558749 0.370581
v -0.049474 -0.558749 0.468952
v -0.049474 -0.527700 0.500000
v -0.093383 -0.527700 0.500000
v -0.093383 -0.558749 0.468952
v 0.049474 -0.558749 0.370581
v 0.049474 -0.527700 0.339533
v 0.093383 -0.527700 0.339533
v 0.093383 -0.558749 0.370581
v 0.093383 -0.558749 0.468952
v 0.093383 -0.527700 0.500000
v 0.049474 -0.527700 0.500000
v 0.049474 -0.558749 0.468952
v 0.192331 -0.558749 0.370581
v 0.192331 -0.527700 0.339533
v 0.236240 -0.527700 0.339533
v 0.236240 -0.558749 0.370581
v 0.236240 -0.558749 0.468952
v 0.236240 -0.527700 0.500000
v 0.192331 -0.527700 0.500000
v 0.192331 -0.558749 0.468952
v 0.357143 -0.588645 0.470103
v 0.387159 -0.579973 0.500000
v 0.380761 -0.535131 0.500000
v 0.334985 -0.527413 0.500000
v 0.327246 -0.558749 0.470103
v 0.500000 -0.580703 0.468952
v 0.500000 -0.536794 0.468952
v 0.468952 -0.536794 0.500000
v 0.468952 -0.580703 0.500000
v -0.500000 -1.002144 -0.468952
v -0.468952 -1.002144 -0.500000
v -0.468952 -1.033192 -0.468952
v -0.388191 -1.033192 -0.468952
v -0.388191 -1.002144 -0.500000
v -0.357143 -1.002144 -0.468952
v -0.388191 -1.002144 -0.354504
v -0.388191 -1.033192 -0.385553
v -0.357143 -1.002144 -0.385553
v -0.468952 -1.033192 -0.385553
v -0.468952 -1.002144 -0.354504
v -0.500000 -1.002144 -0.385553
v 0.388191 -1.033192 -0.468952
v 0.357143 -1.002144 -0.468952
v 0.388191 -1.002144 -0.500000
v 0.357143 -1.002144 -0.385553
v 0.388191 -1.033192 -0.385553
v 0.388191 -1.002144 -0.354504
v 0.468952 -1.033192 -0.468952
v 0.468952 -1.002144 -0.500000
v 0.500000 -1.002144 -0.468952
v 0.468952 -1.033192 -0.385553
v 0.500000 -1.002144 -0.385553
v 0.468952 -1.002144 -0.354504
v -0.500000 -1.002144 0.370581
v -0.468952 -1.002144 0.339533
v -0.468952 -1.033192 0.370581
v -0.357143 -1.002144 0.370581
v -0.388191 -1.033192 0.370581
v -0.388191 -1.002144 0.339533
v 0.468952 -1.033192 0.370581
v 0.468952 -1.002144 0.339533
v 0.500000 -1.002144 0.370581
v 0.388191 -1.002144 0.339533
v 0.388191 -1.033192 0.370581
v 0.357143 -1.002144 0.370581
v -0.388191 -1.033192 0.468952
v -0.357143 -1.002144 0.468952
v -0.388191 -1.002144 0.500000
v -0.468952 -1.033192 0.468952
v -0.468952 -1.002144 0.500000
v -0.500000 -1.002144 0.468952
v 0.388191 -1.002144 0.500000
v 0.357143 -1.002144 0.468952
v 0.388191 -1.033192 0.468952
v 0.468952 -1.033192 0.468952
v 0.500000 -1.002144 0.468952
v 0.468952 -1.002144 0.500000
vt 0.382762 0.922509
vt 0.381788 0.095027
vt 0.382762 0.144554
vt 0.362720 0.135082
vt 0.360957 0.058775
vt 0.340177 0.383048
vt 0.418188 0.566146
vt 0.416020 0.376651
vt 0.402880 0.641142
vt 0.440940 0.254202
vt 0.451917 0.177362
vt 0.451917 0.050752
vt 0.476654 0.177362
vt 0.487631 0.177362
vt 0.487631 0.050752
vt 0.512369 0.177362
vt 0.523346 0.177362
vt 0.523346 0.050752
vt 0.548083 0.177362
vt 0.559060 0.177362
vt 0.559060 0.127592
vt 0.581812 0.472991
vt 0.596791 0.605067
vt 0.589286 0.620081
vt 0.595875 0.407747
vt 0.595190 0.378732
vt 0.630465 0.923766
vt 0.617238 0.891327
vt 0.632050 0.077550
vt 0.654287 0.322157
vt 0.633062 0.124568
vt 0.375000 0.266124
vt 0.375000 0.321932
vt 0.382762 0.300752
vt 0.405226 0.300752
vt 0.416203 0.223911
vt 0.440940 0.199248
vt 0.451917 0.199248
vt 0.476654 0.199248
vt 0.487631 0.199248
vt 0.512369 0.199248
vt 0.523346 0.199248
vt 0.548083 0.199248
vt 0.559060 0.276089
vt 0.583797 0.300752
vt 0.594774 0.223911
vt 0.617238 0.199248
vt 0.625000 0.266124
vt 0.333032 0.358704
vt 0.382762 0.321932
vt 0.405226 0.321932
vt 0.375000 0.335970
vt 0.382762 0.335970
vt 0.375000 0.414006
vt 0.416203 0.321932
vt 0.440940 0.321932
vt 0.451917 0.321932
vt 0.476654 0.321932
vt 0.487631 0.321932
vt 0.512369 0.321932
vt 0.523346 0.321932
vt 0.548083 0.321932
vt 0.559060 0.321932
vt 0.583797 0.321932
vt 0.594774 0.321932
vt 0.617238 0.321932
vt 0.701193 0.290975
vt 0.688473 0.292293
vt 0.660836 0.426162
vt 0.625000 0.335969
vt 0.190885 0.250000
vt 0.149136 0.250000
vt 0.207675 0.275724
vt 0.382297 0.413162
vt 0.405354 0.413310
vt 0.410714 0.434388
vt 0.416583 0.413848
vt 0.440592 0.413864
vt 0.451969 0.413183
vt 0.476783 0.413310
vt 0.453795 0.416667
vt 0.482143 0.434392
vt 0.488011 0.413848
vt 0.512025 0.413865
vt 0.523398 0.413197
vt 0.548214 0.413298
vt 0.525214 0.416667
vt 0.553571 0.434374
vt 0.559442 0.413847
vt 0.583453 0.413865
vt 0.594826 0.413197
vt 0.617847 0.413231
vt 0.596640 0.416667
vt 0.772763 0.282709
vt 0.819286 0.250000
vt 0.805180 0.211435
vt 0.857188 0.214054
vt 0.861304 0.250000
vt 0.375000 0.481934
vt 0.382767 0.500000
vt 0.382762 0.536049
vt 0.375000 0.714113
vt 0.418188 0.482877
vt 0.438954 0.482877
vt 0.416020 0.549064
vt 0.402880 0.500000
vt 0.446429 0.482626
vt 0.453933 0.500000
vt 0.452342 0.538662
vt 0.489617 0.482877
vt 0.510383 0.482877
vt 0.487449 0.549064
vt 0.474310 0.500000
vt 0.517857 0.482597
vt 0.525365 0.500000
vt 0.523771 0.538668
vt 0.561046 0.482877
vt 0.581812 0.482877
vt 0.558878 0.549064
vt 0.545737 0.500000
vt 0.589286 0.482597
vt 0.596796 0.500000
vt 0.595200 0.538668
vt 0.617235 0.500000
vt 0.625000 0.535946
vt 0.156101 0.077753
vt 0.264612 0.387636
vt 0.382762 0.714113
vt 0.404810 0.711394
vt 0.410714 0.767123
vt 0.416254 0.698778
vt 0.440940 0.699248
vt 0.451917 0.699248
vt 0.476654 0.699248
vt 0.487631 0.699248
vt 0.512369 0.699248
vt 0.523346 0.699248
vt 0.548083 0.699248
vt 0.559060 0.699248
vt 0.583980 0.700936
vt 0.595190 0.711394
vt 0.617238 0.714113
vt 0.597120 0.750000
vt 0.822977 0.130056
vt 0.851396 0.064990
vt 0.748256 0.323294
vt 0.738526 0.341184
vt 0.418218 0.821177
vt 0.440940 0.820759
vt 0.416619 0.836169
vt 0.392249 0.772469
vt 0.451917 0.820759
vt 0.476654 0.820759
vt 0.451917 0.835969
vt 0.487631 0.820759
vt 0.512369 0.820759
vt 0.487631 0.835969
vt 0.523346 0.820759
vt 0.548083 0.820759
vt 0.523346 0.835969
vt 0.559060 0.820759
vt 0.581452 0.820642
vt 0.559060 0.835969
vt 0.589286 0.816210
vt 0.607124 0.781512
vt 0.605171 0.773231
vt 0.410714 0.839037
vt 0.394520 0.820748
vt 0.416619 0.913831
vt 0.440940 0.914031
vt 0.440940 0.859660
vt 0.451917 0.914031
vt 0.476654 0.914031
vt 0.476654 0.791253
vt 0.487631 0.914031
vt 0.512369 0.914031
vt 0.512369 0.791253
vt 0.523346 0.914031
vt 0.548083 0.914031
vt 0.548083 0.791253
vt 0.559060 0.914031
vt 0.583381 0.913831
vt 0.581782 0.795422
vt 0.601288 0.841815
vt 0.316581 0.507455
vt 0.347732 0.552457
vt 0.322136 0.415648
vt 0.314857 0.514673
vt 0.676344 0.539242
vt 0.722747 0.382519
vt 0.676118 0.416172
vt 0.650473 0.550662
vt 0.349527 0.554251
vt 0.655908 0.592949
vt 0.375000 0.434323
vt 0.375000 0.481005
vt 0.382383 0.416667
vt 0.402685 0.416667
vt 0.410714 0.435171
vt 0.410714 0.482967
vt 0.416629 0.434179
vt 0.415987 0.416667
vt 0.403546 0.500000
vt 0.382989 0.500000
vt 0.404833 0.500000
vt 0.416171 0.500000
vt 0.375000 0.482107
vt 0.437872 0.433228
vt 0.437909 0.483512
vt 0.446429 0.483924
vt 0.454298 0.416667
vt 0.474650 0.416667
vt 0.452379 0.416667
vt 0.441073 0.500000
vt 0.452314 0.500000
vt 0.474453 0.500000
vt 0.482143 0.433892
vt 0.482143 0.482212
vt 0.489617 0.433790
vt 0.487449 0.416667
vt 0.476194 0.500000
vt 0.487682 0.500000
vt 0.510383 0.433790
vt 0.510383 0.482877
vt 0.517857 0.482212
vt 0.525069 0.416667
vt 0.545225 0.416667
vt 0.523766 0.416667
vt 0.512551 0.500000
vt 0.523838 0.500000
vt 0.546158 0.500000
vt 0.553571 0.433930
vt 0.553571 0.483924
vt 0.562128 0.433228
vt 0.558927 0.416667
vt 0.547652 0.500000
vt 0.559249 0.500000
vt 0.583371 0.434179
vt 0.583413 0.482612
vt 0.589286 0.482967
vt 0.597019 0.416667
vt 0.617634 0.416667
vt 0.595205 0.416667
vt 0.584013 0.500000
vt 0.595147 0.500000
vt 0.617048 0.500000
vt 0.625000 0.434101
vt 0.625000 0.480853
vt 0.617093 0.500000
vt 0.375000 0.481847
vt 0.382510 0.416667
vt 0.405181 0.416667
vt 0.416152 0.416667
vt 0.440913 0.416667
vt 0.415756 0.434491
vt 0.415756 0.482176
vt 0.440887 0.500000
vt 0.405194 0.500000
vt 0.382510 0.500000
vt 0.380848 0.481847
vt 0.451944 0.416667
vt 0.476688 0.416667
vt 0.451889 0.434361
vt 0.440966 0.482305
vt 0.451889 0.482305
vt 0.476683 0.500000
vt 0.487662 0.416667
vt 0.512338 0.416667
vt 0.487746 0.434433
vt 0.477000 0.482191
vt 0.487746 0.482233
vt 0.512346 0.500000
vt 0.523312 0.416667
vt 0.548056 0.416667
vt 0.523000 0.434475
vt 0.512254 0.482233
vt 0.523000 0.482191
vt 0.548029 0.500000
vt 0.559087 0.416667
vt 0.583848 0.416667
vt 0.559034 0.434361
vt 0.548111 0.482305
vt 0.559034 0.482305
vt 0.583842 0.500000
vt 0.594819 0.416667
vt 0.617490 0.416667
vt 0.594169 0.434429
vt 0.584244 0.482176
vt 0.594169 0.482237
vt 0.617490 0.500000
vt 0.625000 0.434819
vt 0.625000 0.481847
vt 0.619212 0.482032
vt 0.375000 0.767783
vt 0.375000 0.816142
vt 0.382762 0.750000
vt 0.402880 0.750000
vt 0.410714 0.767125
vt 0.410714 0.815549
vt 0.418188 0.767123
vt 0.416020 0.750000
vt 0.402952 0.833333
vt 0.375000 0.819806
vt 0.375000 0.835994
vt 0.440940 0.767783
vt 0.451917 0.767783
vt 0.451917 0.750000
vt 0.402952 0.837061
vt 0.410714 0.837061
vt 0.418476 0.833333
vt 0.440940 0.815550
vt 0.440940 0.833333
vt 0.451917 0.833333
vt 0.476654 0.767783
vt 0.476654 0.815550
vt 0.487631 0.767783
vt 0.487631 0.750000
vt 0.476654 0.833333
vt 0.487631 0.833333
vt 0.512369 0.767783
vt 0.512369 0.815550
vt 0.523346 0.767783
vt 0.523346 0.750000
vt 0.512369 0.833333
vt 0.523346 0.833333
vt 0.548083 0.767783
vt 0.548083 0.815550
vt 0.559060 0.767783
vt 0.559060 0.750000
vt 0.548083 0.833333
vt 0.559060 0.833333
vt 0.581812 0.767123
vt 0.581524 0.815550
vt 0.589286 0.815550
vt 0.596790 0.750000
vt 0.617238 0.750000
vt 0.595190 0.750000
vt 0.581524 0.833333
vt 0.589286 0.837061
vt 0.597048 0.837061
vt 0.617525 0.833333
vt 0.630196 0.741804
vt 0.630244 0.789166
vt 0.617526 0.836923
vt 0.625000 0.835882
vt 0.410714 0.888709
vt 0.410714 0.942021
vt 0.418476 0.932790
vt 0.418476 0.916667
vt 0.402952 0.912939
vt 0.382474 0.913077
vt 0.378936 0.877752
vt 0.375000 0.914118
vt 0.375000 0.928932
vt 0.372402 0.955299
vt 0.617526 0.913077
vt 0.597048 0.912939
vt 0.597048 0.916667
vt 0.625000 0.932254
vt 0.625000 0.983876
vt 0.625000 0.928932
vt 0.589286 0.912939
vt 0.581524 0.916667
vt 0.581524 0.932790
vt 0.589286 0.984473
vt 0.403210 1.000000
vt 0.382762 1.000000
vt 0.404810 1.000000
vt 0.416254 1.000000
vt 0.375000 0.983876
vt 0.440940 0.932790
vt 0.440940 0.983876
vt 0.451917 0.932790
vt 0.451917 0.916667
vt 0.440940 1.000000
vt 0.451917 1.000000
vt 0.476654 0.932790
vt 0.476654 0.983876
vt 0.487631 0.932790
vt 0.487632 0.916667
vt 0.476654 1.000000
vt 0.487631 1.000000
vt 0.512369 0.932790
vt 0.512369 0.983876
vt 0.523346 0.932790
vt 0.523346 0.916667
vt 0.512369 1.000000
vt 0.523346 1.000000
vt 0.548083 0.932790
vt 0.548083 0.983876
vt 0.559060 0.916667
vt 0.548083 1.000000
vt 0.559060 1.000000
vt 0.581812 0.984474
vt 0.583980 1.000000
vt 0.595190 1.000000
vt 0.617238 0.968825
vt 0.617238 1.000000
vt 0.375000 0.767784
vt 0.375000 0.819806
vt 0.382762 0.750000
vt 0.404810 0.750000
vt 0.410714 0.767123
vt 0.416254 0.750000
vt 0.440940 0.750000
vt 0.418476 0.815550
vt 0.440940 0.833333
vt 0.410714 0.837061
vt 0.410714 0.912939
vt 0.402952 0.837061
vt 0.382474 0.836923
vt 0.375000 0.914006
vt 0.375000 0.815384
vt 0.440940 0.815550
vt 0.451917 0.750000
vt 0.476654 0.750000
vt 0.451917 0.815550
vt 0.476654 0.833333
vt 0.476654 0.815550
vt 0.487631 0.750000
vt 0.512369 0.750000
vt 0.487631 0.815550
vt 0.512369 0.833333
vt 0.512369 0.815550
vt 0.523346 0.750000
vt 0.548083 0.750000
vt 0.523346 0.815550
vt 0.548083 0.833333
vt 0.548083 0.815550
vt 0.559060 0.750000
vt 0.583980 0.750000
vt 0.559060 0.815550
vt 0.581524 0.833333
vt 0.581524 0.815550
vt 0.595190 0.750000
vt 0.617238 0.750000
vt 0.597120 0.750000
vt 0.589286 0.815550
vt 0.597048 0.833333
vt 0.597048 0.837061
vt 0.589286 0.912939
vt 0.625000 0.767783
vt 0.625000 0.819806
vt 0.617526 0.833333
vt 0.625000 0.835994
vt 0.625000 0.914118
vt 0.402952 0.916667
vt 0.382474 0.913077
vt 0.418476 0.916667
vt 0.440940 0.916667
vt 0.418476 0.932790
vt 0.382474 0.916667
vt 0.375000 0.932252
vt 0.375000 0.983876
vt 0.597048 0.912939
vt 0.625000 0.928932
vt 0.625000 0.983876
vt 0.625000 0.932942
vt 0.581524 0.932790
vt 0.559060 0.916667
vt 0.597048 0.916667
vt 0.418188 0.984474
vt 0.440940 1.000000
vt 0.404810 1.000000
vt 0.382762 1.000000
vt 0.402880 1.000000
vt 0.375000 0.983876
vt 0.440940 0.983876
vt 0.451917 0.916667
vt 0.476654 0.916667
vt 0.451917 0.983876
vt 0.476654 1.000000
vt 0.476654 0.983876
vt 0.487631 0.916667
vt 0.512369 0.916667
vt 0.487631 0.983876
vt 0.512369 1.000000
vt 0.512369 0.983876
vt 0.523346 0.916667
vt 0.548083 0.916667
vt 0.523346 0.983876
vt 0.548083 1.000000
vt 0.559060 0.932790
vt 0.548083 0.983876
vt 0.559060 0.983876
vt 0.581812 0.984474
vt 0.583746 1.000000
vt 0.589286 0.984474
vt 0.596790 1.000000
vt 0.617238 1.000000
vt 0.617238 1.000000
vt 0.375000 0.815550
vt 0.382762 0.750000
vt 0.402952 0.750000
vt 0.410714 0.767781
vt 0.410714 0.815546
vt 0.402953 0.833333
vt 0.382762 0.833333
vt 0.382762 0.815550
vt 0.597048 0.750000
vt 0.617238 0.750000
vt 0.597048 0.767783
vt 0.589286 0.815552
vt 0.597048 0.815550
vt 0.617239 0.833333
vt 0.625000 0.767783
vt 0.625000 0.815550
vt 0.617238 0.815550
vt 0.375000 0.983876
vt 0.382761 0.916667
vt 0.402952 0.916667
vt 0.410714 0.932788
vt 0.410714 0.983876
vt 0.625000 0.932790
vt 0.625000 0.983876
vt 0.617238 0.932790
vt 0.597047 0.916667
vt 0.597048 0.932790
vt 0.589286 0.983876
vt 0.402952 1.000000
vt 0.382762 1.000000
vt 0.382762 0.983876
vt 0.597048 0.983876
vt 0.617238 0.983876
vt 0.617238 1.000000
vt 0.404810 0.455943
vt 0.440940 0.050752
vt 0.476654 0.050752
vt 0.512369 0.050752
vt 0.548083 0.050752
vt 0.583746 0.448778
vt 0.617238 0.072781
vt 0.382762 0.266124
vt 0.405226 0.266124
vt 0.416203 0.266124
vt 0.440940 0.266124
vt 0.451917 0.266124
vt 0.476654 0.266124
vt 0.487631 0.266124
vt 0.512369 0.266124
vt 0.523346 0.266124
vt 0.548083 0.266124
vt 0.559060 0.266124
vt 0.583797 0.266124
vt 0.594774 0.266124
vt 0.617238 0.266124
vt 0.405226 0.335970
vt 0.416203 0.335970
vt 0.440940 0.335970
vt 0.451917 0.335970
vt 0.476654 0.335970
vt 0.487631 0.335970
vt 0.512369 0.335970
vt 0.523346 0.335970
vt 0.548083 0.335970
vt 0.559060 0.335970
vt 0.583797 0.335970
vt 0.594774 0.335970
vt 0.617238 0.335970
vt 0.380848 0.434819
vt 0.405837 0.434409
vt 0.405831 0.482237
vt 0.440994 0.434273
vt 0.476993 0.434501
vt 0.512259 0.434417
vt 0.548138 0.434273
vt 0.584233 0.434532
vt 0.619152 0.434819
vt 0.404802 0.538660
vt 0.440889 0.551222
vt 0.476230 0.538660
vt 0.512318 0.551222
vt 0.547660 0.538654
vt 0.583746 0.551222
vt 0.617238 0.536049
vt 0.382762 0.767783
vt 0.402952 0.767783
vt 0.402952 0.815550
vt 0.617238 0.767783
vt 0.440940 0.835969
vt 0.476654 0.835969
vt 0.512369 0.835969
vt 0.548083 0.835969
vt 0.583381 0.836169
vt 0.382762 0.932790
vt 0.402952 0.932790
vt 0.402952 0.983876
vt 0.160566 0.124802
vt 0.154794 0.273964
vt 0.276586 0.385231
vt 0.297489 0.292293
vt 0.226738 0.285478
vt 0.358876 0.199248
vt 0.305826 0.229586
vt 0.382289 0.416667
vt 0.403463 0.416667
vt 0.375000 0.434072
vt 0.474894 0.416667
vt 0.454259 0.500000
vt 0.546305 0.416667
vt 0.525926 0.500000
vt 0.617708 0.416667
vt 0.625000 0.434201
vt 0.625000 0.481925
vt 0.596674 0.500000
vt 0.382760 0.416667
vt 0.404777 0.416667
vt 0.382907 0.500000
vt 0.375000 0.434819
vt 0.440751 0.416667
vt 0.416152 0.500000
vt 0.476242 0.416667
vt 0.451944 0.500000
vt 0.512318 0.416667
vt 0.487662 0.500000
vt 0.547624 0.416667
vt 0.523312 0.500000
vt 0.583830 0.416667
vt 0.559087 0.500000
vt 0.617240 0.416667
vt 0.625000 0.434323
vt 0.625000 0.482107
vt 0.594819 0.500000
vt 0.382762 0.750000
vt 0.403209 0.750000
vt 0.375000 0.767783
vt 0.617238 0.750000
vt 0.642784 0.678864
vt 0.691140 0.485440
vt 0.366938 0.895194
vt 0.341127 0.559650
vt 0.372378 0.904098
vt 0.597120 0.968536
vt 0.382762 0.750000
vt 0.404810 0.750000
vt 0.375000 0.767783
vt 0.440940 0.750000
vt 0.418476 0.833333
vt 0.476654 0.750000
vt 0.451917 0.833333
vt 0.512369 0.750000
vt 0.487631 0.833333
vt 0.548083 0.750000
vt 0.523346 0.833333
vt 0.583746 0.750000
vt 0.559060 0.833333
vt 0.617238 0.750000
vt 0.625000 0.767783
vt 0.625000 0.819806
vt 0.410714 0.912939
vt 0.375000 0.835882
vt 0.625000 0.914006
vt 0.589286 0.837061
vt 0.382762 1.000000
vt 0.375000 0.928932
vt 0.440940 0.916667
vt 0.416020 1.000000
vt 0.476654 0.916667
vt 0.451917 1.000000
vt 0.512369 0.916667
vt 0.487631 1.000000
vt 0.548083 0.916667
vt 0.523346 1.000000
vt 0.581524 0.916667
vt 0.559060 1.000000
vt 0.625000 0.983876
vt 0.595190 1.000000
vt 0.382762 0.750000
vt 0.403210 0.750000
vt 0.375000 0.767783
vt 0.617238 0.750000
vt 0.625000 0.767784
vt 0.625000 0.816145
vt 0.382762 1.000000
vt 0.375000 0.932790
vt 0.625000 0.983876
vt 0.597048 1.000000
vt 0.451917 0.767783
vt 0.476654 0.767783
vt 0.487631 0.767783
vt 0.512369 0.767783
vt 0.523346 0.767783
vt 0.548083 0.767783
vt 0.617526 0.836923
vt 0.617526 0.913077
vt 0.559060 0.767783
vt 0.581812 0.767123
vt 0.617238 0.916667
vt 0.617526 0.916667
vt 0.597048 0.833333
vt 0.589286 0.767787
vt 0.589286 0.767123
vt 0.589286 0.932790
vt 0.589286 0.932790
vt 0.382474 0.836923
vt 0.559060 0.932790
vt 0.559060 0.983876
vt 0.523346 0.983876
vt 0.487631 0.983876
vt 0.451917 0.983876
vt 0.418188 0.984474
vt 0.559060 0.815550
vt 0.523346 0.815550
vt 0.487631 0.815550
vt 0.451917 0.815550
vt 0.418476 0.815550
vt 0.402952 0.912939
vt 0.418188 0.767123
vt 0.440940 0.767783
vt 0.440940 0.932790
vt 0.451917 0.932790
vt 0.476654 0.932790
vt 0.487631 0.932790
vt 0.512369 0.932790
vt 0.523346 0.932790
vt 0.548083 0.932790
vt 0.410714 0.932790
vt 0.410714 0.984474
vt 0.402952 0.833333
vt 0.382474 0.833333
vt 0.410714 0.815550
vt 0.418188 0.767123
vt 0.440940 0.767783
vt 0.451917 0.767783
vt 0.476654 0.767783
vt 0.487631 0.767783
vt 0.512369 0.767783
vt 0.523346 0.767783
vt 0.548083 0.767783
vt 0.559060 0.767783
vt 0.581812 0.767123
vt 0.681625 0.505660
vt 0.397416 0.846770
vt 0.559060 0.791253
vt 0.523346 0.791253
vt 0.487631 0.791253
vt 0.451917 0.791253
vt 0.418548 0.859132
vt 0.410714 0.577629
vt 0.399278 0.876253
vt 0.589286 0.932789
vt 0.589286 0.881490
vt 0.646935 0.593166
vt 0.617526 0.916667
vt 0.601942 0.859663
vt 0.597048 0.833333
vt 0.589286 0.767123
vt 0.589286 0.767123
vt 0.410714 0.816210
vt 0.323656 0.539242
vt 0.382474 0.833333
vt 0.392876 0.781512
vt 0.489647 0.428823
vt 0.510353 0.428823
vt 0.418218 0.428823
vt 0.438925 0.428823
vt 0.561075 0.428823
vt 0.581782 0.428823
vt 0.589286 0.434398
vt 0.589286 0.435171
vt 0.410714 0.482612
vt 0.482143 0.482590
vt 0.416587 0.482612
vt 0.553571 0.482624
vt 0.517857 0.434398
vt 0.517857 0.433892
vt 0.446429 0.434369
vt 0.446429 0.433930
vt 0.489617 0.482877
vt 0.562091 0.483512
vt 0.375000 0.000000
vt 0.399352 0.340932
vt 0.410714 0.500000
vt 0.589286 0.500000
vt 0.625000 0.000000
vt 0.613729 0.157791
vt 0.633062 0.287930
vt 0.375000 0.333333
vt 0.625000 0.333333
vt 0.625000 0.321932
vt 0.375000 0.434202
vt 0.375000 0.416667
vt 0.625000 0.414118
vt 0.625000 0.416667
vt 0.375000 0.535946
vt 0.375000 0.500000
vt 0.362413 0.704848
vt 0.625000 0.714113
vt 0.625000 0.750000
vt 0.239223 0.285558
vt 0.291667 0.416667
vt 0.708333 0.416667
vt 0.333333 0.458333
vt 0.666667 0.458333
vn -0.707107 0.000000 0.707107
vn -0.707107 0.000000 0.707107
vn -0.707107 0.000000 0.707107
vn -0.707107 0.000000 0.707107
vn 0.000000 0.000000 1.000000
vn 0.000000 0.000000 1.000000
vn 0.000000 0.000000 1.000000
vn 0.000000 0.000000 1.000000
vn -0.707107 0.000000 0.707107
vn -0.707107 0.000000 0.707107
vn -0.707107 0.000000 0.707107
vn -0.707107 0.000000 0.707107
vn -1.000000 0.000000 0.000000
vn -1.000000 0.000000 0.000000
vn -1.000000 0.000000 0.000000
vn -1.000000 0.000000 0.000000
vn 0.698951 -0.715154 0.004811
vn 0.698951 -0.715154 0.004811
vn 0.590044 -0.789793 -0.167556
vn 0.589557 -0.790015 -0.168223
vn 0.124533 -0.631302 0.765473
vn 0.237213 -0.543490 0.805201
vn 0.005512 -0.706233 0.707958
vn 0.005437 -0.706245 0.707946
vn 0.000000 0.000000 1.000000
vn 0.000000 0.000000 1.000000
vn 0.000000 0.000000 1.000000
vn 0.681028 -0.028779 0.731692
vn 0.578459 -0.183894 0.794713
vn 0.569296 0.197281 0.798111
vn 0.682779 0.028500 0.730069
vn 0.000000 -1.000000 0.000000
vn 0.000000 -1.000000 0.000000
vn 0.000000 -1.000000 0.000000
vn 0.000000 -1.000000 0.000000
vn 0.000000 -0.707107 0.707107
vn 0.000000 -0.707107 0.707107
vn 0.000000 -0.707107 0.707107
vn 0.000000 -0.707107 0.707107
vn 0.000000 0.000000 1.000000
vn 0.000000 0.000000 1.000000
vn 0.000000 0.000000 1.000000
vn 0.000000 0.000000 1.000000
vn 0.000000 -1.000000 0.000000
vn 0.000000 -1.000000 0.000000
vn 0.000000 -1.000000 0.000000
vn 0.000000 -1.000000 0.000000
vn 0.000000 -0.707107 0.707107
vn 0.000000 -0.707107 0.707107
vn 0.000000 -0.707107 0.707107
vn 0.000000 -0.707107 0.707107
vn 0.000000 0.000000 1.000000
vn 0.000000 0.000000 1.000000
vn 0.000000 0.000000 1.000000
vn 0.000000 0.000000 1.000000
vn 0.000000 -1.000000 0.000000
vn 0.000000 -1.000000 0.000000
vn 0.000000 -1.000000 0.000000
vn 0.000000 -1.000000 0.000000
vn 0.000000 -0.707107 0.707107
vn 0.000000 -0.707107 0.707107
vn 0.000000 -0.707107 0.707107
vn 0.000000 -0.707107 0.707107
vn 0.000000 0.000000 1.000000
vn 0.000000 0.000000 1.000000
vn 0.000000 0.000000 1.000000
vn 0.000000 0.000000 1.000000
vn 0.000000 -1.000000 0.000000
vn 0.000000 -1.000000 0.000000
vn 0.000000 -1.000000 0.000000
vn 0.000000 -1.000000 0.000000
vn -0.002248 -0.701291 0.712872
vn -0.002238 -0.701315 0.712848
vn -0.236360 -0.539118 0.808385
vn -0.116444 -0.629028 0.768612
vn 0.000000 0.000000 1.000000
vn 0.000000 0.000000 1.000000
vn 0.000000 0.000000 1.000000
vn 0.000000 0.000000 1.000000
vn -0.706431 -0.707782 0.000401
vn -0.706431 -0.707782 0.000401
vn -0.593800 -0.786126 -0.171489
vn -0.595487 -0.785333 -0.169256
vn -0.569297 -0.197281 0.798111
vn -0.682779 -0.028500 0.730069
vn -0.681028 0.028779 0.731692
vn -0.578459 0.183895 0.794713
vn 0.000000 0.000000 1.000000
vn 0.000000 0.000000 1.000000
vn 0.000000 0.000000 1.000000
vn 0.000000 0.000000 1.000000
vn 0.000000 0.000000 1.000000
vn 0.000000 0.000000 1.000000
vn 0.000000 0.000000 1.000000
vn 0.707107 0.000000 0.707107
vn 0.707107 0.000000 0.707107
vn 0.707107 0.000000 0.707107
vn 0.707107 0.000000 0.707107
vn 1.000000 0.000000 0.000000
vn 1.000000 0.000000 0.000000
vn 1.000000 0.000000 0.000000
vn 1.000000 0.000000 0.000000
vn 0.707107 0.000000 0.707107
vn 0.707107 0.000000 0.707107
vn 0.707107 0.000000 0.707107
vn 0.707107 0.000000 0.707107
vn -0.707107 0.707107 0.000000
vn -0.707107 0.707107 0.000000
vn -0.707107 0.707107 0.000000
vn -0.707107 0.707107 0.000000
vn 0.000000 0.707107 0.707107
vn 0.000000 0.707107 0.707107
vn 0.000000 0.707107 0.707107
vn 0.000000 0.707107 0.707107
vn 0.000000 1.000000 0.000000
vn 0.000000 1.000000 0.000000
vn 0.000000 1.000000 0.000000
vn 0.000000 1.000000 0.000000
vn 0.000000 0.707107 0.707107
vn 0.000000 0.707107 0.707107
vn 0.000000 0.707107 0.707107
vn 0.000000 0.707107 0.707107
vn 0.000000 1.000000 0.000000
vn 0.000000 1.000000 0.000000
vn 0.000000 1.000000 0.000000
vn 0.000000 1.000000 0.000000
vn 0.000000 0.707107 0.707107
vn 0.000000 0.707107 0.707107
vn 0.000000 0.707107 0.707107
vn 0.000000 0.707107 0.707107
vn 0.000000 1.000000 0.000000
vn 0.000000 1.000000 0.000000
vn 0.000000 1.000000 0.000000
vn 0.000000 1.000000 0.000000
vn 0.000000 0.707107 0.707107
vn 0.000000 0.707107 0.707107
vn 0.000000 0.707107 0.707107
vn 0.000000 0.707107 0.707107
vn 0.000000 1.000000 0.000000
vn 0.000000 1.000000 0.000000
vn 0.000000 1.000000 0.000000
vn 0.000000 1.000000 0.000000
vn 0.000000 0.707107 0.707107
vn 0.000000 0.707107 0.707107
vn 0.000000 0.707107 0.707107
vn 0.000000 0.707107 0.707107
vn 0.000000 1.000000 0.000000
vn 0.000000 1.000000 0.000000
vn 0.000000 1.000000 0.000000
vn 0.000000 1.000000 0.000000
vn 0.000000 0.707107 0.707107
vn 0.000000 0.707107 0.707107
vn 0.000000 0.707107 0.707107
vn 0.000000 0.707107 0.707107
vn 0.000000 1.000000 0.000000
vn 0.000000 1.000000 0.000000
vn 0.000000 1.000000 0.000000
vn 0.000000 1.000000 0.000000
vn 0.000000 0.707107 0.707107
vn 0.000000 0.707107 0.707107
vn 0.000000 0.707107 0.707107
vn 0.000000 0.707107 0.707107
vn 0.707107 0.707107 0.000000
vn 0.707107 0.707107 0.000000
vn 0.707107 0.707107 0.000000
vn 0.707107 0.707107 0.000000
vn -1.000000 0.000000 0.000000
vn -1.000000 0.000000 0.000000
vn -1.000000 0.000000 0.000000
vn 0.000000 1.000000 0.000000
vn 0.000000 1.000000 0.000000
vn 0.000000 1.000000 0.000000
vn -0.718649 0.695373 0.000824
vn -0.718647 0.695374 0.000824
vn -0.749091 0.659277 0.064942
vn -0.729377 0.683781 0.021306
vn 0.000000 1.000000 0.000000
vn 0.000000 1.000000 0.000000
vn 0.000000 1.000000 0.000000
vn 0.000000 1.000000 0.000000
vn 0.000000 1.000000 0.000000
vn 0.000000 1.000000 0.000000
vn 0.000000 1.000000 0.000000
vn 0.000000 1.000000 0.000000
vn 0.000000 1.000000 0.000000
vn 0.000000 1.000000 0.000000
vn 0.000000 1.000000 0.000000
vn 0.000000 1.000000 0.000000
vn 0.000000 1.000000 0.000000
vn 0.000000 1.000000 0.000000
vn 0.000000 1.000000 0.000000
vn 0.000000 1.000000 0.000000
vn 0.000000 1.000000 0.000000
vn 0.000000 1.000000 0.000000
vn 0.000000 1.000000 0.000000
vn 0.000000 1.000000 0.000000
vn 0.000000 1.000000 0.000000
vn 0.000000 1.000000 0.000000
vn 0.000000 1.000000 0.000000
vn 0.000000 1.000000 0.000000
vn 0.000000 1.000000 0.000000
vn 1.000000 0.000000 0.000000
vn 1.000000 0.000000 0.000000
vn 1.000000 0.000000 0.000000
vn 0.714858 0.699268 0.001780
vn 0.714855 0.699271 0.001779
vn 0.726400 0.686858 0.023872
vn 0.745456 0.663402 0.064745
vn -0.759780 0.187979 0.622413
vn -0.734405 0.135557 0.665037
vn -0.730738 0.117852 0.672408
vn -0.730425 0.127486 0.670990
vn -1.000000 0.000000 0.000000
vn -1.000000 0.000000 0.000000
vn -1.000000 0.000000 0.000000
vn -1.000000 0.000000 0.000000
vn -1.000000 0.000000 0.000000
vn -1.000000 0.000000 0.000000
vn -1.000000 0.000000 0.000000
vn 0.003540 0.764410 0.644721
vn 0.003540 0.764410 0.644721
vn 0.173584 0.825856 0.536498
vn 0.187557 0.829359 0.526294
vn 0.710296 0.703898 -0.002704
vn 0.710296 0.703898 -0.002704
vn 0.710296 0.703898 -0.002704
vn 0.710296 0.703898 -0.002704
vn 0.696250 0.129107 0.706093
vn 0.696250 0.129107 0.706093
vn 0.669754 -0.017533 0.742376
vn 0.695648 0.124400 0.707530
vn 0.000000 1.000000 0.000000
vn 0.000000 1.000000 0.000000
vn -0.710276 0.703918 -0.002706
vn -0.710276 0.703918 -0.002706
vn -0.710276 0.703918 -0.002706
vn -0.710276 0.703918 -0.002706
vn -0.182089 0.826023 0.533412
vn -0.167979 0.822424 0.543509
vn 0.172250 0.821952 0.542885
vn 0.184396 0.825288 0.533759
vn -0.688509 0.122429 0.714819
vn -0.688509 0.122429 0.714819
vn -0.688509 0.122429 0.714819
vn -0.688509 0.122429 0.714819
vn 0.710295 0.703899 -0.002704
vn 0.710295 0.703899 -0.002704
vn 0.710295 0.703899 -0.002704
vn 0.710295 0.703899 -0.002704
vn 0.726843 0.120538 0.676143
vn 0.726843 0.120538 0.676143
vn 0.726843 0.120538 0.676143
vn 0.726843 0.120538 0.676143
vn 0.000000 1.000000 -0.000000
vn 0.000000 1.000000 -0.000000
vn -0.710295 0.703899 -0.002704
vn -0.710295 0.703899 -0.002704
vn -0.710295 0.703899 -0.002704
vn -0.710295 0.703899 -0.002704
vn -0.183065 0.826340 0.532588
vn -0.169143 0.822698 0.542733
vn 0.171060 0.821640 0.543734
vn 0.183431 0.824953 0.534607
vn -0.730433 0.119380 0.672471
vn -0.730433 0.119380 0.672471
vn -0.730433 0.119380 0.672471
vn -0.730433 0.119380 0.672471
vn 0.710276 0.703918 -0.002706
vn 0.710276 0.703918 -0.002706
vn 0.710276 0.703918 -0.002706
vn 0.710276 0.703918 -0.002706
vn 0.678770 0.124701 0.723685
vn 0.678770 0.124701 0.723685
vn 0.678770 0.124701 0.723685
vn 0.678770 0.124701 0.723685
vn 0.000000 1.000000 0.000000
vn 0.000000 1.000000 0.000000
vn -0.710296 0.703898 -0.002704
vn -0.710296 0.703898 -0.002704
vn -0.710296 0.703898 -0.002704
vn -0.710296 0.703898 -0.002704
vn -0.185508 0.829377 0.526991
vn -0.171663 0.826012 0.536876
vn 0.003508 0.763802 0.645441
vn 0.003508 0.763802 0.645441
vn -0.701555 0.127629 0.701093
vn -0.701555 0.127629 0.701093
vn -0.700850 0.122465 0.702718
vn -0.675883 -0.009967 0.736941
vn 0.734930 0.135238 0.664522
vn 0.759929 0.186906 0.622554
vn 0.731053 0.127359 0.670329
vn 0.731364 0.117723 0.671750
vn 1.000000 0.000000 0.000000
vn 1.000000 0.000000 0.000000
vn 1.000000 0.000000 0.000000
vn 1.000000 0.000000 0.000000
vn 1.000000 0.000000 0.000000
vn 1.000000 0.000000 0.000000
vn 1.000000 0.000000 0.000000
vn -0.693657 -0.131024 -0.708289
vn -0.693623 -0.131162 -0.708297
vn -0.692851 -0.133690 -0.708579
vn -0.691127 -0.123213 -0.712153
vn 0.000208 -0.028596 -0.999591
vn 0.044914 -0.178087 -0.982989
vn 0.044971 -0.178200 -0.982966
vn 0.000141 -0.019413 -0.999812
vn -0.708028 -0.018227 -0.705949
vn -0.708024 -0.018079 -0.705957
vn -0.707314 0.000118 -0.706899
vn -0.707314 0.000118 -0.706899
vn 0.005047 0.697904 -0.716174
vn 0.005047 0.697904 -0.716174
vn 0.005047 0.697904 -0.716174
vn 0.005047 0.697904 -0.716174
vn 0.000000 0.000000 -1.000000
vn 0.000000 0.000000 -1.000000
vn -0.000000 0.000000 -1.000000
vn 0.717378 -0.124883 -0.685400
vn 0.717378 -0.124883 -0.685400
vn 0.715754 -0.128336 -0.686459
vn 0.678113 -0.202107 -0.706622
vn -0.698464 -0.120747 -0.705385
vn -0.698464 -0.120747 -0.705385
vn -0.671795 -0.150697 -0.725247
vn -0.496975 -0.149031 -0.854871
vn -0.000413 -0.021106 -0.999777
vn -0.035696 -0.167479 -0.985229
vn -0.035959 -0.168129 -0.985109
vn -0.000407 -0.020777 -0.999784
vn 0.000000 0.000000 -1.000000
vn 0.000000 0.000000 -1.000000
vn 0.000000 0.000000 -1.000000
vn 0.005047 0.697904 -0.716174
vn 0.005047 0.697904 -0.716174
vn 0.005047 0.697904 -0.716174
vn 0.005047 0.697904 -0.716174
vn 0.000000 0.000000 -1.000000
vn 0.000000 0.000000 -1.000000
vn 0.000000 0.000000 -1.000000
vn 0.683454 -0.128016 -0.718681
vn 0.683454 -0.128016 -0.718681
vn 0.008589 -0.181425 -0.983367
vn 0.680300 -0.131476 -0.721045
vn -0.681684 -0.127385 -0.720472
vn -0.681684 -0.127385 -0.720472
vn -0.678365 -0.131035 -0.722946
vn -0.009266 -0.181389 -0.983368
vn 0.000175 -0.021063 -0.999778
vn 0.035679 -0.167445 -0.985235
vn 0.035965 -0.168134 -0.985108
vn 0.000172 -0.020755 -0.999785
vn 0.000000 0.000000 -1.000000
vn 0.000000 0.000000 -1.000000
vn 0.000000 0.000000 -1.000000
vn 0.005047 0.697904 -0.716174
vn 0.005047 0.697904 -0.716174
vn 0.005047 0.697904 -0.716174
vn 0.005047 0.697904 -0.716174
vn 0.000000 0.000000 -1.000000
vn 0.000000 0.000000 -1.000000
vn 0.000000 0.000000 -1.000000
vn 0.699798 -0.121403 -0.703949
vn 0.699798 -0.121403 -0.703949
vn 0.474027 -0.154439 -0.866861
vn 0.680959 -0.142362 -0.718351
vn -0.720265 -0.123651 -0.682590
vn -0.720265 -0.123651 -0.682590
vn -0.677908 -0.206428 -0.705569
vn -0.718748 -0.126877 -0.683596
vn -0.000248 -0.019494 -0.999810
vn -0.044223 -0.177834 -0.983066
vn -0.044505 -0.178411 -0.982949
vn -0.000360 -0.028254 -0.999601
vn -0.000000 0.000000 -1.000000
vn 0.000000 0.000000 -1.000000
vn -0.000000 0.000000 -1.000000
vn 0.696004 -0.130700 -0.706043
vn 0.696033 -0.130563 -0.706040
vn 0.693546 -0.122880 -0.709855
vn 0.695336 -0.133219 -0.706230
vn 0.708024 -0.018079 -0.705957
vn 0.708028 -0.018227 -0.705949
vn 0.707314 0.000118 -0.706899
vn 0.707314 0.000118 -0.706899
vn -0.707107 0.000000 -0.707107
vn -0.707107 0.000000 -0.707107
vn -0.707107 0.000000 -0.707107
vn -0.707107 0.000000 -0.707107
vn -1.000000 0.000000 0.000000
vn -1.000000 0.000000 0.000000
vn -1.000000 0.000000 0.000000
vn 0.000000 0.000000 -1.000000
vn -0.000000 0.000000 -1.000000
vn 0.000000 0.000000 -1.000000
vn 0.706436 -0.707777 -0.000468
vn 0.706436 -0.707777 -0.000468
vn 0.581912 -0.791468 0.186968
vn 0.583670 -0.790706 0.184699
vn 0.569297 -0.197281 -0.798111
vn 0.682779 -0.028500 -0.730069
vn 0.681028 0.028779 -0.731691
vn 0.578459 0.183894 -0.794712
vn 0.236360 -0.539118 -0.808385
vn 0.116444 -0.629028 -0.768612
vn 0.002248 -0.701291 -0.712872
vn 0.002238 -0.701315 -0.712848
vn 0.000000 -1.000000 0.000000
vn 0.000000 -1.000000 0.000000
vn 0.000000 -1.000000 0.000000
vn 0.000000 -1.000000 0.000000
vn 0.000000 -0.707107 -0.707107
vn 0.000000 -0.707107 -0.707107
vn 0.000000 -0.707107 -0.707107
vn 0.000000 -0.707107 -0.707107
vn 0.000000 -1.000000 0.000000
vn 0.000000 -1.000000 0.000000
vn 0.000000 -1.000000 0.000000
vn 0.000000 -1.000000 0.000000
vn 0.000000 -0.707107 -0.707107
vn 0.000000 -0.707107 -0.707107
vn 0.000000 -0.707107 -0.707107
vn 0.000000 -0.707107 -0.707107
vn 0.000000 -1.000000 0.000000
vn 0.000000 -1.000000 0.000000
vn 0.000000 -1.000000 0.000000
vn 0.000000 -1.000000 0.000000
vn 0.000000 -0.707107 -0.707107
vn 0.000000 -0.707107 -0.707107
vn 0.000000 -0.707107 -0.707107
vn 0.000000 -0.707107 -0.707107
vn 0.000000 -1.000000 0.000000
vn 0.000000 -1.000000 0.000000
vn 0.000000 -1.000000 0.000000
vn 0.000000 -1.000000 0.000000
vn -0.005512 -0.706233 -0.707958
vn -0.005437 -0.706245 -0.707946
vn -0.124533 -0.631302 -0.765473
vn -0.237213 -0.543490 -0.805201
vn -0.699000 -0.715100 -0.005616
vn -0.699000 -0.715100 -0.005616
vn -0.578450 -0.794942 0.182928
vn -0.577926 -0.795162 0.183630
vn 0.000000 0.000000 -1.000000
vn 0.000000 0.000000 -1.000000
vn 0.000000 0.000000 -1.000000
vn -0.681028 -0.028779 -0.731692
vn -0.578459 -0.183894 -0.794713
vn -0.569296 0.197281 -0.798111
vn -0.682779 0.028500 -0.730069
vn 0.707107 0.000000 -0.707107
vn 0.707107 0.000000 -0.707107
vn 0.707107 0.000000 -0.707107
vn 0.707107 0.000000 -0.707107
vn 1.000000 0.000000 0.000000
vn 1.000000 0.000000 0.000000
vn 1.000000 0.000000 0.000000
vn 0.707104 -0.002797 0.707104
vn 0.707104 -0.002797 0.707104
vn 0.707104 -0.002797 0.707104
vn 0.707104 -0.002797 0.707104
vn 0.000000 -1.000000 0.000000
vn 0.000000 -1.000000 0.000000
vn 0.000000 -1.000000 0.000000
vn 0.000000 -1.000000 0.000000
vn 0.000000 -1.000000 0.000000
vn 0.000000 -1.000000 0.000000
vn 0.185925 -0.795912 0.576156
vn 0.186634 -0.796130 0.575625
vn -0.005787 -0.715088 0.699010
vn -0.005787 -0.715088 0.699010
vn 0.000000 -1.000000 0.000000
vn 0.000000 -1.000000 0.000000
vn 0.000000 -1.000000 0.000000
vn 0.000000 -1.000000 0.000000
vn 0.000000 -1.000000 0.000000
vn 0.000000 -1.000000 0.000000
vn 0.000000 -1.000000 0.000000
vn 0.000000 -1.000000 0.000000
vn 0.000000 -1.000000 0.000000
vn 0.000000 -1.000000 0.000000
vn 0.000000 -1.000000 0.000000
vn 0.000000 -1.000000 0.000000
vn 0.000000 -1.000000 0.000000
vn 0.000000 -1.000000 0.000000
vn 0.000000 -1.000000 0.000000
vn 0.000000 -1.000000 0.000000
vn 0.000000 -1.000000 0.000000
vn -0.707104 -0.002797 0.707104
vn -0.707104 -0.002797 0.707104
vn -0.707104 -0.002797 0.707104
vn -0.707104 -0.002797 0.707104
vn -0.189982 -0.792473 0.579563
vn -0.187709 -0.791718 0.581333
vn 0.000482 -0.707776 0.706437
vn 0.000482 -0.707776 0.706437
vn 0.000000 -1.000000 0.000000
vn 0.000000 -1.000000 0.000000
vn 0.000000 -1.000000 0.000000
vn 0.707104 -0.002797 -0.707104
vn 0.707104 -0.002797 -0.707104
vn 0.707104 -0.002797 -0.707104
vn 0.707104 -0.002797 -0.707104
vn 0.189982 -0.792473 -0.579563
vn 0.187709 -0.791718 -0.581333
vn -0.000482 -0.707776 -0.706437
vn -0.000482 -0.707776 -0.706437
vn 0.000000 -1.000000 0.000000
vn 0.000000 -1.000000 0.000000
vn -0.707104 -0.002797 -0.707104
vn -0.707104 -0.002797 -0.707104
vn -0.707104 -0.002797 -0.707104
vn -0.707104 -0.002797 -0.707104
vn -0.185925 -0.795912 -0.576156
vn -0.186634 -0.796130 -0.575625
vn 0.005787 -0.715088 -0.699010
vn 0.005787 -0.715088 -0.699010
vn -0.728514 -0.684588 0.024617
vn -0.749416 -0.658573 0.068248
vn -0.749799 -0.658185 -0.067772
vn -0.727555 -0.685718 -0.021317
vn -0.731692 -0.028779 0.681028
vn -0.794713 -0.183894 0.578459
vn -0.798111 0.197281 0.569297
vn -0.730069 0.028500 0.682779
vn 0.798111 -0.197281 0.569297
vn 0.730069 -0.028500 0.682779
vn 0.731692 0.028779 0.681028
vn 0.794713 0.183894 0.578458
vn 0.749799 -0.658186 0.067772
vn 0.727554 -0.685719 0.021317
vn 0.728514 -0.684589 -0.024617
vn 0.749415 -0.658574 -0.068248
vn -0.798111 -0.197281 -0.569297
vn -0.730069 -0.028500 -0.682778
vn -0.731692 0.028779 -0.681027
vn -0.794713 0.183895 -0.578458
vn 0.731692 -0.028779 -0.681028
vn 0.794713 -0.183894 -0.578459
vn 0.798111 0.197281 -0.569297
vn 0.730069 0.028500 -0.682779
vn -0.728834 0.065385 0.681562
vn -0.716398 0.004656 0.697676
vn -0.639635 0.330084 0.694198
vn -0.718722 0.024826 0.694854
vn -1.000000 0.000000 0.000000
vn -1.000000 0.000000 0.000000
vn -1.000000 0.000000 0.000000
vn -1.000000 0.000000 0.000000
vn -0.038723 0.077239 0.996260
vn -0.045949 0.181736 0.982273
vn -0.045618 0.151841 0.987352
vn -0.002282 0.004553 0.999987
vn 0.836908 -0.547344 0.000015
vn 0.836908 -0.547344 0.000015
vn 0.836908 -0.547344 0.000015
vn 0.836908 -0.547344 0.000015
vn 0.302810 -0.614877 0.728170
vn 0.527777 -0.371774 0.763699
vn 0.279905 -0.634257 0.720674
vn 0.279905 -0.634257 0.720674
vn 0.000001 0.000000 1.000000
vn -0.000001 0.000000 1.000000
vn 0.000001 0.000000 1.000000
vn 0.002340 -0.004715 -0.999986
vn 0.045943 -0.151155 -0.987442
vn 0.046911 -0.181593 -0.982254
vn 0.037760 -0.076067 -0.996387
vn 0.000001 0.000000 -1.000000
vn 0.000001 0.000000 -1.000000
vn -0.000001 0.000000 -1.000000
vn 0.517495 -0.430645 -0.739421
vn 0.292413 -0.622915 -0.725583
vn 0.270955 -0.637503 -0.721230
vn 0.270955 -0.637503 -0.721230
vn -0.711562 -0.009961 -0.702552
vn -0.689738 -0.071468 -0.720524
vn -0.716929 0.020712 -0.696838
vn -0.639505 0.328017 -0.695297
vn -0.542356 -0.840149 -0.000407
vn -0.542356 -0.840149 -0.000407
vn -0.542356 -0.840149 -0.000407
vn -0.542356 -0.840149 -0.000407
vn -0.097836 -0.080268 0.991960
vn 0.036606 0.145857 0.988628
vn 0.037292 0.171153 0.984539
vn 0.057618 0.005598 0.998323
vn -0.029631 -0.024995 0.999248
vn -0.000000 0.000000 1.000000
vn -0.000001 0.000000 1.000000
vn -0.091790 -0.117831 -0.988782
vn -0.000000 0.000000 -1.000000
vn -0.000000 0.000000 -1.000000
vn 0.000000 0.000000 -1.000000
vn 0.019370 -0.098264 -0.994972
vn 0.709720 -0.704472 0.004014
vn 0.709720 -0.704472 0.004014
vn 0.709720 -0.704472 0.004014
vn 0.709720 -0.704472 0.004014
vn 0.005047 -0.697905 0.716173
vn 0.005047 -0.697905 0.716173
vn 0.005047 -0.697905 0.716173
vn 0.005047 -0.697905 0.716173
vn 0.132501 -0.114927 0.984497
vn -0.000001 0.000000 1.000000
vn -0.000000 0.000000 1.000000
vn -0.000000 0.000000 -1.000000
vn 0.000000 0.000000 -1.000000
vn -0.000001 0.000000 -1.000000
vn 0.175422 -0.554815 -0.813269
vn 0.163515 -0.565629 -0.808286
vn -0.160939 -0.569580 -0.806026
vn -0.174924 -0.556343 -0.812332
vn -0.709720 -0.704472 0.004014
vn -0.709720 -0.704472 0.004014
vn -0.709720 -0.704472 0.004014
vn -0.709720 -0.704472 0.004014
vn -0.064347 0.000945 0.997927
vn -0.037112 0.171163 0.984544
vn -0.036860 0.147084 0.988437
vn 0.096339 -0.078365 0.992259
vn -0.118652 -0.102254 0.987657
vn 0.000000 0.000000 1.000000
vn 0.000000 0.000000 1.000000
vn -0.014356 -0.090589 -0.995785
vn 0.000000 0.000000 -1.000000
vn 0.000000 0.000000 -1.000000
vn -0.000001 0.000000 -1.000000
vn 0.093200 -0.119630 -0.988434
vn 0.542356 -0.840149 -0.000407
vn 0.542355 -0.840149 -0.000407
vn 0.542356 -0.840149 -0.000407
vn 0.542356 -0.840149 -0.000407
vn -0.271457 -0.639449 0.719316
vn -0.271457 -0.639449 0.719316
vn -0.528449 -0.371807 0.763217
vn -0.294209 -0.620664 0.726785
vn 0.032972 -0.027579 0.999076
vn -0.000001 0.000000 1.000000
vn -0.000001 0.000000 1.000000
vn 0.000000 0.000000 -1.000000
vn -0.000000 0.000000 -1.000000
vn 0.000000 0.000000 -1.000000
vn -0.279356 -0.632318 -0.722588
vn -0.279356 -0.632318 -0.722588
vn -0.300780 -0.617637 -0.726675
vn -0.517429 -0.432633 -0.738306
vn -0.836908 -0.547344 0.000015
vn -0.836908 -0.547344 0.000015
vn -0.836908 -0.547344 0.000015
vn -0.836908 -0.547344 0.000015
vn 0.002256 0.004552 0.999987
vn 0.045665 0.151319 0.987430
vn 0.046457 0.181723 0.982252
vn 0.037923 0.076482 0.996350
vn 0.000000 0.000000 1.000000
vn -0.000000 0.000000 1.000000
vn 0.000000 0.000000 1.000000
vn -0.002364 -0.004719 -0.999986
vn 0.000000 0.000000 -1.000000
vn 0.000001 0.000000 -1.000000
vn 0.000000 0.000000 -1.000000
vn -0.045762 -0.151829 -0.987347
vn -0.038378 -0.076598 -0.996323
vn -0.046281 -0.181587 -0.982285
vn 0.716439 0.004656 0.697634
vn 0.729343 0.065430 0.681013
vn 0.718722 0.024825 0.694854
vn 0.639631 0.330166 0.694163
vn 1.000000 0.000000 0.000000
vn 1.000000 0.000000 0.000000
vn 1.000000 0.000000 0.000000
vn 1.000000 0.000000 0.000000
vn 0.691624 -0.072051 -0.718655
vn 0.711702 -0.010006 -0.702411
vn 0.638855 0.325090 -0.697267
vn 0.716858 0.020103 -0.696929
vn -0.853033 0.521856 0.000000
vn -0.853033 0.521856 0.000000
vn -0.853033 0.521856 0.000000
vn -0.853033 0.521856 0.000000
vn -0.329030 0.634932 0.698999
vn -0.323067 0.636743 0.700133
vn -0.314843 0.636211 0.704350
vn -0.284778 0.646677 0.707609
vn -0.305688 0.638774 0.706061
vn -0.229673 0.655806 0.719145
vn -0.099745 0.668052 0.737399
vn -0.447752 0.894158 -0.000002
vn -0.408977 0.912545 -0.000001
vn -0.408978 0.912544 -0.000001
vn -0.447764 0.894152 -0.000002
vn -0.305416 0.639316 -0.705689
vn -0.283843 0.646923 -0.707759
vn -0.100956 0.667997 -0.737284
vn -0.230142 0.655776 -0.719022
vn -0.314915 0.636814 -0.703773
vn -0.323445 0.637263 -0.699485
vn -0.329424 0.635441 -0.698351
vn 0.101790 0.668006 0.737161
vn 0.231087 0.655832 0.718668
vn 0.170475 0.678140 0.714888
vn 0.270311 0.651618 0.708749
vn -0.291780 0.956486 -0.000083
vn 0.292305 0.956325 -0.000085
vn 0.292495 0.956267 -0.000085
vn -0.292162 0.956369 -0.000083
vn 0.229227 0.655781 -0.719309
vn 0.099518 0.668040 -0.737440
vn 0.270103 0.651252 -0.709165
vn 0.170466 0.677763 -0.715247
vn 0.053106 0.698801 0.713342
vn 0.023046 0.702346 0.711463
vn -0.023192 0.702281 0.711522
vn -0.053202 0.698651 0.713482
vn 0.347361 0.937731 -0.000013
vn 0.063815 0.997962 -0.000013
vn 0.063841 0.997960 -0.000013
vn 0.347266 0.937767 -0.000013
vn 0.023078 0.702617 -0.711194
vn 0.053074 0.698899 -0.713249
vn -0.053204 0.699047 -0.713094
vn -0.023273 0.702684 -0.711121
vn -0.270225 0.650569 0.709745
vn -0.170497 0.677564 0.715429
vn -0.230387 0.655020 0.719632
vn -0.099955 0.667734 0.737659
vn -0.063833 0.997961 0.000007
vn -0.347395 0.937719 0.000007
vn -0.347392 0.937720 0.000007
vn -0.063814 0.997962 0.000007
vn -0.170362 0.677829 -0.715210
vn -0.269329 0.650795 -0.709878
vn -0.101173 0.667680 -0.737542
vn -0.230850 0.654989 -0.719512
vn 0.101645 0.668376 0.736846
vn 0.230508 0.656719 0.718043
vn 0.305741 0.639541 0.705343
vn 0.285012 0.647883 0.706411
vn -0.292243 0.956344 -0.000084
vn 0.291816 0.956475 -0.000083
vn 0.292010 0.956415 -0.000083
vn -0.292628 0.956226 -0.000083
vn 0.228524 0.656526 -0.718853
vn 0.099312 0.668342 -0.737195
vn 0.284670 0.647343 -0.707043
vn 0.305667 0.638941 -0.705919
vn 0.314825 0.636752 0.703870
vn 0.323041 0.636972 0.699937
vn 0.329005 0.635141 0.698822
vn 0.408978 0.912544 0.000003
vn 0.447771 0.894148 0.000003
vn 0.447772 0.894148 0.000003
vn 0.409000 0.912534 0.000003
vn 0.321276 0.635672 -0.701928
vn 0.314461 0.635984 -0.704726
vn 0.327197 0.633758 -0.700923
vn 0.853845 0.520527 0.000851
vn 0.853845 0.520527 0.000851
vn 0.853845 0.520527 0.000851
vn 0.853845 0.520527 0.000851
vn -0.707107 0.000000 -0.707107
vn -0.707107 0.000000 -0.707107
vn -0.707107 0.000000 -0.707107
vn -0.707107 0.000000 -0.707107
vn -1.000000 0.000000 0.000000
vn -1.000000 0.000000 0.000000
vn -1.000000 0.000000 0.000000
vn -1.000000 0.000000 0.000000
vn 0.000000 0.000000 -1.000000
vn 0.000000 0.000000 -1.000000
vn 0.000000 0.000000 -1.000000
vn 0.000000 0.000000 -1.000000
vn 0.707074 0.707074 -0.009630
vn 0.707074 0.707074 -0.009630
vn 0.707074 0.707074 -0.009630
vn 0.707074 0.707074 -0.009630
vn 0.124533 0.631302 -0.765473
vn 0.237213 0.543490 -0.805201
vn 0.005512 0.706233 -0.707958
vn 0.005437 0.706245 -0.707946
vn 0.000000 0.000000 -1.000000
vn 0.000000 0.000000 -1.000000
vn 0.000000 0.000000 -1.000000
vn -0.009940 0.707072 0.707072
vn -0.009940 0.707072 0.707072
vn -0.009940 0.707072 0.707072
vn -0.009940 0.707072 0.707072
vn -1.000000 0.000000 0.000000
vn -1.000000 0.000000 0.000000
vn -1.000000 0.000000 0.000000
vn -0.749799 0.658186 0.067772
vn -0.727554 0.685719 0.021317
vn -0.728514 0.684589 -0.024617
vn -0.749415 0.658574 -0.068248
vn 0.000000 1.000000 0.000000
vn 0.000000 1.000000 -0.000000
vn 0.000000 1.000000 -0.000000
vn 0.000000 1.000000 0.000000
vn 0.000000 0.707107 -0.707107
vn 0.000000 0.707107 -0.707107
vn 0.000000 0.707107 -0.707107
vn 0.000000 0.707107 -0.707107
vn 0.000000 0.000000 -1.000000
vn 0.000000 0.000000 -1.000000
vn 0.000000 0.000000 -1.000000
vn 0.000000 0.000000 -1.000000
vn 0.707107 0.707107 0.000000
vn 0.707107 0.707107 0.000000
vn 0.707107 0.707107 0.000000
vn 0.707107 0.707107 0.000000
vn 0.707106 0.000000 0.707107
vn 0.707106 0.000000 0.707107
vn 0.707106 0.000000 0.707107
vn 0.707106 0.000000 0.707107
vn 0.000000 0.707106 0.707107
vn 0.000000 0.707106 0.707107
vn 0.000000 0.707106 0.707107
vn 0.000000 0.707106 0.707107
vn 0.000000 0.000000 1.000000
vn 0.000000 0.000000 1.000000
vn 0.000000 0.000000 1.000000
vn 0.000000 0.000000 1.000000
vn 0.000000 0.707107 0.707107
vn 0.000000 0.707107 0.707107
vn 0.000000 0.707107 0.707107
vn 0.000000 0.707107 0.707107
vn 0.000000 1.000000 0.000000
vn 0.000000 1.000000 0.000000
vn 0.000000 1.000000 0.000000
vn 0.000000 1.000000 0.000000
vn 0.000000 0.707107 -0.707107
vn 0.000000 0.707107 -0.707107
vn 0.000000 0.707107 -0.707107
vn 0.000000 0.707107 -0.707107
vn 0.000000 0.000000 -1.000000
vn 0.000000 0.000000 -1.000000
vn 0.000000 0.000000 -1.000000
vn 0.000000 0.000000 -1.000000
vn 0.000000 0.000000 1.000000
vn 0.000000 0.000000 1.000000
vn 0.000000 0.000000 1.000000
vn 0.000000 0.000000 1.000000
vn 0.000000 0.707107 0.707107
vn 0.000000 0.707107 0.707107
vn 0.000000 0.707107 0.707107
vn 0.000000 0.707107 0.707107
vn -0.000000 1.000000 0.000000
vn 0.000000 1.000000 0.000000
vn 0.000000 1.000000 0.000000
vn -0.000000 1.000000 0.000000
vn -0.000000 0.707107 -0.707107
vn -0.000000 0.707107 -0.707107
vn -0.000000 0.707107 -0.707107
vn -0.000000 0.707107 -0.707107
vn 0.000000 0.000000 -1.000000
vn 0.000000 0.000000 -1.000000
vn 0.000000 0.000000 -1.000000
vn 0.000000 0.000000 -1.000000
vn -0.000000 0.000000 1.000000
vn 0.000000 0.000000 1.000000
vn 0.000000 0.000000 1.000000
vn -0.000000 0.000000 1.000000
vn -0.000000 0.707107 0.707107
vn -0.000000 0.707107 0.707107
vn -0.000000 0.707107 0.707107
vn -0.000000 0.707107 0.707107
vn 0.000000 1.000000 -0.000000
vn -0.000000 1.000000 0.000000
vn -0.000000 1.000000 0.000000
vn 0.000000 1.000000 -0.000000
vn -0.002248 0.701291 -0.712871
vn -0.002238 0.701316 -0.712847
vn -0.236360 0.539118 -0.808385
vn -0.116444 0.629028 -0.768612
vn 0.000000 0.000000 -1.000000
vn 0.000000 0.000000 -1.000000
vn 0.000000 0.000000 -1.000000
vn 0.000000 0.000000 -1.000000
vn 0.000000 0.000000 1.000000
vn -0.000000 0.000000 1.000000
vn -0.000000 0.000000 1.000000
vn 0.000000 0.000000 1.000000
vn 0.000000 0.707107 0.707107
vn 0.000000 0.707107 0.707107
vn 0.000000 0.707106 0.707107
vn 0.000000 0.707106 0.707107
vn -0.707074 0.707074 -0.009630
vn -0.707074 0.707074 -0.009630
vn -0.707074 0.707074 -0.009630
vn -0.707074 0.707074 -0.009630
vn 0.000000 0.000000 -1.000000
vn 0.000000 0.000000 -1.000000
vn 0.000000 0.000000 -1.000000
vn 0.000000 0.000000 -1.000000
vn 0.000000 0.000000 -1.000000
vn 0.000000 0.000000 -1.000000
vn 0.000000 0.000000 -1.000000
vn -0.707106 0.000000 0.707107
vn -0.707106 0.000000 0.707107
vn -0.707106 0.000000 0.707107
vn -0.707106 0.000000 0.707107
vn -0.707107 0.707107 0.000000
vn -0.707107 0.707107 0.000000
vn -0.707107 0.707107 0.000000
vn -0.707107 0.707107 0.000000
vn 0.009940 0.707072 0.707072
vn 0.009940 0.707072 0.707072
vn 0.009940 0.707072 0.707072
vn 0.009940 0.707072 0.707072
vn 0.707107 0.000000 -0.707107
vn 0.707107 0.000000 -0.707107
vn 0.707107 0.000000 -0.707107
vn 0.707107 0.000000 -0.707107
vn 1.000000 0.000000 0.000000
vn 1.000000 0.000000 0.000000
vn 1.000000 0.000000 0.000000
vn 1.000000 0.000000 0.000000
vn 0.728514 0.684589 0.024617
vn 0.749415 0.658574 0.068248
vn 0.749799 0.658186 -0.067772
vn 0.727554 0.685719 -0.021317
vn 1.000000 0.000000 0.000000
vn 1.000000 0.000000 0.000000
vn 1.000000 0.000000 0.000000
vn 0.707083 0.707083 0.008182
vn 0.707083 0.707083 0.008182
vn 0.707083 0.707083 0.008182
vn 0.707083 0.707083 0.008182
vn 0.000000 0.707107 -0.707107
vn 0.000000 0.707107 -0.707107
vn 0.000000 0.707107 -0.707107
vn 0.000000 0.707107 -0.707107
vn 0.707107 0.000000 -0.707107
vn 0.707107 0.000000 -0.707107
vn 0.707107 0.000000 -0.707107
vn 0.707107 0.000000 -0.707107
vn -0.009940 0.707072 -0.707072
vn -0.009940 0.707072 -0.707072
vn -0.009940 0.707072 -0.707072
vn -0.009940 0.707072 -0.707072
vn -1.000000 0.000000 0.000000
vn -1.000000 0.000000 0.000000
vn -1.000000 0.000000 0.000000
vn -1.000000 0.000000 0.000000
vn -1.000000 0.000000 0.000000
vn -1.000000 0.000000 0.000000
vn -1.000000 0.000000 0.000000
vn 0.009940 0.707072 -0.707072
vn 0.009940 0.707072 -0.707072
vn 0.009940 0.707072 -0.707072
vn 0.009940 0.707072 -0.707072
vn 1.000000 0.000000 0.000000
vn 1.000000 0.000000 0.000000
vn 1.000000 0.000000 0.000000
vn 1.000000 0.000000 0.000000
vn 1.000000 0.000000 0.000000
vn 1.000000 0.000000 0.000000
vn 1.000000 0.000000 0.000000
vn -0.707107 0.000000 -0.707107
vn -0.707107 0.000000 -0.707107
vn -0.707107 0.000000 -0.707107
vn -0.707107 0.000000 -0.707107
vn 0.000000 0.707106 -0.707107
vn 0.000000 0.707106 -0.707107
vn 0.000000 0.707107 -0.707107
vn 0.000000 0.707107 -0.707107
vn -0.707083 0.707083 0.008182
vn -0.707083 0.707083 0.008182
vn -0.707083 0.707083 0.008182
vn -0.707083 0.707083 0.008182
vn 0.000000 0.000000 1.000000
vn 0.000000 0.000000 1.000000
vn 0.000000 0.000000 1.000000
vn 0.000000 0.000000 1.000000
vn 0.000000 0.000000 1.000000
vn 0.000000 0.000000 1.000000
vn 0.000000 0.000000 1.000000
vn 0.236360 0.539118 0.808385
vn 0.116444 0.629028 0.768612
vn 0.002248 0.701291 0.712871
vn 0.002238 0.701316 0.712847
vn -0.707107 0.000000 0.707107
vn -0.707107 0.000000 0.707107
vn -0.707107 0.000000 0.707107
vn -0.707107 0.000000 0.707107
vn 0.000000 1.000000 0.000000
vn 0.000000 1.000000 0.000000
vn 0.000000 1.000000 0.000000
vn 0.000000 1.000000 0.000000
vn 0.000000 0.707107 -0.707107
vn 0.000000 0.707107 -0.707107
vn 0.000000 0.707107 -0.707107
vn 0.000000 0.707107 -0.707107
vn 0.000000 0.000000 -1.000000
vn 0.000000 0.000000 -1.000000
vn 0.000000 0.000000 -1.000000
vn 0.000000 0.000000 -1.000000
vn 0.000000 0.000000 1.000000
vn 0.000000 0.000000 1.000000
vn 0.000000 0.000000 1.000000
vn 0.000000 0.000000 1.000000
vn 0.000000 0.707107 0.707107
vn 0.000000 0.707107 0.707107
vn 0.000000 0.707107 0.707107
vn 0.000000 0.707107 0.707107
vn 0.000000 1.000000 0.000000
vn 0.000000 1.000000 0.000000
vn 0.000000 1.000000 0.000000
vn 0.000000 1.000000 0.000000
vn 0.000000 0.707107 -0.707107
vn 0.000000 0.707107 -0.707107
vn 0.000000 0.707107 -0.707107
vn 0.000000 0.707107 -0.707107
vn 0.000000 0.000000 -1.000000
vn 0.000000 0.000000 -1.000000
vn 0.000000 0.000000 -1.000000
vn 0.000000 0.000000 -1.000000
vn 0.000000 0.000000 1.000000
vn 0.000000 0.000000 1.000000
vn 0.000000 0.000000 1.000000
vn 0.000000 0.000000 1.000000
vn 0.000000 0.707107 0.707107
vn 0.000000 0.707107 0.707107
vn 0.000000 0.707107 0.707107
vn 0.000000 0.707107 0.707107
vn 0.000000 1.000000 0.000000
vn 0.000000 1.000000 0.000000
vn 0.000000 1.000000 0.000000
vn 0.000000 1.000000 0.000000
vn 0.000000 0.707107 -0.707107
vn 0.000000 0.707107 -0.707107
vn 0.000000 0.707107 -0.707107
vn 0.000000 0.707107 -0.707107
vn 0.000000 0.000000 -1.000000
vn 0.000000 0.000000 -1.000000
vn 0.000000 0.000000 -1.000000
vn 0.000000 0.000000 -1.000000
vn 0.000000 0.000000 1.000000
vn 0.000000 0.000000 1.000000
vn 0.000000 0.000000 1.000000
vn 0.000000 0.000000 1.000000
vn 0.000000 0.707107 0.707107
vn 0.000000 0.707107 0.707107
vn 0.000000 0.707107 0.707107
vn 0.000000 0.707107 0.707107
vn 0.000000 1.000000 0.000000
vn 0.000000 1.000000 0.000000
vn 0.000000 1.000000 0.000000
vn 0.000000 1.000000 0.000000
vn 0.000000 0.000000 -1.000000
vn 0.000000 0.000000 -1.000000
vn 0.000000 0.000000 -1.000000
vn 0.000000 0.000000 -1.000000
vn 0.000000 0.000000 1.000000
vn 0.000000 0.000000 1.000000
vn 0.000000 0.000000 1.000000
vn 0.000000 0.000000 1.000000
vn -0.005512 0.706234 0.707958
vn -0.005437 0.706245 0.707946
vn -0.124533 0.631302 0.765473
vn -0.237213 0.543490 0.805201
vn 0.000000 0.000000 1.000000
vn 0.000000 0.000000 1.000000
vn 0.000000 0.000000 1.000000
vn 0.000000 0.000000 1.000000
vn 0.000000 0.000000 1.000000
vn 0.000000 0.000000 1.000000
vn 0.000000 0.000000 1.000000
vn 0.707107 0.000000 0.707107
vn 0.707107 0.000000 0.707107
vn 0.707107 0.000000 0.707107
vn 0.707107 0.000000 0.707107
vn -0.707107 0.000000 -0.707107
vn -0.707107 0.000000 -0.707107
vn -0.707107 0.000000 -0.707107
vn -0.707107 0.000000 -0.707107
vn -1.000000 0.000000 0.000000
vn -1.000000 0.000000 0.000000
vn -1.000000 0.000000 0.000000
vn 0.000000 0.000000 -1.000000
vn 0.000000 0.000000 -1.000000
vn 0.000000 0.000000 -1.000000
vn 0.707074 -0.707074 -0.009631
vn 0.707074 -0.707074 -0.009631
vn 0.707074 -0.707074 -0.009631
vn 0.707074 -0.707074 -0.009631
vn 0.600219 -0.163984 -0.782845
vn 0.695090 -0.021439 -0.718603
vn 0.706283 -0.001848 -0.707928
vn 0.706283 -0.001848 -0.707928
vn 0.236360 -0.539118 -0.808385
vn 0.116444 -0.629028 -0.768612
vn 0.002248 -0.701291 -0.712871
vn 0.002238 -0.701316 -0.712847
vn 0.707107 0.000000 0.707106
vn 0.707107 0.000000 0.707106
vn 0.707107 0.000000 0.707106
vn 0.707107 0.000000 0.707106
vn 0.000000 -0.707106 0.707107
vn 0.000000 -0.707106 0.707107
vn 0.000000 -0.707107 0.707107
vn 0.000000 -0.707107 0.707107
vn 0.707107 -0.707107 0.000000
vn 0.707107 -0.707107 0.000000
vn 0.707107 -0.707107 0.000000
vn 0.707107 -0.707107 0.000000
vn -0.009940 -0.707072 0.707071
vn -0.009940 -0.707072 0.707071
vn -0.009940 -0.707072 0.707071
vn -0.009940 -0.707072 0.707071
vn -0.728514 -0.684589 0.024617
vn -0.749415 -0.658574 0.068248
vn -0.749799 -0.658186 -0.067772
vn -0.727555 -0.685719 -0.021317
vn -0.726690 -0.022509 0.686597
vn -0.782483 -0.150793 0.604137
vn -0.715356 -0.000746 0.698759
vn -0.715356 -0.000746 0.698760
vn 0.000000 -1.000000 -0.000000
vn 0.000000 -1.000000 0.000000
vn 0.000000 -1.000000 0.000000
vn 0.000000 -1.000000 -0.000000
vn 0.000000 -0.707107 -0.707107
vn 0.000000 -0.707107 -0.707107
vn 0.000000 -0.707107 -0.707107
vn 0.000000 -0.707107 -0.707107
vn 0.000000 -0.707107 0.707107
vn 0.000000 -0.707107 0.707107
vn 0.000000 -0.707107 0.707107
vn 0.000000 -0.707107 0.707107
vn 0.000000 -1.000000 0.000000
vn 0.000000 -1.000000 0.000000
vn 0.000000 -1.000000 0.000000
vn 0.000000 -1.000000 0.000000
vn 0.000000 -0.707106 -0.707107
vn 0.000000 -0.707106 -0.707107
vn 0.000000 -0.707106 -0.707107
vn 0.000000 -0.707106 -0.707107
vn 0.000000 -0.707106 0.707107
vn 0.000000 -0.707106 0.707107
vn 0.000000 -0.707106 0.707107
vn 0.000000 -0.707106 0.707107
vn 0.000000 -1.000000 0.000000
vn 0.000000 -1.000000 0.000000
vn 0.000000 -1.000000 0.000000
vn 0.000000 -1.000000 0.000000
vn 0.000000 -0.707107 -0.707107
vn 0.000000 -0.707107 -0.707107
vn 0.000000 -0.707107 -0.707107
vn 0.000000 -0.707107 -0.707107
vn 0.000000 -0.707107 0.707107
vn 0.000000 -0.707107 0.707107
vn 0.000000 -0.707107 0.707107
vn 0.000000 -0.707107 0.707107
vn 0.000000 -1.000000 0.000000
vn 0.000000 -1.000000 0.000000
vn 0.000000 -1.000000 0.000000
vn 0.000000 -1.000000 0.000000
vn -0.005512 -0.706233 -0.707958
vn -0.005437 -0.706245 -0.707946
vn -0.124533 -0.631302 -0.765473
vn -0.237213 -0.543490 -0.805201
vn 0.000000 -0.707107 0.707107
vn 0.000000 -0.707107 0.707107
vn 0.000000 -0.707107 0.707107
vn 0.000000 -0.707107 0.707107
vn -0.707074 -0.707074 -0.009630
vn -0.707074 -0.707074 -0.009630
vn -0.707074 -0.707074 -0.009630
vn -0.707074 -0.707074 -0.009630
vn 0.000000 0.000000 -1.000000
vn 0.000000 0.000000 -1.000000
vn 0.000000 0.000000 -1.000000
vn -0.686597 -0.022509 -0.726690
vn -0.604137 -0.150792 -0.782483
vn -0.698759 -0.000746 -0.715356
vn -0.698759 -0.000746 -0.715356
vn -0.707107 0.000000 0.707106
vn -0.707107 0.000000 0.707106
vn -0.707107 0.000000 0.707106
vn -0.707107 0.000000 0.707106
vn 0.009940 -0.707072 0.707071
vn 0.009940 -0.707072 0.707071
vn 0.009940 -0.707072 0.707071
vn 0.009940 -0.707072 0.707071
vn -0.707107 -0.707107 0.000000
vn -0.707107 -0.707107 0.000000
vn -0.707107 -0.707107 0.000000
vn -0.707107 -0.707107 0.000000
vn 0.707107 0.000000 -0.707107
vn 0.707107 0.000000 -0.707107
vn 0.707107 0.000000 -0.707107
vn 0.707107 0.000000 -0.707107
vn 1.000000 0.000000 0.000000
vn 1.000000 0.000000 0.000000
vn 1.000000 0.000000 0.000000
vn 0.782845 -0.163984 0.600219
vn 0.718603 -0.021439 0.695090
vn 0.707928 -0.001848 0.706282
vn 0.707928 -0.001848 0.706282
vn 0.749799 -0.658186 0.067772
vn 0.727555 -0.685719 0.021317
vn 0.728514 -0.684589 -0.024617
vn 0.749415 -0.658574 -0.068248
vn 0.707107 0.000000 -0.707107
vn 0.707107 0.000000 -0.707107
vn 0.707107 0.000000 -0.707107
vn 0.707107 0.000000 -0.707107
vn -0.009940 -0.707072 -0.707071
vn -0.009940 -0.707072 -0.707071
vn -0.009940 -0.707072 -0.707071
vn -0.009940 -0.707072 -0.707071
vn 0.000000 -0.707106 -0.707107
vn 0.000000 -0.707106 -0.707107
vn 0.000000 -0.707107 -0.707107
vn 0.000000 -0.707107 -0.707107
vn 0.707083 -0.707083 0.008182
vn 0.707083 -0.707083 0.008182
vn 0.707083 -0.707083 0.008182
vn 0.707083 -0.707083 0.008182
vn -0.782845 -0.163984 -0.600219
vn -0.718603 -0.021439 -0.695090
vn -0.707928 -0.001848 -0.706283
vn -0.707928 -0.001848 -0.706283
vn -1.000000 0.000000 0.000000
vn -1.000000 0.000000 0.000000
vn -1.000000 0.000000 0.000000
vn 0.009940 -0.707072 -0.707071
vn 0.009940 -0.707072 -0.707071
vn 0.009940 -0.707072 -0.707071
vn 0.009940 -0.707072 -0.707071
vn 1.000000 0.000000 0.000000
vn 1.000000 0.000000 0.000000
vn 1.000000 0.000000 0.000000
vn 0.726689 -0.022509 -0.686597
vn 0.782483 -0.150793 -0.604137
vn 0.715356 -0.000746 -0.698760
vn 0.715356 -0.000746 -0.698760
vn -0.707083 -0.707083 0.008182
vn -0.707083 -0.707083 0.008182
vn -0.707083 -0.707083 0.008182
vn -0.707083 -0.707083 0.008182
vn 0.000000 -0.707107 -0.707107
vn 0.000000 -0.707107 -0.707107
vn 0.000000 -0.707107 -0.707107
vn 0.000000 -0.707107 -0.707107
vn -0.707107 0.000000 -0.707107
vn -0.707107 0.000000 -0.707107
vn -0.707107 0.000000 -0.707107
vn -0.707107 0.000000 -0.707107
vn 0.124533 -0.631302 0.765473
vn 0.237213 -0.543490 0.805201
vn 0.005512 -0.706234 0.707957
vn 0.005437 -0.706246 0.707946
vn 0.000000 0.000000 1.000000
vn 0.000000 0.000000 1.000000
vn 0.000000 0.000000 1.000000
vn 0.686597 -0.022509 0.726690
vn 0.604137 -0.150792 0.782483
vn 0.698759 -0.000746 0.715356
vn 0.698759 -0.000746 0.715356
vn -0.707107 0.000000 0.707107
vn -0.707107 0.000000 0.707107
vn -0.707107 0.000000 0.707107
vn -0.707107 0.000000 0.707107
vn 0.000000 -1.000000 0.000000
vn 0.000000 -1.000000 0.000000
vn 0.000000 -1.000000 0.000000
vn 0.000000 -1.000000 0.000000
vn 0.000000 -0.707107 -0.707107
vn 0.000000 -0.707107 -0.707107
vn 0.000000 -0.707107 -0.707107
vn 0.000000 -0.707107 -0.707107
vn 0.000000 -0.707107 0.707107
vn 0.000000 -0.707107 0.707107
vn 0.000000 -0.707107 0.707107
vn 0.000000 -0.707107 0.707107
vn 0.000000 -1.000000 0.000000
vn 0.000000 -1.000000 0.000000
vn 0.000000 -1.000000 0.000000
vn 0.000000 -1.000000 0.000000
vn 0.000000 -0.707107 -0.707107
vn 0.000000 -0.707107 -0.707107
vn 0.000000 -0.707107 -0.707107
vn 0.000000 -0.707107 -0.707107
vn 0.000000 -0.707107 0.707107
vn 0.000000 -0.707107 0.707107
vn 0.000000 -0.707107 0.707107
vn 0.000000 -0.707107 0.707107
vn 0.000000 -1.000000 0.000000
vn 0.000000 -1.000000 0.000000
vn 0.000000 -1.000000 0.000000
vn 0.000000 -1.000000 0.000000
vn 0.000000 -0.707107 -0.707107
vn 0.000000 -0.707107 -0.707107
vn 0.000000 -0.707107 -0.707107
vn 0.000000 -0.707107 -0.707107
vn 0.000000 -0.707107 0.707107
vn 0.000000 -0.707107 0.707107
vn 0.000000 -0.707107 0.707107
vn 0.000000 -0.707107 0.707107
vn 0.000000 -1.000000 0.000000
vn 0.000000 -1.000000 0.000000
vn 0.000000 -1.000000 0.000000
vn 0.000000 -1.000000 0.000000
vn -0.002248 -0.701292 0.712871
vn -0.002238 -0.701316 0.712847
vn -0.236360 -0.539118 0.808385
vn -0.116444 -0.629028 0.768612
vn -0.600219 -0.163984 0.782845
vn -0.695090 -0.021439 0.718603
vn -0.706283 -0.001848 0.707928
vn -0.706283 -0.001848 0.707928
vn 0.000000 0.000000 1.000000
vn 0.000000 0.000000 1.000000
vn 0.000000 0.000000 1.000000
vn 0.707107 0.000000 0.707107
vn 0.707107 0.000000 0.707107
vn 0.707107 0.000000 0.707107
vn 0.707107 0.000000 0.707107
vn -0.707107 -0.707106 0.000000
vn -0.707107 -0.707106 0.000000
vn -0.707107 -0.707106 0.000000
vn -0.707107 -0.707106 0.000000
vn 0.000000 -0.707106 -0.707108
vn 0.000000 -0.707106 -0.707108
vn 0.000000 -0.707106 -0.707108
vn 0.000000 -0.707106 -0.707108
vn 0.707107 -0.707106 0.000000
vn 0.707107 -0.707106 0.000000
vn 0.707107 -0.707106 0.000000
vn 0.707107 -0.707106 0.000000
vn 0.000000 -0.707106 0.707108
vn 0.000000 -0.707106 0.707108
vn 0.000000 -0.707106 0.707108
vn 0.000000 -0.707106 0.707108
vn 0.000000 -0.707106 -0.707108
vn 0.000000 -0.707106 -0.707108
vn 0.000000 -0.707106 -0.707108
vn 0.000000 -0.707106 -0.707108
vn -0.707107 -0.707106 0.000000
vn -0.707107 -0.707106 0.000000
vn -0.707107 -0.707106 0.000000
vn -0.707107 -0.707106 0.000000
vn 0.000000 -0.707106 0.707108
vn 0.000000 -0.707106 0.707108
vn 0.000000 -0.707106 0.707108
vn 0.000000 -0.707106 0.707108
vn 0.707107 -0.707106 0.000000
vn 0.707107 -0.707106 0.000000
vn 0.707107 -0.707106 0.000000
vn 0.707107 -0.707106 0.000000
vn -0.707107 -0.707106 0.000000
vn -0.707107 -0.707106 0.000000
vn -0.707107 -0.707106 0.000000
vn -0.707107 -0.707106 0.000000
vn 0.000000 -0.707106 -0.707108
vn 0.000000 -0.707106 -0.707108
vn 0.000000 -0.707106 -0.707108
vn 0.000000 -0.707106 -0.707108
vn 0.707107 -0.707106 0.000000
vn 0.707107 -0.707106 0.000000
vn 0.707107 -0.707106 0.000000
vn 0.707107 -0.707106 0.000000
vn 0.707107 -0.707106 0.000000
vn 0.707107 -0.707106 0.000000
vn 0.707107 -0.707106 0.000000
vn 0.707107 -0.707106 0.000000
vn 0.000000 -0.707106 -0.707108
vn 0.000000 -0.707106 -0.707108
vn 0.000000 -0.707106 -0.707108
vn 0.000000 -0.707106 -0.707108
vn -0.707107 -0.707106 0.000000
vn -0.707107 -0.707106 0.000000
vn -0.707107 -0.707106 0.000000
vn -0.707107 -0.707106 0.000000
vn 0.000000 -0.707106 0.707108
vn 0.000000 -0.707106 0.707108
vn 0.000000 -0.707106 0.707108
vn 0.000000 -0.707106 0.707108
vn 0.000000 -0.707106 0.707108
vn 0.000000 -0.707106 0.707108
vn 0.000000 -0.707106 0.707108
vn 0.000000 -0.707106 0.707108
vn 0.000000 0.000000 1.000000
vn 0.000001 0.000000 1.000000
vn 0.000000 1.000000 0.000000
vn 0.000000 1.000000 0.000000
vn 0.000000 1.000000 0.000000
vn 0.000000 1.000000 0.000000
vn -0.455332 0.890322 -0.000001
vn -0.455332 0.890322 -0.000001
vn 0.455331 0.890322 0.000001
vn 0.455331 0.890322 0.000001
vn 0.000000 -1.000000 0.000000
vn 0.000000 -1.000000 0.000000
vn 0.000000 -1.000000 0.000000
vn 0.000000 -1.000000 0.000000
vn 0.000000 -1.000000 0.000000
vn 0.000000 -1.000000 0.000000
vn 0.000000 -1.000000 0.000000
vn 0.000000 -1.000000 0.000000
vn 0.000000 -1.000000 0.000000
vn 0.000000 -1.000000 0.000000
vn 0.000000 -1.000000 0.000000
vn 0.000000 -1.000000 0.000000
vn 0.000000 -1.000000 0.000000
vn 0.000000 -1.000000 0.000000
vn 0.000000 -1.000000 0.000000
vn 0.000000 -1.000000 0.000000
vn 1.000000 0.000000 0.000000
vn -1.000000 0.000000 0.000000
vn -0.045954 0.182190 0.982189
vn -0.045954 0.182190 0.982189
vn 0.037306 0.171681 0.984446
vn 0.037306 0.171681 0.984446
vn -0.037118 0.171723 0.984446
vn -0.037118 0.171723 0.984446
vn 0.046468 0.182168 0.982169
vn 0.046468 0.182168 0.982169
vn 0.000000 0.000000 1.000000
vn -0.000001 0.000000 -1.000000
vn -1.000000 0.000000 0.000000
vn -1.000000 0.000000 0.000000
vn -0.000001 0.000000 1.000000
vn 1.000000 0.000000 0.000000
vn 1.000000 0.000000 0.000000
vn 0.000000 0.000000 -1.000000
vn 0.000000 0.000000 1.000000
vn 0.000000 0.000000 1.000000
vn 0.000000 0.000000 1.000000
vn 0.000000 0.000000 1.000000
vn 1.000000 0.000000 0.000000
vn 1.000000 0.000000 0.000000
vn 1.000000 0.000000 0.000000
vn 1.000000 0.000000 0.000000
vn -1.000000 0.000000 0.000000
vn -1.000000 0.000000 0.000000
vn -1.000000 0.000000 0.000000
vn -1.000000 0.000000 0.000000
vn 0.000000 0.000000 -1.000000
vn 0.000000 0.000000 -1.000000
vn 0.000000 0.000000 -1.000000
vn 0.000000 0.000000 -1.000000
vn 0.000000 0.000000 -1.000000
vn 0.000000 0.000000 -1.000000
vn -1.000000 0.000000 0.000000
vn -1.000000 0.000000 0.000000
vn 0.000000 0.000000 -1.000000
vn 0.000000 0.000000 -1.000000
vn 1.000000 0.000000 0.000000
vn 1.000000 0.000000 0.000000
vn 0.000000 0.000000 1.000000
vn 0.000000 0.000000 1.000000
vn -1.000000 0.000000 0.000000
vn -1.000000 0.000000 0.000000
vn 1.000000 0.000000 0.000000
vn 1.000000 0.000000 0.000000
vn 0.000000 0.000000 1.000000
vn 0.000000 0.000000 1.000000
vn 0.000000 -1.000000 0.000000
vn 0.000000 -1.000000 0.000000
vn 0.000000 -1.000000 0.000000
vn 0.000000 -1.000000 0.000000
vn 0.000000 -1.000000 0.000000
vn 0.000000 -1.000000 0.000000
vn 0.000000 0.000000 -1.000000
vn 0.000000 0.000000 -1.000000
vn 0.000000 0.000000 -1.000000
vn 0.000000 0.000000 -1.000000
vn 0.000000 0.000000 1.000000
vn 0.000000 0.000000 1.000000
vn 0.000000 0.000000 1.000000
vn 0.000000 0.000000 1.000000
vn -1.000000 0.000000 0.000000
vn -1.000000 0.000000 0.000000
vn -1.000000 0.000000 0.000000
vn -1.000000 0.000000 0.000000
vn -1.000000 0.000000 0.000000
vn -1.000000 0.000000 0.000000
vn -1.000000 0.000000 0.000000
vn -1.000000 0.000000 0.000000
vn 0.000000 1.000000 0.000000
vn 0.000000 1.000000 0.000000
vn 0.000000 1.000000 0.000000
vn 0.000000 1.000000 0.000000
vn 0.000000 1.000000 0.000000
vn 0.000000 1.000000 0.000000
vn 0.000000 1.000000 0.000000
vn 0.000000 1.000000 0.000000
vn 0.000000 1.000000 0.000000
vn 0.000000 1.000000 0.000000
vn 0.000000 1.000000 0.000000
vn 0.000000 1.000000 0.000000
vn 0.000000 1.000000 -0.000000
vn 0.000000 1.000000 -0.000000
vn 0.000000 1.000000 -0.000001
vn 0.000000 1.000000 -0.000001
vn 0.000000 -1.000000 0.000000
vn 0.000000 -1.000000 0.000000
vn 0.000000 -1.000000 0.000000
vn 0.000000 -1.000000 0.000000
vn 0.000000 -1.000000 -0.000000
vn 0.000000 -1.000000 -0.000000
vn 0.000000 -1.000000 0.000000
vn 0.000000 -1.000000 0.000000
vn 0.000000 -1.000000 0.000000
vn 0.000000 -1.000000 0.000000
vn 1.000000 0.000000 0.000000
vn 1.000000 0.000000 0.000000
vn 1.000000 0.000000 0.000000
vn 1.000000 0.000000 0.000000
vn 0.000000 0.000000 -1.000000
vn 0.000000 0.000000 -1.000000
vn 0.000000 0.000000 -1.000000
vn 0.000000 0.000000 -1.000000
vn -0.000000 0.000000 1.000000
vn -0.000000 0.000000 1.000000
vn -0.000000 0.000000 1.000000
vn -0.000000 0.000000 1.000000
vn 1.000000 0.000000 0.000000
vn 1.000000 0.000000 0.000000
vn 1.000000 0.000000 0.000000
vn 1.000000 0.000000 0.000000
vn 0.000000 -1.000000 0.000000
vn 0.000000 -1.000000 0.000000
vn 0.000000 -1.000000 0.000000
vn 0.000000 -1.000000 0.000000
vn 0.000000 -1.000000 0.000000
vn 0.000000 -1.000000 0.000000
vn 0.000000 -1.000000 0.000000
vn 0.000000 -1.000000 0.000000
vn 1.000000 0.000000 0.000000
vn 1.000000 0.000000 0.000000
vn 1.000000 0.000000 0.000000
vn 1.000000 0.000000 0.000000
vn 0.000000 0.000000 -1.000000
vn 0.000000 0.000000 -1.000000
vn 0.000000 0.000000 -1.000000
vn 0.000000 0.000000 -1.000000
vn -1.000000 0.000000 0.000000
vn -1.000000 0.000000 0.000000
vn -1.000000 0.000000 0.000000
vn -1.000000 0.000000 0.000000
vn 0.000000 0.000000 -1.000000
vn 0.000000 0.000000 -1.000000
vn 0.000000 0.000000 -1.000000
vn 0.000000 0.000000 -1.000000
vn 0.000000 0.000000 1.000000
vn 0.000000 0.000000 1.000000
vn 0.000000 0.000000 1.000000
vn 0.000000 0.000000 1.000000
vn -1.000000 0.000000 0.000000
vn -1.000000 0.000000 0.000000
vn -1.000000 0.000000 0.000000
vn -1.000000 0.000000 0.000000
vn 1.000000 0.000000 0.000000
vn 1.000000 0.000000 0.000000
vn 1.000000 0.000000 0.000000
vn 1.000000 0.000000 0.000000
vn 0.000000 0.000000 1.000000
vn 0.000000 0.000000 1.000000
vn 0.000000 0.000000 1.000000
vn 0.000000 0.000000 1.000000
vn 0.000000 1.000000 0.000000
vn 0.000000 1.000000 0.000000
vn 0.000000 1.000000 0.000000
vn 0.000000 1.000000 0.000000
vn 0.000000 1.000000 0.000000
vn 0.000000 1.000000 0.000000
vn -1.000000 0.000000 0.000000
vn -1.000000 0.000000 0.000000
vn -1.000000 0.000000 0.000000
vn -1.000000 0.000000 0.000000
vn 1.000000 0.000000 0.000000
vn 1.000000 0.000000 0.000000
vn 1.000000 0.000000 0.000000
vn 1.000000 0.000000 0.000000
vn 1.000000 0.000000 0.000000
vn 1.000000 0.000000 0.000000
vn 1.000000 0.000000 0.000000
vn 1.000000 0.000000 0.000000
vn 0.401197 -0.915992 -0.000002
vn 0.401197 -0.915992 -0.000002
vn 0.401197 -0.915992 -0.000002
vn 0.401197 -0.915992 -0.000002
vn 1.000000 0.000000 0.000000
vn 1.000000 0.000000 0.000000
vn 1.000000 0.000000 0.000000
vn 1.000000 0.000000 0.000000
vn -1.000000 0.000000 0.000000
vn -1.000000 0.000000 0.000000
vn -1.000000 0.000000 0.000000
vn -1.000000 0.000000 0.000000
vn -1.000000 -0.000000 0.000000
vn -1.000000 -0.000000 0.000000
vn -1.000000 -0.000000 0.000000
vn -1.000000 -0.000000 0.000000
vn 0.000000 -1.000000 0.000000
vn 0.000000 -1.000000 0.000000
vn 0.000000 -1.000000 0.000000
vn 0.000000 -1.000000 0.000000
vn -0.401197 -0.915992 -0.000002
vn -0.401197 -0.915992 -0.000002
vn -0.401197 -0.915992 -0.000002
vn -0.401197 -0.915992 -0.000002
vn 0.392121 -0.393968 0.831283
vn -0.393968 -0.392121 0.831283
vn -0.577350 0.577350 0.577350
vn -0.577350 0.577350 0.577350
vn -0.577350 0.577350 0.577350
vn 0.577350 0.577350 0.577350
vn 0.577350 0.577350 0.577350
vn 0.577350 0.577350 0.577350
vn -0.824895 0.422750 0.375275
vn 0.364782 0.851079 0.377623
vn 0.364782 0.851079 0.377623
vn 0.364782 0.851079 0.377623
vn -0.368419 0.848869 0.379063
vn -0.368419 0.848869 0.379063
vn -0.368419 0.848869 0.379063
vn 0.364779 0.851081 0.377620
vn 0.364779 0.851081 0.377620
vn 0.364779 0.851081 0.377620
vn -0.366729 0.850088 0.377969
vn -0.366729 0.850088 0.377969
vn -0.366729 0.850088 0.377969
vn 0.366468 0.849848 0.378760
vn 0.366468 0.849848 0.378760
vn 0.366468 0.849848 0.378760
vn -0.366733 0.850085 0.377971
vn -0.366733 0.850085 0.377971
vn -0.366733 0.850085 0.377971
vn 0.825311 0.423867 0.373093
vn 0.414500 0.337147 -0.845294
vn 0.414501 0.337147 -0.845294
vn 0.414501 0.337147 -0.845294
vn 0.414500 0.337147 -0.845294
vn 0.414500 0.337147 -0.845294
vn -0.414371 0.339583 -0.844381
vn -0.414371 0.339583 -0.844381
vn -0.414371 0.339583 -0.844381
vn -0.414371 0.339583 -0.844381
vn -0.414371 0.339583 -0.844381
vn 0.414504 0.337140 -0.845295
vn 0.414504 0.337140 -0.845295
vn 0.414504 0.337140 -0.845295
vn 0.414504 0.337140 -0.845295
vn 0.414504 0.337140 -0.845295
vn -0.415483 0.336746 -0.844971
vn -0.415483 0.336746 -0.844971
vn -0.415483 0.336746 -0.844971
vn -0.415483 0.336746 -0.844971
vn -0.415483 0.336746 -0.844971
vn 0.413343 0.340052 -0.844696
vn 0.413343 0.340052 -0.844696
vn 0.413343 0.340052 -0.844696
vn 0.413343 0.340052 -0.844696
vn 0.413343 0.340052 -0.844696
vn -0.415480 0.336752 -0.844970
vn -0.415480 0.336752 -0.844970
vn -0.415480 0.336752 -0.844970
vn -0.415480 0.336752 -0.844970
vn -0.415480 0.336752 -0.844970
vn 0.393968 -0.392121 -0.831283
vn -0.392121 -0.393968 -0.831283
vn 0.393968 -0.831282 0.392121
vn -0.392120 -0.831283 0.393968
vn 0.392120 -0.831283 -0.393968
vn -0.393968 -0.831282 -0.392121
vn -0.831283 -0.393968 0.392121
vn 0.831282 -0.392121 0.393968
vn -0.831282 -0.392121 -0.393968
vn 0.831283 -0.393968 -0.392121
vn 0.562868 -0.322495 0.761037
vn 0.552507 -0.392807 -0.735145
vn -0.371201 -0.313138 0.874160
vn -0.371201 -0.313138 0.874160
vn -0.371201 -0.313138 0.874160
vn -0.337007 -0.426723 -0.839246
vn -0.337007 -0.426723 -0.839246
vn 0.370034 -0.320955 0.871815
vn 0.370034 -0.320955 0.871815
vn 0.370034 -0.320955 0.871815
vn -0.371322 -0.320005 0.871617
vn -0.371322 -0.320005 0.871617
vn -0.371322 -0.320005 0.871617
vn 0.372842 -0.311858 0.873918
vn 0.372842 -0.311858 0.873918
vn 0.372842 -0.311858 0.873918
vn 0.335263 -0.424231 -0.841205
vn 0.335263 -0.424231 -0.841205
vn -0.563956 -0.322451 0.760249
vn -0.552283 -0.395262 -0.733997
vn 0.392121 0.393968 -0.831283
vn -0.831283 0.392121 0.393968
vn 0.577350 0.577350 0.577350
vn 0.577350 0.577350 0.577350
vn 0.577350 0.577350 0.577350
vn 0.577350 0.577350 0.577350
vn 0.577350 0.577350 0.577350
vn 0.577350 0.577350 0.577350
vn -0.393968 0.392121 -0.831283
vn -0.577350 0.577350 0.577350
vn -0.577350 0.577350 0.577350
vn -0.577350 0.577350 0.577350
vn -0.577350 0.577350 0.577350
vn -0.577350 0.577350 0.577350
vn -0.577350 0.577350 0.577350
vn 0.831283 0.393968 0.392121
vn 0.577350 0.577350 -0.577351
vn 0.577350 0.577350 -0.577351
vn 0.577350 0.577350 -0.577351
vn 0.577350 0.577350 -0.577351
vn 0.577350 0.577350 -0.577351
vn 0.577350 0.577350 -0.577351
vn -0.831283 0.393968 -0.392121
vn 0.831283 0.392120 -0.393968
vn -0.577350 0.577350 -0.577350
vn -0.577350 0.577350 -0.577350
vn -0.577350 0.577350 -0.577350
vn -0.577350 0.577350 -0.577350
vn -0.577350 0.577350 -0.577350
vn -0.577350 0.577350 -0.577350
vn 0.393968 0.392121 0.831283
vn -0.392120 0.393968 0.831283
vn 0.393968 -0.392121 -0.831283
vn 0.577350 -0.577350 0.577350
vn 0.577350 -0.577350 0.577350
vn 0.577350 -0.577350 0.577350
vn 0.577350 -0.577350 0.577350
vn 0.577350 -0.577350 0.577350
vn 0.577350 -0.577350 0.577350
vn -0.831283 -0.393968 0.392121
vn -0.392120 -0.393967 -0.831283
vn -0.577350 -0.577350 0.577350
vn -0.577350 -0.577350 0.577350
vn -0.577350 -0.577350 0.577350
vn -0.577350 -0.577350 0.577350
vn -0.577350 -0.577350 0.577350
vn -0.577350 -0.577350 0.577350
vn 0.831283 -0.392121 0.393968
vn 0.577350 -0.577350 -0.577351
vn 0.577350 -0.577350 -0.577351
vn 0.577350 -0.577350 -0.577351
vn 0.577350 -0.577350 -0.577351
vn 0.577350 -0.577350 -0.577351
vn 0.577350 -0.577350 -0.577351
vn -0.831283 -0.392120 -0.393968
vn 0.831283 -0.393968 -0.392121
vn -0.577350 -0.577350 -0.577351
vn -0.577350 -0.577350 -0.577350
vn -0.577350 -0.577350 -0.577350
vn -0.577350 -0.577350 -0.577351
vn -0.577350 -0.577350 -0.577350
vn -0.577350 -0.577350 -0.577350
vn 0.392120 -0.393967 0.831283
vn -0.393968 -0.392121 0.831283
vn -0.577350 -0.577350 -0.577351
vn -0.577350 -0.577350 -0.577351
vn -0.577350 -0.577350 -0.577351
vn 0.577350 -0.577350 -0.577351
vn 0.577350 -0.577350 -0.577351
vn 0.577350 -0.577350 -0.577351
vn 0.577351 -0.577349 0.577351
vn 0.577351 -0.577350 0.577351
vn 0.577351 -0.577349 0.577351
vn -0.577351 -0.577350 0.577351
vn -0.577351 -0.577349 0.577351
vn -0.577351 -0.577349 0.577351
vn -0.577350 -0.577350 -0.577351
vn -0.577350 -0.577350 -0.577351
vn -0.577350 -0.577350 -0.577351
vn -0.577351 -0.577349 0.577351
vn -0.577351 -0.577350 0.577351
vn -0.577351 -0.577349 0.577351
vn 0.577350 -0.577350 -0.577351
vn 0.577350 -0.577350 -0.577351
vn 0.577350 -0.577350 -0.577351
vn 0.577351 -0.577350 0.577351
vn 0.577351 -0.577349 0.577351
vn 0.577351 -0.577349 0.577351
vn -0.577350 -0.577350 -0.577351
vn -0.577350 -0.577350 -0.577351
vn -0.577350 -0.577350 -0.577351
vn 0.577350 -0.577350 -0.577351
vn 0.577350 -0.577350 -0.577351
vn 0.577350 -0.577350 -0.577351
vn 0.577350 -0.577350 -0.577351
vn 0.577350 -0.577350 -0.577351
vn 0.577350 -0.577350 -0.577351
vn -0.577350 -0.577350 -0.577351
vn -0.577350 -0.577350 -0.577351
vn -0.577350 -0.577350 -0.577351
vn 0.577350 -0.577350 0.577351
vn 0.577350 -0.577350 0.577351
vn 0.577350 -0.577350 0.577351
vn -0.577350 -0.577350 0.577351
vn -0.577350 -0.577350 0.577351
vn -0.577350 -0.577350 0.577351
vn -0.577350 -0.577350 0.577351
vn -0.577350 -0.577350 0.577351
vn -0.577350 -0.577350 0.577351
vn 0.577350 -0.577350 0.577351
vn 0.577350 -0.577350 0.577351
vn 0.577350 -0.577350 0.577351
s 1
g pCube1
f 753/795/1809 756/1424/1810 1270/1149/1811 1269/1161/1812
s 2
f 754/797/1813 753/796/1814 760/1566/1815 759/1320/1816
s 1
f 755/799/1817 754/797/1818 788/828/1819 787/1387/1820
s 3
f 756/798/1821 755/799/1822 1025/843/1823 1024/800/1824
s 4
f 757/801/1825 761/1533/1826 991/961/1827 990/1532/1828
s 5
f 758/802/1829 757/801/1830 765/804/1831 764/1321/1832
s 2
f 759/1320/1816 758/802/1833 792/830/1834 791/829/1835
s 5
f 761/1533/1836 760/803/1837 1264/1160/1838 1263/1141/1839
s 7
f 762/805/1840 765/804/1841 992/965/1842 995/1531/1843
s 5
f 763/806/1844 762/805/1845 769/807/1846 768/1322/1847
s 2
f 764/1321/1848 763/806/1849 796/832/1850 795/831/1851
s 7
f 766/808/1852 769/807/1853 996/968/1854 999/1530/1855
s 5
f 767/809/1856 766/808/1857 773/810/1858 772/1323/1859
s 2
f 768/1322/1860 767/809/1861 800/834/1862 799/833/1863
s 7
f 770/811/1864 773/810/1865 1000/971/1866 1003/1529/1867
s 5
f 771/812/1868 770/811/1869 777/813/1870 776/1324/1871
s 2
f 772/1323/1872 771/812/1873 804/836/1874 803/835/1875
s 7
f 774/814/1876 777/813/1877 1004/974/1878 1007/1528/1879
s 5
f 775/815/1880 774/814/1881 782/816/1882 781/1325/1883
s 2
f 776/1324/1884 775/815/1885 808/838/1886 807/837/1887
s 12
f 778/818/1888 782/816/1889 1009/977/1890 1008/1536/1891
s 5
f 779/817/1892 778/818/1893 1308/1159/1894 1307/1427/1895
s 2
f 780/820/1896 779/819/1897 786/1570/1898 785/1326/1899
f 781/1325/1900 780/820/1896 812/840/1901 811/839/1902
s 14
f 783/821/1903 786/822/1904 1311/1191/1905 1310/1154/1906
s 15
f 784/825/1907 783/823/1908 1031/824/1909 1030/863/1910
s 14
f 785/1326/1911 784/825/1912 816/1571/1913 815/841/1914
s 16
f 787/826/1915 789/1327/1916 818/844/1917 817/827/1918
s 17
f 789/1327/1919 788/828/1920 791/829/1921 790/1328/1922
s 18
f 790/1328/1923 793/1329/1924 823/849/1925 822/845/1926
s 17
f 793/1329/1927 792/830/1928 795/831/1929 794/1330/1930
s 18
f 794/1330/1931 797/1331/1932 827/851/1933 826/850/1934
s 17
f 797/1331/1935 796/832/1936 799/833/1937 798/1332/1938
s 18
f 798/1332/1939 801/1333/1940 831/853/1941 830/852/1942
s 17
f 801/1333/1943 800/834/1944 803/835/1945 802/1334/1946
s 18
f 802/1334/1947 805/1335/1948 835/855/1949 834/854/1950
s 17
f 805/1335/1951 804/836/1952 807/837/1953 806/1336/1954
s 18
f 806/1336/1955 809/1337/1956 839/857/1957 838/856/1958
s 17
f 809/1337/1959 808/838/1960 811/839/1961 810/1338/1962
s 18
f 810/1338/1963 813/1339/1964 843/859/1965 842/858/1966
s 17
f 813/1339/1967 812/840/1968 815/841/1969 814/1340/1970
s 16
f 814/1340/1971 816/842/1972 848/1574/1973 847/860/1974
s 3
f 817/1388/1975 820/1385/1976 1026/981/1977 1025/843/1823
s 18
f 819/847/1978 818/844/1979 822/845/1926 821/1341/1980
s 16
f 820/846/1981 819/847/1982 852/868/1983 851/848/1984
s 18
f 821/1341/1980 824/1342/1985 857/871/1986 856/869/1987
f 824/1342/1985 823/849/1925 826/850/1934 825/1343/1988
f 825/1343/1988 828/1344/1989 861/873/1990 860/872/1991
f 828/1344/1989 827/851/1933 830/852/1942 829/1345/1992
f 829/1345/1992 832/1346/1993 867/877/1994 866/874/1995
f 832/1346/1993 831/853/1941 834/854/1950 833/1347/1996
f 833/1347/1996 836/1348/1997 871/879/1998 870/878/1999
f 836/1348/1997 835/855/1949 838/856/1958 837/1349/2000
f 837/1349/2000 840/1350/2001 877/883/2002 876/880/2003
f 840/1350/2001 839/857/1957 842/858/1966 841/1351/2004
f 841/1351/2004 844/1352/2005 881/885/2006 880/884/2007
f 844/1352/2005 843/859/1965 847/860/2008 846/1353/2009
s 15
f 845/861/2010 848/862/2011 1030/863/1910 1029/985/2012
s 16
f 846/1353/2013 845/864/2014 886/1577/2015 885/886/2016
f 849/1575/2017 853/1389/2018 1035/991/2019 1034/1391/2020
s 3
f 850/867/2021 849/865/2022 892/866/2023 891/1383/2024
f 851/1386/2025 850/867/2021 1015/921/2026 1014/1384/2027
s 27
f 853/1389/2028 852/868/2029 856/869/2030 855/1390/2031
s off
f 854/870/2032 858/1549/2033 893/897/2034 897/1555/2035
s 28
f 855/1390/2036 854/870/2037 1041/993/2038 1040/992/2039
s 18
f 858/1549/2040 857/871/1986 860/872/1991 859/1550/2041
s off
f 859/1550/2042 863/1561/2043 898/901/2044 902/898/2045
s 29
f 862/875/2046 861/873/2047 866/874/2048 865/1392/2049
s off
f 863/1561/2050 862/875/2051 1052/1005/2052 1051/1562/2053
f 864/876/2054 868/1547/2055 903/904/2056 907/1556/2057
f 865/1392/2058 864/876/2059 1065/1011/2060 1064/1006/2061
s 18
f 868/1547/2062 867/877/1994 870/878/1999 869/1548/2063
s off
f 869/1548/2064 873/1559/2065 908/908/2066 912/905/2067
s 30
f 872/881/2068 871/879/2069 876/880/2070 875/1394/2071
s off
f 873/1559/2072 872/881/2073 1072/1020/2074 1071/1560/2075
f 874/882/2076 878/1551/2077 913/911/2078 917/1558/2079
f 875/1394/2080 874/882/2081 1085/1026/2082 1084/1021/2083
s 18
f 878/1551/2084 877/883/2002 880/884/2007 879/1552/2085
s off
f 879/1552/2086 883/1553/2087 918/915/2088 922/912/2089
s 31
f 882/887/2090 881/885/2091 885/886/2092 884/1396/2093
s 32
f 883/1553/2094 882/887/2095 1092/1035/2096 1091/1554/2097
s 16
f 884/1396/2098 888/1397/2099 1103/1041/2100 1102/1036/2101
s 15
f 887/890/2102 886/888/2103 1021/984/2104 1020/940/2105
f 888/889/2106 887/890/2102 924/891/2107 923/892/2108
s 33
f 889/894/2109 892/893/2110 1049/990/2111 1048/998/2112
s 34
f 890/895/2113 889/894/2114 896/900/2115 895/1363/2116
s 33
f 891/1579/2117 890/895/2118 929/922/2119 928/896/2120
s off
f 894/899/2121 893/897/2122 902/898/2123 901/1364/2124
s 34
f 895/1363/2116 894/899/2125 934/925/2126 933/923/2127
s 36
f 897/1555/2128 896/900/2129 1043/997/2130 1042/994/2131
s 34
f 899/902/2132 898/901/2133 1060/1004/2134 1059/1393/2135
f 900/903/2136 899/902/2137 906/907/2138 905/1365/2139
f 901/1364/2140 900/903/2136 938/927/2141 937/926/2142
s off
f 904/906/2143 903/904/2144 912/905/2145 911/1366/2146
s 34
f 905/1365/2139 904/906/2147 942/929/2148 941/928/2149
f 907/1556/2150 906/907/2151 1067/1010/2152 1066/1012/2153
f 909/909/2154 908/908/2155 1080/1019/2156 1079/1395/2157
f 910/910/2158 909/909/2159 916/914/2160 915/1367/2161
f 911/1366/2162 910/910/2158 946/931/2163 945/930/2164
s off
f 914/913/2165 913/911/2166 922/912/2167 921/1368/2168
s 34
f 915/1367/2161 914/913/2169 950/933/2170 949/932/2171
f 917/1558/2172 916/914/2173 1087/1025/2174 1086/1027/2175
s 45
f 919/916/2176 918/915/2177 1100/1034/2178 1099/1399/2179
s 34
f 920/917/2180 919/916/2181 926/918/2182 925/1369/2183
f 921/1368/2184 920/917/2180 954/935/2185 953/934/2186
s 33
f 923/1398/2187 926/918/2188 1107/1040/2189 1106/1042/2190
f 925/1369/2191 924/919/2192 959/1582/2193 958/936/2194
f 927/1581/2195 930/1418/2196 1171/1090/2197 1170/1420/2198
s 3
f 928/1382/2199 927/920/2200 1016/1584/2201 1015/921/2026
s 34
f 930/1418/2202 929/922/2203 933/923/2127 932/1419/2204
s 49
f 931/924/2205 935/1516/2206 962/942/2207 961/1543/2208
s 50
f 932/1419/2209 931/924/2210 1177/1092/2211 1176/1091/2212
f 935/1516/2213 934/925/2214 937/926/2215 936/1517/2216
s 7
f 936/1517/2217 939/1518/2218 966/946/2219 969/943/2220
s 50
f 939/1518/2221 938/927/2222 941/928/2223 940/1519/2224
s 7
f 940/1519/2225 943/1520/2226 970/949/2227 973/947/2228
s 50
f 943/1520/2229 942/929/2230 945/930/2231 944/1521/2232
s 7
f 944/1521/2233 947/1522/2234 974/952/2235 977/950/2236
s 50
f 947/1522/2237 946/931/2238 949/932/2239 948/1523/2240
s 7
f 948/1523/2241 951/1524/2242 978/955/2243 981/953/2244
s 50
f 951/1524/2245 950/933/2246 953/934/2247 952/1525/2248
s 55
f 952/1525/2249 956/1541/2250 986/958/2251 985/956/2252
s 34
f 955/937/2253 954/935/2185 958/936/2254 957/1421/2255
s 50
f 956/1541/2256 955/937/2257 1222/1129/2258 1221/1542/2259
s 33
f 957/1421/2260 960/1422/2261 1234/1136/2262 1233/1130/2263
s 15
f 960/938/2264 959/939/2265 1020/940/2105 1019/941/2266
s off
f 961/1543/2267 965/1546/2268 1187/1096/2269 1192/1093/2270
s 7
f 963/944/2271 962/942/2272 969/943/2220 968/1374/2273
f 964/945/2274 963/944/2271 989/963/2275 988/1527/2276
s 49
f 965/1546/2277 964/945/2278 1013/979/2279 1017/1544/2280
s 7
f 967/948/2281 966/946/2219 973/947/2228 972/1375/2282
f 968/1374/2273 967/948/2281 994/966/2283 993/964/2284
f 971/951/2285 970/949/2227 977/950/2236 976/1376/2286
f 972/1375/2282 971/951/2285 998/969/2287 997/967/2288
f 975/954/2289 974/952/2235 981/953/2244 980/1377/2290
f 976/1376/2286 975/954/2289 1002/972/2291 1001/970/2292
f 979/957/2293 978/955/2243 985/956/2294 984/1378/2295
f 980/1377/2290 979/957/2293 1006/975/2296 1005/973/2297
s off
f 982/959/2298 986/958/2299 1226/1128/2300 1231/1540/2301
s 55
f 983/960/2302 982/959/2303 1018/983/2304 1022/1526/2305
s 7
f 984/1378/2295 983/960/2306 1011/978/2307 1010/976/2308
s off
f 987/962/2309 991/961/2310 1241/1140/2311 1246/1534/2312
s 4
f 988/1527/2313 987/962/2314 1023/987/2315 1027/980/2316
s 7
f 990/1532/2317 989/963/2275 993/964/2284 992/965/1842
f 995/1531/1843 994/966/2283 997/967/2288 996/968/1854
f 999/1530/1855 998/969/2287 1001/970/2292 1000/971/1866
f 1003/1529/1867 1002/972/2291 1005/973/2297 1004/974/1878
f 1007/1528/1879 1006/975/2296 1010/976/2308 1009/977/2318
s off
f 1008/1536/2319 1012/1539/2320 1257/1152/2321 1262/1535/2322
s 12
f 1012/1539/2323 1011/978/2324 1028/986/2325 1032/1537/2326
s 57
f 1014/1384/2327 1013/979/2328 1027/980/2329 1026/981/2330
f 1017/1544/2331 1016/982/2332 1179/1089/2333 1178/1545/2334
s 58
f 1019/1423/2335 1018/983/2336 1240/1135/2337 1239/1137/2338
f 1022/1526/2339 1021/984/2340 1029/985/2341 1028/986/2342
s 57
f 1024/1425/2343 1023/987/2344 1251/1146/2345 1250/1426/2346
s 58
f 1032/1537/2347 1031/988/2348 1253/1153/2349 1252/1538/2350
s 16
f 1033/989/2351 1036/1400/2352 1110/1045/2353 1109/1403/2354
s 3
f 1034/1391/2355 1033/989/2356 1050/1001/2357 1049/990/2358
s 60
f 1036/1400/2359 1035/991/2360 1040/992/2361 1039/1401/2362
s off
f 1037/995/2363 1041/993/2364 1042/994/2365 1046/1557/2366
s 28
f 1038/996/2367 1037/995/2368 1055/1002/2369 1054/1404/2370
s 60
f 1039/1401/2362 1038/996/2371 1115/1047/2372 1114/1046/2373
s 34
f 1044/999/2374 1043/997/2375 1048/998/2376 1047/1402/2377
f 1045/1000/2378 1044/999/2374 1117/1052/2379 1116/1405/2380
s 36
f 1046/1557/2381 1045/1000/2382 1057/1008/2383 1056/1003/2384
s 33
f 1047/1402/2385 1050/1001/2386 1122/1044/2387 1121/1053/2388
s off
f 1051/1562/2389 1055/1002/2390 1056/1003/2391 1060/1004/2392
s 60
f 1053/1007/2393 1052/1005/2394 1064/1006/2395 1063/1406/2396
f 1054/1404/2397 1053/1007/2393 1126/1055/2398 1125/1048/2399
s 34
f 1058/1009/2400 1057/1008/2401 1128/1051/2402 1127/1407/2403
f 1059/1393/2135 1058/1009/2400 1068/1015/2404 1067/1010/2152
s off
f 1061/1013/2405 1065/1011/2406 1066/1012/2407 1070/1563/2408
f 1062/1014/2409 1061/1013/2410 1075/1017/2411 1074/1408/2412
s 60
f 1063/1406/2396 1062/1014/2413 1134/1061/2414 1133/1056/2415
s 34
f 1069/1016/2416 1068/1015/2404 1136/1060/2417 1135/1409/2418
f 1070/1563/2419 1069/1016/2420 1077/1023/2421 1076/1018/2422
s off
f 1071/1560/2423 1075/1017/2424 1076/1018/2425 1080/1019/2426
s 60
f 1073/1022/2427 1072/1020/2428 1084/1021/2429 1083/1410/2430
f 1074/1408/2431 1073/1022/2427 1142/1067/2432 1141/1062/2433
s 34
f 1078/1024/2434 1077/1023/2435 1144/1066/2436 1143/1411/2437
f 1079/1395/2157 1078/1024/2434 1088/1030/2438 1087/1025/2174
s off
f 1081/1028/2439 1085/1026/2440 1086/1027/2441 1090/1564/2442
s 32
f 1082/1029/2443 1081/1028/2444 1095/1032/2445 1094/1412/2446
s 60
f 1083/1410/2430 1082/1029/2447 1150/1073/2448 1149/1068/2449
s 34
f 1089/1031/2450 1088/1030/2438 1152/1072/2451 1151/1413/2452
s 45
f 1090/1564/2453 1089/1031/2454 1097/1038/2455 1096/1033/2456
s off
f 1091/1554/2457 1095/1032/2458 1096/1033/2459 1100/1034/2460
s 60
f 1093/1037/2461 1092/1035/2462 1102/1036/2463 1101/1414/2464
f 1094/1412/2465 1093/1037/2461 1158/1079/2466 1157/1074/2467
s 34
f 1098/1039/2468 1097/1038/2469 1160/1078/2470 1159/1417/2471
f 1099/1399/2472 1098/1039/2468 1108/1043/2473 1107/1040/2474
s 16
f 1101/1414/2475 1104/1415/2476 1165/1085/2477 1164/1080/2478
s 15
f 1104/1415/2479 1103/1041/2480 1106/1042/2481 1105/1416/2482
s 33
f 1105/1416/2483 1108/1043/2484 1168/1084/2485 1167/1086/2486
s off
f 1109/1403/2487 1111/1354/2488 1120/1054/2489 1122/1044/2490
s 16
f 1111/1354/2491 1110/1045/2353 1114/1046/2492 1113/1355/2493
f 1112/1049/2494 1115/1047/2495 1125/1048/2496 1124/1357/2497
s 69
f 1113/1355/2498 1112/1049/2499 1119/1050/2500 1118/1356/2501
s 33
f 1116/1405/2502 1119/1050/2503 1129/1058/2504 1128/1051/2505
f 1118/1356/2506 1117/1052/2507 1121/1053/2388 1120/1054/2508
s 16
f 1123/1057/2509 1126/1055/2510 1133/1056/2511 1132/1358/2512
s 69
f 1124/1357/2513 1123/1057/2514 1130/1059/2515 1129/1058/2516
s 33
f 1127/1407/2517 1130/1059/2518 1137/1064/2519 1136/1060/2520
s 16
f 1131/1063/2521 1134/1061/2522 1141/1062/2523 1140/1359/2524
s 69
f 1132/1358/2525 1131/1063/2526 1138/1065/2527 1137/1064/2528
s 33
f 1135/1409/2529 1138/1065/2530 1145/1070/2531 1144/1066/2532
s 16
f 1139/1069/2533 1142/1067/2534 1149/1068/2535 1148/1360/2536
s 69
f 1140/1359/2537 1139/1069/2538 1146/1071/2539 1145/1070/2540
s 33
f 1143/1411/2541 1146/1071/2542 1153/1076/2543 1152/1072/2544
s 16
f 1147/1075/2545 1150/1073/2546 1157/1074/2547 1156/1361/2548
s 69
f 1148/1360/2549 1147/1075/2550 1154/1077/2551 1153/1076/2552
s 33
f 1151/1413/2553 1154/1077/2554 1161/1082/2555 1160/1078/2556
s 16
f 1155/1081/2557 1158/1079/2558 1164/1080/2478 1163/1362/2559
s 69
f 1156/1361/2560 1155/1081/2561 1162/1083/2562 1161/1082/2563
s 33
f 1159/1417/2564 1162/1083/2565 1166/1087/2566 1168/1084/2485
s off
f 1163/1362/2567 1165/1085/2568 1167/1086/2569 1166/1087/2570
s 33
f 1169/1088/2571 1172/1428/2572 1315/1195/2573 1314/1430/2574
s 3
f 1170/1420/2575 1169/1088/2576 1180/1097/2577 1179/1089/2578
s 34
f 1172/1428/2579 1171/1090/2580 1176/1091/2581 1175/1429/2582
s off
f 1173/1094/2583 1177/1092/2584 1192/1093/2585 1191/1500/2586
s 50
f 1174/1095/2587 1173/1094/2588 1186/1099/2589 1185/1431/2590
s 34
f 1175/1429/2582 1174/1095/2591 1320/1198/2592 1319/1196/2593
s off
f 1178/1545/2594 1182/1489/2595 1188/1102/2596 1187/1096/2597
s 3
f 1181/1098/2598 1180/1097/2577 1330/1194/2599 1329/1445/2600
s 57
f 1182/1489/2601 1181/1098/2602 1248/1147/2603 1247/1145/2604
s 78
f 1183/1100/2605 1186/1099/2606 1193/1105/2607 1196/1499/2608
s 50
f 1184/1101/2609 1183/1100/2610 1200/1108/2611 1199/1433/2612
s 34
f 1185/1431/2613 1184/1101/2614 1335/1209/2615 1334/1199/2616
s off
f 1189/1103/2617 1188/1102/2618 1245/1144/2619 1244/1444/2620
f 1190/1104/2621 1189/1103/2622 1325/1202/2623 1324/1432/2624
s 80
f 1191/1500/2625 1190/1104/2626 1194/1106/2627 1193/1105/2628
s 81
f 1195/1107/2629 1194/1106/2630 1339/1201/2631 1338/1434/2632
s 80
f 1196/1499/2633 1195/1107/2634 1202/1112/2635 1201/1109/2636
s 78
f 1197/1110/2637 1200/1108/2638 1201/1109/2639 1204/1498/2640
s 50
f 1198/1111/2641 1197/1110/2642 1208/1114/2643 1207/1435/2644
s 34
f 1199/1433/2645 1198/1111/2646 1343/1214/2647 1342/1210/2648
s 81
f 1203/1113/2649 1202/1112/2650 1347/1212/2651 1346/1436/2652
s 80
f 1204/1498/2653 1203/1113/2654 1210/1118/2655 1209/1115/2656
s 78
f 1205/1116/2657 1208/1114/2658 1209/1115/2659 1212/1497/2660
s 50
f 1206/1117/2661 1205/1116/2662 1216/1120/2663 1215/1437/2664
s 34
f 1207/1435/2665 1206/1117/2666 1351/1219/2667 1350/1215/2668
s 81
f 1211/1119/2669 1210/1118/2670 1355/1217/2671 1354/1438/2672
s 80
f 1212/1497/2673 1211/1119/2674 1218/1124/2675 1217/1121/2676
s 78
f 1213/1122/2677 1216/1120/2678 1217/1121/2679 1220/1496/2680
s 50
f 1214/1123/2681 1213/1122/2682 1225/1126/2683 1224/1439/2684
s 34
f 1215/1437/2685 1214/1123/2686 1359/1224/2687 1358/1220/2688
s 81
f 1219/1125/2689 1218/1124/2690 1363/1222/2691 1362/1440/2692
s 80
f 1220/1496/2693 1219/1125/2694 1228/1132/2695 1227/1127/2696
s off
f 1221/1542/2697 1225/1126/2698 1227/1127/2699 1226/1128/2700
s 34
f 1223/1131/2701 1222/1129/2702 1233/1130/2703 1232/1441/2704
f 1224/1439/2705 1223/1131/2701 1367/1229/2706 1366/1225/2707
s off
f 1229/1133/2708 1228/1132/2709 1373/1227/2710 1372/1447/2711
f 1230/1134/2712 1229/1133/2713 1259/1156/2714 1258/1151/2715
f 1231/1540/2716 1230/1134/2717 1236/1138/2718 1240/1135/2719
s 33
f 1232/1441/2720 1235/1442/2721 1378/1236/2722 1377/1230/2723
s 15
f 1235/1442/2724 1234/1136/2725 1239/1137/2726 1238/1443/2727
s 58
f 1237/1139/2728 1236/1138/2729 1256/1150/2730 1255/1446/2731
s 15
f 1238/1443/2727 1237/1139/2732 1383/1239/2733 1382/1237/2734
s off
f 1242/1142/2735 1241/1140/2736 1263/1141/2737 1267/1495/2738
s 86
f 1243/1143/2739 1242/1142/2740 1275/1165/2741 1274/1450/2742
s off
f 1244/1444/2743 1243/1143/2744 1388/1243/2745 1387/1203/2746
f 1246/1534/2747 1245/1144/2748 1247/1145/2749 1251/1146/2750
s 3
f 1249/1148/2751 1248/1147/2752 1394/1206/2753 1393/1449/2754
f 1250/1426/2755 1249/1148/2751 1271/1164/2756 1270/1149/2757
s off
f 1252/1538/2758 1256/1150/2759 1258/1151/2760 1257/1152/2761
s 15
f 1254/1155/2762 1253/1153/2763 1310/1154/2764 1309/1460/2765
f 1255/1446/2766 1254/1155/2762 1398/1250/2767 1397/1240/2768
s off
f 1260/1157/2769 1259/1156/2770 1403/1235/2771 1402/1458/2772
s 86
f 1261/1158/2773 1260/1157/2774 1297/1185/2775 1296/1490/2776
s off
f 1262/1535/2777 1261/1158/2778 1304/1188/2779 1308/1159/2780
s 2
f 1265/1162/2781 1264/1160/2782 1269/1161/2783 1268/1448/2784
f 1266/1163/2785 1265/1162/2781 1409/1258/2786 1408/1451/2787
s 5
f 1267/1495/2788 1266/1163/2789 1277/1169/2790 1276/1166/2791
s 1
f 1268/1448/2792 1271/1164/2793 1414/1248/2794 1413/1259/2795
s 88
f 1272/1167/2796 1275/1165/2797 1276/1166/2798 1279/1494/2799
s 86
f 1273/1168/2800 1272/1167/2801 1283/1171/2802 1282/1452/2803
s 89
f 1274/1450/2804 1273/1168/2805 1418/1263/2806 1417/1244/2807
s 2
f 1278/1170/2808 1277/1169/2809 1422/1257/2810 1421/1453/2811
s 5
f 1279/1494/2812 1278/1170/2813 1285/1175/2814 1284/1172/2815
s 88
f 1280/1173/2816 1283/1171/2817 1284/1172/2818 1287/1493/2819
s 86
f 1281/1174/2820 1280/1173/2821 1291/1177/2822 1290/1454/2823
s 89
f 1282/1452/2824 1281/1174/2825 1426/1268/2826 1425/1264/2827
s 2
f 1286/1176/2828 1285/1175/2829 1430/1266/2830 1429/1455/2831
s 5
f 1287/1493/2832 1286/1176/2833 1293/1181/2834 1292/1178/2835
s 88
f 1288/1179/2836 1291/1177/2837 1292/1178/2838 1295/1492/2839
s 86
f 1289/1180/2840 1288/1179/2841 1299/1183/2842 1298/1456/2843
s 89
f 1290/1454/2844 1289/1180/2845 1434/1273/2846 1433/1269/2847
s 2
f 1294/1182/2848 1293/1181/2849 1438/1271/2850 1437/1457/2851
s 5
f 1295/1492/2852 1294/1182/2853 1301/1186/2854 1300/1184/2855
s 88
f 1296/1490/2856 1299/1183/2857 1300/1184/2858 1303/1491/2859
s 89
f 1298/1456/2860 1297/1185/2861 1442/1254/2862 1441/1274/2863
s 2
f 1302/1187/2864 1301/1186/2865 1446/1276/2866 1445/1459/2867
s 5
f 1303/1491/2868 1302/1187/2869 1305/1189/2870 1304/1188/2871
s 2
f 1306/1190/2872 1305/1189/2873 1451/1281/2874 1450/1461/2875
f 1307/1427/2876 1306/1190/2872 1312/1192/2877 1311/1191/2878
s 14
f 1309/1460/2879 1312/1192/2880 1455/1284/2881 1454/1251/2882
s 33
f 1313/1193/2883 1316/1462/2884 1458/1287/2885 1457/1464/2886
s 3
f 1314/1430/2887 1313/1193/2888 1331/1207/2889 1330/1194/2599
s 34
f 1316/1462/2890 1315/1195/2891 1319/1196/2593 1318/1463/2892
s off
f 1317/1197/2893 1321/1502/2894 1323/1200/2895 1322/1515/2896
s 94
f 1318/1463/2897 1317/1197/2898 1462/1289/2899 1461/1288/2900
f 1321/1502/2901 1320/1198/2902 1334/1199/2903 1333/1503/2904
s off
f 1322/1515/2905 1327/1513/2906 1463/1291/2907 1465/1290/2908
s 95
f 1324/1432/2909 1323/1200/2910 1340/1208/2911 1339/1201/2912
s off
f 1326/1204/2913 1325/1202/2914 1387/1203/2915 1386/1501/2916
f 1327/1513/2917 1326/1204/2918 1328/1205/2919 1332/1514/2920
s 96
f 1329/1445/2921 1328/1205/2922 1395/1242/2923 1394/1206/2924
f 1332/1514/2925 1331/1207/2926 1468/1286/2927 1467/1292/2928
s 97
f 1333/1503/2929 1336/1472/2930 1337/1211/2931 1340/1208/2932
s 94
f 1336/1472/2933 1335/1209/2934 1342/1210/2935 1341/1473/2936
s 95
f 1338/1434/2937 1337/1211/2938 1348/1213/2939 1347/1212/2940
s 97
f 1341/1473/2941 1344/1474/2942 1345/1216/2943 1348/1213/2944
s 94
f 1344/1474/2945 1343/1214/2946 1350/1215/2947 1349/1475/2948
s 95
f 1346/1436/2949 1345/1216/2950 1356/1218/2951 1355/1217/2952
s 97
f 1349/1475/2953 1352/1476/2954 1353/1221/2955 1356/1218/2956
s 94
f 1352/1476/2957 1351/1219/2958 1358/1220/2959 1357/1477/2960
s 95
f 1354/1438/2961 1353/1221/2962 1364/1223/2963 1363/1222/2964
s 97
f 1357/1477/2965 1360/1480/2966 1361/1226/2967 1364/1223/2968
s 94
f 1360/1480/2969 1359/1224/2970 1366/1225/2971 1365/1481/2972
s 95
f 1362/1440/2973 1361/1226/2974 1374/1228/2975 1373/1227/2976
s off
f 1365/1481/2977 1369/1486/2978 1375/1232/2979 1374/1228/2980
s 34
f 1368/1231/2981 1367/1229/2706 1377/1230/2982 1376/1465/2983
s 94
f 1369/1486/2984 1368/1231/2985 1471/1294/2986 1470/1485/2987
s off
f 1370/1233/2988 1375/1232/2989 1472/1297/2990 1474/1484/2991
f 1371/1234/2992 1370/1233/2993 1380/1238/2994 1384/1478/2995
f 1372/1447/2996 1371/1234/2997 1404/1249/2998 1403/1235/2999
s 33
f 1376/1465/3000 1379/1466/3001 1477/1300/3002 1476/1295/3003
s 15
f 1379/1466/3004 1378/1236/3005 1382/1237/2734 1381/1467/3006
s 101
f 1381/1467/3007 1380/1238/3008 1480/1299/3009 1479/1301/3010
f 1384/1478/3011 1383/1239/3012 1397/1240/3013 1396/1479/3014
s off
f 1385/1241/3015 1390/1511/3016 1484/1306/3017 1486/1305/3018
f 1386/1501/3019 1385/1241/3020 1391/1246/3021 1395/1242/3022
s 102
f 1389/1245/3023 1388/1243/3024 1417/1244/3025 1416/1504/3026
s off
f 1390/1511/3027 1389/1245/3028 1407/1256/3029 1411/1512/3030
s 96
f 1392/1247/3031 1391/1246/3032 1482/1304/3033 1481/1469/3034
s 3
f 1393/1449/2754 1392/1247/3035 1415/1261/3036 1414/1248/3037
s off
f 1396/1479/3038 1400/1483/3039 1405/1255/3040 1404/1249/3041
s 15
f 1399/1252/3042 1398/1250/2767 1454/1251/3043 1453/1470/3044
s 101
f 1400/1483/3045 1399/1252/3046 1489/1308/3047 1488/1482/3048
s off
f 1401/1253/3049 1406/1487/3050 1448/1282/3051 1452/1280/3052
s 102
f 1402/1458/3053 1401/1253/3054 1443/1277/3055 1442/1254/3056
s off
f 1406/1487/3057 1405/1255/3058 1490/1311/3059 1492/1488/3060
s 105
f 1408/1451/3061 1407/1256/3062 1423/1262/3063 1422/1257/3064
s 2
f 1410/1260/3065 1409/1258/2786 1413/1259/3066 1412/1468/3067
s 105
f 1411/1512/3068 1410/1260/3069 1495/1314/3070 1494/1307/3071
s 1
f 1412/1468/3072 1415/1261/3073 1498/1303/3074 1497/1315/3075
s 106
f 1416/1504/3076 1419/1505/3077 1420/1265/3078 1423/1262/3079
s 102
f 1419/1505/3080 1418/1263/3081 1425/1264/3082 1424/1506/3083
s 105
f 1421/1453/3084 1420/1265/3085 1431/1267/3086 1430/1266/3087
s 106
f 1424/1506/3088 1427/1507/3089 1428/1270/3090 1431/1267/3091
s 102
f 1427/1507/3092 1426/1268/3093 1433/1269/3094 1432/1508/3095
s 105
f 1429/1455/3096 1428/1270/3097 1439/1272/3098 1438/1271/3099
s 106
f 1432/1508/3100 1435/1509/3101 1436/1275/3102 1439/1272/3103
s 102
f 1435/1509/3104 1434/1273/3105 1441/1274/3106 1440/1510/3107
s 105
f 1437/1457/3108 1436/1275/3109 1447/1278/3110 1446/1276/3111
s 106
f 1440/1510/3112 1443/1277/3113 1444/1279/3114 1447/1278/3115
s 105
f 1445/1459/3116 1444/1279/3117 1452/1280/3118 1451/1281/3119
f 1449/1283/3120 1448/1282/3121 1500/1313/3122 1499/1471/3123
s 2
f 1450/1461/2875 1449/1283/3124 1456/1285/3125 1455/1284/3126
s 14
f 1453/1470/3127 1456/1285/3128 1504/1319/3129 1503/1309/3130
s off
f 1457/1464/3131 1459/1370/3132 1466/1293/3133 1468/1286/3134
f 1459/1370/3135 1458/1287/3136 1461/1288/3137 1460/1371/3138
f 1460/1371/3139 1462/1289/3140 1465/1290/3141 1464/1372/3142
f 1464/1372/3143 1463/1291/3144 1467/1292/3145 1466/1293/3146
f 1469/1296/3147 1471/1294/3148 1476/1295/3149 1475/1373/3150
f 1470/1485/3151 1469/1296/3152 1473/1298/3153 1472/1297/3154
f 1474/1484/3155 1473/1298/3156 1478/1302/3157 1480/1299/3158
f 1475/1373/3159 1477/1300/3160 1479/1301/3161 1478/1302/3162
f 1481/1469/3163 1483/1379/3164 1496/1316/3165 1498/1303/3166
f 1483/1379/3167 1482/1304/3168 1486/1305/3169 1485/1380/3170
f 1485/1380/3171 1484/1306/3172 1494/1307/3173 1493/1381/3174
f 1487/1310/3175 1489/1308/3176 1503/1309/3177 1502/1318/3178
f 1488/1482/3179 1487/1310/3180 1491/1312/3181 1490/1311/3182
f 1492/1488/3183 1491/1312/3184 1501/1317/3185 1500/1313/3186
f 1493/1381/3187 1495/1314/3188 1497/1315/3189 1496/1316/3190
f 1499/1471/3191 1501/1317/3192 1502/1318/3193 1504/1319/3194
s 2
f 754/797/1813 759/1320/1816 791/829/1835 788/828/3195
f 758/802/1833 764/1321/1848 795/831/1851 792/830/1834
f 763/806/1849 768/1322/1860 799/833/1863 796/832/1850
f 767/809/1861 772/1323/1872 803/835/1875 800/834/1862
f 771/812/1873 776/1324/1884 807/837/1887 804/836/1874
f 775/815/1885 781/1325/1900 811/839/1902 808/838/1886
f 780/820/1896 785/1326/1899 815/841/3196 812/840/1901
s 18
f 789/1327/3197 790/1328/1923 822/845/1926 818/844/1979
f 793/1329/1924 794/1330/1931 826/850/1934 823/849/1925
f 797/1331/1932 798/1332/1939 830/852/1942 827/851/1933
f 801/1333/1940 802/1334/1947 834/854/1950 831/853/1941
f 805/1335/1948 806/1336/1955 838/856/1958 835/855/1949
f 809/1337/1956 810/1338/1963 842/858/1966 839/857/1957
f 813/1339/1964 814/1340/3198 847/860/2008 843/859/1965
f 819/847/1978 821/1341/1980 856/869/1987 852/868/3199
f 824/1342/1985 825/1343/1988 860/872/1991 857/871/1986
f 828/1344/1989 829/1345/1992 866/874/1995 861/873/1990
f 832/1346/1993 833/1347/1996 870/878/1999 867/877/1994
f 836/1348/1997 837/1349/2000 876/880/2003 871/879/1998
f 840/1350/2001 841/1351/2004 880/884/2007 877/883/2002
f 844/1352/2005 846/1353/2009 885/886/3200 881/885/2006
s 69
f 1111/1354/3201 1113/1355/2498 1118/1356/2501 1120/1054/3202
f 1112/1049/2499 1124/1357/2513 1129/1058/2516 1119/1050/2500
f 1123/1057/2514 1132/1358/2525 1137/1064/2528 1130/1059/2515
f 1131/1063/2526 1140/1359/2537 1145/1070/2540 1138/1065/2527
f 1139/1069/2538 1148/1360/2549 1153/1076/2552 1146/1071/2539
f 1147/1075/2550 1156/1361/2560 1161/1082/2563 1154/1077/2551
f 1155/1081/2561 1163/1362/3203 1166/1087/3204 1162/1083/2562
s 34
f 890/895/2113 895/1363/2116 933/923/2127 929/922/2203
f 894/899/2125 901/1364/2140 937/926/2142 934/925/2126
f 900/903/2136 905/1365/2139 941/928/2149 938/927/2141
f 904/906/2147 911/1366/2162 945/930/2164 942/929/2148
f 910/910/2158 915/1367/2161 949/932/2171 946/931/2163
f 914/913/2169 921/1368/2184 953/934/2186 950/933/2170
f 920/917/2180 925/1369/2183 958/936/2254 954/935/2185
s off
f 1459/1370/3205 1460/1371/3206 1464/1372/3207 1466/1293/3208
f 1469/1296/3209 1475/1373/3210 1478/1302/3211 1473/1298/3212
s 7
f 963/944/2271 968/1374/2273 993/964/2284 989/963/2275
f 967/948/2281 972/1375/2282 997/967/2288 994/966/2283
f 971/951/2285 976/1376/2286 1001/970/2292 998/969/2287
f 975/954/2289 980/1377/2290 1005/973/2297 1002/972/2291
f 979/957/2293 984/1378/2295 1010/976/2308 1006/975/2296
s off
f 1483/1379/3213 1485/1380/3214 1493/1381/3215 1496/1316/3216
f 1491/1312/3217 1487/1310/3218 1502/1318/3219 1501/1317/3220
s 15
f 1020/940/2105 959/939/2265 924/891/2107 887/890/2102
f 1029/985/2012 1021/984/2104 886/888/2103 845/861/2010
f 784/825/1907 1030/863/1910 848/862/2011 816/1571/3221
s 3
f 928/1382/2199 1015/921/2026 850/867/2021 891/1383/2024
f 1014/1384/2027 1026/981/1977 820/1385/1976 851/1386/2025
f 1025/843/1823 755/799/1822 787/1387/3222 817/1388/1975
s 60
f 853/1389/3223 855/1390/3224 1040/992/2361 1035/991/2360
s 34
f 896/900/2115 889/894/2114 1048/998/2376 1043/997/2375
s 3
f 892/893/2023 849/1575/2022 1034/1391/2355 1049/990/2358
s 60
f 862/875/3225 865/1392/3226 1064/1006/2395 1052/1005/2394
s 34
f 906/907/2138 899/902/2137 1059/1393/2135 1067/1010/2152
s 60
f 872/881/3227 875/1394/3228 1084/1021/2429 1072/1020/2428
s 34
f 916/914/2160 909/909/2159 1079/1395/2157 1087/1025/2174
s 60
f 882/887/3229 884/1396/3230 1102/1036/2463 1092/1035/2462
s 15
f 888/1397/2106 923/1398/2108 1106/1042/2481 1103/1041/2480
s 34
f 926/918/2182 919/916/2181 1099/1399/2472 1107/1040/2474
s 60
f 1036/1400/2359 1039/1401/2362 1114/1046/2373 1110/1045/3231
s 34
f 1044/999/2374 1047/1402/2377 1121/1053/3232 1117/1052/2379
s 3
f 1050/1001/2357 1033/989/2356 1109/1403/3233 1122/1044/3234
s 60
f 1038/996/2371 1054/1404/2397 1125/1048/2399 1115/1047/2372
s 34
f 1057/1008/2401 1045/1000/2378 1116/1405/2380 1128/1051/2402
s 60
f 1053/1007/2393 1063/1406/2396 1133/1056/2415 1126/1055/2398
s 34
f 1068/1015/2404 1058/1009/2400 1127/1407/2403 1136/1060/2417
s 60
f 1062/1014/2413 1074/1408/2431 1141/1062/2433 1134/1061/2414
s 34
f 1077/1023/2435 1069/1016/2416 1135/1409/2418 1144/1066/2436
s 60
f 1073/1022/2427 1083/1410/2430 1149/1068/2449 1142/1067/2432
s 34
f 1088/1030/2438 1078/1024/2434 1143/1411/2437 1152/1072/2451
s 60
f 1082/1029/2447 1094/1412/2465 1157/1074/2467 1150/1073/2448
s 34
f 1097/1038/2469 1089/1031/2450 1151/1413/2452 1160/1078/2470
s 60
f 1093/1037/2461 1101/1414/2464 1164/1080/3235 1158/1079/2466
s 15
f 1104/1415/2479 1105/1416/2482 1167/1086/3236 1165/1085/3237
s 34
f 1108/1043/2473 1098/1039/2468 1159/1417/2471 1168/1084/3238
f 930/1418/2202 932/1419/2204 1176/1091/2581 1171/1090/2580
s 3
f 1016/982/2201 927/1581/2200 1170/1420/2575 1179/1089/2578
s 34
f 955/937/2253 957/1421/2255 1233/1130/2703 1222/1129/2702
s 15
f 960/1422/2264 1019/1423/2266 1239/1137/2726 1234/1136/2725
s 2
f 760/803/1815 753/795/1814 1269/1161/2783 1264/1160/2782
s 3
f 756/1424/1821 1024/1425/1824 1250/1426/2755 1270/1149/2757
s 15
f 1031/988/1909 783/821/1908 1310/1154/2764 1253/1153/2763
s 2
f 786/822/1898 779/817/1897 1307/1427/2876 1311/1191/2878
s 34
f 1172/1428/2579 1175/1429/2582 1319/1196/2593 1315/1195/2891
s 3
f 1180/1097/2577 1169/1088/2576 1314/1430/2887 1330/1194/2599
s 34
f 1174/1095/2591 1185/1431/2613 1334/1199/2616 1320/1198/2592
s 81
f 1194/1106/2630 1190/1104/3239 1324/1432/3240 1339/1201/2631
s 34
f 1184/1101/2614 1199/1433/2645 1342/1210/2648 1335/1209/2615
s 81
f 1202/1112/2650 1195/1107/2629 1338/1434/2632 1347/1212/2651
s 34
f 1198/1111/2646 1207/1435/2665 1350/1215/2668 1343/1214/2647
s 81
f 1210/1118/2670 1203/1113/2649 1346/1436/2652 1355/1217/2671
s 34
f 1206/1117/2666 1215/1437/2685 1358/1220/2688 1351/1219/2667
s 81
f 1218/1124/2690 1211/1119/2669 1354/1438/2672 1363/1222/2691
s 34
f 1214/1123/2686 1224/1439/2705 1366/1225/2707 1359/1224/2687
s 81
f 1228/1132/3241 1219/1125/2689 1362/1440/2692 1373/1227/3242
s 34
f 1223/1131/2701 1232/1441/2704 1377/1230/2982 1367/1229/2706
s 15
f 1235/1442/2724 1238/1443/2727 1382/1237/2734 1378/1236/3005
s off
f 1189/1103/3243 1244/1444/3244 1387/1203/3245 1325/1202/3246
s 3
f 1248/1147/2752 1181/1098/2598 1329/1445/2600 1394/1206/2753
s 15
f 1237/1139/2732 1255/1446/2766 1397/1240/2768 1383/1239/2733
s off
f 1259/1156/3247 1229/1133/3248 1372/1447/3249 1403/1235/3250
s 2
f 1265/1162/2781 1268/1448/2784 1413/1259/3066 1409/1258/2786
s 3
f 1271/1164/2756 1249/1148/2751 1393/1449/2754 1414/1248/3037
s 89
f 1243/1143/3251 1274/1450/2804 1417/1244/2807 1388/1243/3252
s 2
f 1277/1169/2809 1266/1163/2785 1408/1451/2787 1422/1257/2810
s 89
f 1273/1168/2805 1282/1452/2824 1425/1264/2827 1418/1263/2806
s 2
f 1285/1175/2829 1278/1170/2808 1421/1453/2811 1430/1266/2830
s 89
f 1281/1174/2825 1290/1454/2844 1433/1269/2847 1426/1268/2826
s 2
f 1293/1181/2849 1286/1176/2828 1429/1455/2831 1438/1271/2850
s 89
f 1289/1180/2845 1298/1456/2860 1441/1274/2863 1434/1273/2846
s 2
f 1301/1186/2865 1294/1182/2848 1437/1457/2851 1446/1276/2866
s 89
f 1297/1185/2861 1260/1157/3253 1402/1458/3254 1442/1254/2862
s 2
f 1305/1189/2873 1302/1187/2864 1445/1459/2867 1451/1281/2874
s 15
f 1254/1155/2762 1309/1460/2765 1454/1251/3043 1398/1250/2767
s 2
f 1312/1192/2877 1306/1190/2872 1450/1461/2875 1455/1284/3126
s 34
f 1316/1462/2890 1318/1463/2892 1461/1288/3255 1458/1287/3256
s 3
f 1331/1207/2889 1313/1193/2888 1457/1464/3257 1468/1286/3258
s 34
f 1368/1231/2981 1376/1465/2983 1476/1295/3259 1471/1294/3260
s 15
f 1379/1466/3004 1381/1467/3006 1479/1301/3261 1477/1300/3262
s 2
f 1410/1260/3065 1412/1468/3067 1497/1315/3263 1495/1314/3264
s 3
f 1415/1261/3036 1392/1247/3035 1481/1469/3265 1498/1303/3266
s 15
f 1399/1252/3042 1453/1470/3044 1503/1309/3267 1489/1308/3268
s 2
f 1456/1285/3125 1449/1283/3124 1499/1471/3269 1504/1319/3270
s 97
f 1336/1472/2930 1341/1473/2941 1348/1213/2944 1337/1211/2931
f 1344/1474/2942 1349/1475/2953 1356/1218/2956 1345/1216/2943
f 1352/1476/2954 1357/1477/2965 1364/1223/2968 1353/1221/2955
s off
f 1384/1478/3271 1396/1479/3272 1404/1249/3273 1371/1234/3274
s 97
f 1360/1480/2966 1365/1481/3275 1374/1228/3276 1361/1226/2967
s off
f 1488/1482/3277 1490/1311/3278 1405/1255/3279 1400/1483/3280
f 1474/1484/3281 1480/1299/3282 1380/1238/3283 1370/1233/3284
f 1470/1485/3285 1472/1297/3286 1375/1232/3287 1369/1486/3288
f 1500/1313/3289 1448/1282/3290 1406/1487/3291 1492/1488/3292
f 1256/1150/3293 1236/1138/3294 1230/1134/3295 1258/1151/3296
f 1245/1144/3297 1188/1102/3298 1182/1489/3299 1247/1145/3300
s 88
f 1261/1158/3301 1296/1490/2856 1303/1491/2859 1304/1188/3302
f 1299/1183/2857 1288/1179/2836 1295/1492/2839 1300/1184/2858
f 1291/1177/2837 1280/1173/2816 1287/1493/2819 1292/1178/2838
f 1283/1171/2817 1272/1167/2796 1279/1494/2799 1284/1172/2818
f 1275/1165/2797 1242/1142/3303 1267/1495/3304 1276/1166/2798
s 78
f 1225/1126/3305 1213/1122/2677 1220/1496/2680 1227/1127/3306
f 1216/1120/2678 1205/1116/2657 1212/1497/2660 1217/1121/2679
f 1208/1114/2658 1197/1110/2637 1204/1498/2640 1209/1115/2659
f 1200/1108/2638 1183/1100/2605 1196/1499/2608 1201/1109/2639
f 1186/1099/2606 1173/1094/3307 1191/1500/3308 1193/1105/2607
s off
f 1326/1204/3309 1386/1501/3310 1395/1242/3311 1328/1205/3312
s 97
f 1321/1502/3313 1333/1503/2929 1340/1208/2932 1323/1200/3314
s 106
f 1389/1245/3315 1416/1504/3076 1423/1262/3079 1407/1256/3316
f 1419/1505/3077 1424/1506/3088 1431/1267/3091 1420/1265/3078
f 1427/1507/3089 1432/1508/3100 1439/1272/3103 1428/1270/3090
f 1435/1509/3101 1440/1510/3112 1447/1278/3115 1436/1275/3102
f 1443/1277/3113 1401/1253/3317 1452/1280/3318 1444/1279/3114
s off
f 1494/1307/3319 1484/1306/3320 1390/1511/3321 1411/1512/3322
f 1486/1305/3323 1482/1304/3324 1391/1246/3325 1385/1241/3326
f 1467/1292/3327 1463/1291/3328 1327/1513/3329 1332/1514/3330
f 1465/1290/3331 1462/1289/3332 1317/1197/3333 1322/1515/3334
s 7
f 935/1516/3335 936/1517/2217 969/943/2220 962/942/2272
f 939/1518/2218 940/1519/2225 973/947/2228 966/946/2219
f 943/1520/2226 944/1521/2233 977/950/2236 970/949/2227
f 947/1522/2234 948/1523/2241 981/953/2244 974/952/2235
f 951/1524/2242 952/1525/3336 985/956/2294 978/955/2243
f 1011/978/2307 983/960/2306 1022/1526/3337 1028/986/3338
f 1027/980/3339 1013/979/3340 964/945/2274 988/1527/2276
f 782/816/3341 774/814/1876 1007/1528/1879 1009/977/2318
f 777/813/1877 770/811/1864 1003/1529/1867 1004/974/1878
f 773/810/1865 766/808/1852 999/1530/1855 1000/971/1866
f 769/807/1853 762/805/1840 995/1531/1843 996/968/1854
f 765/804/1841 757/801/3342 990/1532/2317 992/965/1842
s off
f 1263/1141/3343 1241/1140/3344 991/961/3345 761/1533/3346
f 1251/1146/3347 1023/987/3348 987/962/3349 1246/1534/3350
f 1262/1535/3351 1308/1159/3352 778/818/3353 1008/1536/3354
f 1032/1537/3355 1252/1538/3356 1257/1152/3357 1012/1539/3358
f 1231/1540/3359 1240/1135/3360 1018/983/3361 982/959/3362
f 956/1541/3363 1221/1542/3364 1226/1128/3365 986/958/3366
f 1192/1093/3367 1177/1092/3368 931/924/3369 961/1543/3370
f 1017/1544/3371 1178/1545/3372 1187/1096/3373 965/1546/3374
s 18
f 868/1547/2062 869/1548/2063 912/905/3375 903/904/3376
f 858/1549/2040 859/1550/2041 902/898/3377 893/897/3378
f 878/1551/2084 879/1552/2085 922/912/3379 913/911/3380
s off
f 883/1553/3381 1091/1554/3382 1100/1034/3383 918/915/3384
f 1041/993/3385 854/870/3386 897/1555/3387 1042/994/3388
f 1065/1011/3389 864/876/3390 907/1556/3391 1066/1012/3392
f 1055/1002/3393 1037/995/3394 1046/1557/3395 1056/1003/3396
f 1085/1026/3397 874/882/3398 917/1558/3399 1086/1027/3400
f 873/1559/3401 1071/1560/3402 1080/1019/3403 908/908/3404
f 863/1561/3405 1051/1562/3406 1060/1004/3407 898/901/3408
f 1075/1017/3409 1061/1013/3410 1070/1563/3411 1076/1018/3412
f 1095/1032/3413 1081/1028/3414 1090/1564/3415 1096/1033/3416
s 1
f 753/796/1809 754/797/1818 755/799/1817 756/1565/1810
s 5
f 757/801/1830 758/802/1829 759/1320/3417 760/1566/1837 761/1567/1836
f 762/805/1845 763/806/1844 764/1321/1832 765/804/1831
f 766/808/1857 767/809/1856 768/1322/1847 769/807/1846
f 770/811/1869 771/812/1868 772/1323/1859 773/810/1858
f 774/814/1881 775/815/1880 776/1324/1871 777/813/1870
f 778/818/1893 779/1568/1892 780/820/3418 781/1325/1883 782/816/1882
s 14
f 783/1569/1903 784/825/1912 785/1326/1911 786/1570/1904
s off
f 787/1387/3419 788/828/3420 789/1327/3421
s 17
f 790/1328/1922 791/829/1921 792/830/1928 793/1329/1927
f 794/1330/1930 795/831/1929 796/832/1936 797/1331/1935
f 798/1332/1938 799/833/1937 800/834/1944 801/1333/1943
f 802/1334/1946 803/835/1945 804/836/1952 805/1335/1951
f 806/1336/1954 807/837/1953 808/838/1960 809/1337/1959
f 810/1338/1962 811/839/1961 812/840/1968 813/1339/1967
s off
f 814/1340/3422 815/841/3423 816/1571/3424
s 16
f 817/827/1918 818/844/1917 819/847/1982 820/1572/1981
s 18
f 821/1341/1980 822/845/1926 823/849/1925 824/1342/1985
f 825/1343/1988 826/850/1934 827/851/1933 828/1344/1989
f 829/1345/1992 830/852/1942 831/853/1941 832/1346/1993
f 833/1347/1996 834/854/1950 835/855/1949 836/1348/1997
f 837/1349/2000 838/856/1958 839/857/1957 840/1350/2001
f 841/1351/2004 842/858/1966 843/859/1965 844/1352/2005
s 16
f 845/1573/2014 846/1353/2013 847/860/1974 848/1574/1973
f 849/1575/2017 850/1576/3425 851/848/1984 852/868/1983 853/1389/2018
s 27
f 854/870/3426 855/1390/2031 856/869/2030 857/871/3427 858/1549/3428
s 29
f 859/1550/3429 860/872/3430 861/873/2047 862/875/2046 863/1561/3431
f 864/876/3432 865/1392/2049 866/874/2048 867/877/3433 868/1547/3434
s 30
f 869/1548/3435 870/878/3436 871/879/2069 872/881/2068 873/1559/3437
f 874/882/3438 875/1394/2071 876/880/2070 877/883/3439 878/1551/3440
s 31
f 879/1552/3441 880/884/3442 881/885/2091 882/887/2090 883/1553/3443
s 16
f 884/1396/2098 885/886/2016 886/1577/2015 887/1578/3444 888/1397/2099
s 33
f 889/894/2109 890/895/2118 891/1579/2117 892/1580/2110
s off
f 893/897/3445 894/899/3446 895/1363/3447 896/900/3448 897/1555/3449
f 898/901/3450 899/902/3451 900/903/3452 901/1364/3453 902/898/3454
f 903/904/3455 904/906/3456 905/1365/3457 906/907/3458 907/1556/3459
f 908/908/3460 909/909/3461 910/910/3462 911/1366/3463 912/905/3464
f 913/911/3465 914/913/3466 915/1367/3467 916/914/3468 917/1558/3469
f 918/915/3470 919/916/3471 920/917/3472 921/1368/3473 922/912/3474
s 33
f 923/1398/2187 924/919/2192 925/1369/2191 926/918/2188
f 927/1581/2195 928/896/2120 929/922/2119 930/1418/2196
s 50
f 931/924/2210 932/1419/2209 933/923/3475 934/925/2214 935/1516/2213
f 936/1517/2216 937/926/2215 938/927/2222 939/1518/2221
f 940/1519/2224 941/928/2223 942/929/2230 943/1520/2229
f 944/1521/2232 945/930/2231 946/931/2238 947/1522/2237
f 948/1523/2240 949/932/2239 950/933/2246 951/1524/2245
f 952/1525/2248 953/934/2247 954/935/3476 955/937/2257 956/1541/2256
s 33
f 957/1421/2260 958/936/2194 959/1582/2193 960/1583/2261
s 49
f 961/1543/2208 962/942/2207 963/944/3477 964/945/2278 965/1546/2277
s 7
f 966/946/2219 967/948/2281 968/1374/2273 969/943/2220
f 970/949/2227 971/951/2285 972/1375/2282 973/947/2228
f 974/952/2235 975/954/2289 976/1376/2286 977/950/2236
f 978/955/2243 979/957/2293 980/1377/2290 981/953/2244
s 55
f 982/959/2303 983/960/2302 984/1378/3478 985/956/2252 986/958/2251
s 4
f 987/962/2314 988/1527/2313 989/963/3479 990/1532/1828 991/961/1827
s 7
f 992/965/1842 993/964/2284 994/966/2283 995/1531/1843
f 996/968/1854 997/967/2288 998/969/2287 999/1530/1855
f 1000/971/1866 1001/970/2292 1002/972/2291 1003/1529/1867
f 1004/974/1878 1005/973/2297 1006/975/2296 1007/1528/1879
s 12
f 1008/1536/1891 1009/977/1890 1010/976/3480 1011/978/2324 1012/1539/2323
s 57
f 1013/979/2328 1014/1384/2327 1015/921/3481 1016/1584/2332 1017/1585/2331
s 58
f 1018/1586/2336 1019/941/2335 1020/940/3482 1021/984/2340 1022/1526/2339
s 57
f 1023/987/2344 1024/1587/2343 1025/843/3483 1026/981/2330 1027/980/2329
s 58
f 1028/986/2342 1029/985/2341 1030/863/3484 1031/1588/2348 1032/1537/2347
s 16
f 1033/989/2351 1034/1391/2020 1035/991/2019 1036/1400/2352
s 28
f 1037/995/2368 1038/996/2367 1039/1401/3485 1040/992/2039 1041/993/2038
s 36
f 1042/994/2131 1043/997/2130 1044/999/3486 1045/1000/2382 1046/1557/2381
s 33
f 1047/1402/2385 1048/998/2112 1049/990/2111 1050/1001/2386
s 60
f 1051/1562/3487 1052/1005/3488 1053/1007/2393 1054/1404/2397 1055/1002/3489
s 34
f 1056/1003/3490 1057/1008/3491 1058/1009/2400 1059/1393/2135 1060/1004/2134
s 60
f 1061/1013/3492 1062/1014/2413 1063/1406/2396 1064/1006/3493 1065/1011/3494
s 34
f 1066/1012/2153 1067/1010/2152 1068/1015/2404 1069/1016/2420 1070/1563/2419
s 60
f 1071/1560/3495 1072/1020/3496 1073/1022/2427 1074/1408/2431 1075/1017/3497
s 34
f 1076/1018/2422 1077/1023/2421 1078/1024/2434 1079/1395/2157 1080/1019/2156
s 60
f 1081/1028/3498 1082/1029/2447 1083/1410/2430 1084/1021/3499 1085/1026/3500
s 34
f 1086/1027/2175 1087/1025/2174 1088/1030/2438 1089/1031/3501 1090/1564/3502
s 32
f 1091/1554/2097 1092/1035/2096 1093/1037/3503 1094/1412/2446 1095/1032/2445
s 45
f 1096/1033/2456 1097/1038/2455 1098/1039/3504 1099/1399/2179 1100/1034/2178
s 16
f 1101/1414/2475 1102/1036/2101 1103/1041/2100 1104/1415/2476
s 33
f 1105/1416/2483 1106/1042/2190 1107/1040/2189 1108/1043/2484
s 16
f 1109/1403/2354 1110/1045/2353 1111/1354/2491
f 1112/1049/2494 1113/1355/2493 1114/1046/2492 1115/1047/2495
s 33
f 1116/1405/2502 1117/1052/2507 1118/1356/2506 1119/1050/2503
f 1120/1054/2508 1121/1053/2388 1122/1044/2387
s 16
f 1123/1057/2509 1124/1357/2497 1125/1048/2496 1126/1055/2510
s 33
f 1127/1407/2517 1128/1051/2505 1129/1058/2504 1130/1059/2518
s 16
f 1131/1063/2521 1132/1358/2512 1133/1056/2511 1134/1061/2522
s 33
f 1135/1409/2529 1136/1060/2520 1137/1064/2519 1138/1065/2530
s 16
f 1139/1069/2533 1140/1359/2524 1141/1062/2523 1142/1067/2534
s 33
f 1143/1411/2541 1144/1066/2532 1145/1070/2531 1146/1071/2542
s 16
f 1147/1075/2545 1148/1360/2536 1149/1068/2535 1150/1073/2546
s 33
f 1151/1413/2553 1152/1072/2544 1153/1076/2543 1154/1077/2554
s 16
f 1155/1081/2557 1156/1361/2548 1157/1074/2547 1158/1079/2558
s 33
f 1159/1417/2564 1160/1078/2556 1161/1082/2555 1162/1083/2565
s 16
f 1163/1362/2559 1164/1080/2478 1165/1085/2477
s 33
f 1166/1087/2566 1167/1086/2486 1168/1084/2485
f 1169/1088/2571 1170/1420/2198 1171/1090/2197 1172/1428/2572
s 50
f 1173/1094/2588 1174/1095/2587 1175/1429/3505 1176/1091/2212 1177/1092/2211
s 57
f 1178/1545/2334 1179/1089/2333 1180/1097/3506 1181/1098/2602 1182/1489/2601
s 50
f 1183/1100/2610 1184/1101/2609 1185/1431/2590 1186/1099/2589
s off
f 1187/1096/3507 1188/1102/3508 1189/1103/3509 1190/1104/3510 1191/1500/3511 1192/1093/3512
s 80
f 1193/1105/2628 1194/1106/2627 1195/1107/2634 1196/1499/2633
s 50
f 1197/1110/2642 1198/1111/2641 1199/1433/2612 1200/1108/2611
s 80
f 1201/1109/2636 1202/1112/2635 1203/1113/2654 1204/1498/2653
s 50
f 1205/1116/2662 1206/1117/2661 1207/1435/2644 1208/1114/2643
s 80
f 1209/1115/2656 1210/1118/2655 1211/1119/2674 1212/1497/2673
s 50
f 1213/1122/2682 1214/1123/2681 1215/1437/2664 1216/1120/2663
s 80
f 1217/1121/2676 1218/1124/2675 1219/1125/2694 1220/1496/2693
s 50
f 1221/1542/2259 1222/1129/2258 1223/1131/3513 1224/1439/2684 1225/1126/2683
s off
f 1226/1128/3514 1227/1127/3515 1228/1132/3516 1229/1133/3517 1230/1134/3518 1231/1540/3519
s 33
f 1232/1441/2720 1233/1130/2263 1234/1136/2262 1235/1442/2721
s 58
f 1236/1138/2729 1237/1139/2728 1238/1443/3520 1239/1137/2338 1240/1135/2337
s off
f 1241/1140/3521 1242/1142/3522 1243/1143/3523 1244/1444/3524 1245/1144/3525 1246/1534/3526
s 57
f 1247/1145/2604 1248/1147/2603 1249/1148/3527 1250/1426/2346 1251/1146/2345
s 58
f 1252/1538/2350 1253/1153/2349 1254/1155/3528 1255/1446/2731 1256/1150/2730
s off
f 1257/1152/3529 1258/1151/3530 1259/1156/3531 1260/1157/3532 1261/1158/3533 1262/1535/3534
s 5
f 1263/1141/1839 1264/1160/1838 1265/1162/3535 1266/1163/2789 1267/1495/2788
s 1
f 1268/1448/2792 1269/1161/1812 1270/1149/1811 1271/1164/2793
s 86
f 1272/1167/2801 1273/1168/2800 1274/1450/2742 1275/1165/2741
s 5
f 1276/1166/2791 1277/1169/2790 1278/1170/2813 1279/1494/2812
s 86
f 1280/1173/2821 1281/1174/2820 1282/1452/2803 1283/1171/2802
s 5
f 1284/1172/2815 1285/1175/2814 1286/1176/2833 1287/1493/2832
s 86
f 1288/1179/2841 1289/1180/2840 1290/1454/2823 1291/1177/2822
s 5
f 1292/1178/2835 1293/1181/2834 1294/1182/2853 1295/1492/2852
s 86
f 1296/1490/2776 1297/1185/2775 1298/1456/2843 1299/1183/2842
s 5
f 1300/1184/2855 1301/1186/2854 1302/1187/2869 1303/1491/2868
f 1304/1188/2871 1305/1189/2870 1306/1190/3536 1307/1427/1895 1308/1159/1894
s 14
f 1309/1460/2879 1310/1154/1906 1311/1191/1905 1312/1192/2880
s 33
f 1313/1193/2883 1314/1430/2574 1315/1195/2573 1316/1462/2884
s 94
f 1317/1197/2898 1318/1463/2897 1319/1196/3537 1320/1198/2902 1321/1502/2901
s off
f 1322/1515/3538 1323/1200/3539 1324/1432/3540 1325/1202/3541 1326/1204/3542 1327/1513/3543
s 96
f 1328/1205/2922 1329/1445/2921 1330/1194/3544 1331/1207/2926 1332/1514/2925
s 94
f 1333/1503/2904 1334/1199/2903 1335/1209/2934 1336/1472/2933
s 95
f 1337/1211/2938 1338/1434/2937 1339/1201/2912 1340/1208/2911
s 94
f 1341/1473/2936 1342/1210/2935 1343/1214/2946 1344/1474/2945
s 95
f 1345/1216/2950 1346/1436/2949 1347/1212/2940 1348/1213/2939
s 94
f 1349/1475/2948 1350/1215/2947 1351/1219/2958 1352/1476/2957
s 95
f 1353/1221/2962 1354/1438/2961 1355/1217/2952 1356/1218/2951
s 94
f 1357/1477/2960 1358/1220/2959 1359/1224/2970 1360/1480/2969
s 95
f 1361/1226/2974 1362/1440/2973 1363/1222/2964 1364/1223/2963
s 94
f 1365/1481/2972 1366/1225/2971 1367/1229/3545 1368/1231/2985 1369/1486/2984
s off
f 1370/1233/3546 1371/1234/3547 1372/1447/3548 1373/1227/3549 1374/1228/3550 1375/1232/3551
s 33
f 1376/1465/3000 1377/1230/2723 1378/1236/2722 1379/1466/3001
s 101
f 1380/1238/3008 1381/1467/3007 1382/1237/3552 1383/1239/3012 1384/1478/3011
s off
f 1385/1241/3553 1386/1501/3554 1387/1203/3555 1388/1243/3556 1389/1245/3557 1390/1511/3558
s 96
f 1391/1246/3032 1392/1247/3031 1393/1449/3559 1394/1206/2924 1395/1242/2923
s 101
f 1396/1479/3014 1397/1240/3013 1398/1250/3560 1399/1252/3046 1400/1483/3045
s off
f 1401/1253/3561 1402/1458/3562 1403/1235/3563 1404/1249/3564 1405/1255/3565 1406/1487/3566
s 105
f 1407/1256/3062 1408/1451/3061 1409/1258/3567 1410/1260/3069 1411/1512/3068
s 1
f 1412/1468/3072 1413/1259/2795 1414/1248/2794 1415/1261/3073
s 102
f 1416/1504/3026 1417/1244/3025 1418/1263/3081 1419/1505/3080
s 105
f 1420/1265/3085 1421/1453/3084 1422/1257/3064 1423/1262/3063
s 102
f 1424/1506/3083 1425/1264/3082 1426/1268/3093 1427/1507/3092
s 105
f 1428/1270/3097 1429/1455/3096 1430/1266/3087 1431/1267/3086
s 102
f 1432/1508/3095 1433/1269/3094 1434/1273/3105 1435/1509/3104
s 105
f 1436/1275/3109 1437/1457/3108 1438/1271/3099 1439/1272/3098
s 102
f 1440/1510/3107 1441/1274/3106 1442/1254/3056 1443/1277/3055
s 105
f 1444/1279/3117 1445/1459/3116 1446/1276/3111 1447/1278/3110
f 1448/1282/3121 1449/1283/3120 1450/1461/3568 1451/1281/3119 1452/1280/3118
s 14
f 1453/1470/3127 1454/1251/2882 1455/1284/2881 1456/1285/3128
s off
f 1457/1464/3569 1458/1287/3570 1459/1370/3571
f 1460/1371/3572 1461/1288/3573 1462/1289/3574
f 1463/1291/3575 1464/1372/3576 1465/1290/3577
f 1466/1293/3578 1467/1292/3579 1468/1286/3580
f 1469/1296/3581 1470/1485/3582 1471/1294/3583
f 1472/1297/3584 1473/1298/3585 1474/1484/3586
f 1475/1373/3587 1476/1295/3588 1477/1300/3589
f 1478/1302/3590 1479/1301/3591 1480/1299/3592
f 1481/1469/3593 1482/1304/3594 1483/1379/3595
f 1484/1306/3596 1485/1380/3597 1486/1305/3598
f 1487/1310/3599 1488/1482/3600 1489/1308/3601
f 1490/1311/3602 1491/1312/3603 1492/1488/3604
f 1493/1381/3605 1494/1307/3606 1495/1314/3607
f 1496/1316/3608 1497/1315/3609 1498/1303/3610
f 1499/1471/3611 1500/1313/3612 1501/1317/3613
f 1502/1318/3614 1503/1309/3615 1504/1319/3616
