# This file uses centimeters as units for non-parametric coordinates.

mtllib notepad.mtl
g default
v -0.018367 0.388909 4.059548
v -0.018367 0.000000 3.898457
v -0.018367 -0.388909 4.059548
v -0.018367 -0.550000 4.448457
v -0.018367 -0.388909 4.837366
v -0.018367 0.000000 4.998457
v -0.018367 0.388909 4.837366
v -0.018367 0.550000 4.448457
v -0.114785 0.413723 4.034734
v -0.114785 0.000000 3.863364
v -0.114785 -0.413723 4.034734
v -0.114785 -0.585093 4.448457
v -0.114785 -0.413723 4.862181
v -0.114785 0.000000 5.033550
v -0.114785 0.413723 4.862181
v -0.114785 0.585093 4.448457
v -0.166089 0.476557 3.971901
v -0.166089 0.000000 3.774505
v -0.166089 -0.476557 3.971901
v -0.166089 -0.673953 4.448457
v -0.166089 -0.476557 4.925014
v -0.166089 0.000000 5.122410
v -0.166089 0.476557 4.925014
v -0.166089 0.673953 4.448457
v -0.148271 0.548008 3.900450
v -0.148271 0.000000 3.673457
v -0.148271 -0.548008 3.900450
v -0.148271 -0.775000 4.448457
v -0.148271 -0.548008 4.996465
v -0.148271 0.000000 5.223457
v -0.148271 0.548008 4.996465
v -0.148271 0.775000 4.448457
v -0.069670 0.594644 3.853813
v -0.069670 0.000000 3.607503
v -0.069670 -0.594644 3.853813
v -0.069670 -0.840954 4.448457
v -0.069670 -0.594644 5.043101
v -0.069670 0.000000 5.289411
v -0.069670 0.594644 5.043101
v -0.069670 0.840954 4.448457
v 0.032936 0.594644 3.853813
v 0.032936 0.000000 3.607503
v 0.032936 -0.594644 3.853813
v 0.032936 -0.840954 4.448457
v 0.032936 -0.594644 5.043101
v 0.032936 0.000000 5.289411
v 0.032936 0.594644 5.043101
v 0.032936 0.840954 4.448457
v 0.111536 0.548008 3.900450
v 0.111536 0.000000 3.673457
v 0.111536 -0.548008 3.900450
v 0.111536 -0.775000 4.448457
v 0.111536 -0.548008 4.996465
v 0.111536 0.000000 5.223457
v 0.111536 0.548008 4.996465
v 0.111536 0.775000 4.448457
v 0.129354 0.476557 3.971901
v 0.129354 0.000000 3.774505
v 0.129354 -0.476557 3.971901
v 0.129354 -0.673953 4.448457
v 0.129354 -0.476557 4.925014
v 0.129354 0.000000 5.122410
v 0.129354 0.476557 4.925014
v 0.129354 0.673953 4.448457
v 0.078051 0.413723 4.034734
v 0.078051 0.000000 3.863364
v 0.078051 -0.413723 4.034734
v 0.078051 -0.585093 4.448457
v 0.078051 -0.413723 4.862181
v 0.078051 0.000000 5.033550
v 0.078051 0.413723 4.862181
v 0.078051 0.585093 4.448457
v -0.490858 0.388909 4.059548
v -0.490858 0.000000 3.898457
v -0.490858 -0.388909 4.059548
v -0.490858 -0.550000 4.448457
v -0.490858 -0.388909 4.837366
v -0.490858 0.000000 4.998457
v -0.490858 0.388909 4.837366
v -0.490858 0.550000 4.448457
v -0.587276 0.413723 4.034734
v -0.587276 0.000000 3.863364
v -0.587276 -0.413723 4.034734
v -0.587276 -0.585093 4.448457
v -0.587276 -0.413723 4.862181
v -0.587276 0.000000 5.033550
v -0.587276 0.413723 4.862181
v -0.587276 0.585093 4.448457
v -0.638579 0.476557 3.971901
v -0.638579 0.000000 3.774505
v -0.638579 -0.476557 3.971901
v -0.638579 -0.673953 4.448457
v -0.638579 -0.476557 4.925014
v -0.638579 0.000000 5.122410
v -0.638579 0.476557 4.925014
v -0.638579 0.673953 4.448457
v -0.620762 0.548008 3.900450
v -0.620762 0.000000 3.673457
v -0.620762 -0.548008 3.900450
v -0.620762 -0.775000 4.448457
v -0.620762 -0.548008 4.996465
v -0.620762 0.000000 5.223457
v -0.620762 0.548008 4.996465
v -0.620762 0.775000 4.448457
v -0.542161 0.594644 3.853813
v -0.542161 0.000000 3.607503
v -0.542161 -0.594644 3.853813
v -0.542161 -0.840954 4.448457
v -0.542161 -0.594644 5.043101
v -0.542161 0.000000 5.289411
v -0.542161 0.594644 5.043101
v -0.542161 0.840954 4.448457
v -0.439555 0.594644 3.853813
v -0.439555 0.000000 3.607503
v -0.439555 -0.594644 3.853813
v -0.439555 -0.840954 4.448457
v -0.439555 -0.594644 5.043101
v -0.439555 0.000000 5.289411
v -0.439555 0.594644 5.043101
v -0.439555 0.840954 4.448457
v -0.360954 0.548008 3.900450
v -0.360954 0.000000 3.673457
v -0.360954 -0.548008 3.900450
v -0.360954 -0.775000 4.448457
v -0.360954 -0.548008 4.996465
v -0.360954 0.000000 5.223457
v -0.360954 0.548008 4.996465
v -0.360954 0.775000 4.448457
v -0.343137 0.476557 3.971901
v -0.343137 0.000000 3.774505
v -0.343137 -0.476557 3.971901
v -0.343137 -0.673953 4.448457
v -0.343137 -0.476557 4.925014
v -0.343137 0.000000 5.122410
v -0.343137 0.476557 4.925014
v -0.343137 0.673953 4.448457
v -0.394440 0.413723 4.034734
v -0.394440 0.000000 3.863364
v -0.394440 -0.413723 4.034734
v -0.394440 -0.585093 4.448457
v -0.394440 -0.413723 4.862181
v -0.394440 0.000000 5.033550
v -0.394440 0.413723 4.862181
v -0.394440 0.585093 4.448457
v -2.832562 -0.493526 4.354974
v -2.832562 -0.444178 4.404322
v -2.881909 -0.444178 4.354974
v 2.881909 -0.444178 4.354974
v 2.832562 -0.444178 4.404322
v 2.832562 -0.493526 4.354974
v -2.881909 0.444178 4.354974
v -2.832562 0.444178 4.404322
v -2.832562 0.493526 4.354974
v 2.832562 0.493526 4.354974
v 2.832562 0.444178 4.404322
v 2.881909 0.444178 4.354974
v -2.881909 0.444178 -4.354974
v -2.832562 0.493526 -4.354974
v -2.832562 0.444178 -4.404322
v 2.832562 0.444178 -4.404322
v 2.832562 0.493526 -4.354974
v 2.881909 0.444178 -4.354974
v -2.881909 -0.444178 -4.354974
v -2.832562 -0.444178 -4.404322
v -2.832562 -0.493526 -4.354974
v 2.832562 -0.493526 -4.354974
v 2.832562 -0.444178 -4.404322
v 2.881909 -0.444178 -4.354974
v 0.407583 0.388909 4.059548
v 0.407583 0.000000 3.898457
v 0.407583 -0.388909 4.059548
v 0.407583 -0.550000 4.448457
v 0.407583 -0.388909 4.837366
v 0.407583 0.000000 4.998457
v 0.407583 0.388909 4.837366
v 0.407583 0.550000 4.448457
v 0.311165 0.413723 4.034734
v 0.311165 0.000000 3.863364
v 0.311165 -0.413723 4.034734
v 0.311165 -0.585093 4.448457
v 0.311165 -0.413723 4.862181
v 0.311165 0.000000 5.033550
v 0.311165 0.413723 4.862181
v 0.311165 0.585093 4.448457
v 0.259861 0.476557 3.971901
v 0.259861 0.000000 3.774505
v 0.259861 -0.476557 3.971901
v 0.259861 -0.673953 4.448457
v 0.259861 -0.476557 4.925014
v 0.259861 0.000000 5.122410
v 0.259861 0.476557 4.925014
v 0.259861 0.673953 4.448457
v 0.277679 0.548008 3.900450
v 0.277679 0.000000 3.673457
v 0.277679 -0.548008 3.900450
v 0.277679 -0.775000 4.448457
v 0.277679 -0.548008 4.996465
v 0.277679 0.000000 5.223457
v 0.277679 0.548008 4.996465
v 0.277679 0.775000 4.448457
v 0.356280 0.594644 3.853813
v 0.356280 0.000000 3.607503
v 0.356280 -0.594644 3.853813
v 0.356280 -0.840954 4.448457
v 0.356280 -0.594644 5.043101
v 0.356280 0.000000 5.289411
v 0.356280 0.594644 5.043101
v 0.356280 0.840954 4.448457
v 0.458886 0.594644 3.853813
v 0.458886 0.000000 3.607503
v 0.458886 -0.594644 3.853813
v 0.458886 -0.840954 4.448457
v 0.458886 -0.594644 5.043101
v 0.458886 0.000000 5.289411
v 0.458886 0.594644 5.043101
v 0.458886 0.840954 4.448457
v 0.537486 0.548008 3.900450
v 0.537486 0.000000 3.673457
v 0.537486 -0.548008 3.900450
v 0.537486 -0.775000 4.448457
v 0.537486 -0.548008 4.996465
v 0.537486 0.000000 5.223457
v 0.537486 0.548008 4.996465
v 0.537486 0.775000 4.448457
v 0.555304 0.476557 3.971901
v 0.555304 0.000000 3.774505
v 0.555304 -0.476557 3.971901
v 0.555304 -0.673953 4.448457
v 0.555304 -0.476557 4.925014
v 0.555304 0.000000 5.122410
v 0.555304 0.476557 4.925014
v 0.555304 0.673953 4.448457
v 0.504001 0.413723 4.034734
v 0.504001 0.000000 3.863364
v 0.504001 -0.413723 4.034734
v 0.504001 -0.585093 4.448457
v 0.504001 -0.413723 4.862181
v 0.504001 0.000000 5.033550
v 0.504001 0.413723 4.862181
v 0.504001 0.585093 4.448457
v 2.003938 0.388909 4.059548
v 2.003938 0.000000 3.898457
v 2.003938 -0.388909 4.059548
v 2.003938 -0.550000 4.448457
v 2.003938 -0.388909 4.837366
v 2.003938 0.000000 4.998457
v 2.003938 0.388909 4.837366
v 2.003938 0.550000 4.448457
v 1.907519 0.413723 4.034734
v 1.907519 0.000000 3.863364
v 1.907519 -0.413723 4.034734
v 1.907519 -0.585093 4.448457
v 1.907519 -0.413723 4.862181
v 1.907519 0.000000 5.033550
v 1.907519 0.413723 4.862181
v 1.907519 0.585093 4.448457
v 1.856216 0.476557 3.971901
v 1.856216 0.000000 3.774505
v 1.856216 -0.476557 3.971901
v 1.856216 -0.673953 4.448457
v 1.856216 -0.476557 4.925014
v 1.856216 0.000000 5.122410
v 1.856216 0.476557 4.925014
v 1.856216 0.673953 4.448457
v 1.874034 0.548008 3.900450
v 1.874034 0.000000 3.673457
v 1.874034 -0.548008 3.900450
v 1.874034 -0.775000 4.448457
v 1.874034 -0.548008 4.996465
v 1.874034 0.000000 5.223457
v 1.874034 0.548008 4.996465
v 1.874034 0.775000 4.448457
v 1.952635 0.594644 3.853813
v 1.952635 0.000000 3.607503
v 1.952635 -0.594644 3.853813
v 1.952635 -0.840954 4.448457
v 1.952635 -0.594644 5.043101
v 1.952635 0.000000 5.289411
v 1.952635 0.594644 5.043101
v 1.952635 0.840954 4.448457
v 2.055241 0.594644 3.853813
v 2.055241 0.000000 3.607503
v 2.055241 -0.594644 3.853813
v 2.055241 -0.840954 4.448457
v 2.055241 -0.594644 5.043101
v 2.055241 0.000000 5.289411
v 2.055241 0.594644 5.043101
v 2.055241 0.840954 4.448457
v 2.133842 0.548008 3.900450
v 2.133842 0.000000 3.673457
v 2.133842 -0.548008 3.900450
v 2.133842 -0.775000 4.448457
v 2.133842 -0.548008 4.996465
v 2.133842 0.000000 5.223457
v 2.133842 0.548008 4.996465
v 2.133842 0.775000 4.448457
v 2.151659 0.476557 3.971901
v 2.151659 0.000000 3.774505
v 2.151659 -0.476557 3.971901
v 2.151659 -0.673953 4.448457
v 2.151659 -0.476557 4.925014
v 2.151659 0.000000 5.122410
v 2.151659 0.476557 4.925014
v 2.151659 0.673953 4.448457
v 2.100356 0.413723 4.034734
v 2.100356 0.000000 3.863364
v 2.100356 -0.413723 4.034734
v 2.100356 -0.585093 4.448457
v 2.100356 -0.413723 4.862181
v 2.100356 0.000000 5.033550
v 2.100356 0.413723 4.862181
v 2.100356 0.585093 4.448457
v 1.205499 0.388909 4.059548
v 1.205499 0.000000 3.898457
v 1.205499 -0.388909 4.059548
v 1.205499 -0.550000 4.448457
v 1.205499 -0.388909 4.837366
v 1.205499 0.000000 4.998457
v 1.205499 0.388909 4.837366
v 1.205499 0.550000 4.448457
v 1.109081 0.413723 4.034734
v 1.109081 0.000000 3.863364
v 1.109081 -0.413723 4.034734
v 1.109081 -0.585093 4.448457
v 1.109081 -0.413723 4.862181
v 1.109081 0.000000 5.033550
v 1.109081 0.413723 4.862181
v 1.109081 0.585093 4.448457
v 1.057778 0.476557 3.971901
v 1.057778 0.000000 3.774505
v 1.057778 -0.476557 3.971901
v 1.057778 -0.673953 4.448457
v 1.057778 -0.476557 4.925014
v 1.057778 0.000000 5.122410
v 1.057778 0.476557 4.925014
v 1.057778 0.673953 4.448457
v 1.075595 0.548008 3.900450
v 1.075595 0.000000 3.673457
v 1.075595 -0.548008 3.900450
v 1.075595 -0.775000 4.448457
v 1.075595 -0.548008 4.996465
v 1.075595 0.000000 5.223457
v 1.075595 0.548008 4.996465
v 1.075595 0.775000 4.448457
v 1.154196 0.594644 3.853813
v 1.154196 0.000000 3.607503
v 1.154196 -0.594644 3.853813
v 1.154196 -0.840954 4.448457
v 1.154196 -0.594644 5.043101
v 1.154196 0.000000 5.289411
v 1.154196 0.594644 5.043101
v 1.154196 0.840954 4.448457
v 1.256802 0.594644 3.853813
v 1.256802 0.000000 3.607503
v 1.256802 -0.594644 3.853813
v 1.256802 -0.840954 4.448457
v 1.256802 -0.594644 5.043101
v 1.256802 0.000000 5.289411
v 1.256802 0.594644 5.043101
v 1.256802 0.840954 4.448457
v 1.335403 0.548008 3.900450
v 1.335403 0.000000 3.673457
v 1.335403 -0.548008 3.900450
v 1.335403 -0.775000 4.448457
v 1.335403 -0.548008 4.996465
v 1.335403 0.000000 5.223457
v 1.335403 0.548008 4.996465
v 1.335403 0.775000 4.448457
v 1.353220 0.476557 3.971901
v 1.353220 0.000000 3.774505
v 1.353220 -0.476557 3.971901
v 1.353220 -0.673953 4.448457
v 1.353220 -0.476557 4.925014
v 1.353220 0.000000 5.122410
v 1.353220 0.476557 4.925014
v 1.353220 0.673953 4.448457
v 1.301917 0.413723 4.034734
v 1.301917 0.000000 3.863364
v 1.301917 -0.413723 4.034734
v 1.301917 -0.585093 4.448457
v 1.301917 -0.413723 4.862181
v 1.301917 0.000000 5.033550
v 1.301917 0.413723 4.862181
v 1.301917 0.585093 4.448457
v 0.815094 0.388909 4.059548
v 0.815094 0.000000 3.898457
v 0.815094 -0.388909 4.059548
v 0.815094 -0.550000 4.448457
v 0.815094 -0.388909 4.837366
v 0.815094 0.000000 4.998457
v 0.815094 0.388909 4.837366
v 0.815094 0.550000 4.448457
v 0.718676 0.413723 4.034734
v 0.718676 0.000000 3.863364
v 0.718676 -0.413723 4.034734
v 0.718676 -0.585093 4.448457
v 0.718676 -0.413723 4.862181
v 0.718676 0.000000 5.033550
v 0.718676 0.413723 4.862181
v 0.718676 0.585093 4.448457
v 0.667373 0.476557 3.971901
v 0.667373 0.000000 3.774505
v 0.667373 -0.476557 3.971901
v 0.667373 -0.673953 4.448457
v 0.667373 -0.476557 4.925014
v 0.667373 0.000000 5.122410
v 0.667373 0.476557 4.925014
v 0.667373 0.673953 4.448457
v 0.685191 0.548008 3.900450
v 0.685191 0.000000 3.673457
v 0.685191 -0.548008 3.900450
v 0.685191 -0.775000 4.448457
v 0.685191 -0.548008 4.996465
v 0.685191 0.000000 5.223457
v 0.685191 0.548008 4.996465
v 0.685191 0.775000 4.448457
v 0.763791 0.594644 3.853813
v 0.763791 0.000000 3.607503
v 0.763791 -0.594644 3.853813
v 0.763791 -0.840954 4.448457
v 0.763791 -0.594644 5.043101
v 0.763791 0.000000 5.289411
v 0.763791 0.594644 5.043101
v 0.763791 0.840954 4.448457
v 0.866397 0.594644 3.853813
v 0.866397 0.000000 3.607503
v 0.866397 -0.594644 3.853813
v 0.866397 -0.840954 4.448457
v 0.866397 -0.594644 5.043101
v 0.866397 0.000000 5.289411
v 0.866397 0.594644 5.043101
v 0.866397 0.840954 4.448457
v 0.944998 0.548008 3.900450
v 0.944998 0.000000 3.673457
v 0.944998 -0.548008 3.900450
v 0.944998 -0.775000 4.448457
v 0.944998 -0.548008 4.996465
v 0.944998 0.000000 5.223457
v 0.944998 0.548008 4.996465
v 0.944998 0.775000 4.448457
v 0.962816 0.476557 3.971901
v 0.962816 0.000000 3.774505
v 0.962816 -0.476557 3.971901
v 0.962816 -0.673953 4.448457
v 0.962816 -0.476557 4.925014
v 0.962816 0.000000 5.122410
v 0.962816 0.476557 4.925014
v 0.962816 0.673953 4.448457
v 0.911513 0.413723 4.034734
v 0.911513 0.000000 3.863364
v 0.911513 -0.413723 4.034734
v 0.911513 -0.585093 4.448457
v 0.911513 -0.413723 4.862181
v 0.911513 0.000000 5.033550
v 0.911513 0.413723 4.862181
v 0.911513 0.585093 4.448457
v 1.612597 0.388909 4.059548
v 1.612597 0.000000 3.898457
v 1.612597 -0.388909 4.059548
v 1.612597 -0.550000 4.448457
v 1.612597 -0.388909 4.837366
v 1.612597 0.000000 4.998457
v 1.612597 0.388909 4.837366
v 1.612597 0.550000 4.448457
v 1.516179 0.413723 4.034734
v 1.516179 0.000000 3.863364
v 1.516179 -0.413723 4.034734
v 1.516179 -0.585093 4.448457
v 1.516179 -0.413723 4.862181
v 1.516179 0.000000 5.033550
v 1.516179 0.413723 4.862181
v 1.516179 0.585093 4.448457
v 1.464876 0.476557 3.971901
v 1.464876 0.000000 3.774505
v 1.464876 -0.476557 3.971901
v 1.464876 -0.673953 4.448457
v 1.464876 -0.476557 4.925014
v 1.464876 0.000000 5.122410
v 1.464876 0.476557 4.925014
v 1.464876 0.673953 4.448457
v 1.482693 0.548008 3.900450
v 1.482693 0.000000 3.673457
v 1.482693 -0.548008 3.900450
v 1.482693 -0.775000 4.448457
v 1.482693 -0.548008 4.996465
v 1.482693 0.000000 5.223457
v 1.482693 0.548008 4.996465
v 1.482693 0.775000 4.448457
v 1.561294 0.594644 3.853813
v 1.561294 0.000000 3.607503
v 1.561294 -0.594644 3.853813
v 1.561294 -0.840954 4.448457
v 1.561294 -0.594644 5.043101
v 1.561294 0.000000 5.289411
v 1.561294 0.594644 5.043101
v 1.561294 0.840954 4.448457
v 1.663900 0.594644 3.853813
v 1.663900 0.000000 3.607503
v 1.663900 -0.594644 3.853813
v 1.663900 -0.840954 4.448457
v 1.663900 -0.594644 5.043101
v 1.663900 0.000000 5.289411
v 1.663900 0.594644 5.043101
v 1.663900 0.840954 4.448457
v 1.742501 0.548008 3.900450
v 1.742501 0.000000 3.673457
v 1.742501 -0.548008 3.900450
v 1.742501 -0.775000 4.448457
v 1.742501 -0.548008 4.996465
v 1.742501 0.000000 5.223457
v 1.742501 0.548008 4.996465
v 1.742501 0.775000 4.448457
v 1.760318 0.476557 3.971901
v 1.760318 0.000000 3.774505
v 1.760318 -0.476557 3.971901
v 1.760318 -0.673953 4.448457
v 1.760318 -0.476557 4.925014
v 1.760318 0.000000 5.122410
v 1.760318 0.476557 4.925014
v 1.760318 0.673953 4.448457
v 1.709015 0.413723 4.034734
v 1.709015 0.000000 3.863364
v 1.709015 -0.413723 4.034734
v 1.709015 -0.585093 4.448457
v 1.709015 -0.413723 4.862181
v 1.709015 0.000000 5.033550
v 1.709015 0.413723 4.862181
v 1.709015 0.585093 4.448457
v 2.460502 0.388909 4.059548
v 2.460502 0.000000 3.898457
v 2.460502 -0.388909 4.059548
v 2.460502 -0.550000 4.448457
v 2.460502 -0.388909 4.837366
v 2.460502 0.000000 4.998457
v 2.460502 0.388909 4.837366
v 2.460502 0.550000 4.448457
v 2.364084 0.413723 4.034734
v 2.364084 0.000000 3.863364
v 2.364084 -0.413723 4.034734
v 2.364084 -0.585093 4.448457
v 2.364084 -0.413723 4.862181
v 2.364084 0.000000 5.033550
v 2.364084 0.413723 4.862181
v 2.364084 0.585093 4.448457
v 2.312780 0.476557 3.971901
v 2.312780 0.000000 3.774505
v 2.312780 -0.476557 3.971901
v 2.312780 -0.673953 4.448457
v 2.312780 -0.476557 4.925014
v 2.312780 0.000000 5.122410
v 2.312780 0.476557 4.925014
v 2.312780 0.673953 4.448457
v 2.330598 0.548008 3.900450
v 2.330598 0.000000 3.673457
v 2.330598 -0.548008 3.900450
v 2.330598 -0.775000 4.448457
v 2.330598 -0.548008 4.996465
v 2.330598 0.000000 5.223457
v 2.330598 0.548008 4.996465
v 2.330598 0.775000 4.448457
v 2.409199 0.594644 3.853813
v 2.409199 0.000000 3.607503
v 2.409199 -0.594644 3.853813
v 2.409199 -0.840954 4.448457
v 2.409199 -0.594644 5.043101
v 2.409199 0.000000 5.289411
v 2.409199 0.594644 5.043101
v 2.409199 0.840954 4.448457
v 2.511805 0.594644 3.853813
v 2.511805 0.000000 3.607503
v 2.511805 -0.594644 3.853813
v 2.511805 -0.840954 4.448457
v 2.511805 -0.594644 5.043101
v 2.511805 0.000000 5.289411
v 2.511805 0.594644 5.043101
v 2.511805 0.840954 4.448457
v 2.590405 0.548008 3.900450
v 2.590405 0.000000 3.673457
v 2.590405 -0.548008 3.900450
v 2.590405 -0.775000 4.448457
v 2.590405 -0.548008 4.996465
v 2.590405 0.000000 5.223457
v 2.590405 0.548008 4.996465
v 2.590405 0.775000 4.448457
v 2.608223 0.476557 3.971901
v 2.608223 0.000000 3.774505
v 2.608223 -0.476557 3.971901
v 2.608223 -0.673953 4.448457
v 2.608223 -0.476557 4.925014
v 2.608223 0.000000 5.122410
v 2.608223 0.476557 4.925014
v 2.608223 0.673953 4.448457
v 2.556920 0.413723 4.034734
v 2.556920 0.000000 3.863364
v 2.556920 -0.413723 4.034734
v 2.556920 -0.585093 4.448457
v 2.556920 -0.413723 4.862181
v 2.556920 0.000000 5.033550
v 2.556920 0.413723 4.862181
v 2.556920 0.585093 4.448457
v -1.338763 0.388909 4.059548
v -1.338763 0.000000 3.898457
v -1.338763 -0.388909 4.059548
v -1.338763 -0.550000 4.448457
v -1.338763 -0.388909 4.837366
v -1.338763 0.000000 4.998457
v -1.338763 0.388909 4.837366
v -1.338763 0.550000 4.448457
v -1.435181 0.413723 4.034734
v -1.435181 0.000000 3.863364
v -1.435181 -0.413723 4.034734
v -1.435181 -0.585093 4.448457
v -1.435181 -0.413723 4.862181
v -1.435181 0.000000 5.033550
v -1.435181 0.413723 4.862181
v -1.435181 0.585093 4.448457
v -1.486484 0.476557 3.971901
v -1.486484 0.000000 3.774505
v -1.486484 -0.476557 3.971901
v -1.486484 -0.673953 4.448457
v -1.486484 -0.476557 4.925014
v -1.486484 0.000000 5.122410
v -1.486484 0.476557 4.925014
v -1.486484 0.673953 4.448457
v -1.468667 0.548008 3.900450
v -1.468667 0.000000 3.673457
v -1.468667 -0.548008 3.900450
v -1.468667 -0.775000 4.448457
v -1.468667 -0.548008 4.996465
v -1.468667 0.000000 5.223457
v -1.468667 0.548008 4.996465
v -1.468667 0.775000 4.448457
v -1.390066 0.594644 3.853813
v -1.390066 0.000000 3.607503
v -1.390066 -0.594644 3.853813
v -1.390066 -0.840954 4.448457
v -1.390066 -0.594644 5.043101
v -1.390066 0.000000 5.289411
v -1.390066 0.594644 5.043101
v -1.390066 0.840954 4.448457
v -1.287460 0.594644 3.853813
v -1.287460 0.000000 3.607503
v -1.287460 -0.594644 3.853813
v -1.287460 -0.840954 4.448457
v -1.287460 -0.594644 5.043101
v -1.287460 0.000000 5.289411
v -1.287460 0.594644 5.043101
v -1.287460 0.840954 4.448457
v -1.208859 0.548008 3.900450
v -1.208859 0.000000 3.673457
v -1.208859 -0.548008 3.900450
v -1.208859 -0.775000 4.448457
v -1.208859 -0.548008 4.996465
v -1.208859 0.000000 5.223457
v -1.208859 0.548008 4.996465
v -1.208859 0.775000 4.448457
v -1.191042 0.476557 3.971901
v -1.191042 0.000000 3.774505
v -1.191042 -0.476557 3.971901
v -1.191042 -0.673953 4.448457
v -1.191042 -0.476557 4.925014
v -1.191042 0.000000 5.122410
v -1.191042 0.476557 4.925014
v -1.191042 0.673953 4.448457
v -1.242345 0.413723 4.034734
v -1.242345 0.000000 3.863364
v -1.242345 -0.413723 4.034734
v -1.242345 -0.585093 4.448457
v -1.242345 -0.413723 4.862181
v -1.242345 0.000000 5.033550
v -1.242345 0.413723 4.862181
v -1.242345 0.585093 4.448457
v -2.136266 0.388909 4.059548
v -2.136266 0.000000 3.898457
v -2.136266 -0.388909 4.059548
v -2.136266 -0.550000 4.448457
v -2.136266 -0.388909 4.837366
v -2.136266 0.000000 4.998457
v -2.136266 0.388909 4.837366
v -2.136266 0.550000 4.448457
v -2.232684 0.413723 4.034734
v -2.232684 0.000000 3.863364
v -2.232684 -0.413723 4.034734
v -2.232684 -0.585093 4.448457
v -2.232684 -0.413723 4.862181
v -2.232684 0.000000 5.033550
v -2.232684 0.413723 4.862181
v -2.232684 0.585093 4.448457
v -2.283987 0.476557 3.971901
v -2.283987 0.000000 3.774505
v -2.283987 -0.476557 3.971901
v -2.283987 -0.673953 4.448457
v -2.283987 -0.476557 4.925014
v -2.283987 0.000000 5.122410
v -2.283987 0.476557 4.925014
v -2.283987 0.673953 4.448457
v -2.266169 0.548008 3.900450
v -2.266169 0.000000 3.673457
v -2.266169 -0.548008 3.900450
v -2.266169 -0.775000 4.448457
v -2.266169 -0.548008 4.996465
v -2.266169 0.000000 5.223457
v -2.266169 0.548008 4.996465
v -2.266169 0.775000 4.448457
v -2.187569 0.594644 3.853813
v -2.187569 0.000000 3.607503
v -2.187569 -0.594644 3.853813
v -2.187569 -0.840954 4.448457
v -2.187569 -0.594644 5.043101
v -2.187569 0.000000 5.289411
v -2.187569 0.594644 5.043101
v -2.187569 0.840954 4.448457
v -2.084963 0.594644 3.853813
v -2.084963 0.000000 3.607503
v -2.084963 -0.594644 3.853813
v -2.084963 -0.840954 4.448457
v -2.084963 -0.594644 5.043101
v -2.084963 0.000000 5.289411
v -2.084963 0.594644 5.043101
v -2.084963 0.840954 4.448457
v -2.006362 0.548008 3.900450
v -2.006362 0.000000 3.673457
v -2.006362 -0.548008 3.900450
v -2.006362 -0.775000 4.448457
v -2.006362 -0.548008 4.996465
v -2.006362 0.000000 5.223457
v -2.006362 0.548008 4.996465
v -2.006362 0.775000 4.448457
v -1.988544 0.476557 3.971901
v -1.988544 0.000000 3.774505
v -1.988544 -0.476557 3.971901
v -1.988544 -0.673953 4.448457
v -1.988544 -0.476557 4.925014
v -1.988544 0.000000 5.122410
v -1.988544 0.476557 4.925014
v -1.988544 0.673953 4.448457
v -2.039847 0.413723 4.034734
v -2.039847 0.000000 3.863364
v -2.039847 -0.413723 4.034734
v -2.039847 -0.585093 4.448457
v -2.039847 -0.413723 4.862181
v -2.039847 0.000000 5.033550
v -2.039847 0.413723 4.862181
v -2.039847 0.585093 4.448457
v -2.543777 0.388909 4.059548
v -2.543777 0.000000 3.898457
v -2.543777 -0.388909 4.059548
v -2.543777 -0.550000 4.448457
v -2.543777 -0.388909 4.837366
v -2.543777 0.000000 4.998457
v -2.543777 0.388909 4.837366
v -2.543777 0.550000 4.448457
v -2.640195 0.413723 4.034734
v -2.640195 0.000000 3.863364
v -2.640195 -0.413723 4.034734
v -2.640195 -0.585093 4.448457
v -2.640195 -0.413723 4.862181
v -2.640195 0.000000 5.033550
v -2.640195 0.413723 4.862181
v -2.640195 0.585093 4.448457
v -2.691499 0.476557 3.971901
v -2.691499 0.000000 3.774505
v -2.691499 -0.476557 3.971901
v -2.691499 -0.673953 4.448457
v -2.691499 -0.476557 4.925014
v -2.691499 0.000000 5.122410
v -2.691499 0.476557 4.925014
v -2.691499 0.673953 4.448457
v -2.673681 0.548008 3.900450
v -2.673681 0.000000 3.673457
v -2.673681 -0.548008 3.900450
v -2.673681 -0.775000 4.448457
v -2.673681 -0.548008 4.996465
v -2.673681 0.000000 5.223457
v -2.673681 0.548008 4.996465
v -2.673681 0.775000 4.448457
v -2.595080 0.594644 3.853813
v -2.595080 0.000000 3.607503
v -2.595080 -0.594644 3.853813
v -2.595080 -0.840954 4.448457
v -2.595080 -0.594644 5.043101
v -2.595080 0.000000 5.289411
v -2.595080 0.594644 5.043101
v -2.595080 0.840954 4.448457
v -2.492474 0.594644 3.853813
v -2.492474 0.000000 3.607503
v -2.492474 -0.594644 3.853813
v -2.492474 -0.840954 4.448457
v -2.492474 -0.594644 5.043101
v -2.492474 0.000000 5.289411
v -2.492474 0.594644 5.043101
v -2.492474 0.840954 4.448457
v -2.413873 0.548008 3.900450
v -2.413873 0.000000 3.673457
v -2.413873 -0.548008 3.900450
v -2.413873 -0.775000 4.448457
v -2.413873 -0.548008 4.996465
v -2.413873 0.000000 5.223457
v -2.413873 0.548008 4.996465
v -2.413873 0.775000 4.448457
v -2.396056 0.476557 3.971901
v -2.396056 0.000000 3.774505
v -2.396056 -0.476557 3.971901
v -2.396056 -0.673953 4.448457
v -2.396056 -0.476557 4.925014
v -2.396056 0.000000 5.122410
v -2.396056 0.476557 4.925014
v -2.396056 0.673953 4.448457
v -2.447359 0.413723 4.034734
v -2.447359 0.000000 3.863364
v -2.447359 -0.413723 4.034734
v -2.447359 -0.585093 4.448457
v -2.447359 -0.413723 4.862181
v -2.447359 0.000000 5.033550
v -2.447359 0.413723 4.862181
v -2.447359 0.585093 4.448457
v -0.947422 0.388909 4.059548
v -0.947422 0.000000 3.898457
v -0.947422 -0.388909 4.059548
v -0.947422 -0.550000 4.448457
v -0.947422 -0.388909 4.837366
v -0.947422 0.000000 4.998457
v -0.947422 0.388909 4.837366
v -0.947422 0.550000 4.448457
v -1.043840 0.413723 4.034734
v -1.043840 0.000000 3.863364
v -1.043840 -0.413723 4.034734
v -1.043840 -0.585093 4.448457
v -1.043840 -0.413723 4.862181
v -1.043840 0.000000 5.033550
v -1.043840 0.413723 4.862181
v -1.043840 0.585093 4.448457
v -1.095143 0.476557 3.971901
v -1.095143 0.000000 3.774505
v -1.095143 -0.476557 3.971901
v -1.095143 -0.673953 4.448457
v -1.095143 -0.476557 4.925014
v -1.095143 0.000000 5.122410
v -1.095143 0.476557 4.925014
v -1.095143 0.673953 4.448457
v -1.077326 0.548008 3.900450
v -1.077326 0.000000 3.673457
v -1.077326 -0.548008 3.900450
v -1.077326 -0.775000 4.448457
v -1.077326 -0.548008 4.996465
v -1.077326 0.000000 5.223457
v -1.077326 0.548008 4.996465
v -1.077326 0.775000 4.448457
v -0.998725 0.594644 3.853813
v -0.998725 0.000000 3.607503
v -0.998725 -0.594644 3.853813
v -0.998725 -0.840954 4.448457
v -0.998725 -0.594644 5.043101
v -0.998725 0.000000 5.289411
v -0.998725 0.594644 5.043101
v -0.998725 0.840954 4.448457
v -0.896119 0.594644 3.853813
v -0.896119 0.000000 3.607503
v -0.896119 -0.594644 3.853813
v -0.896119 -0.840954 4.448457
v -0.896119 -0.594644 5.043101
v -0.896119 0.000000 5.289411
v -0.896119 0.594644 5.043101
v -0.896119 0.840954 4.448457
v -0.817518 0.548008 3.900450
v -0.817518 0.000000 3.673457
v -0.817518 -0.548008 3.900450
v -0.817518 -0.775000 4.448457
v -0.817518 -0.548008 4.996465
v -0.817518 0.000000 5.223457
v -0.817518 0.548008 4.996465
v -0.817518 0.775000 4.448457
v -0.799701 0.476557 3.971901
v -0.799701 0.000000 3.774505
v -0.799701 -0.476557 3.971901
v -0.799701 -0.673953 4.448457
v -0.799701 -0.476557 4.925014
v -0.799701 0.000000 5.122410
v -0.799701 0.476557 4.925014
v -0.799701 0.673953 4.448457
v -0.851004 0.413723 4.034734
v -0.851004 0.000000 3.863364
v -0.851004 -0.413723 4.034734
v -0.851004 -0.585093 4.448457
v -0.851004 -0.413723 4.862181
v -0.851004 0.000000 5.033550
v -0.851004 0.413723 4.862181
v -0.851004 0.585093 4.448457
v -1.745861 0.388909 4.059548
v -1.745861 0.000000 3.898457
v -1.745861 -0.388909 4.059548
v -1.745861 -0.550000 4.448457
v -1.745861 -0.388909 4.837366
v -1.745861 0.000000 4.998457
v -1.745861 0.388909 4.837366
v -1.745861 0.550000 4.448457
v -1.842279 0.413723 4.034734
v -1.842279 0.000000 3.863364
v -1.842279 -0.413723 4.034734
v -1.842279 -0.585093 4.448457
v -1.842279 -0.413723 4.862181
v -1.842279 0.000000 5.033550
v -1.842279 0.413723 4.862181
v -1.842279 0.585093 4.448457
v -1.893582 0.476557 3.971901
v -1.893582 0.000000 3.774505
v -1.893582 -0.476557 3.971901
v -1.893582 -0.673953 4.448457
v -1.893582 -0.476557 4.925014
v -1.893582 0.000000 5.122410
v -1.893582 0.476557 4.925014
v -1.893582 0.673953 4.448457
v -1.875765 0.548008 3.900450
v -1.875765 0.000000 3.673457
v -1.875765 -0.548008 3.900450
v -1.875765 -0.775000 4.448457
v -1.875765 -0.548008 4.996465
v -1.875765 0.000000 5.223457
v -1.875765 0.548008 4.996465
v -1.875765 0.775000 4.448457
v -1.797164 0.594644 3.853813
v -1.797164 0.000000 3.607503
v -1.797164 -0.594644 3.853813
v -1.797164 -0.840954 4.448457
v -1.797164 -0.594644 5.043101
v -1.797164 0.000000 5.289411
v -1.797164 0.594644 5.043101
v -1.797164 0.840954 4.448457
v -1.694558 0.594644 3.853813
v -1.694558 0.000000 3.607503
v -1.694558 -0.594644 3.853813
v -1.694558 -0.840954 4.448457
v -1.694558 -0.594644 5.043101
v -1.694558 0.000000 5.289411
v -1.694558 0.594644 5.043101
v -1.694558 0.840954 4.448457
v -1.615957 0.548008 3.900450
v -1.615957 0.000000 3.673457
v -1.615957 -0.548008 3.900450
v -1.615957 -0.775000 4.448457
v -1.615957 -0.548008 4.996465
v -1.615957 0.000000 5.223457
v -1.615957 0.548008 4.996465
v -1.615957 0.775000 4.448457
v -1.598140 0.476557 3.971901
v -1.598140 0.000000 3.774505
v -1.598140 -0.476557 3.971901
v -1.598140 -0.673953 4.448457
v -1.598140 -0.476557 4.925014
v -1.598140 0.000000 5.122410
v -1.598140 0.476557 4.925014
v -1.598140 0.673953 4.448457
v -1.649443 0.413723 4.034734
v -1.649443 0.000000 3.863364
v -1.649443 -0.413723 4.034734
v -1.649443 -0.585093 4.448457
v -1.649443 -0.413723 4.862181
v -1.649443 0.000000 5.033550
v -1.649443 0.413723 4.862181
v -1.649443 0.585093 4.448457
vt 0.000000 1.000000
vt 0.125000 1.000000
vt 0.250000 1.000000
vt 0.375000 1.000000
vt 0.500000 1.000000
vt 0.625000 1.000000
vt 0.750000 1.000000
vt 0.875000 1.000000
vt 1.000000 1.000000
vt 0.000000 0.888889
vt 0.125000 0.888889
vt 0.250000 0.888889
vt 0.375000 0.888889
vt 0.500000 0.888889
vt 0.625000 0.888889
vt 0.750000 0.888889
vt 0.875000 0.888889
vt 1.000000 0.888889
vt 0.000000 0.777778
vt 0.125000 0.777778
vt 0.250000 0.777778
vt 0.375000 0.777778
vt 0.500000 0.777778
vt 0.625000 0.777778
vt 0.750000 0.777778
vt 0.875000 0.777778
vt 1.000000 0.777778
vt 0.000000 0.666667
vt 0.125000 0.666667
vt 0.250000 0.666667
vt 0.375000 0.666667
vt 0.500000 0.666667
vt 0.625000 0.666667
vt 0.750000 0.666667
vt 0.875000 0.666667
vt 1.000000 0.666667
vt 0.000000 0.555556
vt 0.125000 0.555556
vt 0.250000 0.555556
vt 0.375000 0.555556
vt 0.500000 0.555556
vt 0.625000 0.555556
vt 0.750000 0.555556
vt 0.875000 0.555556
vt 1.000000 0.555556
vt 0.000000 0.444444
vt 0.125000 0.444444
vt 0.250000 0.444444
vt 0.375000 0.444444
vt 0.500000 0.444444
vt 0.625000 0.444444
vt 0.750000 0.444444
vt 0.875000 0.444444
vt 1.000000 0.444444
vt 0.000000 0.333333
vt 0.125000 0.333333
vt 0.250000 0.333333
vt 0.375000 0.333333
vt 0.500000 0.333333
vt 0.625000 0.333333
vt 0.750000 0.333333
vt 0.875000 0.333333
vt 1.000000 0.333333
vt 0.000000 0.222222
vt 0.125000 0.222222
vt 0.250000 0.222222
vt 0.375000 0.222222
vt 0.500000 0.222222
vt 0.625000 0.222222
vt 0.750000 0.222222
vt 0.875000 0.222222
vt 1.000000 0.222222
vt 0.000000 0.111111
vt 0.125000 0.111111
vt 0.250000 0.111111
vt 0.375000 0.111111
vt 0.500000 0.111111
vt 0.625000 0.111111
vt 0.750000 0.111111
vt 0.875000 0.111111
vt 1.000000 0.111111
vt 0.000000 0.000000
vt 0.125000 0.000000
vt 0.250000 0.000000
vt 0.375000 0.000000
vt 0.500000 0.000000
vt 0.625000 0.000000
vt 0.750000 0.000000
vt 0.875000 0.000000
vt 1.000000 0.000000
vt 0.125000 1.000000
vt 0.000000 1.000000
vt 0.000000 0.888889
vt 0.125000 0.888889
vt 0.250000 1.000000
vt 0.250000 0.888889
vt 0.375000 1.000000
vt 0.375000 0.888889
vt 0.500000 1.000000
vt 0.500000 0.888889
vt 0.625000 1.000000
vt 0.625000 0.888889
vt 0.750000 1.000000
vt 0.750000 0.888889
vt 0.875000 1.000000
vt 0.875000 0.888889
vt 1.000000 1.000000
vt 1.000000 0.888889
vt 0.000000 0.777778
vt 0.125000 0.777778
vt 0.250000 0.777778
vt 0.375000 0.777778
vt 0.500000 0.777778
vt 0.625000 0.777778
vt 0.750000 0.777778
vt 0.875000 0.777778
vt 1.000000 0.777778
vt 0.000000 0.666667
vt 0.125000 0.666667
vt 0.250000 0.666667
vt 0.375000 0.666667
vt 0.500000 0.666667
vt 0.625000 0.666667
vt 0.750000 0.666667
vt 0.875000 0.666667
vt 1.000000 0.666667
vt 0.000000 0.555556
vt 0.125000 0.555556
vt 0.250000 0.555556
vt 0.375000 0.555556
vt 0.500000 0.555556
vt 0.625000 0.555556
vt 0.750000 0.555556
vt 0.875000 0.555556
vt 1.000000 0.555556
vt 0.000000 0.444444
vt 0.125000 0.444444
vt 0.250000 0.444444
vt 0.375000 0.444444
vt 0.500000 0.444444
vt 0.625000 0.444444
vt 0.750000 0.444444
vt 0.875000 0.444444
vt 1.000000 0.444444
vt 0.000000 0.333333
vt 0.125000 0.333333
vt 0.250000 0.333333
vt 0.375000 0.333333
vt 0.500000 0.333333
vt 0.625000 0.333333
vt 0.750000 0.333333
vt 0.875000 0.333333
vt 1.000000 0.333333
vt 0.000000 0.222222
vt 0.125000 0.222222
vt 0.250000 0.222222
vt 0.375000 0.222222
vt 0.500000 0.222222
vt 0.625000 0.222222
vt 0.750000 0.222222
vt 0.875000 0.222222
vt 1.000000 0.222222
vt 0.000000 0.111111
vt 0.125000 0.111111
vt 0.250000 0.111111
vt 0.375000 0.111111
vt 0.500000 0.111111
vt 0.625000 0.111111
vt 0.750000 0.111111
vt 0.875000 0.111111
vt 1.000000 0.111111
vt 0.000000 0.000000
vt 0.125000 0.000000
vt 0.250000 0.000000
vt 0.375000 0.000000
vt 0.500000 0.000000
vt 0.625000 0.000000
vt 0.750000 0.000000
vt 0.875000 0.000000
vt 1.000000 0.000000
vt 0.377140 0.998599
vt 0.375000 0.998599
vt 0.375000 0.751401
vt 0.377140 0.751401
vt 0.377140 0.012499
vt 0.377140 0.000000
vt 0.622860 0.000000
vt 0.622860 0.012499
vt 0.373599 0.012499
vt 0.377140 0.237501
vt 0.373599 0.237501
vt 0.625000 0.998599
vt 0.622860 0.998599
vt 0.622860 0.751401
vt 0.625000 0.751401
vt 0.626401 0.012499
vt 0.626401 0.237501
vt 0.622860 0.237501
vt 0.375000 0.251401
vt 0.377140 0.251401
vt 0.377140 0.498599
vt 0.375000 0.498599
vt 0.622860 0.251401
vt 0.625000 0.251401
vt 0.625000 0.498599
vt 0.622860 0.498599
vt 0.375000 0.512499
vt 0.377140 0.512499
vt 0.377140 0.737501
vt 0.375000 0.737501
vt 0.622860 0.512499
vt 0.625000 0.512499
vt 0.625000 0.737501
vt 0.622860 0.737501
vt 0.873599 0.012499
vt 0.873599 0.237501
vt 0.126401 0.012499
vt 0.126401 0.237501
vt 0.125000 1.000000
vt 0.000000 1.000000
vt 0.000000 0.888889
vt 0.125000 0.888889
vt 0.250000 1.000000
vt 0.250000 0.888889
vt 0.375000 1.000000
vt 0.375000 0.888889
vt 0.500000 1.000000
vt 0.500000 0.888889
vt 0.625000 1.000000
vt 0.625000 0.888889
vt 0.750000 1.000000
vt 0.750000 0.888889
vt 0.875000 1.000000
vt 0.875000 0.888889
vt 1.000000 1.000000
vt 1.000000 0.888889
vt 0.000000 0.777778
vt 0.125000 0.777778
vt 0.250000 0.777778
vt 0.375000 0.777778
vt 0.500000 0.777778
vt 0.625000 0.777778
vt 0.750000 0.777778
vt 0.875000 0.777778
vt 1.000000 0.777778
vt 0.000000 0.666667
vt 0.125000 0.666667
vt 0.250000 0.666667
vt 0.375000 0.666667
vt 0.500000 0.666667
vt 0.625000 0.666667
vt 0.750000 0.666667
vt 0.875000 0.666667
vt 1.000000 0.666667
vt 0.000000 0.555556
vt 0.125000 0.555556
vt 0.250000 0.555556
vt 0.375000 0.555556
vt 0.500000 0.555556
vt 0.625000 0.555556
vt 0.750000 0.555556
vt 0.875000 0.555556
vt 1.000000 0.555556
vt 0.000000 0.444444
vt 0.125000 0.444444
vt 0.250000 0.444444
vt 0.375000 0.444444
vt 0.500000 0.444444
vt 0.625000 0.444444
vt 0.750000 0.444444
vt 0.875000 0.444444
vt 1.000000 0.444444
vt 0.000000 0.333333
vt 0.125000 0.333333
vt 0.250000 0.333333
vt 0.375000 0.333333
vt 0.500000 0.333333
vt 0.625000 0.333333
vt 0.750000 0.333333
vt 0.875000 0.333333
vt 1.000000 0.333333
vt 0.000000 0.222222
vt 0.125000 0.222222
vt 0.250000 0.222222
vt 0.375000 0.222222
vt 0.500000 0.222222
vt 0.625000 0.222222
vt 0.750000 0.222222
vt 0.875000 0.222222
vt 1.000000 0.222222
vt 0.000000 0.111111
vt 0.125000 0.111111
vt 0.250000 0.111111
vt 0.375000 0.111111
vt 0.500000 0.111111
vt 0.625000 0.111111
vt 0.750000 0.111111
vt 0.875000 0.111111
vt 1.000000 0.111111
vt 0.000000 0.000000
vt 0.125000 0.000000
vt 0.250000 0.000000
vt 0.375000 0.000000
vt 0.500000 0.000000
vt 0.625000 0.000000
vt 0.750000 0.000000
vt 0.875000 0.000000
vt 1.000000 0.000000
vt 0.125000 1.000000
vt 0.000000 1.000000
vt 0.000000 0.888889
vt 0.125000 0.888889
vt 0.250000 1.000000
vt 0.250000 0.888889
vt 0.375000 1.000000
vt 0.375000 0.888889
vt 0.500000 1.000000
vt 0.500000 0.888889
vt 0.625000 1.000000
vt 0.625000 0.888889
vt 0.750000 1.000000
vt 0.750000 0.888889
vt 0.875000 1.000000
vt 0.875000 0.888889
vt 1.000000 1.000000
vt 1.000000 0.888889
vt 0.000000 0.777778
vt 0.125000 0.777778
vt 0.250000 0.777778
vt 0.375000 0.777778
vt 0.500000 0.777778
vt 0.625000 0.777778
vt 0.750000 0.777778
vt 0.875000 0.777778
vt 1.000000 0.777778
vt 0.000000 0.666667
vt 0.125000 0.666667
vt 0.250000 0.666667
vt 0.375000 0.666667
vt 0.500000 0.666667
vt 0.625000 0.666667
vt 0.750000 0.666667
vt 0.875000 0.666667
vt 1.000000 0.666667
vt 0.000000 0.555556
vt 0.125000 0.555556
vt 0.250000 0.555556
vt 0.375000 0.555556
vt 0.500000 0.555556
vt 0.625000 0.555556
vt 0.750000 0.555556
vt 0.875000 0.555556
vt 1.000000 0.555556
vt 0.000000 0.444444
vt 0.125000 0.444444
vt 0.250000 0.444444
vt 0.375000 0.444444
vt 0.500000 0.444444
vt 0.625000 0.444444
vt 0.750000 0.444444
vt 0.875000 0.444444
vt 1.000000 0.444444
vt 0.000000 0.333333
vt 0.125000 0.333333
vt 0.250000 0.333333
vt 0.375000 0.333333
vt 0.500000 0.333333
vt 0.625000 0.333333
vt 0.750000 0.333333
vt 0.875000 0.333333
vt 1.000000 0.333333
vt 0.000000 0.222222
vt 0.125000 0.222222
vt 0.250000 0.222222
vt 0.375000 0.222222
vt 0.500000 0.222222
vt 0.625000 0.222222
vt 0.750000 0.222222
vt 0.875000 0.222222
vt 1.000000 0.222222
vt 0.000000 0.111111
vt 0.125000 0.111111
vt 0.250000 0.111111
vt 0.375000 0.111111
vt 0.500000 0.111111
vt 0.625000 0.111111
vt 0.750000 0.111111
vt 0.875000 0.111111
vt 1.000000 0.111111
vt 0.000000 0.000000
vt 0.125000 0.000000
vt 0.250000 0.000000
vt 0.375000 0.000000
vt 0.500000 0.000000
vt 0.625000 0.000000
vt 0.750000 0.000000
vt 0.875000 0.000000
vt 1.000000 0.000000
vt 0.125000 1.000000
vt 0.000000 1.000000
vt 0.000000 0.888889
vt 0.125000 0.888889
vt 0.250000 1.000000
vt 0.250000 0.888889
vt 0.375000 1.000000
vt 0.375000 0.888889
vt 0.500000 1.000000
vt 0.500000 0.888889
vt 0.625000 1.000000
vt 0.625000 0.888889
vt 0.750000 1.000000
vt 0.750000 0.888889
vt 0.875000 1.000000
vt 0.875000 0.888889
vt 1.000000 1.000000
vt 1.000000 0.888889
vt 0.000000 0.777778
vt 0.125000 0.777778
vt 0.250000 0.777778
vt 0.375000 0.777778
vt 0.500000 0.777778
vt 0.625000 0.777778
vt 0.750000 0.777778
vt 0.875000 0.777778
vt 1.000000 0.777778
vt 0.000000 0.666667
vt 0.125000 0.666667
vt 0.250000 0.666667
vt 0.375000 0.666667
vt 0.500000 0.666667
vt 0.625000 0.666667
vt 0.750000 0.666667
vt 0.875000 0.666667
vt 1.000000 0.666667
vt 0.000000 0.555556
vt 0.125000 0.555556
vt 0.250000 0.555556
vt 0.375000 0.555556
vt 0.500000 0.555556
vt 0.625000 0.555556
vt 0.750000 0.555556
vt 0.875000 0.555556
vt 1.000000 0.555556
vt 0.000000 0.444444
vt 0.125000 0.444444
vt 0.250000 0.444444
vt 0.375000 0.444444
vt 0.500000 0.444444
vt 0.625000 0.444444
vt 0.750000 0.444444
vt 0.875000 0.444444
vt 1.000000 0.444444
vt 0.000000 0.333333
vt 0.125000 0.333333
vt 0.250000 0.333333
vt 0.375000 0.333333
vt 0.500000 0.333333
vt 0.625000 0.333333
vt 0.750000 0.333333
vt 0.875000 0.333333
vt 1.000000 0.333333
vt 0.000000 0.222222
vt 0.125000 0.222222
vt 0.250000 0.222222
vt 0.375000 0.222222
vt 0.500000 0.222222
vt 0.625000 0.222222
vt 0.750000 0.222222
vt 0.875000 0.222222
vt 1.000000 0.222222
vt 0.000000 0.111111
vt 0.125000 0.111111
vt 0.250000 0.111111
vt 0.375000 0.111111
vt 0.500000 0.111111
vt 0.625000 0.111111
vt 0.750000 0.111111
vt 0.875000 0.111111
vt 1.000000 0.111111
vt 0.000000 0.000000
vt 0.125000 0.000000
vt 0.250000 0.000000
vt 0.375000 0.000000
vt 0.500000 0.000000
vt 0.625000 0.000000
vt 0.750000 0.000000
vt 0.875000 0.000000
vt 1.000000 0.000000
vt 0.125000 1.000000
vt 0.000000 1.000000
vt 0.000000 0.888889
vt 0.125000 0.888889
vt 0.250000 1.000000
vt 0.250000 0.888889
vt 0.375000 1.000000
vt 0.375000 0.888889
vt 0.500000 1.000000
vt 0.500000 0.888889
vt 0.625000 1.000000
vt 0.625000 0.888889
vt 0.750000 1.000000
vt 0.750000 0.888889
vt 0.875000 1.000000
vt 0.875000 0.888889
vt 1.000000 1.000000
vt 1.000000 0.888889
vt 0.000000 0.777778
vt 0.125000 0.777778
vt 0.250000 0.777778
vt 0.375000 0.777778
vt 0.500000 0.777778
vt 0.625000 0.777778
vt 0.750000 0.777778
vt 0.875000 0.777778
vt 1.000000 0.777778
vt 0.000000 0.666667
vt 0.125000 0.666667
vt 0.250000 0.666667
vt 0.375000 0.666667
vt 0.500000 0.666667
vt 0.625000 0.666667
vt 0.750000 0.666667
vt 0.875000 0.666667
vt 1.000000 0.666667
vt 0.000000 0.555556
vt 0.125000 0.555556
vt 0.250000 0.555556
vt 0.375000 0.555556
vt 0.500000 0.555556
vt 0.625000 0.555556
vt 0.750000 0.555556
vt 0.875000 0.555556
vt 1.000000 0.555556
vt 0.000000 0.444444
vt 0.125000 0.444444
vt 0.250000 0.444444
vt 0.375000 0.444444
vt 0.500000 0.444444
vt 0.625000 0.444444
vt 0.750000 0.444444
vt 0.875000 0.444444
vt 1.000000 0.444444
vt 0.000000 0.333333
vt 0.125000 0.333333
vt 0.250000 0.333333
vt 0.375000 0.333333
vt 0.500000 0.333333
vt 0.625000 0.333333
vt 0.750000 0.333333
vt 0.875000 0.333333
vt 1.000000 0.333333
vt 0.000000 0.222222
vt 0.125000 0.222222
vt 0.250000 0.222222
vt 0.375000 0.222222
vt 0.500000 0.222222
vt 0.625000 0.222222
vt 0.750000 0.222222
vt 0.875000 0.222222
vt 1.000000 0.222222
vt 0.000000 0.111111
vt 0.125000 0.111111
vt 0.250000 0.111111
vt 0.375000 0.111111
vt 0.500000 0.111111
vt 0.625000 0.111111
vt 0.750000 0.111111
vt 0.875000 0.111111
vt 1.000000 0.111111
vt 0.000000 0.000000
vt 0.125000 0.000000
vt 0.250000 0.000000
vt 0.375000 0.000000
vt 0.500000 0.000000
vt 0.625000 0.000000
vt 0.750000 0.000000
vt 0.875000 0.000000
vt 1.000000 0.000000
vt 0.125000 1.000000
vt 0.000000 1.000000
vt 0.000000 0.888889
vt 0.125000 0.888889
vt 0.250000 1.000000
vt 0.250000 0.888889
vt 0.375000 1.000000
vt 0.375000 0.888889
vt 0.500000 1.000000
vt 0.500000 0.888889
vt 0.625000 1.000000
vt 0.625000 0.888889
vt 0.750000 1.000000
vt 0.750000 0.888889
vt 0.875000 1.000000
vt 0.875000 0.888889
vt 1.000000 1.000000
vt 1.000000 0.888889
vt 0.000000 0.777778
vt 0.125000 0.777778
vt 0.250000 0.777778
vt 0.375000 0.777778
vt 0.500000 0.777778
vt 0.625000 0.777778
vt 0.750000 0.777778
vt 0.875000 0.777778
vt 1.000000 0.777778
vt 0.000000 0.666667
vt 0.125000 0.666667
vt 0.250000 0.666667
vt 0.375000 0.666667
vt 0.500000 0.666667
vt 0.625000 0.666667
vt 0.750000 0.666667
vt 0.875000 0.666667
vt 1.000000 0.666667
vt 0.000000 0.555556
vt 0.125000 0.555556
vt 0.250000 0.555556
vt 0.375000 0.555556
vt 0.500000 0.555556
vt 0.625000 0.555556
vt 0.750000 0.555556
vt 0.875000 0.555556
vt 1.000000 0.555556
vt 0.000000 0.444444
vt 0.125000 0.444444
vt 0.250000 0.444444
vt 0.375000 0.444444
vt 0.500000 0.444444
vt 0.625000 0.444444
vt 0.750000 0.444444
vt 0.875000 0.444444
vt 1.000000 0.444444
vt 0.000000 0.333333
vt 0.125000 0.333333
vt 0.250000 0.333333
vt 0.375000 0.333333
vt 0.500000 0.333333
vt 0.625000 0.333333
vt 0.750000 0.333333
vt 0.875000 0.333333
vt 1.000000 0.333333
vt 0.000000 0.222222
vt 0.125000 0.222222
vt 0.250000 0.222222
vt 0.375000 0.222222
vt 0.500000 0.222222
vt 0.625000 0.222222
vt 0.750000 0.222222
vt 0.875000 0.222222
vt 1.000000 0.222222
vt 0.000000 0.111111
vt 0.125000 0.111111
vt 0.250000 0.111111
vt 0.375000 0.111111
vt 0.500000 0.111111
vt 0.625000 0.111111
vt 0.750000 0.111111
vt 0.875000 0.111111
vt 1.000000 0.111111
vt 0.000000 0.000000
vt 0.125000 0.000000
vt 0.250000 0.000000
vt 0.375000 0.000000
vt 0.500000 0.000000
vt 0.625000 0.000000
vt 0.750000 0.000000
vt 0.875000 0.000000
vt 1.000000 0.000000
vt 0.125000 1.000000
vt 0.000000 1.000000
vt 0.000000 0.888889
vt 0.125000 0.888889
vt 0.250000 1.000000
vt 0.250000 0.888889
vt 0.375000 1.000000
vt 0.375000 0.888889
vt 0.500000 1.000000
vt 0.500000 0.888889
vt 0.625000 1.000000
vt 0.625000 0.888889
vt 0.750000 1.000000
vt 0.750000 0.888889
vt 0.875000 1.000000
vt 0.875000 0.888889
vt 1.000000 1.000000
vt 1.000000 0.888889
vt 0.000000 0.777778
vt 0.125000 0.777778
vt 0.250000 0.777778
vt 0.375000 0.777778
vt 0.500000 0.777778
vt 0.625000 0.777778
vt 0.750000 0.777778
vt 0.875000 0.777778
vt 1.000000 0.777778
vt 0.000000 0.666667
vt 0.125000 0.666667
vt 0.250000 0.666667
vt 0.375000 0.666667
vt 0.500000 0.666667
vt 0.625000 0.666667
vt 0.750000 0.666667
vt 0.875000 0.666667
vt 1.000000 0.666667
vt 0.000000 0.555556
vt 0.125000 0.555556
vt 0.250000 0.555556
vt 0.375000 0.555556
vt 0.500000 0.555556
vt 0.625000 0.555556
vt 0.750000 0.555556
vt 0.875000 0.555556
vt 1.000000 0.555556
vt 0.000000 0.444444
vt 0.125000 0.444444
vt 0.250000 0.444444
vt 0.375000 0.444444
vt 0.500000 0.444444
vt 0.625000 0.444444
vt 0.750000 0.444444
vt 0.875000 0.444444
vt 1.000000 0.444444
vt 0.000000 0.333333
vt 0.125000 0.333333
vt 0.250000 0.333333
vt 0.375000 0.333333
vt 0.500000 0.333333
vt 0.625000 0.333333
vt 0.750000 0.333333
vt 0.875000 0.333333
vt 1.000000 0.333333
vt 0.000000 0.222222
vt 0.125000 0.222222
vt 0.250000 0.222222
vt 0.375000 0.222222
vt 0.500000 0.222222
vt 0.625000 0.222222
vt 0.750000 0.222222
vt 0.875000 0.222222
vt 1.000000 0.222222
vt 0.000000 0.111111
vt 0.125000 0.111111
vt 0.250000 0.111111
vt 0.375000 0.111111
vt 0.500000 0.111111
vt 0.625000 0.111111
vt 0.750000 0.111111
vt 0.875000 0.111111
vt 1.000000 0.111111
vt 0.000000 0.000000
vt 0.125000 0.000000
vt 0.250000 0.000000
vt 0.375000 0.000000
vt 0.500000 0.000000
vt 0.625000 0.000000
vt 0.750000 0.000000
vt 0.875000 0.000000
vt 1.000000 0.000000
vt 0.125000 1.000000
vt 0.000000 1.000000
vt 0.000000 0.888889
vt 0.125000 0.888889
vt 0.250000 1.000000
vt 0.250000 0.888889
vt 0.375000 1.000000
vt 0.375000 0.888889
vt 0.500000 1.000000
vt 0.500000 0.888889
vt 0.625000 1.000000
vt 0.625000 0.888889
vt 0.750000 1.000000
vt 0.750000 0.888889
vt 0.875000 1.000000
vt 0.875000 0.888889
vt 1.000000 1.000000
vt 1.000000 0.888889
vt 0.000000 0.777778
vt 0.125000 0.777778
vt 0.250000 0.777778
vt 0.375000 0.777778
vt 0.500000 0.777778
vt 0.625000 0.777778
vt 0.750000 0.777778
vt 0.875000 0.777778
vt 1.000000 0.777778
vt 0.000000 0.666667
vt 0.125000 0.666667
vt 0.250000 0.666667
vt 0.375000 0.666667
vt 0.500000 0.666667
vt 0.625000 0.666667
vt 0.750000 0.666667
vt 0.875000 0.666667
vt 1.000000 0.666667
vt 0.000000 0.555556
vt 0.125000 0.555556
vt 0.250000 0.555556
vt 0.375000 0.555556
vt 0.500000 0.555556
vt 0.625000 0.555556
vt 0.750000 0.555556
vt 0.875000 0.555556
vt 1.000000 0.555556
vt 0.000000 0.444444
vt 0.125000 0.444444
vt 0.250000 0.444444
vt 0.375000 0.444444
vt 0.500000 0.444444
vt 0.625000 0.444444
vt 0.750000 0.444444
vt 0.875000 0.444444
vt 1.000000 0.444444
vt 0.000000 0.333333
vt 0.125000 0.333333
vt 0.250000 0.333333
vt 0.375000 0.333333
vt 0.500000 0.333333
vt 0.625000 0.333333
vt 0.750000 0.333333
vt 0.875000 0.333333
vt 1.000000 0.333333
vt 0.000000 0.222222
vt 0.125000 0.222222
vt 0.250000 0.222222
vt 0.375000 0.222222
vt 0.500000 0.222222
vt 0.625000 0.222222
vt 0.750000 0.222222
vt 0.875000 0.222222
vt 1.000000 0.222222
vt 0.000000 0.111111
vt 0.125000 0.111111
vt 0.250000 0.111111
vt 0.375000 0.111111
vt 0.500000 0.111111
vt 0.625000 0.111111
vt 0.750000 0.111111
vt 0.875000 0.111111
vt 1.000000 0.111111
vt 0.000000 0.000000
vt 0.125000 0.000000
vt 0.250000 0.000000
vt 0.375000 0.000000
vt 0.500000 0.000000
vt 0.625000 0.000000
vt 0.750000 0.000000
vt 0.875000 0.000000
vt 1.000000 0.000000
vt 0.125000 1.000000
vt 0.000000 1.000000
vt 0.000000 0.888889
vt 0.125000 0.888889
vt 0.250000 1.000000
vt 0.250000 0.888889
vt 0.375000 1.000000
vt 0.375000 0.888889
vt 0.500000 1.000000
vt 0.500000 0.888889
vt 0.625000 1.000000
vt 0.625000 0.888889
vt 0.750000 1.000000
vt 0.750000 0.888889
vt 0.875000 1.000000
vt 0.875000 0.888889
vt 1.000000 1.000000
vt 1.000000 0.888889
vt 0.000000 0.777778
vt 0.125000 0.777778
vt 0.250000 0.777778
vt 0.375000 0.777778
vt 0.500000 0.777778
vt 0.625000 0.777778
vt 0.750000 0.777778
vt 0.875000 0.777778
vt 1.000000 0.777778
vt 0.000000 0.666667
vt 0.125000 0.666667
vt 0.250000 0.666667
vt 0.375000 0.666667
vt 0.500000 0.666667
vt 0.625000 0.666667
vt 0.750000 0.666667
vt 0.875000 0.666667
vt 1.000000 0.666667
vt 0.000000 0.555556
vt 0.125000 0.555556
vt 0.250000 0.555556
vt 0.375000 0.555556
vt 0.500000 0.555556
vt 0.625000 0.555556
vt 0.750000 0.555556
vt 0.875000 0.555556
vt 1.000000 0.555556
vt 0.000000 0.444444
vt 0.125000 0.444444
vt 0.250000 0.444444
vt 0.375000 0.444444
vt 0.500000 0.444444
vt 0.625000 0.444444
vt 0.750000 0.444444
vt 0.875000 0.444444
vt 1.000000 0.444444
vt 0.000000 0.333333
vt 0.125000 0.333333
vt 0.250000 0.333333
vt 0.375000 0.333333
vt 0.500000 0.333333
vt 0.625000 0.333333
vt 0.750000 0.333333
vt 0.875000 0.333333
vt 1.000000 0.333333
vt 0.000000 0.222222
vt 0.125000 0.222222
vt 0.250000 0.222222
vt 0.375000 0.222222
vt 0.500000 0.222222
vt 0.625000 0.222222
vt 0.750000 0.222222
vt 0.875000 0.222222
vt 1.000000 0.222222
vt 0.000000 0.111111
vt 0.125000 0.111111
vt 0.250000 0.111111
vt 0.375000 0.111111
vt 0.500000 0.111111
vt 0.625000 0.111111
vt 0.750000 0.111111
vt 0.875000 0.111111
vt 1.000000 0.111111
vt 0.000000 0.000000
vt 0.125000 0.000000
vt 0.250000 0.000000
vt 0.375000 0.000000
vt 0.500000 0.000000
vt 0.625000 0.000000
vt 0.750000 0.000000
vt 0.875000 0.000000
vt 1.000000 0.000000
vt 0.125000 1.000000
vt 0.000000 1.000000
vt 0.000000 0.888889
vt 0.125000 0.888889
vt 0.250000 1.000000
vt 0.250000 0.888889
vt 0.375000 1.000000
vt 0.375000 0.888889
vt 0.500000 1.000000
vt 0.500000 0.888889
vt 0.625000 1.000000
vt 0.625000 0.888889
vt 0.750000 1.000000
vt 0.750000 0.888889
vt 0.875000 1.000000
vt 0.875000 0.888889
vt 1.000000 1.000000
vt 1.000000 0.888889
vt 0.000000 0.777778
vt 0.125000 0.777778
vt 0.250000 0.777778
vt 0.375000 0.777778
vt 0.500000 0.777778
vt 0.625000 0.777778
vt 0.750000 0.777778
vt 0.875000 0.777778
vt 1.000000 0.777778
vt 0.000000 0.666667
vt 0.125000 0.666667
vt 0.250000 0.666667
vt 0.375000 0.666667
vt 0.500000 0.666667
vt 0.625000 0.666667
vt 0.750000 0.666667
vt 0.875000 0.666667
vt 1.000000 0.666667
vt 0.000000 0.555556
vt 0.125000 0.555556
vt 0.250000 0.555556
vt 0.375000 0.555556
vt 0.500000 0.555556
vt 0.625000 0.555556
vt 0.750000 0.555556
vt 0.875000 0.555556
vt 1.000000 0.555556
vt 0.000000 0.444444
vt 0.125000 0.444444
vt 0.250000 0.444444
vt 0.375000 0.444444
vt 0.500000 0.444444
vt 0.625000 0.444444
vt 0.750000 0.444444
vt 0.875000 0.444444
vt 1.000000 0.444444
vt 0.000000 0.333333
vt 0.125000 0.333333
vt 0.250000 0.333333
vt 0.375000 0.333333
vt 0.500000 0.333333
vt 0.625000 0.333333
vt 0.750000 0.333333
vt 0.875000 0.333333
vt 1.000000 0.333333
vt 0.000000 0.222222
vt 0.125000 0.222222
vt 0.250000 0.222222
vt 0.375000 0.222222
vt 0.500000 0.222222
vt 0.625000 0.222222
vt 0.750000 0.222222
vt 0.875000 0.222222
vt 1.000000 0.222222
vt 0.000000 0.111111
vt 0.125000 0.111111
vt 0.250000 0.111111
vt 0.375000 0.111111
vt 0.500000 0.111111
vt 0.625000 0.111111
vt 0.750000 0.111111
vt 0.875000 0.111111
vt 1.000000 0.111111
vt 0.000000 0.000000
vt 0.125000 0.000000
vt 0.250000 0.000000
vt 0.375000 0.000000
vt 0.500000 0.000000
vt 0.625000 0.000000
vt 0.750000 0.000000
vt 0.875000 0.000000
vt 1.000000 0.000000
vt 0.125000 1.000000
vt 0.000000 1.000000
vt 0.000000 0.888889
vt 0.125000 0.888889
vt 0.250000 1.000000
vt 0.250000 0.888889
vt 0.375000 1.000000
vt 0.375000 0.888889
vt 0.500000 1.000000
vt 0.500000 0.888889
vt 0.625000 1.000000
vt 0.625000 0.888889
vt 0.750000 1.000000
vt 0.750000 0.888889
vt 0.875000 1.000000
vt 0.875000 0.888889
vt 1.000000 1.000000
vt 1.000000 0.888889
vt 0.000000 0.777778
vt 0.125000 0.777778
vt 0.250000 0.777778
vt 0.375000 0.777778
vt 0.500000 0.777778
vt 0.625000 0.777778
vt 0.750000 0.777778
vt 0.875000 0.777778
vt 1.000000 0.777778
vt 0.000000 0.666667
vt 0.125000 0.666667
vt 0.250000 0.666667
vt 0.375000 0.666667
vt 0.500000 0.666667
vt 0.625000 0.666667
vt 0.750000 0.666667
vt 0.875000 0.666667
vt 1.000000 0.666667
vt 0.000000 0.555556
vt 0.125000 0.555556
vt 0.250000 0.555556
vt 0.375000 0.555556
vt 0.500000 0.555556
vt 0.625000 0.555556
vt 0.750000 0.555556
vt 0.875000 0.555556
vt 1.000000 0.555556
vt 0.000000 0.444444
vt 0.125000 0.444444
vt 0.250000 0.444444
vt 0.375000 0.444444
vt 0.500000 0.444444
vt 0.625000 0.444444
vt 0.750000 0.444444
vt 0.875000 0.444444
vt 1.000000 0.444444
vt 0.000000 0.333333
vt 0.125000 0.333333
vt 0.250000 0.333333
vt 0.375000 0.333333
vt 0.500000 0.333333
vt 0.625000 0.333333
vt 0.750000 0.333333
vt 0.875000 0.333333
vt 1.000000 0.333333
vt 0.000000 0.222222
vt 0.125000 0.222222
vt 0.250000 0.222222
vt 0.375000 0.222222
vt 0.500000 0.222222
vt 0.625000 0.222222
vt 0.750000 0.222222
vt 0.875000 0.222222
vt 1.000000 0.222222
vt 0.000000 0.111111
vt 0.125000 0.111111
vt 0.250000 0.111111
vt 0.375000 0.111111
vt 0.500000 0.111111
vt 0.625000 0.111111
vt 0.750000 0.111111
vt 0.875000 0.111111
vt 1.000000 0.111111
vt 0.000000 0.000000
vt 0.125000 0.000000
vt 0.250000 0.000000
vt 0.375000 0.000000
vt 0.500000 0.000000
vt 0.625000 0.000000
vt 0.750000 0.000000
vt 0.875000 0.000000
vt 1.000000 0.000000
vt 0.125000 1.000000
vt 0.000000 1.000000
vt 0.000000 0.888889
vt 0.125000 0.888889
vt 0.250000 1.000000
vt 0.250000 0.888889
vt 0.375000 1.000000
vt 0.375000 0.888889
vt 0.500000 1.000000
vt 0.500000 0.888889
vt 0.625000 1.000000
vt 0.625000 0.888889
vt 0.750000 1.000000
vt 0.750000 0.888889
vt 0.875000 1.000000
vt 0.875000 0.888889
vt 1.000000 1.000000
vt 1.000000 0.888889
vt 0.000000 0.777778
vt 0.125000 0.777778
vt 0.250000 0.777778
vt 0.375000 0.777778
vt 0.500000 0.777778
vt 0.625000 0.777778
vt 0.750000 0.777778
vt 0.875000 0.777778
vt 1.000000 0.777778
vt 0.000000 0.666667
vt 0.125000 0.666667
vt 0.250000 0.666667
vt 0.375000 0.666667
vt 0.500000 0.666667
vt 0.625000 0.666667
vt 0.750000 0.666667
vt 0.875000 0.666667
vt 1.000000 0.666667
vt 0.000000 0.555556
vt 0.125000 0.555556
vt 0.250000 0.555556
vt 0.375000 0.555556
vt 0.500000 0.555556
vt 0.625000 0.555556
vt 0.750000 0.555556
vt 0.875000 0.555556
vt 1.000000 0.555556
vt 0.000000 0.444444
vt 0.125000 0.444444
vt 0.250000 0.444444
vt 0.375000 0.444444
vt 0.500000 0.444444
vt 0.625000 0.444444
vt 0.750000 0.444444
vt 0.875000 0.444444
vt 1.000000 0.444444
vt 0.000000 0.333333
vt 0.125000 0.333333
vt 0.250000 0.333333
vt 0.375000 0.333333
vt 0.500000 0.333333
vt 0.625000 0.333333
vt 0.750000 0.333333
vt 0.875000 0.333333
vt 1.000000 0.333333
vt 0.000000 0.222222
vt 0.125000 0.222222
vt 0.250000 0.222222
vt 0.375000 0.222222
vt 0.500000 0.222222
vt 0.625000 0.222222
vt 0.750000 0.222222
vt 0.875000 0.222222
vt 1.000000 0.222222
vt 0.000000 0.111111
vt 0.125000 0.111111
vt 0.250000 0.111111
vt 0.375000 0.111111
vt 0.500000 0.111111
vt 0.625000 0.111111
vt 0.750000 0.111111
vt 0.875000 0.111111
vt 1.000000 0.111111
vt 0.000000 0.000000
vt 0.125000 0.000000
vt 0.250000 0.000000
vt 0.375000 0.000000
vt 0.500000 0.000000
vt 0.625000 0.000000
vt 0.750000 0.000000
vt 0.875000 0.000000
vt 1.000000 0.000000
vn -0.318727 -0.362725 0.875696
vn -0.318727 -0.362725 0.875696
vn -0.318727 -0.362725 0.875696
vn -0.318727 -0.362725 0.875696
vn -0.318727 0.362725 0.875696
vn -0.318727 0.362725 0.875696
vn -0.318727 0.362725 0.875696
vn -0.318727 0.362725 0.875696
vn -0.318727 0.875696 0.362725
vn -0.318727 0.875696 0.362725
vn -0.318727 0.875696 0.362725
vn -0.318727 0.875696 0.362725
vn -0.318727 0.875696 -0.362725
vn -0.318727 0.875696 -0.362725
vn -0.318727 0.875696 -0.362725
vn -0.318727 0.875696 -0.362725
vn -0.318729 0.362724 -0.875696
vn -0.318729 0.362724 -0.875696
vn -0.318729 0.362724 -0.875696
vn -0.318729 0.362724 -0.875696
vn -0.318725 -0.362725 -0.875697
vn -0.318725 -0.362725 -0.875697
vn -0.318725 -0.362725 -0.875697
vn -0.318725 -0.362725 -0.875697
vn -0.318727 -0.875696 -0.362725
vn -0.318727 -0.875696 -0.362725
vn -0.318727 -0.875696 -0.362725
vn -0.318727 -0.875696 -0.362725
vn -0.318727 -0.875696 0.362725
vn -0.318727 -0.875696 0.362725
vn -0.318727 -0.875696 0.362725
vn -0.318727 -0.875696 0.362725
vn -0.848028 -0.202804 0.489611
vn -0.848028 -0.202804 0.489611
vn -0.848028 -0.202804 0.489611
vn -0.848028 -0.202804 0.489611
vn -0.848028 0.202803 0.489611
vn -0.848028 0.202803 0.489611
vn -0.848028 0.202803 0.489611
vn -0.848028 0.202803 0.489611
vn -0.848029 0.489610 0.202803
vn -0.848029 0.489610 0.202803
vn -0.848029 0.489610 0.202803
vn -0.848029 0.489610 0.202803
vn -0.848029 0.489610 -0.202803
vn -0.848028 0.489610 -0.202803
vn -0.848029 0.489610 -0.202803
vn -0.848028 0.489610 -0.202803
vn -0.848029 0.202803 -0.489610
vn -0.848029 0.202803 -0.489610
vn -0.848029 0.202803 -0.489610
vn -0.848029 0.202803 -0.489610
vn -0.848030 -0.202802 -0.489608
vn -0.848030 -0.202802 -0.489608
vn -0.848030 -0.202802 -0.489608
vn -0.848030 -0.202802 -0.489608
vn -0.848029 -0.489609 -0.202803
vn -0.848029 -0.489609 -0.202803
vn -0.848029 -0.489609 -0.202803
vn -0.848029 -0.489609 -0.202803
vn -0.848029 -0.489610 0.202803
vn -0.848029 -0.489610 0.202803
vn -0.848029 -0.489610 0.202803
vn -0.848029 -0.489610 0.202803
vn -0.982270 0.071742 -0.173201
vn -0.982270 0.071742 -0.173201
vn -0.982270 0.071742 -0.173201
vn -0.982270 0.071742 -0.173201
vn -0.982270 -0.071742 -0.173200
vn -0.982270 -0.071742 -0.173200
vn -0.982270 -0.071742 -0.173200
vn -0.982270 -0.071742 -0.173200
vn -0.982270 -0.173201 -0.071742
vn -0.982270 -0.173201 -0.071742
vn -0.982270 -0.173201 -0.071742
vn -0.982270 -0.173201 -0.071742
vn -0.982270 -0.173201 0.071742
vn -0.982270 -0.173201 0.071742
vn -0.982270 -0.173201 0.071742
vn -0.982270 -0.173201 0.071742
vn -0.982270 -0.071742 0.173201
vn -0.982270 -0.071742 0.173201
vn -0.982270 -0.071742 0.173201
vn -0.982270 -0.071742 0.173201
vn -0.982270 0.071742 0.173201
vn -0.982270 0.071742 0.173201
vn -0.982270 0.071742 0.173201
vn -0.982270 0.071742 0.173201
vn -0.982270 0.173201 0.071742
vn -0.982270 0.173201 0.071742
vn -0.982270 0.173201 0.071742
vn -0.982270 0.173201 0.071742
vn -0.982270 0.173201 -0.071742
vn -0.982270 0.173201 -0.071742
vn -0.982270 0.173201 -0.071742
vn -0.982270 0.173201 -0.071742
vn -0.612683 0.302446 -0.730169
vn -0.612683 0.302446 -0.730169
vn -0.612683 0.302446 -0.730169
vn -0.612683 0.302446 -0.730169
vn -0.612683 -0.302446 -0.730169
vn -0.612683 -0.302446 -0.730169
vn -0.612683 -0.302446 -0.730169
vn -0.612683 -0.302446 -0.730169
vn -0.612683 -0.730168 -0.302446
vn -0.612683 -0.730168 -0.302446
vn -0.612683 -0.730168 -0.302446
vn -0.612683 -0.730168 -0.302446
vn -0.612684 -0.730168 0.302446
vn -0.612684 -0.730168 0.302446
vn -0.612684 -0.730168 0.302446
vn -0.612684 -0.730168 0.302446
vn -0.612683 -0.302446 0.730168
vn -0.612683 -0.302446 0.730169
vn -0.612683 -0.302446 0.730168
vn -0.612683 -0.302446 0.730168
vn -0.612683 0.302446 0.730169
vn -0.612682 0.302446 0.730169
vn -0.612683 0.302446 0.730169
vn -0.612683 0.302446 0.730169
vn -0.612683 0.730168 0.302446
vn -0.612683 0.730168 0.302446
vn -0.612683 0.730168 0.302446
vn -0.612683 0.730168 0.302446
vn -0.612683 0.730168 -0.302446
vn -0.612683 0.730168 -0.302446
vn -0.612683 0.730168 -0.302446
vn -0.612683 0.730169 -0.302446
vn 0.000000 0.382684 -0.923880
vn 0.000000 0.382684 -0.923880
vn 0.000000 0.382684 -0.923880
vn 0.000000 0.382684 -0.923880
vn 0.000000 -0.382684 -0.923880
vn 0.000000 -0.382684 -0.923880
vn 0.000000 -0.382684 -0.923880
vn 0.000000 -0.382684 -0.923880
vn 0.000000 -0.923880 -0.382683
vn 0.000000 -0.923880 -0.382683
vn 0.000000 -0.923880 -0.382683
vn 0.000000 -0.923880 -0.382683
vn 0.000000 -0.923880 0.382683
vn 0.000000 -0.923880 0.382683
vn 0.000000 -0.923880 0.382683
vn 0.000000 -0.923880 0.382683
vn 0.000000 -0.382684 0.923880
vn 0.000000 -0.382684 0.923880
vn 0.000000 -0.382684 0.923880
vn 0.000000 -0.382684 0.923880
vn 0.000000 0.382684 0.923880
vn 0.000000 0.382684 0.923880
vn 0.000000 0.382684 0.923880
vn 0.000000 0.382684 0.923880
vn 0.000000 0.923880 0.382683
vn 0.000000 0.923880 0.382683
vn 0.000000 0.923880 0.382683
vn 0.000000 0.923880 0.382683
vn 0.000000 0.923880 -0.382684
vn 0.000000 0.923880 -0.382684
vn 0.000000 0.923880 -0.382684
vn 0.000000 0.923880 -0.382684
vn 0.612683 0.302446 -0.730169
vn 0.612683 0.302446 -0.730169
vn 0.612683 0.302446 -0.730169
vn 0.612683 0.302446 -0.730169
vn 0.612683 -0.302446 -0.730169
vn 0.612683 -0.302446 -0.730169
vn 0.612683 -0.302446 -0.730169
vn 0.612683 -0.302446 -0.730169
vn 0.612683 -0.730168 -0.302446
vn 0.612683 -0.730168 -0.302446
vn 0.612683 -0.730168 -0.302446
vn 0.612683 -0.730168 -0.302446
vn 0.612684 -0.730168 0.302446
vn 0.612684 -0.730168 0.302446
vn 0.612684 -0.730168 0.302446
vn 0.612684 -0.730168 0.302446
vn 0.612683 -0.302446 0.730168
vn 0.612683 -0.302446 0.730168
vn 0.612683 -0.302446 0.730169
vn 0.612683 -0.302446 0.730168
vn 0.612683 0.302446 0.730169
vn 0.612683 0.302446 0.730169
vn 0.612682 0.302446 0.730169
vn 0.612683 0.302446 0.730169
vn 0.612683 0.730169 0.302446
vn 0.612683 0.730169 0.302446
vn 0.612683 0.730169 0.302446
vn 0.612683 0.730169 0.302446
vn 0.612683 0.730169 -0.302446
vn 0.612683 0.730169 -0.302446
vn 0.612683 0.730169 -0.302446
vn 0.612683 0.730169 -0.302446
vn 0.982270 0.071742 -0.173200
vn 0.982270 0.071742 -0.173200
vn 0.982270 0.071742 -0.173200
vn 0.982270 0.071742 -0.173200
vn 0.982270 -0.071742 -0.173200
vn 0.982270 -0.071742 -0.173200
vn 0.982270 -0.071742 -0.173200
vn 0.982270 -0.071742 -0.173200
vn 0.982270 -0.173201 -0.071742
vn 0.982270 -0.173201 -0.071742
vn 0.982270 -0.173201 -0.071742
vn 0.982270 -0.173201 -0.071742
vn 0.982270 -0.173201 0.071742
vn 0.982270 -0.173201 0.071742
vn 0.982270 -0.173201 0.071742
vn 0.982270 -0.173201 0.071742
vn 0.982270 -0.071742 0.173201
vn 0.982270 -0.071742 0.173201
vn 0.982270 -0.071742 0.173201
vn 0.982270 -0.071742 0.173201
vn 0.982270 0.071742 0.173201
vn 0.982270 0.071742 0.173201
vn 0.982270 0.071742 0.173201
vn 0.982270 0.071742 0.173201
vn 0.982270 0.173201 0.071742
vn 0.982270 0.173201 0.071742
vn 0.982270 0.173201 0.071742
vn 0.982270 0.173201 0.071742
vn 0.982270 0.173201 -0.071742
vn 0.982270 0.173201 -0.071742
vn 0.982270 0.173201 -0.071742
vn 0.982270 0.173201 -0.071742
vn 0.848029 -0.202803 0.489610
vn 0.848029 -0.202803 0.489610
vn 0.848029 -0.202803 0.489610
vn 0.848029 -0.202803 0.489610
vn 0.848028 0.202803 0.489611
vn 0.848028 0.202803 0.489611
vn 0.848028 0.202803 0.489611
vn 0.848028 0.202803 0.489611
vn 0.848029 0.489609 0.202803
vn 0.848029 0.489609 0.202803
vn 0.848029 0.489609 0.202803
vn 0.848029 0.489609 0.202803
vn 0.848028 0.489611 -0.202803
vn 0.848028 0.489611 -0.202803
vn 0.848028 0.489611 -0.202803
vn 0.848028 0.489611 -0.202803
vn 0.848029 0.202803 -0.489610
vn 0.848029 0.202803 -0.489610
vn 0.848029 0.202803 -0.489610
vn 0.848029 0.202803 -0.489610
vn 0.848029 -0.202802 -0.489609
vn 0.848029 -0.202802 -0.489609
vn 0.848029 -0.202802 -0.489609
vn 0.848029 -0.202802 -0.489609
vn 0.848030 -0.489609 -0.202803
vn 0.848030 -0.489609 -0.202803
vn 0.848030 -0.489609 -0.202803
vn 0.848030 -0.489609 -0.202803
vn 0.848029 -0.489610 0.202803
vn 0.848029 -0.489610 0.202803
vn 0.848029 -0.489610 0.202803
vn 0.848029 -0.489610 0.202803
vn 0.318727 -0.362725 0.875696
vn 0.318727 -0.362725 0.875696
vn 0.318727 -0.362725 0.875696
vn 0.318727 -0.362725 0.875696
vn 0.318727 0.362725 0.875696
vn 0.318727 0.362725 0.875696
vn 0.318727 0.362725 0.875696
vn 0.318727 0.362725 0.875696
vn 0.318726 0.875696 0.362725
vn 0.318726 0.875696 0.362725
vn 0.318726 0.875696 0.362725
vn 0.318726 0.875696 0.362725
vn 0.318727 0.875696 -0.362725
vn 0.318727 0.875696 -0.362725
vn 0.318727 0.875696 -0.362725
vn 0.318727 0.875696 -0.362725
vn 0.318725 0.362725 -0.875697
vn 0.318725 0.362725 -0.875697
vn 0.318725 0.362725 -0.875697
vn 0.318725 0.362725 -0.875697
vn 0.318728 -0.362724 -0.875696
vn 0.318728 -0.362724 -0.875696
vn 0.318728 -0.362724 -0.875696
vn 0.318728 -0.362724 -0.875696
vn 0.318727 -0.875696 -0.362725
vn 0.318727 -0.875696 -0.362725
vn 0.318727 -0.875696 -0.362725
vn 0.318727 -0.875696 -0.362725
vn 0.318726 -0.875696 0.362725
vn 0.318726 -0.875696 0.362725
vn 0.318726 -0.875696 0.362725
vn 0.318726 -0.875696 0.362725
vn -0.318727 -0.362725 0.875696
vn -0.318727 -0.362725 0.875696
vn -0.318727 -0.362725 0.875696
vn -0.318727 -0.362725 0.875696
vn -0.318727 0.362725 0.875696
vn -0.318727 0.362725 0.875696
vn -0.318727 0.362725 0.875696
vn -0.318727 0.362725 0.875696
vn -0.318727 0.875696 0.362725
vn -0.318727 0.875696 0.362725
vn -0.318727 0.875696 0.362725
vn -0.318727 0.875696 0.362725
vn -0.318727 0.875696 -0.362725
vn -0.318727 0.875696 -0.362725
vn -0.318727 0.875696 -0.362725
vn -0.318727 0.875696 -0.362725
vn -0.318730 0.362724 -0.875696
vn -0.318729 0.362724 -0.875695
vn -0.318730 0.362724 -0.875696
vn -0.318730 0.362724 -0.875696
vn -0.318725 -0.362725 -0.875697
vn -0.318725 -0.362725 -0.875697
vn -0.318725 -0.362725 -0.875697
vn -0.318725 -0.362725 -0.875697
vn -0.318727 -0.875696 -0.362725
vn -0.318727 -0.875696 -0.362725
vn -0.318727 -0.875696 -0.362725
vn -0.318727 -0.875696 -0.362725
vn -0.318727 -0.875696 0.362725
vn -0.318727 -0.875696 0.362725
vn -0.318727 -0.875696 0.362725
vn -0.318727 -0.875696 0.362725
vn -0.848028 -0.202804 0.489611
vn -0.848028 -0.202804 0.489611
vn -0.848028 -0.202804 0.489611
vn -0.848028 -0.202804 0.489611
vn -0.848028 0.202803 0.489611
vn -0.848028 0.202803 0.489611
vn -0.848028 0.202803 0.489611
vn -0.848028 0.202803 0.489611
vn -0.848029 0.489610 0.202803
vn -0.848029 0.489610 0.202803
vn -0.848029 0.489610 0.202803
vn -0.848029 0.489610 0.202803
vn -0.848029 0.489610 -0.202803
vn -0.848029 0.489611 -0.202803
vn -0.848029 0.489611 -0.202803
vn -0.848029 0.489611 -0.202803
vn -0.848029 0.202803 -0.489610
vn -0.848029 0.202803 -0.489610
vn -0.848029 0.202803 -0.489610
vn -0.848029 0.202803 -0.489610
vn -0.848030 -0.202802 -0.489608
vn -0.848030 -0.202802 -0.489608
vn -0.848030 -0.202802 -0.489608
vn -0.848030 -0.202802 -0.489608
vn -0.848029 -0.489609 -0.202803
vn -0.848030 -0.489609 -0.202803
vn -0.848029 -0.489609 -0.202803
vn -0.848030 -0.489609 -0.202803
vn -0.848029 -0.489610 0.202803
vn -0.848029 -0.489610 0.202803
vn -0.848029 -0.489610 0.202803
vn -0.848029 -0.489610 0.202803
vn -0.982270 0.071742 -0.173201
vn -0.982270 0.071742 -0.173201
vn -0.982270 0.071742 -0.173201
vn -0.982270 0.071742 -0.173201
vn -0.982270 -0.071742 -0.173200
vn -0.982270 -0.071742 -0.173200
vn -0.982270 -0.071742 -0.173200
vn -0.982270 -0.071742 -0.173200
vn -0.982270 -0.173201 -0.071742
vn -0.982270 -0.173201 -0.071742
vn -0.982270 -0.173201 -0.071742
vn -0.982270 -0.173201 -0.071742
vn -0.982270 -0.173201 0.071742
vn -0.982270 -0.173201 0.071742
vn -0.982270 -0.173201 0.071742
vn -0.982270 -0.173201 0.071742
vn -0.982270 -0.071742 0.173201
vn -0.982270 -0.071742 0.173201
vn -0.982270 -0.071742 0.173201
vn -0.982270 -0.071742 0.173201
vn -0.982270 0.071742 0.173201
vn -0.982270 0.071742 0.173201
vn -0.982270 0.071742 0.173201
vn -0.982270 0.071742 0.173201
vn -0.982270 0.173202 0.071742
vn -0.982270 0.173202 0.071742
vn -0.982270 0.173202 0.071742
vn -0.982270 0.173202 0.071742
vn -0.982270 0.173201 -0.071742
vn -0.982270 0.173201 -0.071742
vn -0.982270 0.173201 -0.071742
vn -0.982270 0.173201 -0.071742
vn -0.612683 0.302446 -0.730168
vn -0.612683 0.302446 -0.730168
vn -0.612683 0.302446 -0.730168
vn -0.612683 0.302446 -0.730168
vn -0.612683 -0.302446 -0.730168
vn -0.612683 -0.302446 -0.730168
vn -0.612683 -0.302446 -0.730168
vn -0.612683 -0.302446 -0.730168
vn -0.612684 -0.730168 -0.302446
vn -0.612684 -0.730168 -0.302446
vn -0.612684 -0.730168 -0.302446
vn -0.612684 -0.730168 -0.302446
vn -0.612684 -0.730168 0.302446
vn -0.612684 -0.730168 0.302446
vn -0.612684 -0.730168 0.302446
vn -0.612684 -0.730168 0.302446
vn -0.612683 -0.302446 0.730168
vn -0.612683 -0.302446 0.730168
vn -0.612683 -0.302446 0.730168
vn -0.612683 -0.302446 0.730168
vn -0.612683 0.302446 0.730169
vn -0.612683 0.302446 0.730169
vn -0.612683 0.302446 0.730169
vn -0.612683 0.302446 0.730169
vn -0.612684 0.730168 0.302446
vn -0.612684 0.730168 0.302446
vn -0.612684 0.730168 0.302446
vn -0.612684 0.730168 0.302446
vn -0.612683 0.730168 -0.302446
vn -0.612683 0.730168 -0.302446
vn -0.612683 0.730168 -0.302446
vn -0.612683 0.730168 -0.302446
vn 0.000000 0.382684 -0.923880
vn 0.000000 0.382684 -0.923880
vn 0.000000 0.382684 -0.923880
vn 0.000000 0.382684 -0.923880
vn 0.000000 -0.382684 -0.923880
vn 0.000000 -0.382684 -0.923880
vn 0.000000 -0.382684 -0.923880
vn 0.000000 -0.382684 -0.923880
vn 0.000000 -0.923880 -0.382683
vn 0.000000 -0.923880 -0.382683
vn 0.000000 -0.923880 -0.382683
vn 0.000000 -0.923880 -0.382683
vn 0.000000 -0.923880 0.382683
vn 0.000000 -0.923880 0.382683
vn 0.000000 -0.923880 0.382683
vn 0.000000 -0.923880 0.382683
vn 0.000000 -0.382684 0.923880
vn 0.000000 -0.382684 0.923880
vn 0.000000 -0.382684 0.923880
vn 0.000000 -0.382684 0.923880
vn 0.000000 0.382684 0.923879
vn 0.000000 0.382684 0.923879
vn 0.000000 0.382684 0.923879
vn 0.000000 0.382684 0.923879
vn 0.000000 0.923880 0.382683
vn 0.000000 0.923880 0.382683
vn 0.000000 0.923880 0.382683
vn 0.000000 0.923880 0.382683
vn 0.000000 0.923880 -0.382684
vn 0.000000 0.923880 -0.382684
vn 0.000000 0.923880 -0.382684
vn 0.000000 0.923880 -0.382684
vn 0.612683 0.302446 -0.730169
vn 0.612683 0.302446 -0.730169
vn 0.612683 0.302446 -0.730169
vn 0.612683 0.302446 -0.730169
vn 0.612683 -0.302446 -0.730169
vn 0.612683 -0.302446 -0.730169
vn 0.612683 -0.302446 -0.730169
vn 0.612683 -0.302446 -0.730169
vn 0.612683 -0.730168 -0.302446
vn 0.612683 -0.730168 -0.302446
vn 0.612683 -0.730168 -0.302446
vn 0.612683 -0.730168 -0.302446
vn 0.612683 -0.730168 0.302446
vn 0.612683 -0.730168 0.302446
vn 0.612683 -0.730168 0.302446
vn 0.612683 -0.730168 0.302446
vn 0.612683 -0.302446 0.730169
vn 0.612683 -0.302446 0.730169
vn 0.612683 -0.302446 0.730169
vn 0.612683 -0.302446 0.730169
vn 0.612682 0.302446 0.730169
vn 0.612682 0.302446 0.730169
vn 0.612682 0.302446 0.730169
vn 0.612682 0.302446 0.730169
vn 0.612683 0.730169 0.302446
vn 0.612683 0.730169 0.302446
vn 0.612683 0.730169 0.302446
vn 0.612683 0.730169 0.302446
vn 0.612683 0.730169 -0.302446
vn 0.612683 0.730169 -0.302446
vn 0.612683 0.730169 -0.302446
vn 0.612683 0.730169 -0.302446
vn 0.982270 0.071742 -0.173200
vn 0.982270 0.071742 -0.173200
vn 0.982270 0.071742 -0.173200
vn 0.982270 0.071742 -0.173200
vn 0.982270 -0.071742 -0.173200
vn 0.982270 -0.071742 -0.173200
vn 0.982270 -0.071742 -0.173200
vn 0.982270 -0.071742 -0.173200
vn 0.982270 -0.173201 -0.071742
vn 0.982270 -0.173201 -0.071742
vn 0.982270 -0.173201 -0.071742
vn 0.982270 -0.173201 -0.071742
vn 0.982270 -0.173200 0.071742
vn 0.982270 -0.173200 0.071742
vn 0.982270 -0.173200 0.071742
vn 0.982270 -0.173200 0.071742
vn 0.982270 -0.071742 0.173200
vn 0.982270 -0.071742 0.173200
vn 0.982270 -0.071742 0.173200
vn 0.982270 -0.071742 0.173200
vn 0.982270 0.071742 0.173201
vn 0.982270 0.071742 0.173201
vn 0.982270 0.071742 0.173201
vn 0.982270 0.071742 0.173201
vn 0.982270 0.173201 0.071742
vn 0.982270 0.173201 0.071742
vn 0.982270 0.173201 0.071742
vn 0.982270 0.173201 0.071742
vn 0.982270 0.173200 -0.071742
vn 0.982270 0.173200 -0.071742
vn 0.982270 0.173200 -0.071742
vn 0.982270 0.173200 -0.071742
vn 0.848029 -0.202803 0.489610
vn 0.848029 -0.202803 0.489610
vn 0.848029 -0.202803 0.489610
vn 0.848029 -0.202803 0.489610
vn 0.848028 0.202803 0.489611
vn 0.848028 0.202803 0.489611
vn 0.848028 0.202803 0.489611
vn 0.848028 0.202803 0.489611
vn 0.848029 0.489609 0.202803
vn 0.848029 0.489609 0.202803
vn 0.848029 0.489609 0.202803
vn 0.848029 0.489609 0.202803
vn 0.848028 0.489611 -0.202803
vn 0.848028 0.489611 -0.202803
vn 0.848028 0.489611 -0.202803
vn 0.848028 0.489611 -0.202803
vn 0.848029 0.202803 -0.489610
vn 0.848029 0.202803 -0.489610
vn 0.848029 0.202803 -0.489610
vn 0.848029 0.202803 -0.489610
vn 0.848029 -0.202802 -0.489609
vn 0.848029 -0.202802 -0.489609
vn 0.848029 -0.202802 -0.489609
vn 0.848029 -0.202802 -0.489609
vn 0.848030 -0.489609 -0.202803
vn 0.848030 -0.489609 -0.202803
vn 0.848030 -0.489609 -0.202803
vn 0.848030 -0.489609 -0.202803
vn 0.848029 -0.489610 0.202803
vn 0.848029 -0.489610 0.202803
vn 0.848029 -0.489610 0.202803
vn 0.848029 -0.489610 0.202803
vn 0.318727 -0.362725 0.875696
vn 0.318727 -0.362725 0.875696
vn 0.318727 -0.362725 0.875696
vn 0.318727 -0.362725 0.875696
vn 0.318727 0.362725 0.875696
vn 0.318727 0.362725 0.875696
vn 0.318727 0.362725 0.875696
vn 0.318727 0.362725 0.875696
vn 0.318726 0.875696 0.362725
vn 0.318726 0.875696 0.362725
vn 0.318726 0.875697 0.362725
vn 0.318726 0.875697 0.362725
vn 0.318727 0.875696 -0.362725
vn 0.318727 0.875696 -0.362725
vn 0.318727 0.875696 -0.362725
vn 0.318727 0.875696 -0.362725
vn 0.318725 0.362725 -0.875697
vn 0.318725 0.362725 -0.875697
vn 0.318725 0.362725 -0.875697
vn 0.318725 0.362725 -0.875697
vn 0.318728 -0.362724 -0.875696
vn 0.318728 -0.362724 -0.875696
vn 0.318728 -0.362724 -0.875696
vn 0.318728 -0.362724 -0.875696
vn 0.318727 -0.875696 -0.362725
vn 0.318727 -0.875696 -0.362725
vn 0.318727 -0.875696 -0.362725
vn 0.318727 -0.875696 -0.362725
vn 0.318726 -0.875697 0.362725
vn 0.318726 -0.875696 0.362725
vn 0.318726 -0.875696 0.362725
vn 0.318726 -0.875696 0.362725
vn -0.707107 -0.707107 0.000000
vn -0.707107 -0.707107 0.000000
vn -0.707107 -0.707107 0.000000
vn -0.707107 -0.707107 0.000000
vn 0.000000 -0.707109 0.707105
vn 0.000000 -0.707109 0.707105
vn 0.000000 -0.707109 0.707105
vn 0.000000 -0.707109 0.707105
vn -0.707108 0.000000 0.707105
vn -0.707108 0.000000 0.707105
vn -0.707108 0.000000 0.707105
vn -0.707108 0.000000 0.707105
vn 0.707107 -0.707107 0.000000
vn 0.707107 -0.707107 0.000000
vn 0.707107 -0.707107 0.000000
vn 0.707107 -0.707107 0.000000
vn 0.707108 0.000000 0.707105
vn 0.707108 0.000000 0.707105
vn 0.707108 0.000000 0.707105
vn 0.707108 0.000000 0.707105
vn -0.707107 0.707107 0.000000
vn -0.707107 0.707107 0.000000
vn -0.707107 0.707107 0.000000
vn -0.707107 0.707107 0.000000
vn 0.000000 0.707109 0.707105
vn 0.000000 0.707109 0.707105
vn 0.000000 0.707109 0.707105
vn 0.000000 0.707109 0.707105
vn 0.707107 0.707107 0.000000
vn 0.707107 0.707107 0.000000
vn 0.707107 0.707107 0.000000
vn 0.707107 0.707107 0.000000
vn -0.707108 0.000000 -0.707105
vn -0.707108 0.000000 -0.707105
vn -0.707108 0.000000 -0.707105
vn -0.707108 0.000000 -0.707105
vn 0.000000 0.707109 -0.707105
vn 0.000000 0.707109 -0.707105
vn 0.000000 0.707109 -0.707105
vn 0.000000 0.707109 -0.707105
vn 0.707108 0.000000 -0.707105
vn 0.707108 0.000000 -0.707105
vn 0.707108 0.000000 -0.707105
vn 0.707108 0.000000 -0.707105
vn 0.000000 -0.707109 -0.707105
vn 0.000000 -0.707109 -0.707105
vn 0.000000 -0.707109 -0.707105
vn 0.000000 -0.707109 -0.707105
vn 0.000000 0.000000 1.000000
vn 0.000000 0.000000 1.000000
vn 0.000000 0.000000 1.000000
vn 0.000000 0.000000 1.000000
vn 0.000000 1.000000 0.000000
vn 0.000000 1.000000 0.000000
vn 0.000000 1.000000 0.000000
vn 0.000000 1.000000 0.000000
vn 0.000000 0.000000 -1.000000
vn 0.000000 0.000000 -1.000000
vn 0.000000 0.000000 -1.000000
vn 0.000000 0.000000 -1.000000
vn 0.000000 -1.000000 0.000000
vn 0.000000 -1.000000 0.000000
vn 0.000000 -1.000000 0.000000
vn 0.000000 -1.000000 0.000000
vn 1.000000 0.000000 0.000000
vn 1.000000 0.000000 0.000000
vn 1.000000 0.000000 0.000000
vn 1.000000 0.000000 0.000000
vn -1.000000 0.000000 0.000000
vn -1.000000 0.000000 0.000000
vn -1.000000 0.000000 0.000000
vn -1.000000 0.000000 0.000000
vn -0.577354 -0.577347 0.577350
vn -0.577354 -0.577347 0.577350
vn -0.577354 -0.577347 0.577350
vn 0.577354 -0.577347 0.577350
vn 0.577354 -0.577347 0.577350
vn 0.577354 -0.577347 0.577350
vn -0.577354 0.577347 0.577350
vn -0.577354 0.577347 0.577350
vn -0.577354 0.577347 0.577350
vn 0.577354 0.577347 0.577350
vn 0.577354 0.577347 0.577350
vn 0.577354 0.577347 0.577350
vn -0.577354 0.577347 -0.577350
vn -0.577354 0.577347 -0.577350
vn -0.577354 0.577347 -0.577350
vn 0.577354 0.577347 -0.577350
vn 0.577354 0.577347 -0.577350
vn 0.577354 0.577347 -0.577350
vn -0.577354 -0.577347 -0.577350
vn -0.577354 -0.577347 -0.577350
vn -0.577354 -0.577347 -0.577350
vn 0.577354 -0.577347 -0.577350
vn 0.577354 -0.577347 -0.577350
vn 0.577354 -0.577347 -0.577350
vn -0.318727 -0.362725 0.875696
vn -0.318727 -0.362725 0.875696
vn -0.318727 -0.362725 0.875696
vn -0.318727 -0.362725 0.875696
vn -0.318727 0.362725 0.875696
vn -0.318727 0.362725 0.875696
vn -0.318727 0.362725 0.875696
vn -0.318727 0.362725 0.875696
vn -0.318727 0.875696 0.362725
vn -0.318727 0.875696 0.362725
vn -0.318727 0.875696 0.362725
vn -0.318727 0.875696 0.362725
vn -0.318727 0.875696 -0.362725
vn -0.318727 0.875696 -0.362725
vn -0.318727 0.875696 -0.362725
vn -0.318727 0.875696 -0.362725
vn -0.318730 0.362724 -0.875696
vn -0.318729 0.362724 -0.875695
vn -0.318730 0.362724 -0.875696
vn -0.318730 0.362724 -0.875696
vn -0.318725 -0.362725 -0.875697
vn -0.318725 -0.362725 -0.875697
vn -0.318725 -0.362725 -0.875697
vn -0.318725 -0.362725 -0.875697
vn -0.318727 -0.875696 -0.362725
vn -0.318727 -0.875696 -0.362725
vn -0.318727 -0.875696 -0.362725
vn -0.318727 -0.875696 -0.362725
vn -0.318727 -0.875696 0.362725
vn -0.318727 -0.875696 0.362725
vn -0.318727 -0.875696 0.362725
vn -0.318727 -0.875696 0.362725
vn -0.848028 -0.202804 0.489611
vn -0.848028 -0.202804 0.489611
vn -0.848028 -0.202804 0.489611
vn -0.848028 -0.202804 0.489611
vn -0.848028 0.202803 0.489611
vn -0.848028 0.202803 0.489611
vn -0.848028 0.202803 0.489611
vn -0.848028 0.202803 0.489611
vn -0.848029 0.489610 0.202803
vn -0.848029 0.489610 0.202803
vn -0.848029 0.489610 0.202803
vn -0.848029 0.489610 0.202803
vn -0.848029 0.489610 -0.202803
vn -0.848028 0.489610 -0.202803
vn -0.848029 0.489610 -0.202803
vn -0.848028 0.489610 -0.202803
vn -0.848029 0.202803 -0.489610
vn -0.848029 0.202803 -0.489610
vn -0.848029 0.202803 -0.489610
vn -0.848029 0.202803 -0.489610
vn -0.848030 -0.202802 -0.489608
vn -0.848030 -0.202802 -0.489608
vn -0.848030 -0.202802 -0.489608
vn -0.848030 -0.202802 -0.489608
vn -0.848029 -0.489609 -0.202803
vn -0.848029 -0.489609 -0.202803
vn -0.848029 -0.489609 -0.202803
vn -0.848029 -0.489609 -0.202803
vn -0.848029 -0.489610 0.202803
vn -0.848029 -0.489610 0.202803
vn -0.848029 -0.489610 0.202803
vn -0.848029 -0.489610 0.202803
vn -0.982270 0.071742 -0.173201
vn -0.982270 0.071742 -0.173201
vn -0.982270 0.071742 -0.173201
vn -0.982270 0.071742 -0.173201
vn -0.982270 -0.071742 -0.173200
vn -0.982270 -0.071742 -0.173200
vn -0.982270 -0.071742 -0.173200
vn -0.982270 -0.071742 -0.173200
vn -0.982270 -0.173201 -0.071742
vn -0.982270 -0.173201 -0.071742
vn -0.982270 -0.173201 -0.071742
vn -0.982270 -0.173201 -0.071742
vn -0.982270 -0.173201 0.071742
vn -0.982270 -0.173201 0.071742
vn -0.982270 -0.173201 0.071742
vn -0.982270 -0.173201 0.071742
vn -0.982270 -0.071742 0.173201
vn -0.982270 -0.071742 0.173201
vn -0.982270 -0.071742 0.173201
vn -0.982270 -0.071742 0.173201
vn -0.982270 0.071742 0.173201
vn -0.982270 0.071742 0.173201
vn -0.982270 0.071742 0.173201
vn -0.982270 0.071742 0.173201
vn -0.982270 0.173201 0.071742
vn -0.982270 0.173201 0.071742
vn -0.982270 0.173201 0.071742
vn -0.982270 0.173201 0.071742
vn -0.982270 0.173201 -0.071742
vn -0.982270 0.173200 -0.071742
vn -0.982270 0.173200 -0.071742
vn -0.982270 0.173200 -0.071742
vn -0.612683 0.302446 -0.730169
vn -0.612683 0.302446 -0.730169
vn -0.612683 0.302446 -0.730169
vn -0.612683 0.302446 -0.730169
vn -0.612683 -0.302446 -0.730169
vn -0.612683 -0.302446 -0.730169
vn -0.612683 -0.302446 -0.730169
vn -0.612683 -0.302446 -0.730169
vn -0.612683 -0.730168 -0.302446
vn -0.612683 -0.730168 -0.302446
vn -0.612683 -0.730168 -0.302446
vn -0.612683 -0.730168 -0.302446
vn -0.612683 -0.730168 0.302446
vn -0.612683 -0.730168 0.302446
vn -0.612683 -0.730168 0.302446
vn -0.612683 -0.730168 0.302446
vn -0.612683 -0.302446 0.730169
vn -0.612683 -0.302446 0.730169
vn -0.612683 -0.302446 0.730169
vn -0.612683 -0.302446 0.730169
vn -0.612682 0.302446 0.730169
vn -0.612682 0.302446 0.730169
vn -0.612682 0.302446 0.730169
vn -0.612682 0.302446 0.730169
vn -0.612683 0.730168 0.302446
vn -0.612683 0.730168 0.302446
vn -0.612683 0.730168 0.302446
vn -0.612683 0.730168 0.302446
vn -0.612683 0.730169 -0.302446
vn -0.612683 0.730169 -0.302446
vn -0.612683 0.730169 -0.302446
vn -0.612683 0.730169 -0.302446
vn 0.000000 0.382684 -0.923880
vn 0.000000 0.382684 -0.923880
vn 0.000000 0.382684 -0.923880
vn 0.000000 0.382684 -0.923880
vn 0.000000 -0.382684 -0.923880
vn 0.000000 -0.382684 -0.923880
vn 0.000000 -0.382684 -0.923880
vn 0.000000 -0.382684 -0.923880
vn 0.000000 -0.923880 -0.382684
vn 0.000000 -0.923880 -0.382684
vn 0.000000 -0.923880 -0.382684
vn 0.000000 -0.923880 -0.382684
vn 0.000000 -0.923880 0.382684
vn 0.000000 -0.923880 0.382684
vn 0.000000 -0.923880 0.382684
vn 0.000000 -0.923880 0.382684
vn 0.000000 -0.382684 0.923880
vn 0.000000 -0.382684 0.923880
vn 0.000000 -0.382684 0.923880
vn 0.000000 -0.382684 0.923880
vn 0.000000 0.382684 0.923879
vn 0.000000 0.382684 0.923879
vn 0.000000 0.382684 0.923879
vn 0.000000 0.382684 0.923879
vn 0.000000 0.923880 0.382684
vn 0.000000 0.923880 0.382684
vn 0.000000 0.923880 0.382684
vn 0.000000 0.923880 0.382684
vn 0.000000 0.923879 -0.382684
vn 0.000000 0.923879 -0.382684
vn 0.000000 0.923879 -0.382684
vn 0.000000 0.923879 -0.382684
vn 0.612683 0.302446 -0.730168
vn 0.612683 0.302446 -0.730168
vn 0.612683 0.302446 -0.730168
vn 0.612683 0.302446 -0.730168
vn 0.612683 -0.302446 -0.730168
vn 0.612683 -0.302446 -0.730168
vn 0.612683 -0.302446 -0.730168
vn 0.612683 -0.302446 -0.730168
vn 0.612683 -0.730168 -0.302445
vn 0.612683 -0.730168 -0.302446
vn 0.612683 -0.730168 -0.302446
vn 0.612683 -0.730168 -0.302446
vn 0.612684 -0.730168 0.302445
vn 0.612684 -0.730168 0.302445
vn 0.612684 -0.730168 0.302445
vn 0.612684 -0.730168 0.302445
vn 0.612683 -0.302446 0.730168
vn 0.612683 -0.302446 0.730168
vn 0.612683 -0.302446 0.730168
vn 0.612683 -0.302446 0.730168
vn 0.612683 0.302446 0.730169
vn 0.612683 0.302446 0.730169
vn 0.612683 0.302446 0.730169
vn 0.612683 0.302446 0.730169
vn 0.612683 0.730169 0.302446
vn 0.612683 0.730169 0.302446
vn 0.612683 0.730169 0.302446
vn 0.612683 0.730169 0.302446
vn 0.612683 0.730168 -0.302446
vn 0.612683 0.730168 -0.302446
vn 0.612683 0.730168 -0.302446
vn 0.612683 0.730168 -0.302446
vn 0.982270 0.071742 -0.173200
vn 0.982270 0.071742 -0.173200
vn 0.982270 0.071742 -0.173200
vn 0.982270 0.071742 -0.173200
vn 0.982270 -0.071742 -0.173200
vn 0.982270 -0.071742 -0.173200
vn 0.982270 -0.071742 -0.173200
vn 0.982270 -0.071742 -0.173200
vn 0.982270 -0.173201 -0.071742
vn 0.982270 -0.173201 -0.071742
vn 0.982270 -0.173201 -0.071742
vn 0.982270 -0.173201 -0.071742
vn 0.982270 -0.173201 0.071742
vn 0.982270 -0.173201 0.071742
vn 0.982270 -0.173201 0.071742
vn 0.982270 -0.173201 0.071742
vn 0.982270 -0.071742 0.173201
vn 0.982270 -0.071742 0.173201
vn 0.982270 -0.071742 0.173201
vn 0.982270 -0.071742 0.173201
vn 0.982270 0.071742 0.173201
vn 0.982270 0.071742 0.173201
vn 0.982270 0.071742 0.173201
vn 0.982270 0.071742 0.173201
vn 0.982270 0.173201 0.071742
vn 0.982270 0.173201 0.071742
vn 0.982270 0.173201 0.071742
vn 0.982270 0.173201 0.071742
vn 0.982270 0.173201 -0.071742
vn 0.982270 0.173201 -0.071742
vn 0.982270 0.173201 -0.071742
vn 0.982270 0.173201 -0.071742
vn 0.848028 -0.202803 0.489611
vn 0.848028 -0.202803 0.489611
vn 0.848028 -0.202803 0.489611
vn 0.848028 -0.202803 0.489611
vn 0.848028 0.202803 0.489611
vn 0.848028 0.202803 0.489611
vn 0.848028 0.202803 0.489611
vn 0.848028 0.202803 0.489611
vn 0.848029 0.489609 0.202803
vn 0.848029 0.489609 0.202803
vn 0.848029 0.489609 0.202803
vn 0.848029 0.489610 0.202803
vn 0.848028 0.489611 -0.202804
vn 0.848028 0.489611 -0.202804
vn 0.848028 0.489611 -0.202804
vn 0.848028 0.489611 -0.202804
vn 0.848028 0.202803 -0.489611
vn 0.848028 0.202803 -0.489611
vn 0.848028 0.202803 -0.489611
vn 0.848028 0.202803 -0.489611
vn 0.848029 -0.202803 -0.489610
vn 0.848029 -0.202803 -0.489610
vn 0.848029 -0.202803 -0.489610
vn 0.848029 -0.202803 -0.489610
vn 0.848029 -0.489609 -0.202803
vn 0.848029 -0.489609 -0.202803
vn 0.848029 -0.489609 -0.202803
vn 0.848029 -0.489609 -0.202803
vn 0.848029 -0.489610 0.202803
vn 0.848029 -0.489610 0.202803
vn 0.848029 -0.489610 0.202803
vn 0.848029 -0.489610 0.202803
vn 0.318727 -0.362725 0.875696
vn 0.318727 -0.362725 0.875696
vn 0.318727 -0.362725 0.875696
vn 0.318727 -0.362725 0.875696
vn 0.318727 0.362725 0.875696
vn 0.318727 0.362725 0.875696
vn 0.318727 0.362725 0.875696
vn 0.318727 0.362725 0.875696
vn 0.318726 0.875696 0.362725
vn 0.318726 0.875696 0.362725
vn 0.318726 0.875696 0.362725
vn 0.318726 0.875696 0.362725
vn 0.318727 0.875696 -0.362725
vn 0.318727 0.875696 -0.362725
vn 0.318727 0.875696 -0.362725
vn 0.318727 0.875696 -0.362725
vn 0.318725 0.362725 -0.875697
vn 0.318725 0.362725 -0.875697
vn 0.318725 0.362725 -0.875697
vn 0.318725 0.362725 -0.875697
vn 0.318728 -0.362724 -0.875696
vn 0.318728 -0.362724 -0.875696
vn 0.318728 -0.362724 -0.875696
vn 0.318728 -0.362724 -0.875696
vn 0.318727 -0.875696 -0.362725
vn 0.318727 -0.875696 -0.362725
vn 0.318727 -0.875696 -0.362725
vn 0.318727 -0.875696 -0.362725
vn 0.318726 -0.875696 0.362725
vn 0.318726 -0.875696 0.362725
vn 0.318726 -0.875696 0.362725
vn 0.318726 -0.875696 0.362725
vn -0.318727 -0.362725 0.875696
vn -0.318727 -0.362725 0.875696
vn -0.318727 -0.362725 0.875696
vn -0.318727 -0.362725 0.875696
vn -0.318726 0.362725 0.875696
vn -0.318726 0.362725 0.875696
vn -0.318726 0.362725 0.875696
vn -0.318726 0.362725 0.875696
vn -0.318726 0.875696 0.362725
vn -0.318726 0.875696 0.362725
vn -0.318726 0.875696 0.362725
vn -0.318726 0.875696 0.362725
vn -0.318726 0.875696 -0.362725
vn -0.318726 0.875696 -0.362725
vn -0.318726 0.875696 -0.362725
vn -0.318726 0.875696 -0.362725
vn -0.318729 0.362724 -0.875696
vn -0.318729 0.362724 -0.875696
vn -0.318729 0.362724 -0.875696
vn -0.318729 0.362724 -0.875696
vn -0.318725 -0.362725 -0.875697
vn -0.318725 -0.362725 -0.875697
vn -0.318725 -0.362725 -0.875697
vn -0.318725 -0.362725 -0.875697
vn -0.318727 -0.875696 -0.362725
vn -0.318727 -0.875696 -0.362725
vn -0.318727 -0.875696 -0.362725
vn -0.318727 -0.875696 -0.362725
vn -0.318727 -0.875696 0.362725
vn -0.318727 -0.875696 0.362725
vn -0.318727 -0.875696 0.362725
vn -0.318727 -0.875696 0.362725
vn -0.848028 -0.202803 0.489611
vn -0.848028 -0.202803 0.489611
vn -0.848028 -0.202803 0.489611
vn -0.848028 -0.202803 0.489611
vn -0.848028 0.202804 0.489611
vn -0.848028 0.202804 0.489611
vn -0.848028 0.202804 0.489611
vn -0.848028 0.202804 0.489611
vn -0.848029 0.489610 0.202803
vn -0.848029 0.489610 0.202803
vn -0.848029 0.489610 0.202803
vn -0.848029 0.489610 0.202803
vn -0.848029 0.489611 -0.202803
vn -0.848028 0.489611 -0.202803
vn -0.848028 0.489611 -0.202803
vn -0.848028 0.489611 -0.202803
vn -0.848029 0.202803 -0.489610
vn -0.848029 0.202803 -0.489610
vn -0.848029 0.202803 -0.489610
vn -0.848029 0.202803 -0.489610
vn -0.848030 -0.202802 -0.489608
vn -0.848030 -0.202802 -0.489608
vn -0.848030 -0.202802 -0.489608
vn -0.848030 -0.202802 -0.489608
vn -0.848029 -0.489610 -0.202803
vn -0.848029 -0.489609 -0.202803
vn -0.848029 -0.489609 -0.202803
vn -0.848029 -0.489609 -0.202803
vn -0.848029 -0.489610 0.202803
vn -0.848029 -0.489610 0.202803
vn -0.848029 -0.489610 0.202803
vn -0.848029 -0.489610 0.202803
vn -0.982270 0.071742 -0.173201
vn -0.982270 0.071742 -0.173201
vn -0.982270 0.071742 -0.173201
vn -0.982270 0.071742 -0.173201
vn -0.982270 -0.071742 -0.173200
vn -0.982270 -0.071742 -0.173200
vn -0.982270 -0.071742 -0.173200
vn -0.982270 -0.071742 -0.173200
vn -0.982270 -0.173203 -0.071742
vn -0.982270 -0.173203 -0.071742
vn -0.982270 -0.173203 -0.071742
vn -0.982270 -0.173203 -0.071742
vn -0.982270 -0.173201 0.071742
vn -0.982270 -0.173201 0.071742
vn -0.982270 -0.173201 0.071742
vn -0.982270 -0.173201 0.071742
vn -0.982270 -0.071742 0.173201
vn -0.982270 -0.071742 0.173201
vn -0.982270 -0.071742 0.173201
vn -0.982270 -0.071742 0.173201
vn -0.982270 0.071742 0.173201
vn -0.982270 0.071742 0.173201
vn -0.982270 0.071742 0.173201
vn -0.982270 0.071742 0.173201
vn -0.982270 0.173201 0.071742
vn -0.982270 0.173201 0.071742
vn -0.982270 0.173201 0.071742
vn -0.982270 0.173201 0.071742
vn -0.982270 0.173202 -0.071742
vn -0.982270 0.173202 -0.071742
vn -0.982270 0.173202 -0.071742
vn -0.982270 0.173202 -0.071742
vn -0.612683 0.302446 -0.730169
vn -0.612683 0.302446 -0.730169
vn -0.612683 0.302446 -0.730169
vn -0.612683 0.302446 -0.730169
vn -0.612683 -0.302446 -0.730169
vn -0.612683 -0.302446 -0.730169
vn -0.612683 -0.302446 -0.730169
vn -0.612683 -0.302446 -0.730169
vn -0.612683 -0.730169 -0.302446
vn -0.612683 -0.730169 -0.302446
vn -0.612683 -0.730169 -0.302446
vn -0.612683 -0.730169 -0.302446
vn -0.612683 -0.730169 0.302446
vn -0.612683 -0.730169 0.302446
vn -0.612683 -0.730169 0.302446
vn -0.612683 -0.730169 0.302446
vn -0.612683 -0.302446 0.730169
vn -0.612683 -0.302446 0.730169
vn -0.612683 -0.302446 0.730169
vn -0.612683 -0.302446 0.730169
vn -0.612682 0.302446 0.730169
vn -0.612682 0.302446 0.730169
vn -0.612682 0.302446 0.730169
vn -0.612682 0.302446 0.730169
vn -0.612683 0.730169 0.302446
vn -0.612683 0.730169 0.302446
vn -0.612683 0.730169 0.302446
vn -0.612683 0.730169 0.302446
vn -0.612683 0.730169 -0.302446
vn -0.612683 0.730169 -0.302446
vn -0.612683 0.730169 -0.302446
vn -0.612683 0.730169 -0.302446
vn 0.000000 0.382684 -0.923880
vn 0.000000 0.382684 -0.923880
vn 0.000000 0.382684 -0.923880
vn 0.000000 0.382684 -0.923880
vn 0.000000 -0.382684 -0.923880
vn 0.000000 -0.382684 -0.923880
vn 0.000000 -0.382684 -0.923880
vn 0.000000 -0.382684 -0.923880
vn 0.000000 -0.923879 -0.382684
vn 0.000000 -0.923879 -0.382684
vn 0.000000 -0.923879 -0.382684
vn 0.000000 -0.923879 -0.382684
vn 0.000000 -0.923879 0.382684
vn 0.000000 -0.923879 0.382684
vn 0.000000 -0.923879 0.382684
vn 0.000000 -0.923879 0.382684
vn 0.000000 -0.382684 0.923880
vn 0.000000 -0.382684 0.923880
vn 0.000000 -0.382684 0.923880
vn 0.000000 -0.382684 0.923880
vn 0.000000 0.382684 0.923880
vn 0.000000 0.382684 0.923880
vn 0.000000 0.382684 0.923880
vn 0.000000 0.382684 0.923880
vn 0.000000 0.923879 0.382684
vn 0.000000 0.923879 0.382684
vn 0.000000 0.923879 0.382684
vn 0.000000 0.923879 0.382684
vn 0.000000 0.923879 -0.382684
vn 0.000000 0.923879 -0.382684
vn 0.000000 0.923879 -0.382684
vn 0.000000 0.923879 -0.382684
vn 0.612683 0.302445 -0.730169
vn 0.612683 0.302445 -0.730169
vn 0.612683 0.302445 -0.730169
vn 0.612683 0.302445 -0.730169
vn 0.612683 -0.302446 -0.730169
vn 0.612683 -0.302446 -0.730169
vn 0.612683 -0.302446 -0.730169
vn 0.612683 -0.302446 -0.730169
vn 0.612683 -0.730169 -0.302446
vn 0.612683 -0.730169 -0.302446
vn 0.612683 -0.730169 -0.302446
vn 0.612683 -0.730169 -0.302446
vn 0.612683 -0.730169 0.302446
vn 0.612683 -0.730169 0.302446
vn 0.612683 -0.730169 0.302446
vn 0.612683 -0.730169 0.302446
vn 0.612683 -0.302446 0.730169
vn 0.612683 -0.302446 0.730169
vn 0.612683 -0.302446 0.730169
vn 0.612683 -0.302446 0.730169
vn 0.612682 0.302446 0.730169
vn 0.612682 0.302446 0.730169
vn 0.612682 0.302446 0.730169
vn 0.612682 0.302446 0.730169
vn 0.612682 0.730169 0.302446
vn 0.612682 0.730169 0.302446
vn 0.612682 0.730169 0.302446
vn 0.612682 0.730169 0.302446
vn 0.612683 0.730169 -0.302446
vn 0.612683 0.730169 -0.302446
vn 0.612683 0.730169 -0.302446
vn 0.612683 0.730169 -0.302446
vn 0.982270 0.071742 -0.173199
vn 0.982270 0.071742 -0.173199
vn 0.982270 0.071742 -0.173199
vn 0.982270 0.071742 -0.173199
vn 0.982270 -0.071742 -0.173199
vn 0.982270 -0.071742 -0.173199
vn 0.982270 -0.071742 -0.173199
vn 0.982270 -0.071742 -0.173199
vn 0.982270 -0.173201 -0.071742
vn 0.982270 -0.173201 -0.071742
vn 0.982270 -0.173201 -0.071742
vn 0.982270 -0.173201 -0.071742
vn 0.982270 -0.173201 0.071742
vn 0.982270 -0.173201 0.071742
vn 0.982270 -0.173201 0.071742
vn 0.982270 -0.173201 0.071742
vn 0.982270 -0.071742 0.173200
vn 0.982270 -0.071742 0.173200
vn 0.982270 -0.071742 0.173200
vn 0.982270 -0.071742 0.173200
vn 0.982270 0.071742 0.173200
vn 0.982270 0.071742 0.173200
vn 0.982270 0.071742 0.173200
vn 0.982270 0.071742 0.173200
vn 0.982271 0.173199 0.071742
vn 0.982271 0.173199 0.071742
vn 0.982271 0.173199 0.071742
vn 0.982271 0.173199 0.071742
vn 0.982270 0.173201 -0.071742
vn 0.982270 0.173201 -0.071742
vn 0.982270 0.173201 -0.071742
vn 0.982270 0.173201 -0.071742
vn 0.848029 -0.202804 0.489609
vn 0.848029 -0.202804 0.489609
vn 0.848029 -0.202804 0.489609
vn 0.848029 -0.202804 0.489609
vn 0.848029 0.202803 0.489610
vn 0.848029 0.202803 0.489610
vn 0.848029 0.202803 0.489610
vn 0.848029 0.202803 0.489610
vn 0.848030 0.489609 0.202802
vn 0.848030 0.489609 0.202802
vn 0.848030 0.489609 0.202802
vn 0.848030 0.489609 0.202802
vn 0.848029 0.489610 -0.202803
vn 0.848029 0.489610 -0.202803
vn 0.848029 0.489610 -0.202803
vn 0.848029 0.489610 -0.202803
vn 0.848029 0.202802 -0.489610
vn 0.848029 0.202802 -0.489610
vn 0.848029 0.202802 -0.489610
vn 0.848029 0.202802 -0.489610
vn 0.848030 -0.202802 -0.489608
vn 0.848030 -0.202802 -0.489609
vn 0.848030 -0.202802 -0.489609
vn 0.848030 -0.202802 -0.489609
vn 0.848031 -0.489607 -0.202802
vn 0.848031 -0.489607 -0.202802
vn 0.848031 -0.489607 -0.202802
vn 0.848031 -0.489607 -0.202802
vn 0.848030 -0.489609 0.202803
vn 0.848030 -0.489609 0.202803
vn 0.848030 -0.489609 0.202803
vn 0.848030 -0.489609 0.202803
vn 0.318727 -0.362725 0.875696
vn 0.318727 -0.362725 0.875696
vn 0.318727 -0.362725 0.875696
vn 0.318727 -0.362725 0.875696
vn 0.318727 0.362725 0.875696
vn 0.318727 0.362725 0.875696
vn 0.318727 0.362725 0.875696
vn 0.318727 0.362725 0.875696
vn 0.318726 0.875696 0.362725
vn 0.318726 0.875696 0.362725
vn 0.318726 0.875696 0.362725
vn 0.318726 0.875696 0.362725
vn 0.318727 0.875696 -0.362725
vn 0.318727 0.875696 -0.362725
vn 0.318727 0.875696 -0.362725
vn 0.318727 0.875696 -0.362725
vn 0.318725 0.362725 -0.875697
vn 0.318725 0.362725 -0.875697
vn 0.318725 0.362725 -0.875697
vn 0.318725 0.362725 -0.875697
vn 0.318728 -0.362724 -0.875696
vn 0.318728 -0.362724 -0.875696
vn 0.318728 -0.362724 -0.875696
vn 0.318728 -0.362724 -0.875696
vn 0.318727 -0.875696 -0.362725
vn 0.318727 -0.875696 -0.362725
vn 0.318727 -0.875696 -0.362725
vn 0.318727 -0.875696 -0.362725
vn 0.318726 -0.875696 0.362725
vn 0.318726 -0.875696 0.362725
vn 0.318726 -0.875696 0.362725
vn 0.318726 -0.875696 0.362725
vn -0.318727 -0.362725 0.875696
vn -0.318727 -0.362725 0.875696
vn -0.318727 -0.362725 0.875696
vn -0.318727 -0.362725 0.875696
vn -0.318726 0.362725 0.875696
vn -0.318726 0.362725 0.875696
vn -0.318726 0.362725 0.875696
vn -0.318726 0.362725 0.875696
vn -0.318726 0.875696 0.362725
vn -0.318726 0.875696 0.362725
vn -0.318726 0.875696 0.362725
vn -0.318726 0.875696 0.362725
vn -0.318726 0.875696 -0.362725
vn -0.318726 0.875696 -0.362725
vn -0.318726 0.875696 -0.362725
vn -0.318726 0.875696 -0.362725
vn -0.318729 0.362724 -0.875696
vn -0.318729 0.362724 -0.875696
vn -0.318729 0.362724 -0.875696
vn -0.318729 0.362724 -0.875696
vn -0.318725 -0.362725 -0.875697
vn -0.318725 -0.362725 -0.875697
vn -0.318725 -0.362725 -0.875697
vn -0.318725 -0.362725 -0.875697
vn -0.318727 -0.875696 -0.362725
vn -0.318727 -0.875696 -0.362725
vn -0.318727 -0.875696 -0.362725
vn -0.318727 -0.875696 -0.362725
vn -0.318727 -0.875696 0.362725
vn -0.318727 -0.875696 0.362725
vn -0.318727 -0.875696 0.362725
vn -0.318727 -0.875696 0.362725
vn -0.848029 -0.202803 0.489611
vn -0.848029 -0.202803 0.489611
vn -0.848029 -0.202803 0.489611
vn -0.848029 -0.202803 0.489611
vn -0.848029 0.202803 0.489610
vn -0.848029 0.202803 0.489610
vn -0.848029 0.202803 0.489610
vn -0.848029 0.202803 0.489610
vn -0.848029 0.489609 0.202803
vn -0.848029 0.489609 0.202803
vn -0.848029 0.489609 0.202803
vn -0.848029 0.489609 0.202803
vn -0.848029 0.489610 -0.202803
vn -0.848029 0.489610 -0.202803
vn -0.848029 0.489610 -0.202803
vn -0.848029 0.489610 -0.202803
vn -0.848029 0.202803 -0.489609
vn -0.848029 0.202803 -0.489609
vn -0.848029 0.202803 -0.489610
vn -0.848029 0.202803 -0.489609
vn -0.848031 -0.202802 -0.489607
vn -0.848031 -0.202802 -0.489607
vn -0.848031 -0.202802 -0.489607
vn -0.848031 -0.202802 -0.489607
vn -0.848030 -0.489609 -0.202802
vn -0.848030 -0.489609 -0.202802
vn -0.848030 -0.489609 -0.202802
vn -0.848030 -0.489609 -0.202802
vn -0.848030 -0.489609 0.202803
vn -0.848030 -0.489609 0.202803
vn -0.848030 -0.489609 0.202803
vn -0.848029 -0.489609 0.202803
vn -0.982270 0.071741 -0.173200
vn -0.982270 0.071741 -0.173200
vn -0.982270 0.071741 -0.173200
vn -0.982270 0.071741 -0.173200
vn -0.982270 -0.071742 -0.173199
vn -0.982270 -0.071742 -0.173199
vn -0.982270 -0.071742 -0.173199
vn -0.982270 -0.071742 -0.173199
vn -0.982270 -0.173201 -0.071742
vn -0.982270 -0.173201 -0.071742
vn -0.982270 -0.173201 -0.071742
vn -0.982270 -0.173201 -0.071742
vn -0.982270 -0.173200 0.071742
vn -0.982270 -0.173200 0.071742
vn -0.982270 -0.173200 0.071742
vn -0.982270 -0.173200 0.071742
vn -0.982270 -0.071741 0.173200
vn -0.982270 -0.071741 0.173200
vn -0.982270 -0.071741 0.173200
vn -0.982270 -0.071741 0.173200
vn -0.982270 0.071742 0.173200
vn -0.982270 0.071742 0.173200
vn -0.982270 0.071742 0.173200
vn -0.982270 0.071742 0.173200
vn -0.982270 0.173201 0.071742
vn -0.982270 0.173201 0.071742
vn -0.982270 0.173201 0.071742
vn -0.982270 0.173201 0.071742
vn -0.982270 0.173200 -0.071742
vn -0.982270 0.173200 -0.071742
vn -0.982270 0.173200 -0.071742
vn -0.982270 0.173200 -0.071742
vn -0.612683 0.302446 -0.730169
vn -0.612683 0.302446 -0.730169
vn -0.612683 0.302446 -0.730169
vn -0.612683 0.302446 -0.730169
vn -0.612683 -0.302446 -0.730169
vn -0.612683 -0.302446 -0.730169
vn -0.612683 -0.302446 -0.730169
vn -0.612683 -0.302446 -0.730169
vn -0.612683 -0.730169 -0.302446
vn -0.612683 -0.730169 -0.302446
vn -0.612683 -0.730169 -0.302446
vn -0.612683 -0.730169 -0.302446
vn -0.612683 -0.730168 0.302446
vn -0.612683 -0.730168 0.302446
vn -0.612683 -0.730168 0.302446
vn -0.612683 -0.730168 0.302446
vn -0.612683 -0.302446 0.730169
vn -0.612683 -0.302446 0.730169
vn -0.612683 -0.302446 0.730169
vn -0.612683 -0.302446 0.730169
vn -0.612682 0.302447 0.730169
vn -0.612682 0.302447 0.730169
vn -0.612682 0.302447 0.730169
vn -0.612682 0.302447 0.730169
vn -0.612683 0.730168 0.302446
vn -0.612683 0.730168 0.302446
vn -0.612683 0.730168 0.302446
vn -0.612683 0.730168 0.302446
vn -0.612683 0.730169 -0.302446
vn -0.612683 0.730169 -0.302446
vn -0.612683 0.730169 -0.302446
vn -0.612683 0.730169 -0.302446
vn 0.000000 0.382684 -0.923880
vn 0.000000 0.382684 -0.923880
vn 0.000000 0.382684 -0.923880
vn 0.000000 0.382684 -0.923880
vn 0.000000 -0.382684 -0.923880
vn 0.000000 -0.382684 -0.923880
vn 0.000000 -0.382684 -0.923880
vn 0.000000 -0.382684 -0.923880
vn 0.000000 -0.923880 -0.382684
vn 0.000000 -0.923880 -0.382684
vn 0.000000 -0.923880 -0.382684
vn 0.000000 -0.923880 -0.382684
vn 0.000000 -0.923880 0.382684
vn 0.000000 -0.923880 0.382684
vn 0.000000 -0.923880 0.382684
vn 0.000000 -0.923880 0.382684
vn 0.000000 -0.382684 0.923880
vn 0.000000 -0.382684 0.923880
vn 0.000000 -0.382684 0.923880
vn 0.000000 -0.382684 0.923880
vn 0.000000 0.382684 0.923879
vn 0.000000 0.382684 0.923879
vn 0.000000 0.382684 0.923879
vn 0.000000 0.382684 0.923879
vn 0.000000 0.923880 0.382684
vn 0.000000 0.923880 0.382684
vn 0.000000 0.923880 0.382684
vn 0.000000 0.923880 0.382684
vn 0.000000 0.923879 -0.382684
vn 0.000000 0.923879 -0.382684
vn 0.000000 0.923879 -0.382684
vn 0.000000 0.923879 -0.382684
vn 0.612683 0.302445 -0.730169
vn 0.612683 0.302445 -0.730169
vn 0.612683 0.302445 -0.730169
vn 0.612683 0.302445 -0.730169
vn 0.612683 -0.302446 -0.730168
vn 0.612683 -0.302446 -0.730168
vn 0.612683 -0.302446 -0.730168
vn 0.612683 -0.302446 -0.730168
vn 0.612683 -0.730168 -0.302445
vn 0.612683 -0.730168 -0.302445
vn 0.612683 -0.730168 -0.302445
vn 0.612683 -0.730168 -0.302445
vn 0.612684 -0.730168 0.302445
vn 0.612684 -0.730168 0.302445
vn 0.612684 -0.730168 0.302445
vn 0.612684 -0.730168 0.302445
vn 0.612683 -0.302446 0.730168
vn 0.612683 -0.302446 0.730168
vn 0.612683 -0.302446 0.730168
vn 0.612683 -0.302446 0.730169
vn 0.612683 0.302446 0.730169
vn 0.612683 0.302446 0.730169
vn 0.612683 0.302446 0.730169
vn 0.612683 0.302446 0.730169
vn 0.612683 0.730169 0.302446
vn 0.612683 0.730169 0.302446
vn 0.612683 0.730169 0.302446
vn 0.612683 0.730169 0.302446
vn 0.612683 0.730168 -0.302446
vn 0.612683 0.730168 -0.302446
vn 0.612683 0.730168 -0.302446
vn 0.612683 0.730169 -0.302446
vn 0.982270 0.071742 -0.173200
vn 0.982270 0.071742 -0.173200
vn 0.982270 0.071742 -0.173200
vn 0.982270 0.071742 -0.173200
vn 0.982270 -0.071742 -0.173200
vn 0.982270 -0.071742 -0.173200
vn 0.982270 -0.071742 -0.173200
vn 0.982270 -0.071742 -0.173200
vn 0.982270 -0.173202 -0.071742
vn 0.982270 -0.173202 -0.071742
vn 0.982270 -0.173202 -0.071742
vn 0.982270 -0.173202 -0.071742
vn 0.982270 -0.173201 0.071742
vn 0.982270 -0.173201 0.071742
vn 0.982270 -0.173201 0.071742
vn 0.982270 -0.173201 0.071742
vn 0.982270 -0.071742 0.173201
vn 0.982270 -0.071742 0.173201
vn 0.982270 -0.071742 0.173201
vn 0.982270 -0.071742 0.173201
vn 0.982270 0.071742 0.173201
vn 0.982270 0.071742 0.173201
vn 0.982270 0.071742 0.173201
vn 0.982270 0.071742 0.173201
vn 0.982270 0.173201 0.071742
vn 0.982270 0.173201 0.071742
vn 0.982270 0.173201 0.071742
vn 0.982270 0.173201 0.071742
vn 0.982270 0.173201 -0.071742
vn 0.982270 0.173201 -0.071742
vn 0.982270 0.173201 -0.071742
vn 0.982270 0.173201 -0.071742
vn 0.848028 -0.202804 0.489611
vn 0.848028 -0.202804 0.489611
vn 0.848028 -0.202804 0.489611
vn 0.848028 -0.202804 0.489611
vn 0.848028 0.202804 0.489612
vn 0.848028 0.202804 0.489612
vn 0.848028 0.202804 0.489612
vn 0.848028 0.202804 0.489612
vn 0.848029 0.489610 0.202803
vn 0.848029 0.489610 0.202803
vn 0.848029 0.489610 0.202803
vn 0.848029 0.489610 0.202803
vn 0.848027 0.489613 -0.202804
vn 0.848027 0.489613 -0.202804
vn 0.848027 0.489612 -0.202804
vn 0.848027 0.489612 -0.202804
vn 0.848028 0.202804 -0.489611
vn 0.848028 0.202804 -0.489611
vn 0.848028 0.202804 -0.489611
vn 0.848028 0.202804 -0.489611
vn 0.848029 -0.202803 -0.489610
vn 0.848029 -0.202803 -0.489610
vn 0.848029 -0.202803 -0.489610
vn 0.848029 -0.202803 -0.489610
vn 0.848029 -0.489610 -0.202803
vn 0.848029 -0.489610 -0.202803
vn 0.848029 -0.489610 -0.202803
vn 0.848029 -0.489610 -0.202803
vn 0.848028 -0.489611 0.202803
vn 0.848028 -0.489611 0.202803
vn 0.848028 -0.489611 0.202803
vn 0.848028 -0.489611 0.202803
vn 0.318727 -0.362725 0.875696
vn 0.318727 -0.362725 0.875696
vn 0.318727 -0.362725 0.875696
vn 0.318727 -0.362725 0.875696
vn 0.318727 0.362725 0.875696
vn 0.318727 0.362725 0.875696
vn 0.318727 0.362725 0.875696
vn 0.318727 0.362725 0.875696
vn 0.318727 0.875696 0.362726
vn 0.318727 0.875696 0.362725
vn 0.318727 0.875696 0.362725
vn 0.318727 0.875696 0.362726
vn 0.318728 0.875696 -0.362725
vn 0.318728 0.875696 -0.362725
vn 0.318728 0.875696 -0.362725
vn 0.318728 0.875696 -0.362725
vn 0.318725 0.362725 -0.875697
vn 0.318725 0.362725 -0.875697
vn 0.318725 0.362725 -0.875697
vn 0.318725 0.362725 -0.875697
vn 0.318728 -0.362725 -0.875696
vn 0.318728 -0.362725 -0.875696
vn 0.318728 -0.362725 -0.875696
vn 0.318728 -0.362725 -0.875696
vn 0.318727 -0.875696 -0.362726
vn 0.318727 -0.875696 -0.362725
vn 0.318727 -0.875696 -0.362726
vn 0.318727 -0.875696 -0.362726
vn 0.318726 -0.875696 0.362725
vn 0.318726 -0.875696 0.362725
vn 0.318726 -0.875696 0.362725
vn 0.318726 -0.875696 0.362725
vn -0.318727 -0.362725 0.875696
vn -0.318727 -0.362725 0.875696
vn -0.318727 -0.362725 0.875696
vn -0.318727 -0.362725 0.875696
vn -0.318727 0.362725 0.875696
vn -0.318727 0.362725 0.875696
vn -0.318727 0.362725 0.875696
vn -0.318727 0.362725 0.875696
vn -0.318727 0.875696 0.362725
vn -0.318727 0.875696 0.362725
vn -0.318727 0.875696 0.362725
vn -0.318727 0.875696 0.362725
vn -0.318727 0.875696 -0.362725
vn -0.318727 0.875696 -0.362725
vn -0.318727 0.875696 -0.362725
vn -0.318727 0.875696 -0.362725
vn -0.318730 0.362724 -0.875696
vn -0.318730 0.362724 -0.875696
vn -0.318730 0.362724 -0.875696
vn -0.318730 0.362724 -0.875696
vn -0.318725 -0.362725 -0.875697
vn -0.318725 -0.362725 -0.875697
vn -0.318725 -0.362725 -0.875697
vn -0.318725 -0.362725 -0.875697
vn -0.318727 -0.875696 -0.362725
vn -0.318727 -0.875696 -0.362725
vn -0.318727 -0.875696 -0.362725
vn -0.318727 -0.875696 -0.362725
vn -0.318727 -0.875696 0.362725
vn -0.318727 -0.875696 0.362725
vn -0.318727 -0.875696 0.362725
vn -0.318727 -0.875696 0.362725
vn -0.848028 -0.202804 0.489611
vn -0.848028 -0.202804 0.489611
vn -0.848028 -0.202804 0.489611
vn -0.848028 -0.202804 0.489611
vn -0.848028 0.202803 0.489611
vn -0.848028 0.202803 0.489611
vn -0.848028 0.202803 0.489611
vn -0.848028 0.202803 0.489611
vn -0.848029 0.489610 0.202803
vn -0.848029 0.489610 0.202803
vn -0.848029 0.489610 0.202803
vn -0.848029 0.489610 0.202803
vn -0.848029 0.489610 -0.202803
vn -0.848029 0.489610 -0.202803
vn -0.848029 0.489610 -0.202803
vn -0.848029 0.489610 -0.202803
vn -0.848029 0.202803 -0.489610
vn -0.848029 0.202803 -0.489610
vn -0.848029 0.202803 -0.489610
vn -0.848029 0.202803 -0.489610
vn -0.848030 -0.202802 -0.489608
vn -0.848030 -0.202802 -0.489608
vn -0.848030 -0.202802 -0.489608
vn -0.848030 -0.202802 -0.489608
vn -0.848029 -0.489610 -0.202803
vn -0.848029 -0.489609 -0.202803
vn -0.848029 -0.489609 -0.202803
vn -0.848029 -0.489609 -0.202803
vn -0.848029 -0.489610 0.202803
vn -0.848029 -0.489610 0.202803
vn -0.848029 -0.489610 0.202803
vn -0.848029 -0.489610 0.202803
vn -0.982270 0.071742 -0.173201
vn -0.982270 0.071742 -0.173201
vn -0.982270 0.071742 -0.173201
vn -0.982270 0.071742 -0.173201
vn -0.982270 -0.071742 -0.173200
vn -0.982270 -0.071742 -0.173200
vn -0.982270 -0.071742 -0.173200
vn -0.982270 -0.071742 -0.173200
vn -0.982270 -0.173201 -0.071742
vn -0.982270 -0.173201 -0.071742
vn -0.982270 -0.173201 -0.071742
vn -0.982270 -0.173201 -0.071742
vn -0.982270 -0.173201 0.071742
vn -0.982270 -0.173201 0.071742
vn -0.982270 -0.173201 0.071742
vn -0.982270 -0.173201 0.071742
vn -0.982270 -0.071742 0.173201
vn -0.982270 -0.071742 0.173201
vn -0.982270 -0.071742 0.173201
vn -0.982270 -0.071742 0.173201
vn -0.982270 0.071742 0.173201
vn -0.982270 0.071742 0.173201
vn -0.982270 0.071742 0.173201
vn -0.982270 0.071742 0.173201
vn -0.982270 0.173202 0.071742
vn -0.982270 0.173202 0.071742
vn -0.982270 0.173202 0.071742
vn -0.982270 0.173202 0.071742
vn -0.982270 0.173201 -0.071742
vn -0.982270 0.173201 -0.071742
vn -0.982270 0.173201 -0.071742
vn -0.982270 0.173201 -0.071742
vn -0.612683 0.302446 -0.730168
vn -0.612683 0.302446 -0.730168
vn -0.612683 0.302446 -0.730168
vn -0.612683 0.302446 -0.730168
vn -0.612683 -0.302446 -0.730168
vn -0.612683 -0.302446 -0.730168
vn -0.612683 -0.302446 -0.730168
vn -0.612683 -0.302446 -0.730168
vn -0.612683 -0.730168 -0.302445
vn -0.612683 -0.730168 -0.302445
vn -0.612683 -0.730168 -0.302445
vn -0.612683 -0.730168 -0.302445
vn -0.612684 -0.730168 0.302445
vn -0.612684 -0.730168 0.302446
vn -0.612684 -0.730168 0.302445
vn -0.612684 -0.730168 0.302446
vn -0.612683 -0.302446 0.730168
vn -0.612683 -0.302446 0.730168
vn -0.612683 -0.302446 0.730168
vn -0.612683 -0.302446 0.730168
vn -0.612683 0.302446 0.730169
vn -0.612683 0.302446 0.730169
vn -0.612683 0.302446 0.730169
vn -0.612683 0.302446 0.730169
vn -0.612684 0.730168 0.302446
vn -0.612684 0.730168 0.302446
vn -0.612684 0.730168 0.302446
vn -0.612684 0.730168 0.302446
vn -0.612683 0.730169 -0.302446
vn -0.612683 0.730169 -0.302446
vn -0.612683 0.730169 -0.302446
vn -0.612683 0.730169 -0.302446
vn 0.000000 0.382683 -0.923880
vn 0.000000 0.382683 -0.923880
vn 0.000000 0.382683 -0.923880
vn 0.000000 0.382683 -0.923880
vn 0.000000 -0.382683 -0.923880
vn 0.000000 -0.382683 -0.923880
vn 0.000000 -0.382683 -0.923880
vn 0.000000 -0.382683 -0.923880
vn 0.000000 -0.923880 -0.382683
vn 0.000000 -0.923880 -0.382683
vn 0.000000 -0.923880 -0.382683
vn 0.000000 -0.923880 -0.382683
vn 0.000000 -0.923880 0.382683
vn 0.000000 -0.923880 0.382683
vn 0.000000 -0.923880 0.382683
vn 0.000000 -0.923880 0.382683
vn 0.000000 -0.382683 0.923880
vn 0.000000 -0.382683 0.923880
vn 0.000000 -0.382683 0.923880
vn 0.000000 -0.382683 0.923880
vn 0.000000 0.382683 0.923880
vn 0.000000 0.382683 0.923880
vn 0.000000 0.382683 0.923880
vn 0.000000 0.382683 0.923880
vn 0.000000 0.923880 0.382683
vn 0.000000 0.923880 0.382683
vn 0.000000 0.923880 0.382683
vn 0.000000 0.923880 0.382683
vn 0.000000 0.923880 -0.382684
vn 0.000000 0.923880 -0.382684
vn 0.000000 0.923880 -0.382684
vn 0.000000 0.923880 -0.382684
vn 0.612683 0.302446 -0.730169
vn 0.612683 0.302446 -0.730169
vn 0.612683 0.302446 -0.730169
vn 0.612683 0.302446 -0.730169
vn 0.612683 -0.302446 -0.730169
vn 0.612683 -0.302446 -0.730169
vn 0.612683 -0.302446 -0.730169
vn 0.612683 -0.302446 -0.730169
vn 0.612683 -0.730169 -0.302446
vn 0.612683 -0.730169 -0.302446
vn 0.612683 -0.730169 -0.302446
vn 0.612683 -0.730169 -0.302446
vn 0.612683 -0.730168 0.302446
vn 0.612683 -0.730168 0.302446
vn 0.612683 -0.730168 0.302446
vn 0.612683 -0.730168 0.302446
vn 0.612683 -0.302446 0.730169
vn 0.612683 -0.302446 0.730169
vn 0.612683 -0.302446 0.730168
vn 0.612683 -0.302446 0.730168
vn 0.612682 0.302446 0.730169
vn 0.612682 0.302446 0.730169
vn 0.612682 0.302446 0.730169
vn 0.612682 0.302446 0.730169
vn 0.612683 0.730169 0.302446
vn 0.612683 0.730169 0.302446
vn 0.612683 0.730169 0.302446
vn 0.612683 0.730169 0.302446
vn 0.612683 0.730169 -0.302446
vn 0.612683 0.730169 -0.302446
vn 0.612683 0.730169 -0.302446
vn 0.612683 0.730169 -0.302446
vn 0.982270 0.071742 -0.173200
vn 0.982270 0.071742 -0.173200
vn 0.982270 0.071742 -0.173200
vn 0.982270 0.071742 -0.173200
vn 0.982270 -0.071742 -0.173200
vn 0.982270 -0.071742 -0.173200
vn 0.982270 -0.071742 -0.173200
vn 0.982270 -0.071742 -0.173200
vn 0.982270 -0.173200 -0.071742
vn 0.982270 -0.173200 -0.071742
vn 0.982270 -0.173200 -0.071742
vn 0.982270 -0.173200 -0.071742
vn 0.982270 -0.173200 0.071742
vn 0.982270 -0.173200 0.071742
vn 0.982270 -0.173200 0.071742
vn 0.982270 -0.173200 0.071742
vn 0.982270 -0.071742 0.173200
vn 0.982270 -0.071742 0.173200
vn 0.982270 -0.071742 0.173200
vn 0.982270 -0.071742 0.173200
vn 0.982270 0.071742 0.173201
vn 0.982270 0.071742 0.173201
vn 0.982270 0.071742 0.173201
vn 0.982270 0.071742 0.173201
vn 0.982270 0.173200 0.071742
vn 0.982270 0.173200 0.071742
vn 0.982270 0.173200 0.071742
vn 0.982270 0.173200 0.071742
vn 0.982270 0.173200 -0.071742
vn 0.982270 0.173200 -0.071742
vn 0.982270 0.173200 -0.071742
vn 0.982270 0.173200 -0.071742
vn 0.848029 -0.202803 0.489610
vn 0.848029 -0.202803 0.489610
vn 0.848029 -0.202803 0.489610
vn 0.848029 -0.202803 0.489610
vn 0.848028 0.202803 0.489611
vn 0.848028 0.202803 0.489611
vn 0.848028 0.202803 0.489611
vn 0.848028 0.202803 0.489611
vn 0.848029 0.489609 0.202803
vn 0.848030 0.489609 0.202803
vn 0.848030 0.489609 0.202803
vn 0.848030 0.489609 0.202803
vn 0.848028 0.489611 -0.202803
vn 0.848028 0.489611 -0.202803
vn 0.848028 0.489611 -0.202803
vn 0.848028 0.489611 -0.202803
vn 0.848029 0.202803 -0.489610
vn 0.848029 0.202803 -0.489610
vn 0.848029 0.202803 -0.489610
vn 0.848029 0.202803 -0.489610
vn 0.848030 -0.202802 -0.489609
vn 0.848030 -0.202802 -0.489609
vn 0.848029 -0.202802 -0.489609
vn 0.848030 -0.202802 -0.489609
vn 0.848030 -0.489608 -0.202803
vn 0.848030 -0.489608 -0.202803
vn 0.848030 -0.489608 -0.202803
vn 0.848030 -0.489608 -0.202803
vn 0.848029 -0.489609 0.202803
vn 0.848029 -0.489609 0.202803
vn 0.848029 -0.489609 0.202803
vn 0.848029 -0.489609 0.202803
vn 0.318727 -0.362725 0.875696
vn 0.318727 -0.362725 0.875696
vn 0.318727 -0.362725 0.875696
vn 0.318727 -0.362725 0.875696
vn 0.318727 0.362725 0.875696
vn 0.318727 0.362725 0.875696
vn 0.318727 0.362725 0.875696
vn 0.318727 0.362725 0.875696
vn 0.318726 0.875696 0.362725
vn 0.318726 0.875696 0.362725
vn 0.318726 0.875697 0.362725
vn 0.318726 0.875697 0.362725
vn 0.318727 0.875696 -0.362725
vn 0.318727 0.875696 -0.362725
vn 0.318727 0.875696 -0.362725
vn 0.318727 0.875696 -0.362725
vn 0.318725 0.362725 -0.875697
vn 0.318725 0.362725 -0.875697
vn 0.318725 0.362725 -0.875697
vn 0.318725 0.362725 -0.875697
vn 0.318728 -0.362725 -0.875696
vn 0.318728 -0.362725 -0.875696
vn 0.318728 -0.362725 -0.875696
vn 0.318728 -0.362725 -0.875696
vn 0.318727 -0.875696 -0.362725
vn 0.318727 -0.875696 -0.362725
vn 0.318727 -0.875696 -0.362725
vn 0.318727 -0.875696 -0.362725
vn 0.318726 -0.875697 0.362725
vn 0.318726 -0.875696 0.362725
vn 0.318726 -0.875697 0.362725
vn 0.318726 -0.875697 0.362725
vn -0.318727 -0.362725 0.875696
vn -0.318727 -0.362725 0.875696
vn -0.318727 -0.362725 0.875696
vn -0.318727 -0.362725 0.875696
vn -0.318727 0.362725 0.875696
vn -0.318727 0.362725 0.875696
vn -0.318727 0.362725 0.875696
vn -0.318727 0.362725 0.875696
vn -0.318726 0.875696 0.362725
vn -0.318726 0.875696 0.362725
vn -0.318726 0.875696 0.362725
vn -0.318726 0.875696 0.362725
vn -0.318726 0.875696 -0.362725
vn -0.318726 0.875696 -0.362725
vn -0.318726 0.875696 -0.362725
vn -0.318726 0.875696 -0.362725
vn -0.318729 0.362724 -0.875696
vn -0.318729 0.362724 -0.875696
vn -0.318729 0.362724 -0.875696
vn -0.318729 0.362724 -0.875696
vn -0.318725 -0.362725 -0.875697
vn -0.318725 -0.362725 -0.875697
vn -0.318725 -0.362725 -0.875697
vn -0.318725 -0.362725 -0.875697
vn -0.318727 -0.875696 -0.362725
vn -0.318727 -0.875696 -0.362725
vn -0.318727 -0.875696 -0.362725
vn -0.318727 -0.875696 -0.362725
vn -0.318727 -0.875696 0.362725
vn -0.318727 -0.875696 0.362725
vn -0.318727 -0.875696 0.362725
vn -0.318727 -0.875696 0.362725
vn -0.848028 -0.202804 0.489611
vn -0.848028 -0.202804 0.489611
vn -0.848028 -0.202804 0.489611
vn -0.848028 -0.202804 0.489611
vn -0.848028 0.202804 0.489611
vn -0.848028 0.202804 0.489611
vn -0.848028 0.202804 0.489611
vn -0.848028 0.202804 0.489611
vn -0.848029 0.489609 0.202803
vn -0.848029 0.489609 0.202803
vn -0.848029 0.489609 0.202803
vn -0.848029 0.489609 0.202803
vn -0.848029 0.489610 -0.202803
vn -0.848029 0.489610 -0.202803
vn -0.848029 0.489610 -0.202803
vn -0.848029 0.489610 -0.202803
vn -0.848029 0.202803 -0.489610
vn -0.848029 0.202803 -0.489610
vn -0.848029 0.202803 -0.489610
vn -0.848029 0.202803 -0.489610
vn -0.848030 -0.202801 -0.489608
vn -0.848030 -0.202801 -0.489608
vn -0.848031 -0.202801 -0.489608
vn -0.848031 -0.202801 -0.489608
vn -0.848030 -0.489608 -0.202803
vn -0.848030 -0.489608 -0.202803
vn -0.848030 -0.489608 -0.202803
vn -0.848030 -0.489608 -0.202803
vn -0.848029 -0.489609 0.202803
vn -0.848029 -0.489609 0.202803
vn -0.848029 -0.489609 0.202803
vn -0.848029 -0.489609 0.202803
vn -0.982270 0.071742 -0.173201
vn -0.982270 0.071742 -0.173201
vn -0.982270 0.071742 -0.173201
vn -0.982270 0.071742 -0.173201
vn -0.982270 -0.071742 -0.173200
vn -0.982270 -0.071742 -0.173200
vn -0.982270 -0.071742 -0.173200
vn -0.982270 -0.071742 -0.173200
vn -0.982270 -0.173202 -0.071742
vn -0.982270 -0.173202 -0.071742
vn -0.982270 -0.173202 -0.071742
vn -0.982270 -0.173202 -0.071742
vn -0.982270 -0.173201 0.071742
vn -0.982270 -0.173201 0.071742
vn -0.982270 -0.173201 0.071742
vn -0.982270 -0.173201 0.071742
vn -0.982270 -0.071743 0.173201
vn -0.982270 -0.071743 0.173201
vn -0.982270 -0.071743 0.173201
vn -0.982270 -0.071743 0.173201
vn -0.982270 0.071742 0.173201
vn -0.982270 0.071742 0.173201
vn -0.982270 0.071742 0.173201
vn -0.982270 0.071742 0.173201
vn -0.982270 0.173201 0.071742
vn -0.982270 0.173201 0.071742
vn -0.982270 0.173201 0.071742
vn -0.982270 0.173201 0.071742
vn -0.982270 0.173201 -0.071742
vn -0.982270 0.173201 -0.071742
vn -0.982270 0.173201 -0.071742
vn -0.982270 0.173201 -0.071742
vn -0.612683 0.302446 -0.730169
vn -0.612683 0.302446 -0.730169
vn -0.612683 0.302446 -0.730169
vn -0.612683 0.302446 -0.730169
vn -0.612683 -0.302446 -0.730169
vn -0.612683 -0.302446 -0.730169
vn -0.612683 -0.302446 -0.730169
vn -0.612683 -0.302446 -0.730169
vn -0.612683 -0.730169 -0.302446
vn -0.612683 -0.730169 -0.302446
vn -0.612683 -0.730169 -0.302446
vn -0.612683 -0.730169 -0.302446
vn -0.612683 -0.730168 0.302446
vn -0.612683 -0.730168 0.302446
vn -0.612683 -0.730168 0.302446
vn -0.612683 -0.730168 0.302446
vn -0.612683 -0.302446 0.730169
vn -0.612683 -0.302446 0.730169
vn -0.612683 -0.302446 0.730169
vn -0.612683 -0.302446 0.730169
vn -0.612682 0.302446 0.730169
vn -0.612682 0.302446 0.730169
vn -0.612682 0.302446 0.730169
vn -0.612682 0.302446 0.730169
vn -0.612683 0.730168 0.302446
vn -0.612683 0.730168 0.302446
vn -0.612683 0.730168 0.302446
vn -0.612683 0.730168 0.302446
vn -0.612683 0.730169 -0.302446
vn -0.612683 0.730169 -0.302446
vn -0.612683 0.730169 -0.302446
vn -0.612683 0.730169 -0.302446
vn 0.000000 0.382684 -0.923880
vn 0.000000 0.382684 -0.923880
vn 0.000000 0.382684 -0.923880
vn 0.000000 0.382684 -0.923880
vn 0.000000 -0.382684 -0.923880
vn 0.000000 -0.382684 -0.923880
vn 0.000000 -0.382684 -0.923880
vn 0.000000 -0.382684 -0.923880
vn 0.000000 -0.923880 -0.382684
vn 0.000000 -0.923880 -0.382684
vn 0.000000 -0.923880 -0.382684
vn 0.000000 -0.923880 -0.382684
vn 0.000000 -0.923880 0.382684
vn 0.000000 -0.923880 0.382684
vn 0.000000 -0.923880 0.382684
vn 0.000000 -0.923880 0.382684
vn 0.000000 -0.382684 0.923880
vn 0.000000 -0.382684 0.923880
vn 0.000000 -0.382684 0.923880
vn 0.000000 -0.382684 0.923880
vn 0.000000 0.382684 0.923879
vn 0.000000 0.382684 0.923879
vn 0.000000 0.382684 0.923879
vn 0.000000 0.382684 0.923879
vn 0.000000 0.923880 0.382684
vn 0.000000 0.923880 0.382684
vn 0.000000 0.923880 0.382684
vn 0.000000 0.923880 0.382684
vn 0.000000 0.923879 -0.382684
vn 0.000000 0.923879 -0.382684
vn 0.000000 0.923879 -0.382684
vn 0.000000 0.923879 -0.382684
vn 0.612683 0.302446 -0.730168
vn 0.612683 0.302446 -0.730168
vn 0.612683 0.302446 -0.730168
vn 0.612683 0.302446 -0.730168
vn 0.612683 -0.302446 -0.730168
vn 0.612683 -0.302446 -0.730168
vn 0.612683 -0.302446 -0.730168
vn 0.612683 -0.302446 -0.730168
vn 0.612683 -0.730168 -0.302445
vn 0.612683 -0.730168 -0.302445
vn 0.612683 -0.730168 -0.302445
vn 0.612683 -0.730168 -0.302445
vn 0.612684 -0.730168 0.302445
vn 0.612684 -0.730168 0.302445
vn 0.612684 -0.730168 0.302445
vn 0.612684 -0.730168 0.302445
vn 0.612683 -0.302446 0.730168
vn 0.612683 -0.302446 0.730168
vn 0.612683 -0.302446 0.730168
vn 0.612683 -0.302446 0.730168
vn 0.612683 0.302446 0.730169
vn 0.612683 0.302446 0.730169
vn 0.612683 0.302446 0.730169
vn 0.612683 0.302446 0.730169
vn 0.612683 0.730169 0.302446
vn 0.612683 0.730169 0.302446
vn 0.612683 0.730169 0.302446
vn 0.612683 0.730169 0.302446
vn 0.612683 0.730169 -0.302446
vn 0.612683 0.730169 -0.302446
vn 0.612683 0.730169 -0.302446
vn 0.612683 0.730169 -0.302446
vn 0.982270 0.071742 -0.173200
vn 0.982270 0.071742 -0.173200
vn 0.982270 0.071742 -0.173200
vn 0.982270 0.071742 -0.173200
vn 0.982270 -0.071742 -0.173200
vn 0.982270 -0.071742 -0.173200
vn 0.982270 -0.071742 -0.173200
vn 0.982270 -0.071742 -0.173200
vn 0.982270 -0.173202 -0.071742
vn 0.982270 -0.173202 -0.071742
vn 0.982270 -0.173202 -0.071742
vn 0.982270 -0.173202 -0.071742
vn 0.982270 -0.173202 0.071742
vn 0.982270 -0.173202 0.071742
vn 0.982270 -0.173202 0.071742
vn 0.982270 -0.173202 0.071742
vn 0.982270 -0.071742 0.173201
vn 0.982270 -0.071742 0.173201
vn 0.982270 -0.071742 0.173201
vn 0.982270 -0.071742 0.173201
vn 0.982270 0.071742 0.173201
vn 0.982270 0.071742 0.173201
vn 0.982270 0.071742 0.173201
vn 0.982270 0.071742 0.173201
vn 0.982270 0.173202 0.071742
vn 0.982270 0.173202 0.071742
vn 0.982270 0.173202 0.071742
vn 0.982270 0.173202 0.071742
vn 0.982270 0.173202 -0.071742
vn 0.982270 0.173202 -0.071742
vn 0.982270 0.173202 -0.071742
vn 0.982270 0.173202 -0.071742
vn 0.848029 -0.202803 0.489610
vn 0.848029 -0.202803 0.489610
vn 0.848029 -0.202803 0.489610
vn 0.848029 -0.202803 0.489610
vn 0.848028 0.202803 0.489611
vn 0.848028 0.202803 0.489611
vn 0.848028 0.202803 0.489611
vn 0.848028 0.202803 0.489611
vn 0.848029 0.489610 0.202803
vn 0.848029 0.489610 0.202803
vn 0.848029 0.489610 0.202803
vn 0.848029 0.489611 0.202803
vn 0.848028 0.489612 -0.202803
vn 0.848028 0.489612 -0.202803
vn 0.848028 0.489612 -0.202803
vn 0.848028 0.489612 -0.202803
vn 0.848029 0.202803 -0.489610
vn 0.848029 0.202803 -0.489610
vn 0.848029 0.202803 -0.489610
vn 0.848029 0.202803 -0.489610
vn 0.848029 -0.202802 -0.489609
vn 0.848029 -0.202802 -0.489609
vn 0.848029 -0.202802 -0.489609
vn 0.848029 -0.202802 -0.489609
vn 0.848029 -0.489610 -0.202802
vn 0.848029 -0.489610 -0.202802
vn 0.848029 -0.489610 -0.202802
vn 0.848029 -0.489610 -0.202802
vn 0.848029 -0.489611 0.202803
vn 0.848029 -0.489611 0.202803
vn 0.848029 -0.489611 0.202803
vn 0.848029 -0.489611 0.202803
vn 0.318727 -0.362725 0.875696
vn 0.318727 -0.362725 0.875696
vn 0.318727 -0.362725 0.875696
vn 0.318727 -0.362725 0.875696
vn 0.318727 0.362725 0.875696
vn 0.318727 0.362725 0.875696
vn 0.318727 0.362725 0.875696
vn 0.318727 0.362725 0.875696
vn 0.318726 0.875696 0.362725
vn 0.318726 0.875696 0.362725
vn 0.318726 0.875696 0.362725
vn 0.318726 0.875696 0.362725
vn 0.318727 0.875696 -0.362725
vn 0.318727 0.875696 -0.362725
vn 0.318727 0.875696 -0.362725
vn 0.318727 0.875696 -0.362725
vn 0.318725 0.362725 -0.875697
vn 0.318725 0.362725 -0.875697
vn 0.318725 0.362725 -0.875697
vn 0.318725 0.362725 -0.875697
vn 0.318728 -0.362725 -0.875696
vn 0.318728 -0.362725 -0.875696
vn 0.318728 -0.362725 -0.875696
vn 0.318728 -0.362725 -0.875696
vn 0.318727 -0.875696 -0.362725
vn 0.318727 -0.875696 -0.362725
vn 0.318727 -0.875696 -0.362725
vn 0.318727 -0.875696 -0.362725
vn 0.318726 -0.875696 0.362725
vn 0.318726 -0.875696 0.362725
vn 0.318726 -0.875696 0.362725
vn 0.318726 -0.875696 0.362725
vn -0.318727 -0.362725 0.875696
vn -0.318727 -0.362725 0.875696
vn -0.318727 -0.362725 0.875696
vn -0.318727 -0.362725 0.875696
vn -0.318727 0.362725 0.875696
vn -0.318727 0.362725 0.875696
vn -0.318727 0.362725 0.875696
vn -0.318727 0.362725 0.875696
vn -0.318727 0.875696 0.362725
vn -0.318727 0.875696 0.362725
vn -0.318727 0.875696 0.362725
vn -0.318727 0.875696 0.362725
vn -0.318726 0.875696 -0.362725
vn -0.318727 0.875696 -0.362725
vn -0.318727 0.875696 -0.362725
vn -0.318726 0.875696 -0.362725
vn -0.318730 0.362724 -0.875696
vn -0.318729 0.362724 -0.875695
vn -0.318730 0.362724 -0.875696
vn -0.318729 0.362724 -0.875696
vn -0.318725 -0.362724 -0.875697
vn -0.318725 -0.362724 -0.875697
vn -0.318725 -0.362725 -0.875697
vn -0.318725 -0.362724 -0.875697
vn -0.318727 -0.875696 -0.362725
vn -0.318727 -0.875696 -0.362725
vn -0.318727 -0.875696 -0.362725
vn -0.318727 -0.875696 -0.362725
vn -0.318727 -0.875696 0.362725
vn -0.318727 -0.875696 0.362725
vn -0.318727 -0.875696 0.362725
vn -0.318727 -0.875696 0.362725
vn -0.848027 -0.202804 0.489612
vn -0.848027 -0.202804 0.489612
vn -0.848027 -0.202804 0.489612
vn -0.848027 -0.202804 0.489612
vn -0.848028 0.202804 0.489612
vn -0.848028 0.202804 0.489612
vn -0.848028 0.202804 0.489612
vn -0.848028 0.202804 0.489612
vn -0.848029 0.489610 0.202804
vn -0.848029 0.489610 0.202804
vn -0.848029 0.489610 0.202804
vn -0.848029 0.489610 0.202804
vn -0.848029 0.489610 -0.202804
vn -0.848029 0.489610 -0.202804
vn -0.848029 0.489610 -0.202804
vn -0.848029 0.489610 -0.202804
vn -0.848028 0.202804 -0.489611
vn -0.848028 0.202804 -0.489611
vn -0.848028 0.202804 -0.489611
vn -0.848028 0.202804 -0.489611
vn -0.848030 -0.202803 -0.489609
vn -0.848030 -0.202803 -0.489609
vn -0.848030 -0.202803 -0.489609
vn -0.848030 -0.202803 -0.489609
vn -0.848029 -0.489609 -0.202803
vn -0.848029 -0.489609 -0.202803
vn -0.848029 -0.489609 -0.202803
vn -0.848029 -0.489609 -0.202803
vn -0.848028 -0.489611 0.202803
vn -0.848028 -0.489611 0.202803
vn -0.848028 -0.489611 0.202803
vn -0.848028 -0.489611 0.202803
vn -0.982270 0.071743 -0.173202
vn -0.982270 0.071743 -0.173202
vn -0.982270 0.071743 -0.173202
vn -0.982270 0.071743 -0.173202
vn -0.982270 -0.071742 -0.173202
vn -0.982270 -0.071742 -0.173202
vn -0.982270 -0.071742 -0.173202
vn -0.982270 -0.071742 -0.173202
vn -0.982270 -0.173203 -0.071743
vn -0.982270 -0.173203 -0.071743
vn -0.982270 -0.173203 -0.071743
vn -0.982270 -0.173203 -0.071743
vn -0.982270 -0.173201 0.071743
vn -0.982270 -0.173201 0.071743
vn -0.982270 -0.173201 0.071743
vn -0.982270 -0.173201 0.071743
vn -0.982270 -0.071743 0.173202
vn -0.982270 -0.071743 0.173202
vn -0.982270 -0.071743 0.173202
vn -0.982270 -0.071743 0.173202
vn -0.982270 0.071743 0.173202
vn -0.982270 0.071743 0.173202
vn -0.982270 0.071743 0.173202
vn -0.982270 0.071743 0.173202
vn -0.982270 0.173201 0.071743
vn -0.982270 0.173201 0.071743
vn -0.982270 0.173201 0.071743
vn -0.982270 0.173201 0.071743
vn -0.982270 0.173203 -0.071743
vn -0.982270 0.173203 -0.071743
vn -0.982270 0.173203 -0.071743
vn -0.982270 0.173203 -0.071743
vn -0.612684 0.302446 -0.730168
vn -0.612684 0.302446 -0.730168
vn -0.612684 0.302446 -0.730168
vn -0.612684 0.302446 -0.730168
vn -0.612684 -0.302446 -0.730168
vn -0.612684 -0.302446 -0.730168
vn -0.612684 -0.302446 -0.730168
vn -0.612684 -0.302446 -0.730168
vn -0.612684 -0.730168 -0.302445
vn -0.612684 -0.730168 -0.302445
vn -0.612684 -0.730168 -0.302445
vn -0.612684 -0.730168 -0.302445
vn -0.612684 -0.730168 0.302445
vn -0.612684 -0.730168 0.302445
vn -0.612684 -0.730168 0.302445
vn -0.612684 -0.730168 0.302445
vn -0.612684 -0.302446 0.730168
vn -0.612684 -0.302446 0.730168
vn -0.612684 -0.302446 0.730168
vn -0.612684 -0.302446 0.730168
vn -0.612683 0.302446 0.730168
vn -0.612683 0.302446 0.730168
vn -0.612683 0.302446 0.730168
vn -0.612683 0.302446 0.730168
vn -0.612684 0.730168 0.302445
vn -0.612684 0.730168 0.302445
vn -0.612684 0.730168 0.302445
vn -0.612684 0.730168 0.302445
vn -0.612684 0.730168 -0.302446
vn -0.612684 0.730168 -0.302446
vn -0.612684 0.730168 -0.302446
vn -0.612684 0.730168 -0.302446
vn 0.000000 0.382683 -0.923880
vn 0.000000 0.382683 -0.923880
vn 0.000000 0.382683 -0.923880
vn 0.000000 0.382683 -0.923880
vn 0.000000 -0.382683 -0.923880
vn 0.000000 -0.382683 -0.923880
vn 0.000000 -0.382683 -0.923880
vn 0.000000 -0.382683 -0.923880
vn 0.000000 -0.923880 -0.382684
vn 0.000000 -0.923880 -0.382684
vn 0.000000 -0.923880 -0.382684
vn 0.000000 -0.923880 -0.382684
vn 0.000000 -0.923880 0.382684
vn 0.000000 -0.923880 0.382684
vn 0.000000 -0.923880 0.382684
vn 0.000000 -0.923880 0.382684
vn 0.000000 -0.382683 0.923880
vn 0.000000 -0.382683 0.923880
vn 0.000000 -0.382683 0.923880
vn 0.000000 -0.382683 0.923880
vn 0.000000 0.382683 0.923880
vn 0.000000 0.382683 0.923880
vn 0.000000 0.382683 0.923880
vn 0.000000 0.382683 0.923880
vn 0.000000 0.923880 0.382684
vn 0.000000 0.923880 0.382684
vn 0.000000 0.923880 0.382684
vn 0.000000 0.923880 0.382684
vn 0.000000 0.923879 -0.382684
vn 0.000000 0.923879 -0.382684
vn 0.000000 0.923879 -0.382684
vn 0.000000 0.923879 -0.382684
vn 0.612683 0.302446 -0.730169
vn 0.612683 0.302446 -0.730169
vn 0.612683 0.302446 -0.730169
vn 0.612683 0.302446 -0.730169
vn 0.612683 -0.302446 -0.730169
vn 0.612683 -0.302446 -0.730169
vn 0.612683 -0.302446 -0.730169
vn 0.612683 -0.302446 -0.730169
vn 0.612683 -0.730169 -0.302446
vn 0.612683 -0.730169 -0.302446
vn 0.612683 -0.730169 -0.302446
vn 0.612683 -0.730169 -0.302446
vn 0.612683 -0.730169 0.302446
vn 0.612683 -0.730169 0.302446
vn 0.612683 -0.730169 0.302446
vn 0.612683 -0.730169 0.302446
vn 0.612683 -0.302446 0.730169
vn 0.612683 -0.302446 0.730169
vn 0.612683 -0.302446 0.730169
vn 0.612683 -0.302446 0.730169
vn 0.612682 0.302446 0.730169
vn 0.612682 0.302446 0.730169
vn 0.612682 0.302446 0.730169
vn 0.612682 0.302446 0.730169
vn 0.612682 0.730169 0.302446
vn 0.612682 0.730169 0.302446
vn 0.612682 0.730169 0.302446
vn 0.612682 0.730169 0.302446
vn 0.612683 0.730169 -0.302446
vn 0.612682 0.730169 -0.302446
vn 0.612682 0.730169 -0.302446
vn 0.612682 0.730169 -0.302446
vn 0.982270 0.071741 -0.173199
vn 0.982270 0.071741 -0.173199
vn 0.982270 0.071741 -0.173199
vn 0.982270 0.071741 -0.173199
vn 0.982270 -0.071741 -0.173199
vn 0.982270 -0.071741 -0.173199
vn 0.982270 -0.071741 -0.173199
vn 0.982270 -0.071741 -0.173199
vn 0.982270 -0.173201 -0.071742
vn 0.982270 -0.173201 -0.071742
vn 0.982270 -0.173201 -0.071742
vn 0.982270 -0.173201 -0.071742
vn 0.982270 -0.173199 0.071742
vn 0.982270 -0.173199 0.071742
vn 0.982270 -0.173199 0.071742
vn 0.982270 -0.173199 0.071742
vn 0.982270 -0.071743 0.173200
vn 0.982270 -0.071743 0.173200
vn 0.982270 -0.071743 0.173200
vn 0.982270 -0.071743 0.173200
vn 0.982270 0.071743 0.173200
vn 0.982270 0.071743 0.173200
vn 0.982270 0.071743 0.173200
vn 0.982270 0.071743 0.173200
vn 0.982271 0.173199 0.071742
vn 0.982271 0.173199 0.071742
vn 0.982271 0.173199 0.071742
vn 0.982271 0.173199 0.071742
vn 0.982270 0.173199 -0.071742
vn 0.982270 0.173199 -0.071742
vn 0.982270 0.173199 -0.071742
vn 0.982270 0.173199 -0.071742
vn 0.848029 -0.202803 0.489609
vn 0.848029 -0.202803 0.489609
vn 0.848029 -0.202803 0.489610
vn 0.848029 -0.202803 0.489609
vn 0.848029 0.202803 0.489610
vn 0.848029 0.202803 0.489610
vn 0.848029 0.202803 0.489610
vn 0.848029 0.202803 0.489610
vn 0.848030 0.489608 0.202802
vn 0.848030 0.489608 0.202802
vn 0.848030 0.489608 0.202803
vn 0.848030 0.489608 0.202802
vn 0.848029 0.489610 -0.202803
vn 0.848029 0.489610 -0.202803
vn 0.848029 0.489610 -0.202803
vn 0.848029 0.489610 -0.202803
vn 0.848029 0.202803 -0.489609
vn 0.848029 0.202803 -0.489610
vn 0.848029 0.202803 -0.489609
vn 0.848029 0.202803 -0.489609
vn 0.848030 -0.202802 -0.489608
vn 0.848030 -0.202802 -0.489608
vn 0.848030 -0.202802 -0.489608
vn 0.848030 -0.202802 -0.489608
vn 0.848031 -0.489607 -0.202802
vn 0.848031 -0.489607 -0.202802
vn 0.848031 -0.489607 -0.202802
vn 0.848031 -0.489607 -0.202802
vn 0.848030 -0.489608 0.202803
vn 0.848030 -0.489608 0.202803
vn 0.848030 -0.489608 0.202803
vn 0.848030 -0.489608 0.202803
vn 0.318727 -0.362725 0.875696
vn 0.318727 -0.362725 0.875696
vn 0.318727 -0.362725 0.875696
vn 0.318727 -0.362725 0.875696
vn 0.318727 0.362725 0.875696
vn 0.318727 0.362725 0.875696
vn 0.318727 0.362725 0.875696
vn 0.318727 0.362725 0.875696
vn 0.318726 0.875697 0.362725
vn 0.318726 0.875697 0.362725
vn 0.318726 0.875697 0.362725
vn 0.318726 0.875697 0.362725
vn 0.318727 0.875696 -0.362725
vn 0.318727 0.875696 -0.362725
vn 0.318727 0.875696 -0.362725
vn 0.318727 0.875696 -0.362725
vn 0.318725 0.362725 -0.875697
vn 0.318725 0.362725 -0.875697
vn 0.318725 0.362725 -0.875697
vn 0.318725 0.362725 -0.875697
vn 0.318728 -0.362725 -0.875696
vn 0.318728 -0.362725 -0.875696
vn 0.318728 -0.362725 -0.875696
vn 0.318728 -0.362725 -0.875696
vn 0.318726 -0.875696 -0.362725
vn 0.318726 -0.875696 -0.362725
vn 0.318726 -0.875696 -0.362725
vn 0.318726 -0.875696 -0.362725
vn 0.318726 -0.875697 0.362725
vn 0.318726 -0.875696 0.362725
vn 0.318726 -0.875696 0.362725
vn 0.318726 -0.875696 0.362725
vn -0.318727 -0.362725 0.875696
vn -0.318727 -0.362725 0.875696
vn -0.318727 -0.362725 0.875696
vn -0.318727 -0.362725 0.875696
vn -0.318726 0.362725 0.875696
vn -0.318726 0.362725 0.875696
vn -0.318726 0.362725 0.875696
vn -0.318726 0.362725 0.875696
vn -0.318726 0.875696 0.362725
vn -0.318726 0.875696 0.362725
vn -0.318726 0.875696 0.362725
vn -0.318726 0.875696 0.362725
vn -0.318726 0.875696 -0.362725
vn -0.318726 0.875696 -0.362725
vn -0.318726 0.875696 -0.362725
vn -0.318726 0.875696 -0.362725
vn -0.318729 0.362724 -0.875696
vn -0.318729 0.362724 -0.875696
vn -0.318729 0.362724 -0.875696
vn -0.318729 0.362724 -0.875696
vn -0.318725 -0.362725 -0.875697
vn -0.318725 -0.362725 -0.875697
vn -0.318725 -0.362725 -0.875697
vn -0.318725 -0.362725 -0.875697
vn -0.318727 -0.875696 -0.362725
vn -0.318727 -0.875696 -0.362725
vn -0.318727 -0.875696 -0.362725
vn -0.318727 -0.875696 -0.362725
vn -0.318727 -0.875696 0.362725
vn -0.318727 -0.875696 0.362725
vn -0.318727 -0.875696 0.362725
vn -0.318727 -0.875696 0.362725
vn -0.848028 -0.202803 0.489611
vn -0.848028 -0.202803 0.489611
vn -0.848028 -0.202803 0.489611
vn -0.848028 -0.202803 0.489611
vn -0.848028 0.202804 0.489611
vn -0.848028 0.202804 0.489611
vn -0.848028 0.202804 0.489611
vn -0.848028 0.202804 0.489611
vn -0.848029 0.489610 0.202803
vn -0.848029 0.489610 0.202803
vn -0.848029 0.489610 0.202803
vn -0.848029 0.489610 0.202803
vn -0.848029 0.489611 -0.202803
vn -0.848029 0.489611 -0.202803
vn -0.848029 0.489611 -0.202803
vn -0.848028 0.489611 -0.202803
vn -0.848029 0.202803 -0.489610
vn -0.848029 0.202803 -0.489610
vn -0.848029 0.202803 -0.489610
vn -0.848029 0.202803 -0.489610
vn -0.848030 -0.202802 -0.489608
vn -0.848030 -0.202802 -0.489608
vn -0.848030 -0.202802 -0.489608
vn -0.848030 -0.202802 -0.489608
vn -0.848029 -0.489610 -0.202803
vn -0.848029 -0.489609 -0.202803
vn -0.848029 -0.489609 -0.202803
vn -0.848029 -0.489609 -0.202803
vn -0.848029 -0.489610 0.202803
vn -0.848029 -0.489610 0.202803
vn -0.848029 -0.489610 0.202803
vn -0.848029 -0.489610 0.202803
vn -0.982270 0.071742 -0.173201
vn -0.982270 0.071742 -0.173201
vn -0.982270 0.071742 -0.173201
vn -0.982270 0.071742 -0.173201
vn -0.982270 -0.071742 -0.173200
vn -0.982270 -0.071742 -0.173200
vn -0.982270 -0.071742 -0.173200
vn -0.982270 -0.071742 -0.173200
vn -0.982270 -0.173201 -0.071742
vn -0.982270 -0.173201 -0.071742
vn -0.982270 -0.173201 -0.071742
vn -0.982270 -0.173201 -0.071742
vn -0.982270 -0.173201 0.071742
vn -0.982270 -0.173201 0.071742
vn -0.982270 -0.173201 0.071742
vn -0.982270 -0.173201 0.071742
vn -0.982270 -0.071742 0.173201
vn -0.982270 -0.071742 0.173201
vn -0.982270 -0.071742 0.173201
vn -0.982270 -0.071742 0.173201
vn -0.982270 0.071742 0.173201
vn -0.982270 0.071742 0.173201
vn -0.982270 0.071742 0.173201
vn -0.982270 0.071742 0.173201
vn -0.982270 0.173201 0.071742
vn -0.982270 0.173201 0.071742
vn -0.982270 0.173201 0.071742
vn -0.982270 0.173201 0.071742
vn -0.982270 0.173201 -0.071742
vn -0.982270 0.173201 -0.071742
vn -0.982270 0.173201 -0.071742
vn -0.982270 0.173201 -0.071742
vn -0.612683 0.302446 -0.730169
vn -0.612683 0.302446 -0.730169
vn -0.612683 0.302446 -0.730169
vn -0.612683 0.302446 -0.730169
vn -0.612683 -0.302446 -0.730169
vn -0.612683 -0.302446 -0.730169
vn -0.612683 -0.302446 -0.730169
vn -0.612683 -0.302446 -0.730169
vn -0.612683 -0.730169 -0.302446
vn -0.612683 -0.730169 -0.302446
vn -0.612683 -0.730169 -0.302446
vn -0.612683 -0.730169 -0.302446
vn -0.612683 -0.730169 0.302446
vn -0.612683 -0.730169 0.302446
vn -0.612683 -0.730169 0.302446
vn -0.612683 -0.730169 0.302446
vn -0.612683 -0.302446 0.730169
vn -0.612683 -0.302446 0.730169
vn -0.612683 -0.302446 0.730169
vn -0.612683 -0.302446 0.730169
vn -0.612682 0.302446 0.730169
vn -0.612682 0.302446 0.730169
vn -0.612682 0.302446 0.730169
vn -0.612682 0.302447 0.730169
vn -0.612683 0.730169 0.302446
vn -0.612683 0.730169 0.302446
vn -0.612683 0.730169 0.302446
vn -0.612683 0.730169 0.302446
vn -0.612682 0.730169 -0.302446
vn -0.612682 0.730169 -0.302446
vn -0.612682 0.730169 -0.302446
vn -0.612682 0.730169 -0.302446
vn 0.000000 0.382683 -0.923880
vn 0.000000 0.382683 -0.923880
vn 0.000000 0.382683 -0.923880
vn 0.000000 0.382683 -0.923880
vn 0.000000 -0.382683 -0.923880
vn 0.000000 -0.382683 -0.923880
vn 0.000000 -0.382683 -0.923880
vn 0.000000 -0.382683 -0.923880
vn 0.000000 -0.923880 -0.382684
vn 0.000000 -0.923880 -0.382684
vn 0.000000 -0.923880 -0.382684
vn 0.000000 -0.923880 -0.382684
vn 0.000000 -0.923880 0.382684
vn 0.000000 -0.923880 0.382684
vn 0.000000 -0.923880 0.382684
vn 0.000000 -0.923880 0.382684
vn 0.000000 -0.382683 0.923880
vn 0.000000 -0.382683 0.923880
vn 0.000000 -0.382683 0.923880
vn 0.000000 -0.382683 0.923880
vn 0.000000 0.382683 0.923880
vn 0.000000 0.382683 0.923880
vn 0.000000 0.382683 0.923880
vn 0.000000 0.382683 0.923880
vn 0.000000 0.923880 0.382684
vn 0.000000 0.923880 0.382684
vn 0.000000 0.923880 0.382684
vn 0.000000 0.923880 0.382684
vn 0.000000 0.923879 -0.382684
vn 0.000000 0.923879 -0.382684
vn 0.000000 0.923879 -0.382684
vn 0.000000 0.923879 -0.382684
vn 0.612683 0.302446 -0.730168
vn 0.612683 0.302446 -0.730168
vn 0.612683 0.302446 -0.730168
vn 0.612683 0.302446 -0.730168
vn 0.612683 -0.302446 -0.730168
vn 0.612683 -0.302446 -0.730168
vn 0.612683 -0.302446 -0.730168
vn 0.612683 -0.302446 -0.730168
vn 0.612684 -0.730168 -0.302446
vn 0.612684 -0.730168 -0.302446
vn 0.612684 -0.730168 -0.302446
vn 0.612684 -0.730168 -0.302446
vn 0.612684 -0.730168 0.302446
vn 0.612684 -0.730168 0.302446
vn 0.612684 -0.730168 0.302446
vn 0.612684 -0.730168 0.302446
vn 0.612683 -0.302446 0.730168
vn 0.612683 -0.302446 0.730168
vn 0.612683 -0.302446 0.730168
vn 0.612683 -0.302446 0.730168
vn 0.612683 0.302446 0.730169
vn 0.612683 0.302446 0.730169
vn 0.612683 0.302446 0.730169
vn 0.612683 0.302446 0.730169
vn 0.612683 0.730168 0.302446
vn 0.612683 0.730168 0.302446
vn 0.612683 0.730168 0.302446
vn 0.612683 0.730168 0.302446
vn 0.612683 0.730168 -0.302446
vn 0.612683 0.730168 -0.302446
vn 0.612683 0.730168 -0.302446
vn 0.612683 0.730168 -0.302446
vn 0.982270 0.071742 -0.173200
vn 0.982270 0.071742 -0.173200
vn 0.982270 0.071742 -0.173200
vn 0.982270 0.071742 -0.173200
vn 0.982270 -0.071742 -0.173200
vn 0.982270 -0.071742 -0.173200
vn 0.982270 -0.071742 -0.173200
vn 0.982270 -0.071742 -0.173200
vn 0.982270 -0.173202 -0.071742
vn 0.982270 -0.173202 -0.071742
vn 0.982270 -0.173202 -0.071742
vn 0.982270 -0.173202 -0.071742
vn 0.982270 -0.173201 0.071742
vn 0.982270 -0.173201 0.071742
vn 0.982270 -0.173201 0.071742
vn 0.982270 -0.173201 0.071742
vn 0.982270 -0.071742 0.173201
vn 0.982270 -0.071742 0.173201
vn 0.982270 -0.071742 0.173201
vn 0.982270 -0.071742 0.173201
vn 0.982270 0.071743 0.173201
vn 0.982270 0.071743 0.173201
vn 0.982270 0.071743 0.173201
vn 0.982270 0.071743 0.173201
vn 0.982270 0.173202 0.071742
vn 0.982270 0.173202 0.071742
vn 0.982270 0.173202 0.071742
vn 0.982270 0.173202 0.071742
vn 0.982270 0.173202 -0.071742
vn 0.982270 0.173202 -0.071742
vn 0.982270 0.173202 -0.071742
vn 0.982270 0.173202 -0.071742
vn 0.848029 -0.202803 0.489610
vn 0.848029 -0.202803 0.489610
vn 0.848029 -0.202803 0.489610
vn 0.848029 -0.202803 0.489610
vn 0.848028 0.202803 0.489611
vn 0.848028 0.202803 0.489611
vn 0.848028 0.202803 0.489611
vn 0.848028 0.202803 0.489611
vn 0.848029 0.489609 0.202803
vn 0.848029 0.489609 0.202803
vn 0.848029 0.489610 0.202803
vn 0.848029 0.489609 0.202803
vn 0.848029 0.489610 -0.202804
vn 0.848029 0.489610 -0.202804
vn 0.848029 0.489610 -0.202804
vn 0.848029 0.489610 -0.202804
vn 0.848029 0.202803 -0.489610
vn 0.848029 0.202803 -0.489610
vn 0.848029 0.202803 -0.489610
vn 0.848029 0.202803 -0.489610
vn 0.848029 -0.202803 -0.489609
vn 0.848029 -0.202803 -0.489609
vn 0.848029 -0.202803 -0.489609
vn 0.848029 -0.202803 -0.489609
vn 0.848030 -0.489609 -0.202803
vn 0.848030 -0.489609 -0.202803
vn 0.848030 -0.489609 -0.202803
vn 0.848030 -0.489609 -0.202803
vn 0.848029 -0.489610 0.202803
vn 0.848029 -0.489610 0.202803
vn 0.848029 -0.489610 0.202803
vn 0.848029 -0.489610 0.202803
vn 0.318727 -0.362725 0.875696
vn 0.318727 -0.362725 0.875696
vn 0.318727 -0.362725 0.875696
vn 0.318727 -0.362725 0.875696
vn 0.318727 0.362725 0.875696
vn 0.318727 0.362725 0.875696
vn 0.318727 0.362725 0.875696
vn 0.318727 0.362725 0.875696
vn 0.318726 0.875696 0.362725
vn 0.318726 0.875696 0.362725
vn 0.318726 0.875697 0.362725
vn 0.318726 0.875697 0.362725
vn 0.318727 0.875696 -0.362725
vn 0.318727 0.875696 -0.362725
vn 0.318727 0.875696 -0.362725
vn 0.318727 0.875696 -0.362725
vn 0.318725 0.362725 -0.875697
vn 0.318725 0.362725 -0.875697
vn 0.318725 0.362725 -0.875697
vn 0.318725 0.362725 -0.875697
vn 0.318728 -0.362724 -0.875696
vn 0.318728 -0.362724 -0.875696
vn 0.318728 -0.362724 -0.875696
vn 0.318728 -0.362725 -0.875696
vn 0.318727 -0.875696 -0.362725
vn 0.318727 -0.875696 -0.362725
vn 0.318727 -0.875696 -0.362725
vn 0.318727 -0.875696 -0.362725
vn 0.318726 -0.875696 0.362725
vn 0.318726 -0.875696 0.362725
vn 0.318726 -0.875696 0.362725
vn 0.318726 -0.875696 0.362725
vn -0.318727 -0.362725 0.875696
vn -0.318727 -0.362725 0.875696
vn -0.318727 -0.362725 0.875696
vn -0.318727 -0.362725 0.875696
vn -0.318727 0.362725 0.875696
vn -0.318727 0.362725 0.875696
vn -0.318727 0.362725 0.875696
vn -0.318727 0.362725 0.875696
vn -0.318726 0.875696 0.362725
vn -0.318726 0.875696 0.362725
vn -0.318726 0.875696 0.362725
vn -0.318726 0.875696 0.362725
vn -0.318727 0.875696 -0.362725
vn -0.318726 0.875696 -0.362725
vn -0.318727 0.875696 -0.362725
vn -0.318727 0.875696 -0.362725
vn -0.318730 0.362724 -0.875696
vn -0.318730 0.362724 -0.875696
vn -0.318730 0.362724 -0.875696
vn -0.318730 0.362724 -0.875696
vn -0.318725 -0.362725 -0.875697
vn -0.318725 -0.362725 -0.875697
vn -0.318725 -0.362725 -0.875697
vn -0.318725 -0.362725 -0.875697
vn -0.318727 -0.875696 -0.362725
vn -0.318727 -0.875696 -0.362725
vn -0.318727 -0.875696 -0.362725
vn -0.318727 -0.875696 -0.362725
vn -0.318727 -0.875696 0.362725
vn -0.318727 -0.875696 0.362725
vn -0.318727 -0.875696 0.362725
vn -0.318727 -0.875696 0.362725
vn -0.848027 -0.202804 0.489612
vn -0.848027 -0.202804 0.489612
vn -0.848027 -0.202804 0.489612
vn -0.848027 -0.202804 0.489612
vn -0.848028 0.202803 0.489612
vn -0.848028 0.202803 0.489612
vn -0.848028 0.202803 0.489612
vn -0.848028 0.202803 0.489612
vn -0.848028 0.489612 0.202803
vn -0.848028 0.489612 0.202803
vn -0.848028 0.489612 0.202803
vn -0.848028 0.489612 0.202803
vn -0.848028 0.489611 -0.202804
vn -0.848028 0.489611 -0.202804
vn -0.848028 0.489611 -0.202804
vn -0.848028 0.489611 -0.202804
vn -0.848028 0.202804 -0.489611
vn -0.848028 0.202804 -0.489611
vn -0.848028 0.202804 -0.489611
vn -0.848028 0.202804 -0.489611
vn -0.848030 -0.202802 -0.489609
vn -0.848030 -0.202802 -0.489609
vn -0.848030 -0.202802 -0.489609
vn -0.848030 -0.202802 -0.489609
vn -0.848029 -0.489609 -0.202803
vn -0.848029 -0.489609 -0.202803
vn -0.848029 -0.489609 -0.202803
vn -0.848029 -0.489609 -0.202803
vn -0.848028 -0.489611 0.202803
vn -0.848028 -0.489611 0.202803
vn -0.848028 -0.489611 0.202803
vn -0.848028 -0.489611 0.202803
vn -0.982270 0.071743 -0.173202
vn -0.982270 0.071743 -0.173202
vn -0.982270 0.071743 -0.173202
vn -0.982270 0.071743 -0.173202
vn -0.982270 -0.071742 -0.173202
vn -0.982270 -0.071742 -0.173202
vn -0.982270 -0.071742 -0.173202
vn -0.982270 -0.071742 -0.173202
vn -0.982270 -0.173203 -0.071743
vn -0.982270 -0.173203 -0.071743
vn -0.982270 -0.173203 -0.071743
vn -0.982270 -0.173203 -0.071743
vn -0.982270 -0.173201 0.071743
vn -0.982270 -0.173201 0.071743
vn -0.982270 -0.173201 0.071743
vn -0.982270 -0.173201 0.071743
vn -0.982270 -0.071743 0.173202
vn -0.982270 -0.071743 0.173202
vn -0.982270 -0.071743 0.173202
vn -0.982270 -0.071743 0.173202
vn -0.982270 0.071743 0.173202
vn -0.982270 0.071743 0.173202
vn -0.982270 0.071743 0.173202
vn -0.982270 0.071743 0.173202
vn -0.982270 0.173201 0.071743
vn -0.982270 0.173201 0.071743
vn -0.982270 0.173201 0.071743
vn -0.982270 0.173201 0.071743
vn -0.982270 0.173203 -0.071743
vn -0.982270 0.173203 -0.071743
vn -0.982270 0.173203 -0.071743
vn -0.982270 0.173203 -0.071743
vn -0.612684 0.302446 -0.730168
vn -0.612684 0.302446 -0.730168
vn -0.612684 0.302446 -0.730168
vn -0.612684 0.302446 -0.730168
vn -0.612684 -0.302446 -0.730168
vn -0.612684 -0.302446 -0.730168
vn -0.612684 -0.302446 -0.730168
vn -0.612684 -0.302446 -0.730168
vn -0.612685 -0.730167 -0.302446
vn -0.612685 -0.730167 -0.302446
vn -0.612685 -0.730167 -0.302446
vn -0.612685 -0.730167 -0.302446
vn -0.612684 -0.730168 0.302445
vn -0.612684 -0.730168 0.302445
vn -0.612684 -0.730168 0.302445
vn -0.612684 -0.730168 0.302445
vn -0.612684 -0.302447 0.730168
vn -0.612684 -0.302447 0.730168
vn -0.612684 -0.302447 0.730168
vn -0.612684 -0.302447 0.730168
vn -0.612683 0.302446 0.730168
vn -0.612683 0.302446 0.730168
vn -0.612683 0.302446 0.730168
vn -0.612683 0.302446 0.730168
vn -0.612684 0.730168 0.302445
vn -0.612684 0.730168 0.302445
vn -0.612684 0.730168 0.302445
vn -0.612684 0.730168 0.302445
vn -0.612684 0.730168 -0.302446
vn -0.612684 0.730168 -0.302446
vn -0.612684 0.730168 -0.302446
vn -0.612684 0.730168 -0.302446
vn 0.000000 0.382683 -0.923880
vn 0.000000 0.382683 -0.923880
vn 0.000000 0.382683 -0.923880
vn 0.000000 0.382683 -0.923880
vn 0.000000 -0.382683 -0.923880
vn 0.000000 -0.382683 -0.923880
vn 0.000000 -0.382683 -0.923880
vn 0.000000 -0.382683 -0.923880
vn 0.000000 -0.923880 -0.382684
vn 0.000000 -0.923880 -0.382684
vn 0.000000 -0.923880 -0.382684
vn 0.000000 -0.923880 -0.382684
vn 0.000000 -0.923880 0.382684
vn 0.000000 -0.923880 0.382684
vn 0.000000 -0.923880 0.382684
vn 0.000000 -0.923880 0.382684
vn 0.000000 -0.382683 0.923880
vn 0.000000 -0.382683 0.923880
vn 0.000000 -0.382683 0.923880
vn 0.000000 -0.382683 0.923880
vn 0.000000 0.382683 0.923880
vn 0.000000 0.382683 0.923880
vn 0.000000 0.382683 0.923880
vn 0.000000 0.382683 0.923880
vn 0.000000 0.923880 0.382684
vn 0.000000 0.923880 0.382684
vn 0.000000 0.923880 0.382684
vn 0.000000 0.923880 0.382684
vn 0.000000 0.923879 -0.382684
vn 0.000000 0.923879 -0.382684
vn 0.000000 0.923879 -0.382684
vn 0.000000 0.923879 -0.382684
vn 0.612683 0.302446 -0.730169
vn 0.612683 0.302446 -0.730169
vn 0.612683 0.302446 -0.730169
vn 0.612683 0.302446 -0.730169
vn 0.612683 -0.302446 -0.730169
vn 0.612683 -0.302446 -0.730169
vn 0.612683 -0.302446 -0.730169
vn 0.612683 -0.302446 -0.730169
vn 0.612683 -0.730169 -0.302446
vn 0.612683 -0.730169 -0.302446
vn 0.612683 -0.730169 -0.302446
vn 0.612683 -0.730169 -0.302446
vn 0.612683 -0.730169 0.302446
vn 0.612683 -0.730169 0.302445
vn 0.612683 -0.730169 0.302445
vn 0.612683 -0.730169 0.302446
vn 0.612683 -0.302446 0.730169
vn 0.612683 -0.302446 0.730169
vn 0.612683 -0.302446 0.730169
vn 0.612683 -0.302446 0.730169
vn 0.612682 0.302446 0.730169
vn 0.612682 0.302446 0.730169
vn 0.612682 0.302446 0.730169
vn 0.612682 0.302446 0.730169
vn 0.612682 0.730169 0.302446
vn 0.612682 0.730169 0.302446
vn 0.612682 0.730169 0.302446
vn 0.612682 0.730169 0.302446
vn 0.612682 0.730169 -0.302446
vn 0.612682 0.730169 -0.302446
vn 0.612682 0.730169 -0.302446
vn 0.612682 0.730169 -0.302446
vn 0.982270 0.071742 -0.173200
vn 0.982270 0.071742 -0.173200
vn 0.982270 0.071742 -0.173200
vn 0.982270 0.071742 -0.173200
vn 0.982270 -0.071742 -0.173200
vn 0.982270 -0.071742 -0.173200
vn 0.982270 -0.071742 -0.173200
vn 0.982270 -0.071742 -0.173200
vn 0.982270 -0.173201 -0.071742
vn 0.982270 -0.173201 -0.071742
vn 0.982270 -0.173201 -0.071742
vn 0.982270 -0.173201 -0.071742
vn 0.982270 -0.173201 0.071742
vn 0.982270 -0.173201 0.071742
vn 0.982270 -0.173201 0.071742
vn 0.982270 -0.173201 0.071742
vn 0.982270 -0.071742 0.173201
vn 0.982270 -0.071742 0.173201
vn 0.982270 -0.071742 0.173201
vn 0.982270 -0.071742 0.173201
vn 0.982270 0.071743 0.173201
vn 0.982270 0.071743 0.173201
vn 0.982270 0.071743 0.173201
vn 0.982270 0.071743 0.173201
vn 0.982270 0.173201 0.071742
vn 0.982270 0.173201 0.071742
vn 0.982270 0.173201 0.071742
vn 0.982270 0.173201 0.071742
vn 0.982270 0.173201 -0.071742
vn 0.982270 0.173201 -0.071742
vn 0.982270 0.173201 -0.071742
vn 0.982270 0.173201 -0.071742
vn 0.848029 -0.202804 0.489610
vn 0.848029 -0.202804 0.489610
vn 0.848029 -0.202804 0.489610
vn 0.848029 -0.202804 0.489610
vn 0.848028 0.202804 0.489611
vn 0.848028 0.202804 0.489611
vn 0.848028 0.202804 0.489611
vn 0.848028 0.202804 0.489611
vn 0.848029 0.489609 0.202803
vn 0.848029 0.489609 0.202803
vn 0.848029 0.489610 0.202803
vn 0.848029 0.489609 0.202803
vn 0.848028 0.489611 -0.202803
vn 0.848028 0.489611 -0.202803
vn 0.848028 0.489611 -0.202803
vn 0.848028 0.489611 -0.202803
vn 0.848029 0.202804 -0.489610
vn 0.848029 0.202804 -0.489610
vn 0.848029 0.202804 -0.489610
vn 0.848029 0.202804 -0.489610
vn 0.848029 -0.202803 -0.489609
vn 0.848029 -0.202803 -0.489609
vn 0.848029 -0.202803 -0.489609
vn 0.848029 -0.202803 -0.489609
vn 0.848030 -0.489609 -0.202803
vn 0.848030 -0.489609 -0.202803
vn 0.848030 -0.489609 -0.202803
vn 0.848030 -0.489609 -0.202803
vn 0.848029 -0.489610 0.202803
vn 0.848029 -0.489610 0.202803
vn 0.848029 -0.489610 0.202803
vn 0.848029 -0.489610 0.202803
vn 0.318727 -0.362725 0.875696
vn 0.318727 -0.362725 0.875696
vn 0.318727 -0.362725 0.875696
vn 0.318727 -0.362725 0.875696
vn 0.318727 0.362725 0.875696
vn 0.318727 0.362725 0.875696
vn 0.318727 0.362725 0.875696
vn 0.318727 0.362725 0.875696
vn 0.318726 0.875696 0.362725
vn 0.318726 0.875696 0.362725
vn 0.318726 0.875696 0.362725
vn 0.318726 0.875696 0.362725
vn 0.318728 0.875696 -0.362725
vn 0.318728 0.875696 -0.362725
vn 0.318728 0.875696 -0.362725
vn 0.318728 0.875696 -0.362725
vn 0.318725 0.362725 -0.875697
vn 0.318725 0.362725 -0.875697
vn 0.318725 0.362725 -0.875697
vn 0.318725 0.362725 -0.875697
vn 0.318728 -0.362725 -0.875696
vn 0.318728 -0.362725 -0.875696
vn 0.318728 -0.362725 -0.875696
vn 0.318728 -0.362725 -0.875696
vn 0.318727 -0.875696 -0.362725
vn 0.318727 -0.875696 -0.362725
vn 0.318727 -0.875696 -0.362725
vn 0.318727 -0.875696 -0.362725
vn 0.318726 -0.875696 0.362726
vn 0.318726 -0.875696 0.362726
vn 0.318726 -0.875696 0.362726
vn 0.318726 -0.875696 0.362726
vn -0.318727 -0.362725 0.875696
vn -0.318727 -0.362725 0.875696
vn -0.318727 -0.362725 0.875696
vn -0.318727 -0.362725 0.875696
vn -0.318727 0.362725 0.875696
vn -0.318727 0.362725 0.875696
vn -0.318727 0.362725 0.875696
vn -0.318727 0.362725 0.875696
vn -0.318727 0.875696 0.362725
vn -0.318727 0.875696 0.362725
vn -0.318727 0.875696 0.362725
vn -0.318727 0.875696 0.362725
vn -0.318727 0.875696 -0.362725
vn -0.318727 0.875696 -0.362725
vn -0.318727 0.875696 -0.362725
vn -0.318727 0.875696 -0.362725
vn -0.318730 0.362724 -0.875696
vn -0.318730 0.362724 -0.875696
vn -0.318730 0.362724 -0.875696
vn -0.318730 0.362724 -0.875696
vn -0.318725 -0.362724 -0.875697
vn -0.318725 -0.362724 -0.875697
vn -0.318725 -0.362724 -0.875697
vn -0.318725 -0.362724 -0.875697
vn -0.318727 -0.875696 -0.362725
vn -0.318727 -0.875696 -0.362725
vn -0.318727 -0.875696 -0.362725
vn -0.318727 -0.875696 -0.362725
vn -0.318727 -0.875696 0.362725
vn -0.318727 -0.875696 0.362725
vn -0.318727 -0.875696 0.362725
vn -0.318727 -0.875696 0.362725
vn -0.848027 -0.202804 0.489612
vn -0.848028 -0.202804 0.489612
vn -0.848027 -0.202804 0.489612
vn -0.848028 -0.202804 0.489612
vn -0.848028 0.202802 0.489612
vn -0.848028 0.202802 0.489612
vn -0.848028 0.202802 0.489612
vn -0.848028 0.202802 0.489612
vn -0.848029 0.489610 0.202804
vn -0.848029 0.489610 0.202804
vn -0.848029 0.489610 0.202804
vn -0.848029 0.489610 0.202804
vn -0.848028 0.489612 -0.202804
vn -0.848028 0.489612 -0.202804
vn -0.848028 0.489612 -0.202804
vn -0.848028 0.489612 -0.202804
vn -0.848028 0.202803 -0.489611
vn -0.848028 0.202803 -0.489611
vn -0.848028 0.202803 -0.489611
vn -0.848028 0.202803 -0.489611
vn -0.848030 -0.202802 -0.489609
vn -0.848030 -0.202802 -0.489609
vn -0.848030 -0.202802 -0.489609
vn -0.848030 -0.202802 -0.489609
vn -0.848028 -0.489611 -0.202803
vn -0.848028 -0.489611 -0.202803
vn -0.848028 -0.489611 -0.202803
vn -0.848028 -0.489611 -0.202803
vn -0.848029 -0.489610 0.202803
vn -0.848029 -0.489610 0.202803
vn -0.848029 -0.489610 0.202803
vn -0.848029 -0.489610 0.202803
vn -0.982270 0.071742 -0.173202
vn -0.982270 0.071742 -0.173202
vn -0.982270 0.071742 -0.173202
vn -0.982270 0.071742 -0.173202
vn -0.982270 -0.071742 -0.173202
vn -0.982270 -0.071742 -0.173202
vn -0.982270 -0.071742 -0.173202
vn -0.982270 -0.071742 -0.173202
vn -0.982270 -0.173203 -0.071743
vn -0.982270 -0.173203 -0.071743
vn -0.982270 -0.173203 -0.071743
vn -0.982270 -0.173203 -0.071743
vn -0.982270 -0.173202 0.071743
vn -0.982270 -0.173202 0.071743
vn -0.982270 -0.173202 0.071743
vn -0.982270 -0.173202 0.071743
vn -0.982270 -0.071742 0.173202
vn -0.982270 -0.071742 0.173202
vn -0.982270 -0.071742 0.173202
vn -0.982270 -0.071742 0.173202
vn -0.982270 0.071744 0.173202
vn -0.982270 0.071744 0.173202
vn -0.982270 0.071744 0.173202
vn -0.982270 0.071744 0.173202
vn -0.982270 0.173203 0.071743
vn -0.982270 0.173203 0.071743
vn -0.982270 0.173203 0.071743
vn -0.982270 0.173203 0.071743
vn -0.982270 0.173202 -0.071743
vn -0.982270 0.173202 -0.071743
vn -0.982270 0.173202 -0.071743
vn -0.982270 0.173202 -0.071743
vn -0.612684 0.302446 -0.730168
vn -0.612684 0.302446 -0.730168
vn -0.612684 0.302446 -0.730168
vn -0.612684 0.302446 -0.730168
vn -0.612684 -0.302446 -0.730168
vn -0.612684 -0.302446 -0.730168
vn -0.612684 -0.302446 -0.730168
vn -0.612684 -0.302446 -0.730168
vn -0.612684 -0.730168 -0.302445
vn -0.612684 -0.730168 -0.302445
vn -0.612684 -0.730168 -0.302445
vn -0.612684 -0.730168 -0.302445
vn -0.612684 -0.730168 0.302445
vn -0.612684 -0.730168 0.302445
vn -0.612684 -0.730168 0.302445
vn -0.612684 -0.730168 0.302445
vn -0.612684 -0.302446 0.730168
vn -0.612684 -0.302446 0.730168
vn -0.612684 -0.302446 0.730168
vn -0.612684 -0.302446 0.730168
vn -0.612683 0.302446 0.730168
vn -0.612683 0.302446 0.730168
vn -0.612683 0.302446 0.730168
vn -0.612683 0.302446 0.730168
vn -0.612684 0.730168 0.302445
vn -0.612684 0.730168 0.302445
vn -0.612684 0.730168 0.302445
vn -0.612684 0.730168 0.302445
vn -0.612684 0.730168 -0.302446
vn -0.612684 0.730168 -0.302446
vn -0.612684 0.730168 -0.302446
vn -0.612684 0.730168 -0.302446
vn 0.000000 0.382683 -0.923880
vn 0.000000 0.382683 -0.923880
vn 0.000000 0.382683 -0.923880
vn 0.000000 0.382683 -0.923880
vn 0.000000 -0.382683 -0.923880
vn 0.000000 -0.382683 -0.923880
vn 0.000000 -0.382683 -0.923880
vn 0.000000 -0.382683 -0.923880
vn 0.000000 -0.923880 -0.382684
vn 0.000000 -0.923880 -0.382684
vn 0.000000 -0.923880 -0.382684
vn 0.000000 -0.923880 -0.382684
vn 0.000000 -0.923880 0.382684
vn 0.000000 -0.923880 0.382684
vn 0.000000 -0.923880 0.382684
vn 0.000000 -0.923880 0.382684
vn 0.000000 -0.382683 0.923880
vn 0.000000 -0.382683 0.923880
vn 0.000000 -0.382683 0.923880
vn 0.000000 -0.382683 0.923880
vn 0.000000 0.382683 0.923880
vn 0.000000 0.382683 0.923880
vn 0.000000 0.382683 0.923880
vn 0.000000 0.382683 0.923880
vn 0.000000 0.923880 0.382684
vn 0.000000 0.923880 0.382684
vn 0.000000 0.923880 0.382684
vn 0.000000 0.923880 0.382684
vn 0.000000 0.923879 -0.382684
vn 0.000000 0.923879 -0.382684
vn 0.000000 0.923879 -0.382684
vn 0.000000 0.923879 -0.382684
vn 0.612683 0.302446 -0.730169
vn 0.612683 0.302446 -0.730169
vn 0.612683 0.302446 -0.730169
vn 0.612683 0.302446 -0.730169
vn 0.612683 -0.302445 -0.730169
vn 0.612683 -0.302445 -0.730169
vn 0.612683 -0.302445 -0.730169
vn 0.612683 -0.302445 -0.730169
vn 0.612683 -0.730169 -0.302446
vn 0.612683 -0.730169 -0.302446
vn 0.612683 -0.730169 -0.302446
vn 0.612683 -0.730169 -0.302446
vn 0.612683 -0.730169 0.302446
vn 0.612683 -0.730169 0.302446
vn 0.612683 -0.730169 0.302446
vn 0.612683 -0.730169 0.302446
vn 0.612683 -0.302446 0.730169
vn 0.612683 -0.302446 0.730169
vn 0.612683 -0.302446 0.730169
vn 0.612683 -0.302446 0.730169
vn 0.612682 0.302446 0.730169
vn 0.612682 0.302446 0.730169
vn 0.612682 0.302446 0.730169
vn 0.612682 0.302446 0.730169
vn 0.612682 0.730169 0.302446
vn 0.612682 0.730169 0.302446
vn 0.612682 0.730169 0.302446
vn 0.612682 0.730169 0.302446
vn 0.612682 0.730169 -0.302446
vn 0.612682 0.730169 -0.302446
vn 0.612682 0.730169 -0.302446
vn 0.612682 0.730169 -0.302446
vn 0.982270 0.071742 -0.173199
vn 0.982270 0.071742 -0.173199
vn 0.982270 0.071742 -0.173199
vn 0.982270 0.071742 -0.173199
vn 0.982270 -0.071742 -0.173199
vn 0.982270 -0.071742 -0.173199
vn 0.982270 -0.071742 -0.173199
vn 0.982270 -0.071742 -0.173199
vn 0.982270 -0.173201 -0.071742
vn 0.982270 -0.173201 -0.071742
vn 0.982270 -0.173201 -0.071742
vn 0.982270 -0.173201 -0.071742
vn 0.982271 -0.173198 0.071742
vn 0.982271 -0.173198 0.071742
vn 0.982271 -0.173198 0.071742
vn 0.982271 -0.173198 0.071742
vn 0.982270 -0.071741 0.173200
vn 0.982270 -0.071741 0.173200
vn 0.982270 -0.071741 0.173200
vn 0.982270 -0.071741 0.173200
vn 0.982270 0.071742 0.173200
vn 0.982270 0.071742 0.173200
vn 0.982270 0.071742 0.173200
vn 0.982270 0.071742 0.173200
vn 0.982271 0.173199 0.071742
vn 0.982271 0.173199 0.071742
vn 0.982271 0.173199 0.071742
vn 0.982271 0.173199 0.071742
vn 0.982270 0.173200 -0.071742
vn 0.982270 0.173200 -0.071742
vn 0.982270 0.173200 -0.071742
vn 0.982270 0.173200 -0.071742
vn 0.848029 -0.202803 0.489609
vn 0.848029 -0.202803 0.489609
vn 0.848029 -0.202803 0.489609
vn 0.848029 -0.202803 0.489609
vn 0.848029 0.202802 0.489610
vn 0.848029 0.202802 0.489610
vn 0.848029 0.202802 0.489610
vn 0.848029 0.202802 0.489610
vn 0.848030 0.489609 0.202802
vn 0.848030 0.489609 0.202802
vn 0.848030 0.489609 0.202802
vn 0.848030 0.489609 0.202802
vn 0.848030 0.489608 -0.202803
vn 0.848030 0.489608 -0.202803
vn 0.848030 0.489608 -0.202803
vn 0.848030 0.489608 -0.202803
vn 0.848029 0.202803 -0.489609
vn 0.848029 0.202803 -0.489609
vn 0.848029 0.202803 -0.489609
vn 0.848029 0.202803 -0.489609
vn 0.848030 -0.202802 -0.489608
vn 0.848030 -0.202802 -0.489609
vn 0.848030 -0.202802 -0.489609
vn 0.848030 -0.202802 -0.489609
vn 0.848030 -0.489608 -0.202802
vn 0.848030 -0.489608 -0.202802
vn 0.848030 -0.489608 -0.202802
vn 0.848030 -0.489608 -0.202802
vn 0.848030 -0.489609 0.202803
vn 0.848030 -0.489609 0.202803
vn 0.848030 -0.489609 0.202803
vn 0.848030 -0.489609 0.202803
vn 0.318727 -0.362725 0.875696
vn 0.318727 -0.362725 0.875696
vn 0.318727 -0.362725 0.875696
vn 0.318727 -0.362725 0.875696
vn 0.318727 0.362725 0.875696
vn 0.318727 0.362725 0.875696
vn 0.318727 0.362725 0.875696
vn 0.318727 0.362725 0.875696
vn 0.318726 0.875697 0.362725
vn 0.318726 0.875697 0.362725
vn 0.318726 0.875697 0.362725
vn 0.318726 0.875697 0.362725
vn 0.318727 0.875696 -0.362725
vn 0.318727 0.875696 -0.362725
vn 0.318727 0.875696 -0.362725
vn 0.318727 0.875696 -0.362725
vn 0.318725 0.362725 -0.875697
vn 0.318725 0.362725 -0.875697
vn 0.318725 0.362725 -0.875697
vn 0.318725 0.362725 -0.875697
vn 0.318728 -0.362725 -0.875696
vn 0.318728 -0.362725 -0.875696
vn 0.318728 -0.362725 -0.875696
vn 0.318728 -0.362725 -0.875696
vn 0.318726 -0.875696 -0.362725
vn 0.318726 -0.875696 -0.362725
vn 0.318726 -0.875696 -0.362725
vn 0.318726 -0.875696 -0.362725
vn 0.318726 -0.875697 0.362725
vn 0.318726 -0.875697 0.362725
vn 0.318726 -0.875697 0.362725
vn 0.318726 -0.875697 0.362725
vn -0.318727 -0.362725 0.875696
vn -0.318727 -0.362725 0.875696
vn -0.318727 -0.362725 0.875696
vn -0.318727 -0.362725 0.875696
vn -0.318727 0.362725 0.875696
vn -0.318727 0.362725 0.875696
vn -0.318727 0.362725 0.875696
vn -0.318727 0.362725 0.875696
vn -0.318726 0.875696 0.362725
vn -0.318726 0.875696 0.362725
vn -0.318726 0.875696 0.362725
vn -0.318726 0.875696 0.362725
vn -0.318726 0.875696 -0.362725
vn -0.318726 0.875696 -0.362725
vn -0.318726 0.875696 -0.362725
vn -0.318726 0.875696 -0.362725
vn -0.318729 0.362724 -0.875696
vn -0.318729 0.362724 -0.875696
vn -0.318729 0.362724 -0.875696
vn -0.318729 0.362724 -0.875696
vn -0.318725 -0.362725 -0.875697
vn -0.318725 -0.362725 -0.875697
vn -0.318725 -0.362725 -0.875697
vn -0.318725 -0.362725 -0.875697
vn -0.318727 -0.875696 -0.362725
vn -0.318727 -0.875696 -0.362725
vn -0.318727 -0.875696 -0.362725
vn -0.318727 -0.875696 -0.362725
vn -0.318727 -0.875696 0.362725
vn -0.318727 -0.875696 0.362725
vn -0.318727 -0.875696 0.362725
vn -0.318727 -0.875696 0.362725
vn -0.848029 -0.202803 0.489611
vn -0.848029 -0.202803 0.489611
vn -0.848029 -0.202803 0.489611
vn -0.848029 -0.202803 0.489611
vn -0.848029 0.202803 0.489610
vn -0.848029 0.202803 0.489610
vn -0.848029 0.202803 0.489610
vn -0.848029 0.202803 0.489610
vn -0.848029 0.489609 0.202803
vn -0.848029 0.489609 0.202803
vn -0.848029 0.489609 0.202803
vn -0.848029 0.489609 0.202803
vn -0.848029 0.489609 -0.202803
vn -0.848029 0.489609 -0.202803
vn -0.848029 0.489609 -0.202803
vn -0.848029 0.489609 -0.202803
vn -0.848029 0.202803 -0.489610
vn -0.848029 0.202803 -0.489609
vn -0.848029 0.202803 -0.489610
vn -0.848029 0.202803 -0.489610
vn -0.848031 -0.202801 -0.489607
vn -0.848031 -0.202801 -0.489607
vn -0.848031 -0.202801 -0.489607
vn -0.848031 -0.202801 -0.489607
vn -0.848030 -0.489609 -0.202802
vn -0.848030 -0.489609 -0.202802
vn -0.848030 -0.489609 -0.202802
vn -0.848030 -0.489609 -0.202802
vn -0.848029 -0.489609 0.202803
vn -0.848029 -0.489609 0.202803
vn -0.848029 -0.489609 0.202803
vn -0.848029 -0.489609 0.202803
vn -0.982270 0.071742 -0.173200
vn -0.982270 0.071742 -0.173200
vn -0.982270 0.071742 -0.173200
vn -0.982270 0.071742 -0.173200
vn -0.982270 -0.071742 -0.173199
vn -0.982270 -0.071742 -0.173199
vn -0.982270 -0.071742 -0.173199
vn -0.982270 -0.071742 -0.173199
vn -0.982270 -0.173201 -0.071742
vn -0.982270 -0.173201 -0.071742
vn -0.982270 -0.173201 -0.071742
vn -0.982270 -0.173201 -0.071742
vn -0.982270 -0.173199 0.071742
vn -0.982270 -0.173199 0.071742
vn -0.982270 -0.173199 0.071742
vn -0.982270 -0.173199 0.071742
vn -0.982270 -0.071742 0.173200
vn -0.982270 -0.071742 0.173200
vn -0.982270 -0.071742 0.173200
vn -0.982270 -0.071742 0.173200
vn -0.982270 0.071742 0.173200
vn -0.982270 0.071742 0.173200
vn -0.982270 0.071742 0.173200
vn -0.982270 0.071742 0.173200
vn -0.982270 0.173200 0.071742
vn -0.982270 0.173200 0.071742
vn -0.982270 0.173200 0.071742
vn -0.982270 0.173200 0.071742
vn -0.982270 0.173200 -0.071742
vn -0.982270 0.173200 -0.071742
vn -0.982270 0.173200 -0.071742
vn -0.982270 0.173200 -0.071742
vn -0.612683 0.302446 -0.730169
vn -0.612683 0.302446 -0.730169
vn -0.612683 0.302446 -0.730169
vn -0.612683 0.302446 -0.730169
vn -0.612683 -0.302446 -0.730169
vn -0.612683 -0.302446 -0.730169
vn -0.612683 -0.302446 -0.730169
vn -0.612683 -0.302446 -0.730169
vn -0.612683 -0.730168 -0.302446
vn -0.612683 -0.730168 -0.302446
vn -0.612683 -0.730168 -0.302446
vn -0.612683 -0.730168 -0.302446
vn -0.612683 -0.730168 0.302446
vn -0.612683 -0.730168 0.302446
vn -0.612683 -0.730168 0.302446
vn -0.612683 -0.730168 0.302446
vn -0.612683 -0.302446 0.730169
vn -0.612683 -0.302446 0.730169
vn -0.612683 -0.302446 0.730169
vn -0.612683 -0.302446 0.730169
vn -0.612682 0.302446 0.730169
vn -0.612682 0.302446 0.730169
vn -0.612682 0.302446 0.730169
vn -0.612682 0.302446 0.730169
vn -0.612683 0.730168 0.302446
vn -0.612683 0.730168 0.302446
vn -0.612683 0.730168 0.302446
vn -0.612683 0.730168 0.302446
vn -0.612683 0.730169 -0.302446
vn -0.612683 0.730169 -0.302446
vn -0.612683 0.730169 -0.302446
vn -0.612683 0.730169 -0.302446
vn 0.000000 0.382684 -0.923880
vn 0.000000 0.382684 -0.923880
vn 0.000000 0.382684 -0.923880
vn 0.000000 0.382684 -0.923880
vn 0.000000 -0.382684 -0.923880
vn 0.000000 -0.382684 -0.923880
vn 0.000000 -0.382684 -0.923880
vn 0.000000 -0.382684 -0.923880
vn 0.000000 -0.923880 -0.382684
vn 0.000000 -0.923880 -0.382684
vn 0.000000 -0.923880 -0.382684
vn 0.000000 -0.923880 -0.382684
vn 0.000000 -0.923880 0.382684
vn 0.000000 -0.923880 0.382684
vn 0.000000 -0.923880 0.382684
vn 0.000000 -0.923880 0.382684
vn 0.000000 -0.382684 0.923880
vn 0.000000 -0.382684 0.923880
vn 0.000000 -0.382684 0.923880
vn 0.000000 -0.382684 0.923880
vn 0.000000 0.382684 0.923879
vn 0.000000 0.382684 0.923879
vn 0.000000 0.382684 0.923879
vn 0.000000 0.382684 0.923879
vn 0.000000 0.923880 0.382684
vn 0.000000 0.923880 0.382684
vn 0.000000 0.923880 0.382684
vn 0.000000 0.923880 0.382684
vn 0.000000 0.923879 -0.382684
vn 0.000000 0.923879 -0.382684
vn 0.000000 0.923879 -0.382684
vn 0.000000 0.923879 -0.382684
vn 0.612683 0.302446 -0.730169
vn 0.612683 0.302446 -0.730169
vn 0.612683 0.302446 -0.730169
vn 0.612683 0.302446 -0.730169
vn 0.612683 -0.302446 -0.730169
vn 0.612683 -0.302446 -0.730169
vn 0.612683 -0.302446 -0.730169
vn 0.612683 -0.302446 -0.730169
vn 0.612683 -0.730169 -0.302446
vn 0.612683 -0.730169 -0.302446
vn 0.612683 -0.730169 -0.302446
vn 0.612683 -0.730169 -0.302446
vn 0.612683 -0.730168 0.302446
vn 0.612683 -0.730168 0.302446
vn 0.612683 -0.730168 0.302446
vn 0.612683 -0.730168 0.302446
vn 0.612683 -0.302446 0.730169
vn 0.612683 -0.302446 0.730169
vn 0.612683 -0.302446 0.730169
vn 0.612683 -0.302446 0.730169
vn 0.612682 0.302446 0.730169
vn 0.612682 0.302446 0.730169
vn 0.612682 0.302446 0.730169
vn 0.612682 0.302446 0.730169
vn 0.612683 0.730169 0.302446
vn 0.612683 0.730169 0.302446
vn 0.612683 0.730169 0.302446
vn 0.612683 0.730169 0.302446
vn 0.612683 0.730169 -0.302446
vn 0.612683 0.730169 -0.302446
vn 0.612683 0.730169 -0.302446
vn 0.612683 0.730169 -0.302446
vn 0.982270 0.071742 -0.173200
vn 0.982270 0.071742 -0.173200
vn 0.982270 0.071742 -0.173200
vn 0.982270 0.071742 -0.173200
vn 0.982270 -0.071742 -0.173200
vn 0.982270 -0.071742 -0.173200
vn 0.982270 -0.071742 -0.173200
vn 0.982270 -0.071742 -0.173200
vn 0.982270 -0.173200 -0.071742
vn 0.982270 -0.173200 -0.071742
vn 0.982270 -0.173200 -0.071742
vn 0.982270 -0.173200 -0.071742
vn 0.982270 -0.173200 0.071742
vn 0.982270 -0.173200 0.071742
vn 0.982270 -0.173200 0.071742
vn 0.982270 -0.173200 0.071742
vn 0.982270 -0.071742 0.173200
vn 0.982270 -0.071742 0.173200
vn 0.982270 -0.071742 0.173200
vn 0.982270 -0.071742 0.173200
vn 0.982270 0.071742 0.173201
vn 0.982270 0.071742 0.173201
vn 0.982270 0.071742 0.173201
vn 0.982270 0.071742 0.173201
vn 0.982270 0.173201 0.071742
vn 0.982270 0.173201 0.071742
vn 0.982270 0.173201 0.071742
vn 0.982270 0.173201 0.071742
vn 0.982270 0.173200 -0.071742
vn 0.982270 0.173200 -0.071742
vn 0.982270 0.173200 -0.071742
vn 0.982270 0.173200 -0.071742
vn 0.848029 -0.202803 0.489610
vn 0.848029 -0.202803 0.489610
vn 0.848029 -0.202803 0.489610
vn 0.848029 -0.202803 0.489610
vn 0.848028 0.202803 0.489611
vn 0.848028 0.202803 0.489611
vn 0.848028 0.202803 0.489611
vn 0.848028 0.202803 0.489611
vn 0.848029 0.489609 0.202803
vn 0.848030 0.489609 0.202803
vn 0.848030 0.489609 0.202803
vn 0.848030 0.489609 0.202803
vn 0.848028 0.489611 -0.202803
vn 0.848028 0.489611 -0.202803
vn 0.848028 0.489611 -0.202803
vn 0.848028 0.489611 -0.202803
vn 0.848029 0.202803 -0.489610
vn 0.848029 0.202803 -0.489610
vn 0.848029 0.202803 -0.489610
vn 0.848029 0.202803 -0.489610
vn 0.848029 -0.202802 -0.489609
vn 0.848029 -0.202802 -0.489609
vn 0.848029 -0.202802 -0.489609
vn 0.848029 -0.202802 -0.489609
vn 0.848030 -0.489609 -0.202803
vn 0.848030 -0.489609 -0.202803
vn 0.848030 -0.489609 -0.202803
vn 0.848030 -0.489609 -0.202803
vn 0.848029 -0.489610 0.202803
vn 0.848029 -0.489609 0.202803
vn 0.848029 -0.489609 0.202803
vn 0.848029 -0.489609 0.202803
vn 0.318727 -0.362725 0.875696
vn 0.318727 -0.362725 0.875696
vn 0.318727 -0.362725 0.875696
vn 0.318727 -0.362725 0.875696
vn 0.318727 0.362725 0.875696
vn 0.318727 0.362725 0.875696
vn 0.318727 0.362725 0.875696
vn 0.318727 0.362725 0.875696
vn 0.318726 0.875696 0.362725
vn 0.318726 0.875696 0.362725
vn 0.318726 0.875697 0.362725
vn 0.318726 0.875697 0.362725
vn 0.318727 0.875696 -0.362725
vn 0.318727 0.875696 -0.362725
vn 0.318727 0.875696 -0.362725
vn 0.318727 0.875696 -0.362725
vn 0.318725 0.362725 -0.875697
vn 0.318725 0.362725 -0.875697
vn 0.318725 0.362725 -0.875697
vn 0.318725 0.362725 -0.875697
vn 0.318728 -0.362724 -0.875696
vn 0.318728 -0.362724 -0.875696
vn 0.318728 -0.362724 -0.875696
vn 0.318728 -0.362724 -0.875696
vn 0.318727 -0.875696 -0.362725
vn 0.318727 -0.875696 -0.362725
vn 0.318727 -0.875696 -0.362725
vn 0.318727 -0.875696 -0.362725
vn 0.318726 -0.875696 0.362725
vn 0.318726 -0.875696 0.362725
vn 0.318726 -0.875696 0.362725
vn 0.318726 -0.875696 0.362725
vn -0.318727 -0.362725 0.875696
vn -0.318727 -0.362725 0.875696
vn -0.318727 -0.362725 0.875696
vn -0.318727 -0.362725 0.875696
vn -0.318726 0.362726 0.875696
vn -0.318726 0.362726 0.875696
vn -0.318726 0.362726 0.875696
vn -0.318726 0.362726 0.875696
vn -0.318726 0.875696 0.362725
vn -0.318726 0.875696 0.362725
vn -0.318726 0.875696 0.362725
vn -0.318726 0.875696 0.362725
vn -0.318726 0.875696 -0.362725
vn -0.318726 0.875696 -0.362725
vn -0.318726 0.875696 -0.362725
vn -0.318726 0.875696 -0.362725
vn -0.318729 0.362724 -0.875696
vn -0.318729 0.362724 -0.875696
vn -0.318729 0.362724 -0.875696
vn -0.318729 0.362724 -0.875696
vn -0.318725 -0.362725 -0.875697
vn -0.318725 -0.362725 -0.875697
vn -0.318725 -0.362725 -0.875697
vn -0.318725 -0.362725 -0.875697
vn -0.318727 -0.875696 -0.362725
vn -0.318727 -0.875696 -0.362725
vn -0.318727 -0.875696 -0.362725
vn -0.318727 -0.875696 -0.362725
vn -0.318727 -0.875696 0.362725
vn -0.318727 -0.875696 0.362725
vn -0.318727 -0.875696 0.362725
vn -0.318727 -0.875696 0.362725
vn -0.848029 -0.202803 0.489611
vn -0.848029 -0.202803 0.489611
vn -0.848029 -0.202803 0.489611
vn -0.848029 -0.202803 0.489611
vn -0.848029 0.202803 0.489610
vn -0.848029 0.202803 0.489610
vn -0.848029 0.202803 0.489610
vn -0.848029 0.202803 0.489610
vn -0.848029 0.489610 0.202803
vn -0.848029 0.489610 0.202803
vn -0.848029 0.489610 0.202803
vn -0.848029 0.489610 0.202803
vn -0.848029 0.489610 -0.202803
vn -0.848029 0.489610 -0.202803
vn -0.848029 0.489610 -0.202803
vn -0.848029 0.489610 -0.202803
vn -0.848029 0.202803 -0.489609
vn -0.848029 0.202803 -0.489609
vn -0.848029 0.202803 -0.489609
vn -0.848029 0.202803 -0.489609
vn -0.848031 -0.202802 -0.489607
vn -0.848031 -0.202802 -0.489607
vn -0.848031 -0.202802 -0.489607
vn -0.848031 -0.202802 -0.489607
vn -0.848030 -0.489609 -0.202802
vn -0.848030 -0.489609 -0.202802
vn -0.848030 -0.489609 -0.202802
vn -0.848030 -0.489609 -0.202802
vn -0.848029 -0.489610 0.202803
vn -0.848029 -0.489610 0.202803
vn -0.848029 -0.489610 0.202803
vn -0.848029 -0.489610 0.202803
vn -0.982270 0.071741 -0.173200
vn -0.982270 0.071741 -0.173200
vn -0.982270 0.071741 -0.173200
vn -0.982270 0.071741 -0.173200
vn -0.982270 -0.071742 -0.173199
vn -0.982270 -0.071742 -0.173199
vn -0.982270 -0.071742 -0.173199
vn -0.982270 -0.071742 -0.173199
vn -0.982270 -0.173201 -0.071742
vn -0.982270 -0.173201 -0.071742
vn -0.982270 -0.173201 -0.071742
vn -0.982270 -0.173201 -0.071742
vn -0.982270 -0.173199 0.071742
vn -0.982270 -0.173199 0.071742
vn -0.982270 -0.173199 0.071742
vn -0.982270 -0.173199 0.071742
vn -0.982270 -0.071742 0.173200
vn -0.982270 -0.071742 0.173200
vn -0.982270 -0.071742 0.173200
vn -0.982270 -0.071742 0.173200
vn -0.982270 0.071742 0.173200
vn -0.982270 0.071742 0.173200
vn -0.982270 0.071742 0.173200
vn -0.982270 0.071742 0.173200
vn -0.982271 0.173199 0.071742
vn -0.982270 0.173199 0.071742
vn -0.982270 0.173199 0.071742
vn -0.982270 0.173199 0.071742
vn -0.982270 0.173201 -0.071742
vn -0.982270 0.173201 -0.071742
vn -0.982270 0.173201 -0.071742
vn -0.982270 0.173201 -0.071742
vn -0.612683 0.302446 -0.730169
vn -0.612683 0.302446 -0.730169
vn -0.612683 0.302446 -0.730169
vn -0.612683 0.302446 -0.730169
vn -0.612683 -0.302446 -0.730169
vn -0.612683 -0.302446 -0.730169
vn -0.612683 -0.302446 -0.730169
vn -0.612683 -0.302446 -0.730169
vn -0.612683 -0.730169 -0.302446
vn -0.612683 -0.730169 -0.302446
vn -0.612683 -0.730169 -0.302446
vn -0.612683 -0.730169 -0.302446
vn -0.612683 -0.730169 0.302445
vn -0.612683 -0.730169 0.302445
vn -0.612683 -0.730169 0.302445
vn -0.612683 -0.730169 0.302445
vn -0.612683 -0.302446 0.730169
vn -0.612683 -0.302446 0.730169
vn -0.612683 -0.302446 0.730169
vn -0.612683 -0.302446 0.730169
vn -0.612682 0.302446 0.730169
vn -0.612682 0.302446 0.730169
vn -0.612682 0.302446 0.730169
vn -0.612682 0.302446 0.730169
vn -0.612683 0.730169 0.302446
vn -0.612683 0.730169 0.302446
vn -0.612683 0.730169 0.302446
vn -0.612683 0.730169 0.302446
vn -0.612683 0.730169 -0.302446
vn -0.612683 0.730169 -0.302446
vn -0.612683 0.730169 -0.302446
vn -0.612683 0.730169 -0.302446
vn 0.000000 0.382684 -0.923880
vn 0.000000 0.382684 -0.923880
vn 0.000000 0.382684 -0.923880
vn 0.000000 0.382684 -0.923880
vn 0.000000 -0.382684 -0.923880
vn 0.000000 -0.382684 -0.923880
vn 0.000000 -0.382684 -0.923880
vn 0.000000 -0.382684 -0.923880
vn 0.000000 -0.923880 -0.382684
vn 0.000000 -0.923880 -0.382684
vn 0.000000 -0.923880 -0.382684
vn 0.000000 -0.923880 -0.382684
vn 0.000000 -0.923880 0.382684
vn 0.000000 -0.923880 0.382684
vn 0.000000 -0.923880 0.382684
vn 0.000000 -0.923880 0.382684
vn 0.000000 -0.382684 0.923880
vn 0.000000 -0.382684 0.923880
vn 0.000000 -0.382684 0.923880
vn 0.000000 -0.382684 0.923880
vn 0.000000 0.382684 0.923879
vn 0.000000 0.382684 0.923879
vn 0.000000 0.382684 0.923879
vn 0.000000 0.382684 0.923879
vn 0.000000 0.923880 0.382684
vn 0.000000 0.923880 0.382684
vn 0.000000 0.923880 0.382684
vn 0.000000 0.923880 0.382684
vn 0.000000 0.923879 -0.382684
vn 0.000000 0.923879 -0.382684
vn 0.000000 0.923879 -0.382684
vn 0.000000 0.923879 -0.382684
vn 0.612683 0.302446 -0.730168
vn 0.612683 0.302446 -0.730168
vn 0.612683 0.302446 -0.730168
vn 0.612683 0.302446 -0.730168
vn 0.612683 -0.302446 -0.730168
vn 0.612683 -0.302446 -0.730168
vn 0.612683 -0.302446 -0.730168
vn 0.612683 -0.302446 -0.730168
vn 0.612683 -0.730168 -0.302445
vn 0.612683 -0.730168 -0.302445
vn 0.612683 -0.730168 -0.302445
vn 0.612683 -0.730168 -0.302445
vn 0.612684 -0.730168 0.302446
vn 0.612684 -0.730168 0.302446
vn 0.612684 -0.730168 0.302446
vn 0.612684 -0.730168 0.302446
vn 0.612683 -0.302446 0.730168
vn 0.612683 -0.302446 0.730168
vn 0.612683 -0.302446 0.730168
vn 0.612683 -0.302446 0.730168
vn 0.612683 0.302446 0.730169
vn 0.612683 0.302446 0.730169
vn 0.612683 0.302446 0.730169
vn 0.612683 0.302446 0.730169
vn 0.612683 0.730168 0.302446
vn 0.612683 0.730168 0.302446
vn 0.612683 0.730168 0.302446
vn 0.612683 0.730168 0.302446
vn 0.612683 0.730169 -0.302446
vn 0.612683 0.730169 -0.302446
vn 0.612683 0.730169 -0.302446
vn 0.612683 0.730169 -0.302446
vn 0.982270 0.071742 -0.173200
vn 0.982270 0.071742 -0.173200
vn 0.982270 0.071742 -0.173200
vn 0.982270 0.071742 -0.173200
vn 0.982270 -0.071742 -0.173200
vn 0.982270 -0.071742 -0.173200
vn 0.982270 -0.071742 -0.173200
vn 0.982270 -0.071742 -0.173200
vn 0.982270 -0.173201 -0.071742
vn 0.982270 -0.173201 -0.071742
vn 0.982270 -0.173201 -0.071742
vn 0.982270 -0.173201 -0.071742
vn 0.982270 -0.173201 0.071742
vn 0.982270 -0.173201 0.071742
vn 0.982270 -0.173201 0.071742
vn 0.982270 -0.173201 0.071742
vn 0.982270 -0.071743 0.173201
vn 0.982270 -0.071743 0.173201
vn 0.982270 -0.071743 0.173201
vn 0.982270 -0.071743 0.173201
vn 0.982270 0.071742 0.173201
vn 0.982270 0.071742 0.173201
vn 0.982270 0.071742 0.173201
vn 0.982270 0.071742 0.173201
vn 0.982270 0.173202 0.071742
vn 0.982270 0.173202 0.071742
vn 0.982270 0.173202 0.071742
vn 0.982270 0.173202 0.071742
vn 0.982270 0.173201 -0.071742
vn 0.982270 0.173201 -0.071742
vn 0.982270 0.173201 -0.071742
vn 0.982270 0.173201 -0.071742
vn 0.848028 -0.202804 0.489611
vn 0.848028 -0.202804 0.489611
vn 0.848028 -0.202804 0.489611
vn 0.848028 -0.202804 0.489611
vn 0.848028 0.202804 0.489612
vn 0.848028 0.202804 0.489612
vn 0.848028 0.202804 0.489612
vn 0.848028 0.202804 0.489612
vn 0.848029 0.489610 0.202803
vn 0.848029 0.489610 0.202803
vn 0.848029 0.489610 0.202803
vn 0.848029 0.489610 0.202803
vn 0.848028 0.489611 -0.202804
vn 0.848028 0.489611 -0.202804
vn 0.848028 0.489611 -0.202804
vn 0.848028 0.489611 -0.202804
vn 0.848028 0.202804 -0.489611
vn 0.848028 0.202804 -0.489611
vn 0.848028 0.202804 -0.489611
vn 0.848028 0.202804 -0.489611
vn 0.848029 -0.202803 -0.489610
vn 0.848029 -0.202802 -0.489610
vn 0.848029 -0.202802 -0.489610
vn 0.848029 -0.202802 -0.489610
vn 0.848029 -0.489610 -0.202803
vn 0.848029 -0.489610 -0.202803
vn 0.848029 -0.489610 -0.202803
vn 0.848029 -0.489610 -0.202803
vn 0.848029 -0.489611 0.202803
vn 0.848029 -0.489611 0.202803
vn 0.848028 -0.489611 0.202803
vn 0.848028 -0.489611 0.202803
vn 0.318727 -0.362725 0.875696
vn 0.318727 -0.362725 0.875696
vn 0.318727 -0.362725 0.875696
vn 0.318727 -0.362725 0.875696
vn 0.318727 0.362725 0.875696
vn 0.318727 0.362725 0.875696
vn 0.318727 0.362725 0.875696
vn 0.318727 0.362725 0.875696
vn 0.318727 0.875696 0.362725
vn 0.318727 0.875696 0.362725
vn 0.318727 0.875696 0.362725
vn 0.318727 0.875696 0.362725
vn 0.318728 0.875696 -0.362725
vn 0.318728 0.875696 -0.362725
vn 0.318728 0.875696 -0.362725
vn 0.318728 0.875696 -0.362725
vn 0.318725 0.362725 -0.875697
vn 0.318725 0.362725 -0.875697
vn 0.318725 0.362725 -0.875697
vn 0.318725 0.362725 -0.875697
vn 0.318728 -0.362724 -0.875696
vn 0.318728 -0.362724 -0.875696
vn 0.318728 -0.362724 -0.875696
vn 0.318728 -0.362724 -0.875696
vn 0.318727 -0.875696 -0.362725
vn 0.318727 -0.875696 -0.362725
vn 0.318727 -0.875696 -0.362725
vn 0.318727 -0.875696 -0.362725
vn 0.318726 -0.875696 0.362725
vn 0.318726 -0.875696 0.362725
vn 0.318726 -0.875696 0.362725
vn 0.318726 -0.875696 0.362725
s off
g pTorus14
usemtl initialShadingGroup
f 2/2/1 1/1/2 9/10/3 10/11/4
f 3/3/5 2/2/6 10/11/7 11/12/8
f 4/4/9 3/3/10 11/12/11 12/13/12
f 5/5/13 4/4/14 12/13/15 13/14/16
f 6/6/17 5/5/18 13/14/19 14/15/20
f 7/7/21 6/6/22 14/15/23 15/16/24
f 8/8/25 7/7/26 15/16/27 16/17/28
f 1/9/29 8/8/30 16/17/31 9/18/32
f 10/11/33 9/10/34 17/19/35 18/20/36
f 11/12/37 10/11/38 18/20/39 19/21/40
f 12/13/41 11/12/42 19/21/43 20/22/44
f 13/14/45 12/13/46 20/22/47 21/23/48
f 14/15/49 13/14/50 21/23/51 22/24/52
f 15/16/53 14/15/54 22/24/55 23/25/56
f 16/17/57 15/16/58 23/25/59 24/26/60
f 9/18/61 16/17/62 24/26/63 17/27/64
f 18/20/65 17/19/66 25/28/67 26/29/68
f 19/21/69 18/20/70 26/29/71 27/30/72
f 20/22/73 19/21/74 27/30/75 28/31/76
f 21/23/77 20/22/78 28/31/79 29/32/80
f 22/24/81 21/23/82 29/32/83 30/33/84
f 23/25/85 22/24/86 30/33/87 31/34/88
f 24/26/89 23/25/90 31/34/91 32/35/92
f 17/27/93 24/26/94 32/35/95 25/36/96
f 26/29/97 25/28/98 33/37/99 34/38/100
f 27/30/101 26/29/102 34/38/103 35/39/104
f 28/31/105 27/30/106 35/39/107 36/40/108
f 29/32/109 28/31/110 36/40/111 37/41/112
f 30/33/113 29/32/114 37/41/115 38/42/116
f 31/34/117 30/33/118 38/42/119 39/43/120
f 32/35/121 31/34/122 39/43/123 40/44/124
f 25/36/125 32/35/126 40/44/127 33/45/128
f 34/38/129 33/37/130 41/46/131 42/47/132
f 35/39/133 34/38/134 42/47/135 43/48/136
f 36/40/137 35/39/138 43/48/139 44/49/140
f 37/41/141 36/40/142 44/49/143 45/50/144
f 38/42/145 37/41/146 45/50/147 46/51/148
f 39/43/149 38/42/150 46/51/151 47/52/152
f 40/44/153 39/43/154 47/52/155 48/53/156
f 33/45/157 40/44/158 48/53/159 41/54/160
f 42/47/161 41/46/162 49/55/163 50/56/164
f 43/48/165 42/47/166 50/56/167 51/57/168
f 44/49/169 43/48/170 51/57/171 52/58/172
f 45/50/173 44/49/174 52/58/175 53/59/176
f 46/51/177 45/50/178 53/59/179 54/60/180
f 47/52/181 46/51/182 54/60/183 55/61/184
f 48/53/185 47/52/186 55/61/187 56/62/188
f 41/54/189 48/53/190 56/62/191 49/63/192
f 50/56/193 49/55/194 57/64/195 58/65/196
f 51/57/197 50/56/198 58/65/199 59/66/200
f 52/58/201 51/57/202 59/66/203 60/67/204
f 53/59/205 52/58/206 60/67/207 61/68/208
f 54/60/209 53/59/210 61/68/211 62/69/212
f 55/61/213 54/60/214 62/69/215 63/70/216
f 56/62/217 55/61/218 63/70/219 64/71/220
f 49/63/221 56/62/222 64/71/223 57/72/224
f 58/65/225 57/64/226 65/73/227 66/74/228
f 59/66/229 58/65/230 66/74/231 67/75/232
f 60/67/233 59/66/234 67/75/235 68/76/236
f 61/68/237 60/67/238 68/76/239 69/77/240
f 62/69/241 61/68/242 69/77/243 70/78/244
f 63/70/245 62/69/246 70/78/247 71/79/248
f 64/71/249 63/70/250 71/79/251 72/80/252
f 57/72/253 64/71/254 72/80/255 65/81/256
f 66/74/257 65/73/258 1/82/259 2/83/260
f 67/75/261 66/74/262 2/83/263 3/84/264
f 68/76/265 67/75/266 3/84/267 4/85/268
f 69/77/269 68/76/270 4/85/271 5/86/272
f 70/78/273 69/77/274 5/86/275 6/87/276
f 71/79/277 70/78/278 6/87/279 7/88/280
f 72/80/281 71/79/282 7/88/283 8/89/284
f 65/81/285 72/80/286 8/89/287 1/90/288
f 74/91/289 73/92/290 81/93/291 82/94/292
f 75/95/293 74/91/294 82/94/295 83/96/296
f 76/97/297 75/95/298 83/96/299 84/98/300
f 77/99/301 76/97/302 84/98/303 85/100/304
f 78/101/305 77/99/306 85/100/307 86/102/308
f 79/103/309 78/101/310 86/102/311 87/104/312
f 80/105/313 79/103/314 87/104/315 88/106/316
f 73/107/317 80/105/318 88/106/319 81/108/320
f 82/94/321 81/93/322 89/109/323 90/110/324
f 83/96/325 82/94/326 90/110/327 91/111/328
f 84/98/329 83/96/330 91/111/331 92/112/332
f 85/100/333 84/98/334 92/112/335 93/113/336
f 86/102/337 85/100/338 93/113/339 94/114/340
f 87/104/341 86/102/342 94/114/343 95/115/344
f 88/106/345 87/104/346 95/115/347 96/116/348
f 81/108/349 88/106/350 96/116/351 89/117/352
f 90/110/353 89/109/354 97/118/355 98/119/356
f 91/111/357 90/110/358 98/119/359 99/120/360
f 92/112/361 91/111/362 99/120/363 100/121/364
f 93/113/365 92/112/366 100/121/367 101/122/368
f 94/114/369 93/113/370 101/122/371 102/123/372
f 95/115/373 94/114/374 102/123/375 103/124/376
f 96/116/377 95/115/378 103/124/379 104/125/380
f 89/117/381 96/116/382 104/125/383 97/126/384
f 98/119/385 97/118/386 105/127/387 106/128/388
f 99/120/389 98/119/390 106/128/391 107/129/392
f 100/121/393 99/120/394 107/129/395 108/130/396
f 101/122/397 100/121/398 108/130/399 109/131/400
f 102/123/401 101/122/402 109/131/403 110/132/404
f 103/124/405 102/123/406 110/132/407 111/133/408
f 104/125/409 103/124/410 111/133/411 112/134/412
f 97/126/413 104/125/414 112/134/415 105/135/416
f 106/128/417 105/127/418 113/136/419 114/137/420
f 107/129/421 106/128/422 114/137/423 115/138/424
f 108/130/425 107/129/426 115/138/427 116/139/428
f 109/131/429 108/130/430 116/139/431 117/140/432
f 110/132/433 109/131/434 117/140/435 118/141/436
f 111/133/437 110/132/438 118/141/439 119/142/440
f 112/134/441 111/133/442 119/142/443 120/143/444
f 105/135/445 112/134/446 120/143/447 113/144/448
f 114/137/449 113/136/450 121/145/451 122/146/452
f 115/138/453 114/137/454 122/146/455 123/147/456
f 116/139/457 115/138/458 123/147/459 124/148/460
f 117/140/461 116/139/462 124/148/463 125/149/464
f 118/141/465 117/140/466 125/149/467 126/150/468
f 119/142/469 118/141/470 126/150/471 127/151/472
f 120/143/473 119/142/474 127/151/475 128/152/476
f 113/144/477 120/143/478 128/152/479 121/153/480
f 122/146/481 121/145/482 129/154/483 130/155/484
f 123/147/485 122/146/486 130/155/487 131/156/488
f 124/148/489 123/147/490 131/156/491 132/157/492
f 125/149/493 124/148/494 132/157/495 133/158/496
f 126/150/497 125/149/498 133/158/499 134/159/500
f 127/151/501 126/150/502 134/159/503 135/160/504
f 128/152/505 127/151/506 135/160/507 136/161/508
f 121/153/509 128/152/510 136/161/511 129/162/512
f 130/155/513 129/154/514 137/163/515 138/164/516
f 131/156/517 130/155/518 138/164/519 139/165/520
f 132/157/521 131/156/522 139/165/523 140/166/524
f 133/158/525 132/157/526 140/166/527 141/167/528
f 134/159/529 133/158/530 141/167/531 142/168/532
f 135/160/533 134/159/534 142/168/535 143/169/536
f 136/161/537 135/160/538 143/169/539 144/170/540
f 129/162/541 136/161/542 144/170/543 137/171/544
f 138/164/545 137/163/546 73/172/547 74/173/548
f 139/165/549 138/164/550 74/173/551 75/174/552
f 140/166/553 139/165/554 75/174/555 76/175/556
f 141/167/557 140/166/558 76/175/559 77/176/560
f 142/168/561 141/167/562 77/176/563 78/177/564
f 143/169/565 142/168/566 78/177/567 79/178/568
f 144/170/569 143/169/570 79/178/571 80/179/572
f 137/171/573 144/170/574 80/179/575 73/180/576
f 145/181/577 147/182/578 163/183/579 165/184/580
f 146/185/581 145/186/582 150/187/583 149/188/584
f 147/189/585 146/185/586 152/190/587 151/191/588
f 148/192/589 150/193/590 166/194/591 168/195/592
f 149/188/593 148/196/594 156/197/595 155/198/596
f 151/199/597 153/200/598 158/201/599 157/202/600
f 153/200/601 152/190/602 155/198/603 154/203/604
f 154/203/605 156/204/606 162/205/607 161/206/608
f 157/207/609 159/208/610 164/209/611 163/210/612
f 159/208/613 158/201/614 161/206/615 160/211/616
f 160/211/617 162/212/618 168/213/619 167/214/620
f 165/184/621 164/209/622 167/214/623 166/194/624
f 146/185/625 149/188/626 155/198/627 152/190/628
f 153/200/629 154/203/630 161/206/631 158/201/632
f 159/208/633 160/211/634 167/214/635 164/209/636
f 165/184/637 166/194/638 150/193/639 145/181/640
f 148/196/641 168/215/642 162/216/643 156/197/644
f 163/217/645 147/189/646 151/191/647 157/218/648
f 145/186/649 146/185/650 147/189/651
f 148/196/652 149/188/653 150/187/654
f 151/191/655 152/190/656 153/200/657
f 154/203/658 155/198/659 156/197/660
f 157/202/661 158/201/662 159/208/663
f 160/211/664 161/206/665 162/205/666
f 163/210/667 164/209/668 165/184/669
f 166/194/670 167/214/671 168/213/672
f 170/219/673 169/220/674 177/221/675 178/222/676
f 171/223/677 170/219/678 178/222/679 179/224/680
f 172/225/681 171/223/682 179/224/683 180/226/684
f 173/227/685 172/225/686 180/226/687 181/228/688
f 174/229/689 173/227/690 181/228/691 182/230/692
f 175/231/693 174/229/694 182/230/695 183/232/696
f 176/233/697 175/231/698 183/232/699 184/234/700
f 169/235/701 176/233/702 184/234/703 177/236/704
f 178/222/705 177/221/706 185/237/707 186/238/708
f 179/224/709 178/222/710 186/238/711 187/239/712
f 180/226/713 179/224/714 187/239/715 188/240/716
f 181/228/717 180/226/718 188/240/719 189/241/720
f 182/230/721 181/228/722 189/241/723 190/242/724
f 183/232/725 182/230/726 190/242/727 191/243/728
f 184/234/729 183/232/730 191/243/731 192/244/732
f 177/236/733 184/234/734 192/244/735 185/245/736
f 186/238/737 185/237/738 193/246/739 194/247/740
f 187/239/741 186/238/742 194/247/743 195/248/744
f 188/240/745 187/239/746 195/248/747 196/249/748
f 189/241/749 188/240/750 196/249/751 197/250/752
f 190/242/753 189/241/754 197/250/755 198/251/756
f 191/243/757 190/242/758 198/251/759 199/252/760
f 192/244/761 191/243/762 199/252/763 200/253/764
f 185/245/765 192/244/766 200/253/767 193/254/768
f 194/247/769 193/246/770 201/255/771 202/256/772
f 195/248/773 194/247/774 202/256/775 203/257/776
f 196/249/777 195/248/778 203/257/779 204/258/780
f 197/250/781 196/249/782 204/258/783 205/259/784
f 198/251/785 197/250/786 205/259/787 206/260/788
f 199/252/789 198/251/790 206/260/791 207/261/792
f 200/253/793 199/252/794 207/261/795 208/262/796
f 193/254/797 200/253/798 208/262/799 201/263/800
f 202/256/801 201/255/802 209/264/803 210/265/804
f 203/257/805 202/256/806 210/265/807 211/266/808
f 204/258/809 203/257/810 211/266/811 212/267/812
f 205/259/813 204/258/814 212/267/815 213/268/816
f 206/260/817 205/259/818 213/268/819 214/269/820
f 207/261/821 206/260/822 214/269/823 215/270/824
f 208/262/825 207/261/826 215/270/827 216/271/828
f 201/263/829 208/262/830 216/271/831 209/272/832
f 210/265/833 209/264/834 217/273/835 218/274/836
f 211/266/837 210/265/838 218/274/839 219/275/840
f 212/267/841 211/266/842 219/275/843 220/276/844
f 213/268/845 212/267/846 220/276/847 221/277/848
f 214/269/849 213/268/850 221/277/851 222/278/852
f 215/270/853 214/269/854 222/278/855 223/279/856
f 216/271/857 215/270/858 223/279/859 224/280/860
f 209/272/861 216/271/862 224/280/863 217/281/864
f 218/274/865 217/273/866 225/282/867 226/283/868
f 219/275/869 218/274/870 226/283/871 227/284/872
f 220/276/873 219/275/874 227/284/875 228/285/876
f 221/277/877 220/276/878 228/285/879 229/286/880
f 222/278/881 221/277/882 229/286/883 230/287/884
f 223/279/885 222/278/886 230/287/887 231/288/888
f 224/280/889 223/279/890 231/288/891 232/289/892
f 217/281/893 224/280/894 232/289/895 225/290/896
f 226/283/897 225/282/898 233/291/899 234/292/900
f 227/284/901 226/283/902 234/292/903 235/293/904
f 228/285/905 227/284/906 235/293/907 236/294/908
f 229/286/909 228/285/910 236/294/911 237/295/912
f 230/287/913 229/286/914 237/295/915 238/296/916
f 231/288/917 230/287/918 238/296/919 239/297/920
f 232/289/921 231/288/922 239/297/923 240/298/924
f 225/290/925 232/289/926 240/298/927 233/299/928
f 234/292/929 233/291/930 169/300/931 170/301/932
f 235/293/933 234/292/934 170/301/935 171/302/936
f 236/294/937 235/293/938 171/302/939 172/303/940
f 237/295/941 236/294/942 172/303/943 173/304/944
f 238/296/945 237/295/946 173/304/947 174/305/948
f 239/297/949 238/296/950 174/305/951 175/306/952
f 240/298/953 239/297/954 175/306/955 176/307/956
f 233/299/957 240/298/958 176/307/959 169/308/960
f 242/309/961 241/310/962 249/311/963 250/312/964
f 243/313/965 242/309/966 250/312/967 251/314/968
f 244/315/969 243/313/970 251/314/971 252/316/972
f 245/317/973 244/315/974 252/316/975 253/318/976
f 246/319/977 245/317/978 253/318/979 254/320/980
f 247/321/981 246/319/982 254/320/983 255/322/984
f 248/323/985 247/321/986 255/322/987 256/324/988
f 241/325/989 248/323/990 256/324/991 249/326/992
f 250/312/993 249/311/994 257/327/995 258/328/996
f 251/314/997 250/312/998 258/328/999 259/329/1000
f 252/316/1001 251/314/1002 259/329/1003 260/330/1004
f 253/318/1005 252/316/1006 260/330/1007 261/331/1008
f 254/320/1009 253/318/1010 261/331/1011 262/332/1012
f 255/322/1013 254/320/1014 262/332/1015 263/333/1016
f 256/324/1017 255/322/1018 263/333/1019 264/334/1020
f 249/326/1021 256/324/1022 264/334/1023 257/335/1024
f 258/328/1025 257/327/1026 265/336/1027 266/337/1028
f 259/329/1029 258/328/1030 266/337/1031 267/338/1032
f 260/330/1033 259/329/1034 267/338/1035 268/339/1036
f 261/331/1037 260/330/1038 268/339/1039 269/340/1040
f 262/332/1041 261/331/1042 269/340/1043 270/341/1044
f 263/333/1045 262/332/1046 270/341/1047 271/342/1048
f 264/334/1049 263/333/1050 271/342/1051 272/343/1052
f 257/335/1053 264/334/1054 272/343/1055 265/344/1056
f 266/337/1057 265/336/1058 273/345/1059 274/346/1060
f 267/338/1061 266/337/1062 274/346/1063 275/347/1064
f 268/339/1065 267/338/1066 275/347/1067 276/348/1068
f 269/340/1069 268/339/1070 276/348/1071 277/349/1072
f 270/341/1073 269/340/1074 277/349/1075 278/350/1076
f 271/342/1077 270/341/1078 278/350/1079 279/351/1080
f 272/343/1081 271/342/1082 279/351/1083 280/352/1084
f 265/344/1085 272/343/1086 280/352/1087 273/353/1088
f 274/346/1089 273/345/1090 281/354/1091 282/355/1092
f 275/347/1093 274/346/1094 282/355/1095 283/356/1096
f 276/348/1097 275/347/1098 283/356/1099 284/357/1100
f 277/349/1101 276/348/1102 284/357/1103 285/358/1104
f 278/350/1105 277/349/1106 285/358/1107 286/359/1108
f 279/351/1109 278/350/1110 286/359/1111 287/360/1112
f 280/352/1113 279/351/1114 287/360/1115 288/361/1116
f 273/353/1117 280/352/1118 288/361/1119 281/362/1120
f 282/355/1121 281/354/1122 289/363/1123 290/364/1124
f 283/356/1125 282/355/1126 290/364/1127 291/365/1128
f 284/357/1129 283/356/1130 291/365/1131 292/366/1132
f 285/358/1133 284/357/1134 292/366/1135 293/367/1136
f 286/359/1137 285/358/1138 293/367/1139 294/368/1140
f 287/360/1141 286/359/1142 294/368/1143 295/369/1144
f 288/361/1145 287/360/1146 295/369/1147 296/370/1148
f 281/362/1149 288/361/1150 296/370/1151 289/371/1152
f 290/364/1153 289/363/1154 297/372/1155 298/373/1156
f 291/365/1157 290/364/1158 298/373/1159 299/374/1160
f 292/366/1161 291/365/1162 299/374/1163 300/375/1164
f 293/367/1165 292/366/1166 300/375/1167 301/376/1168
f 294/368/1169 293/367/1170 301/376/1171 302/377/1172
f 295/369/1173 294/368/1174 302/377/1175 303/378/1176
f 296/370/1177 295/369/1178 303/378/1179 304/379/1180
f 289/371/1181 296/370/1182 304/379/1183 297/380/1184
f 298/373/1185 297/372/1186 305/381/1187 306/382/1188
f 299/374/1189 298/373/1190 306/382/1191 307/383/1192
f 300/375/1193 299/374/1194 307/383/1195 308/384/1196
f 301/376/1197 300/375/1198 308/384/1199 309/385/1200
f 302/377/1201 301/376/1202 309/385/1203 310/386/1204
f 303/378/1205 302/377/1206 310/386/1207 311/387/1208
f 304/379/1209 303/378/1210 311/387/1211 312/388/1212
f 297/380/1213 304/379/1214 312/388/1215 305/389/1216
f 306/382/1217 305/381/1218 241/390/1219 242/391/1220
f 307/383/1221 306/382/1222 242/391/1223 243/392/1224
f 308/384/1225 307/383/1226 243/392/1227 244/393/1228
f 309/385/1229 308/384/1230 244/393/1231 245/394/1232
f 310/386/1233 309/385/1234 245/394/1235 246/395/1236
f 311/387/1237 310/386/1238 246/395/1239 247/396/1240
f 312/388/1241 311/387/1242 247/396/1243 248/397/1244
f 305/389/1245 312/388/1246 248/397/1247 241/398/1248
f 314/399/1249 313/400/1250 321/401/1251 322/402/1252
f 315/403/1253 314/399/1254 322/402/1255 323/404/1256
f 316/405/1257 315/403/1258 323/404/1259 324/406/1260
f 317/407/1261 316/405/1262 324/406/1263 325/408/1264
f 318/409/1265 317/407/1266 325/408/1267 326/410/1268
f 319/411/1269 318/409/1270 326/410/1271 327/412/1272
f 320/413/1273 319/411/1274 327/412/1275 328/414/1276
f 313/415/1277 320/413/1278 328/414/1279 321/416/1280
f 322/402/1281 321/401/1282 329/417/1283 330/418/1284
f 323/404/1285 322/402/1286 330/418/1287 331/419/1288
f 324/406/1289 323/404/1290 331/419/1291 332/420/1292
f 325/408/1293 324/406/1294 332/420/1295 333/421/1296
f 326/410/1297 325/408/1298 333/421/1299 334/422/1300
f 327/412/1301 326/410/1302 334/422/1303 335/423/1304
f 328/414/1305 327/412/1306 335/423/1307 336/424/1308
f 321/416/1309 328/414/1310 336/424/1311 329/425/1312
f 330/418/1313 329/417/1314 337/426/1315 338/427/1316
f 331/419/1317 330/418/1318 338/427/1319 339/428/1320
f 332/420/1321 331/419/1322 339/428/1323 340/429/1324
f 333/421/1325 332/420/1326 340/429/1327 341/430/1328
f 334/422/1329 333/421/1330 341/430/1331 342/431/1332
f 335/423/1333 334/422/1334 342/431/1335 343/432/1336
f 336/424/1337 335/423/1338 343/432/1339 344/433/1340
f 329/425/1341 336/424/1342 344/433/1343 337/434/1344
f 338/427/1345 337/426/1346 345/435/1347 346/436/1348
f 339/428/1349 338/427/1350 346/436/1351 347/437/1352
f 340/429/1353 339/428/1354 347/437/1355 348/438/1356
f 341/430/1357 340/429/1358 348/438/1359 349/439/1360
f 342/431/1361 341/430/1362 349/439/1363 350/440/1364
f 343/432/1365 342/431/1366 350/440/1367 351/441/1368
f 344/433/1369 343/432/1370 351/441/1371 352/442/1372
f 337/434/1373 344/433/1374 352/442/1375 345/443/1376
f 346/436/1377 345/435/1378 353/444/1379 354/445/1380
f 347/437/1381 346/436/1382 354/445/1383 355/446/1384
f 348/438/1385 347/437/1386 355/446/1387 356/447/1388
f 349/439/1389 348/438/1390 356/447/1391 357/448/1392
f 350/440/1393 349/439/1394 357/448/1395 358/449/1396
f 351/441/1397 350/440/1398 358/449/1399 359/450/1400
f 352/442/1401 351/441/1402 359/450/1403 360/451/1404
f 345/443/1405 352/442/1406 360/451/1407 353/452/1408
f 354/445/1409 353/444/1410 361/453/1411 362/454/1412
f 355/446/1413 354/445/1414 362/454/1415 363/455/1416
f 356/447/1417 355/446/1418 363/455/1419 364/456/1420
f 357/448/1421 356/447/1422 364/456/1423 365/457/1424
f 358/449/1425 357/448/1426 365/457/1427 366/458/1428
f 359/450/1429 358/449/1430 366/458/1431 367/459/1432
f 360/451/1433 359/450/1434 367/459/1435 368/460/1436
f 353/452/1437 360/451/1438 368/460/1439 361/461/1440
f 362/454/1441 361/453/1442 369/462/1443 370/463/1444
f 363/455/1445 362/454/1446 370/463/1447 371/464/1448
f 364/456/1449 363/455/1450 371/464/1451 372/465/1452
f 365/457/1453 364/456/1454 372/465/1455 373/466/1456
f 366/458/1457 365/457/1458 373/466/1459 374/467/1460
f 367/459/1461 366/458/1462 374/467/1463 375/468/1464
f 368/460/1465 367/459/1466 375/468/1467 376/469/1468
f 361/461/1469 368/460/1470 376/469/1471 369/470/1472
f 370/463/1473 369/462/1474 377/471/1475 378/472/1476
f 371/464/1477 370/463/1478 378/472/1479 379/473/1480
f 372/465/1481 371/464/1482 379/473/1483 380/474/1484
f 373/466/1485 372/465/1486 380/474/1487 381/475/1488
f 374/467/1489 373/466/1490 381/475/1491 382/476/1492
f 375/468/1493 374/467/1494 382/476/1495 383/477/1496
f 376/469/1497 375/468/1498 383/477/1499 384/478/1500
f 369/470/1501 376/469/1502 384/478/1503 377/479/1504
f 378/472/1505 377/471/1506 313/480/1507 314/481/1508
f 379/473/1509 378/472/1510 314/481/1511 315/482/1512
f 380/474/1513 379/473/1514 315/482/1515 316/483/1516
f 381/475/1517 380/474/1518 316/483/1519 317/484/1520
f 382/476/1521 381/475/1522 317/484/1523 318/485/1524
f 383/477/1525 382/476/1526 318/485/1527 319/486/1528
f 384/478/1529 383/477/1530 319/486/1531 320/487/1532
f 377/479/1533 384/478/1534 320/487/1535 313/488/1536
f 386/489/1537 385/490/1538 393/491/1539 394/492/1540
f 387/493/1541 386/489/1542 394/492/1543 395/494/1544
f 388/495/1545 387/493/1546 395/494/1547 396/496/1548
f 389/497/1549 388/495/1550 396/496/1551 397/498/1552
f 390/499/1553 389/497/1554 397/498/1555 398/500/1556
f 391/501/1557 390/499/1558 398/500/1559 399/502/1560
f 392/503/1561 391/501/1562 399/502/1563 400/504/1564
f 385/505/1565 392/503/1566 400/504/1567 393/506/1568
f 394/492/1569 393/491/1570 401/507/1571 402/508/1572
f 395/494/1573 394/492/1574 402/508/1575 403/509/1576
f 396/496/1577 395/494/1578 403/509/1579 404/510/1580
f 397/498/1581 396/496/1582 404/510/1583 405/511/1584
f 398/500/1585 397/498/1586 405/511/1587 406/512/1588
f 399/502/1589 398/500/1590 406/512/1591 407/513/1592
f 400/504/1593 399/502/1594 407/513/1595 408/514/1596
f 393/506/1597 400/504/1598 408/514/1599 401/515/1600
f 402/508/1601 401/507/1602 409/516/1603 410/517/1604
f 403/509/1605 402/508/1606 410/517/1607 411/518/1608
f 404/510/1609 403/509/1610 411/518/1611 412/519/1612
f 405/511/1613 404/510/1614 412/519/1615 413/520/1616
f 406/512/1617 405/511/1618 413/520/1619 414/521/1620
f 407/513/1621 406/512/1622 414/521/1623 415/522/1624
f 408/514/1625 407/513/1626 415/522/1627 416/523/1628
f 401/515/1629 408/514/1630 416/523/1631 409/524/1632
f 410/517/1633 409/516/1634 417/525/1635 418/526/1636
f 411/518/1637 410/517/1638 418/526/1639 419/527/1640
f 412/519/1641 411/518/1642 419/527/1643 420/528/1644
f 413/520/1645 412/519/1646 420/528/1647 421/529/1648
f 414/521/1649 413/520/1650 421/529/1651 422/530/1652
f 415/522/1653 414/521/1654 422/530/1655 423/531/1656
f 416/523/1657 415/522/1658 423/531/1659 424/532/1660
f 409/524/1661 416/523/1662 424/532/1663 417/533/1664
f 418/526/1665 417/525/1666 425/534/1667 426/535/1668
f 419/527/1669 418/526/1670 426/535/1671 427/536/1672
f 420/528/1673 419/527/1674 427/536/1675 428/537/1676
f 421/529/1677 420/528/1678 428/537/1679 429/538/1680
f 422/530/1681 421/529/1682 429/538/1683 430/539/1684
f 423/531/1685 422/530/1686 430/539/1687 431/540/1688
f 424/532/1689 423/531/1690 431/540/1691 432/541/1692
f 417/533/1693 424/532/1694 432/541/1695 425/542/1696
f 426/535/1697 425/534/1698 433/543/1699 434/544/1700
f 427/536/1701 426/535/1702 434/544/1703 435/545/1704
f 428/537/1705 427/536/1706 435/545/1707 436/546/1708
f 429/538/1709 428/537/1710 436/546/1711 437/547/1712
f 430/539/1713 429/538/1714 437/547/1715 438/548/1716
f 431/540/1717 430/539/1718 438/548/1719 439/549/1720
f 432/541/1721 431/540/1722 439/549/1723 440/550/1724
f 425/542/1725 432/541/1726 440/550/1727 433/551/1728
f 434/544/1729 433/543/1730 441/552/1731 442/553/1732
f 435/545/1733 434/544/1734 442/553/1735 443/554/1736
f 436/546/1737 435/545/1738 443/554/1739 444/555/1740
f 437/547/1741 436/546/1742 444/555/1743 445/556/1744
f 438/548/1745 437/547/1746 445/556/1747 446/557/1748
f 439/549/1749 438/548/1750 446/557/1751 447/558/1752
f 440/550/1753 439/549/1754 447/558/1755 448/559/1756
f 433/551/1757 440/550/1758 448/559/1759 441/560/1760
f 442/553/1761 441/552/1762 449/561/1763 450/562/1764
f 443/554/1765 442/553/1766 450/562/1767 451/563/1768
f 444/555/1769 443/554/1770 451/563/1771 452/564/1772
f 445/556/1773 444/555/1774 452/564/1775 453/565/1776
f 446/557/1777 445/556/1778 453/565/1779 454/566/1780
f 447/558/1781 446/557/1782 454/566/1783 455/567/1784
f 448/559/1785 447/558/1786 455/567/1787 456/568/1788
f 441/560/1789 448/559/1790 456/568/1791 449/569/1792
f 450/562/1793 449/561/1794 385/570/1795 386/571/1796
f 451/563/1797 450/562/1798 386/571/1799 387/572/1800
f 452/564/1801 451/563/1802 387/572/1803 388/573/1804
f 453/565/1805 452/564/1806 388/573/1807 389/574/1808
f 454/566/1809 453/565/1810 389/574/1811 390/575/1812
f 455/567/1813 454/566/1814 390/575/1815 391/576/1816
f 456/568/1817 455/567/1818 391/576/1819 392/577/1820
f 449/569/1821 456/568/1822 392/577/1823 385/578/1824
f 458/579/1825 457/580/1826 465/581/1827 466/582/1828
f 459/583/1829 458/579/1830 466/582/1831 467/584/1832
f 460/585/1833 459/583/1834 467/584/1835 468/586/1836
f 461/587/1837 460/585/1838 468/586/1839 469/588/1840
f 462/589/1841 461/587/1842 469/588/1843 470/590/1844
f 463/591/1845 462/589/1846 470/590/1847 471/592/1848
f 464/593/1849 463/591/1850 471/592/1851 472/594/1852
f 457/595/1853 464/593/1854 472/594/1855 465/596/1856
f 466/582/1857 465/581/1858 473/597/1859 474/598/1860
f 467/584/1861 466/582/1862 474/598/1863 475/599/1864
f 468/586/1865 467/584/1866 475/599/1867 476/600/1868
f 469/588/1869 468/586/1870 476/600/1871 477/601/1872
f 470/590/1873 469/588/1874 477/601/1875 478/602/1876
f 471/592/1877 470/590/1878 478/602/1879 479/603/1880
f 472/594/1881 471/592/1882 479/603/1883 480/604/1884
f 465/596/1885 472/594/1886 480/604/1887 473/605/1888
f 474/598/1889 473/597/1890 481/606/1891 482/607/1892
f 475/599/1893 474/598/1894 482/607/1895 483/608/1896
f 476/600/1897 475/599/1898 483/608/1899 484/609/1900
f 477/601/1901 476/600/1902 484/609/1903 485/610/1904
f 478/602/1905 477/601/1906 485/610/1907 486/611/1908
f 479/603/1909 478/602/1910 486/611/1911 487/612/1912
f 480/604/1913 479/603/1914 487/612/1915 488/613/1916
f 473/605/1917 480/604/1918 488/613/1919 481/614/1920
f 482/607/1921 481/606/1922 489/615/1923 490/616/1924
f 483/608/1925 482/607/1926 490/616/1927 491/617/1928
f 484/609/1929 483/608/1930 491/617/1931 492/618/1932
f 485/610/1933 484/609/1934 492/618/1935 493/619/1936
f 486/611/1937 485/610/1938 493/619/1939 494/620/1940
f 487/612/1941 486/611/1942 494/620/1943 495/621/1944
f 488/613/1945 487/612/1946 495/621/1947 496/622/1948
f 481/614/1949 488/613/1950 496/622/1951 489/623/1952
f 490/616/1953 489/615/1954 497/624/1955 498/625/1956
f 491/617/1957 490/616/1958 498/625/1959 499/626/1960
f 492/618/1961 491/617/1962 499/626/1963 500/627/1964
f 493/619/1965 492/618/1966 500/627/1967 501/628/1968
f 494/620/1969 493/619/1970 501/628/1971 502/629/1972
f 495/621/1973 494/620/1974 502/629/1975 503/630/1976
f 496/622/1977 495/621/1978 503/630/1979 504/631/1980
f 489/623/1981 496/622/1982 504/631/1983 497/632/1984
f 498/625/1985 497/624/1986 505/633/1987 506/634/1988
f 499/626/1989 498/625/1990 506/634/1991 507/635/1992
f 500/627/1993 499/626/1994 507/635/1995 508/636/1996
f 501/628/1997 500/627/1998 508/636/1999 509/637/2000
f 502/629/2001 501/628/2002 509/637/2003 510/638/2004
f 503/630/2005 502/629/2006 510/638/2007 511/639/2008
f 504/631/2009 503/630/2010 511/639/2011 512/640/2012
f 497/632/2013 504/631/2014 512/640/2015 505/641/2016
f 506/634/2017 505/633/2018 513/642/2019 514/643/2020
f 507/635/2021 506/634/2022 514/643/2023 515/644/2024
f 508/636/2025 507/635/2026 515/644/2027 516/645/2028
f 509/637/2029 508/636/2030 516/645/2031 517/646/2032
f 510/638/2033 509/637/2034 517/646/2035 518/647/2036
f 511/639/2037 510/638/2038 518/647/2039 519/648/2040
f 512/640/2041 511/639/2042 519/648/2043 520/649/2044
f 505/641/2045 512/640/2046 520/649/2047 513/650/2048
f 514/643/2049 513/642/2050 521/651/2051 522/652/2052
f 515/644/2053 514/643/2054 522/652/2055 523/653/2056
f 516/645/2057 515/644/2058 523/653/2059 524/654/2060
f 517/646/2061 516/645/2062 524/654/2063 525/655/2064
f 518/647/2065 517/646/2066 525/655/2067 526/656/2068
f 519/648/2069 518/647/2070 526/656/2071 527/657/2072
f 520/649/2073 519/648/2074 527/657/2075 528/658/2076
f 513/650/2077 520/649/2078 528/658/2079 521/659/2080
f 522/652/2081 521/651/2082 457/660/2083 458/661/2084
f 523/653/2085 522/652/2086 458/661/2087 459/662/2088
f 524/654/2089 523/653/2090 459/662/2091 460/663/2092
f 525/655/2093 524/654/2094 460/663/2095 461/664/2096
f 526/656/2097 525/655/2098 461/664/2099 462/665/2100
f 527/657/2101 526/656/2102 462/665/2103 463/666/2104
f 528/658/2105 527/657/2106 463/666/2107 464/667/2108
f 521/659/2109 528/658/2110 464/667/2111 457/668/2112
f 530/669/2113 529/670/2114 537/671/2115 538/672/2116
f 531/673/2117 530/669/2118 538/672/2119 539/674/2120
f 532/675/2121 531/673/2122 539/674/2123 540/676/2124
f 533/677/2125 532/675/2126 540/676/2127 541/678/2128
f 534/679/2129 533/677/2130 541/678/2131 542/680/2132
f 535/681/2133 534/679/2134 542/680/2135 543/682/2136
f 536/683/2137 535/681/2138 543/682/2139 544/684/2140
f 529/685/2141 536/683/2142 544/684/2143 537/686/2144
f 538/672/2145 537/671/2146 545/687/2147 546/688/2148
f 539/674/2149 538/672/2150 546/688/2151 547/689/2152
f 540/676/2153 539/674/2154 547/689/2155 548/690/2156
f 541/678/2157 540/676/2158 548/690/2159 549/691/2160
f 542/680/2161 541/678/2162 549/691/2163 550/692/2164
f 543/682/2165 542/680/2166 550/692/2167 551/693/2168
f 544/684/2169 543/682/2170 551/693/2171 552/694/2172
f 537/686/2173 544/684/2174 552/694/2175 545/695/2176
f 546/688/2177 545/687/2178 553/696/2179 554/697/2180
f 547/689/2181 546/688/2182 554/697/2183 555/698/2184
f 548/690/2185 547/689/2186 555/698/2187 556/699/2188
f 549/691/2189 548/690/2190 556/699/2191 557/700/2192
f 550/692/2193 549/691/2194 557/700/2195 558/701/2196
f 551/693/2197 550/692/2198 558/701/2199 559/702/2200
f 552/694/2201 551/693/2202 559/702/2203 560/703/2204
f 545/695/2205 552/694/2206 560/703/2207 553/704/2208
f 554/697/2209 553/696/2210 561/705/2211 562/706/2212
f 555/698/2213 554/697/2214 562/706/2215 563/707/2216
f 556/699/2217 555/698/2218 563/707/2219 564/708/2220
f 557/700/2221 556/699/2222 564/708/2223 565/709/2224
f 558/701/2225 557/700/2226 565/709/2227 566/710/2228
f 559/702/2229 558/701/2230 566/710/2231 567/711/2232
f 560/703/2233 559/702/2234 567/711/2235 568/712/2236
f 553/704/2237 560/703/2238 568/712/2239 561/713/2240
f 562/706/2241 561/705/2242 569/714/2243 570/715/2244
f 563/707/2245 562/706/2246 570/715/2247 571/716/2248
f 564/708/2249 563/707/2250 571/716/2251 572/717/2252
f 565/709/2253 564/708/2254 572/717/2255 573/718/2256
f 566/710/2257 565/709/2258 573/718/2259 574/719/2260
f 567/711/2261 566/710/2262 574/719/2263 575/720/2264
f 568/712/2265 567/711/2266 575/720/2267 576/721/2268
f 561/713/2269 568/712/2270 576/721/2271 569/722/2272
f 570/715/2273 569/714/2274 577/723/2275 578/724/2276
f 571/716/2277 570/715/2278 578/724/2279 579/725/2280
f 572/717/2281 571/716/2282 579/725/2283 580/726/2284
f 573/718/2285 572/717/2286 580/726/2287 581/727/2288
f 574/719/2289 573/718/2290 581/727/2291 582/728/2292
f 575/720/2293 574/719/2294 582/728/2295 583/729/2296
f 576/721/2297 575/720/2298 583/729/2299 584/730/2300
f 569/722/2301 576/721/2302 584/730/2303 577/731/2304
f 578/724/2305 577/723/2306 585/732/2307 586/733/2308
f 579/725/2309 578/724/2310 586/733/2311 587/734/2312
f 580/726/2313 579/725/2314 587/734/2315 588/735/2316
f 581/727/2317 580/726/2318 588/735/2319 589/736/2320
f 582/728/2321 581/727/2322 589/736/2323 590/737/2324
f 583/729/2325 582/728/2326 590/737/2327 591/738/2328
f 584/730/2329 583/729/2330 591/738/2331 592/739/2332
f 577/731/2333 584/730/2334 592/739/2335 585/740/2336
f 586/733/2337 585/732/2338 593/741/2339 594/742/2340
f 587/734/2341 586/733/2342 594/742/2343 595/743/2344
f 588/735/2345 587/734/2346 595/743/2347 596/744/2348
f 589/736/2349 588/735/2350 596/744/2351 597/745/2352
f 590/737/2353 589/736/2354 597/745/2355 598/746/2356
f 591/738/2357 590/737/2358 598/746/2359 599/747/2360
f 592/739/2361 591/738/2362 599/747/2363 600/748/2364
f 585/740/2365 592/739/2366 600/748/2367 593/749/2368
f 594/742/2369 593/741/2370 529/750/2371 530/751/2372
f 595/743/2373 594/742/2374 530/751/2375 531/752/2376
f 596/744/2377 595/743/2378 531/752/2379 532/753/2380
f 597/745/2381 596/744/2382 532/753/2383 533/754/2384
f 598/746/2385 597/745/2386 533/754/2387 534/755/2388
f 599/747/2389 598/746/2390 534/755/2391 535/756/2392
f 600/748/2393 599/747/2394 535/756/2395 536/757/2396
f 593/749/2397 600/748/2398 536/757/2399 529/758/2400
f 602/759/2401 601/760/2402 609/761/2403 610/762/2404
f 603/763/2405 602/759/2406 610/762/2407 611/764/2408
f 604/765/2409 603/763/2410 611/764/2411 612/766/2412
f 605/767/2413 604/765/2414 612/766/2415 613/768/2416
f 606/769/2417 605/767/2418 613/768/2419 614/770/2420
f 607/771/2421 606/769/2422 614/770/2423 615/772/2424
f 608/773/2425 607/771/2426 615/772/2427 616/774/2428
f 601/775/2429 608/773/2430 616/774/2431 609/776/2432
f 610/762/2433 609/761/2434 617/777/2435 618/778/2436
f 611/764/2437 610/762/2438 618/778/2439 619/779/2440
f 612/766/2441 611/764/2442 619/779/2443 620/780/2444
f 613/768/2445 612/766/2446 620/780/2447 621/781/2448
f 614/770/2449 613/768/2450 621/781/2451 622/782/2452
f 615/772/2453 614/770/2454 622/782/2455 623/783/2456
f 616/774/2457 615/772/2458 623/783/2459 624/784/2460
f 609/776/2461 616/774/2462 624/784/2463 617/785/2464
f 618/778/2465 617/777/2466 625/786/2467 626/787/2468
f 619/779/2469 618/778/2470 626/787/2471 627/788/2472
f 620/780/2473 619/779/2474 627/788/2475 628/789/2476
f 621/781/2477 620/780/2478 628/789/2479 629/790/2480
f 622/782/2481 621/781/2482 629/790/2483 630/791/2484
f 623/783/2485 622/782/2486 630/791/2487 631/792/2488
f 624/784/2489 623/783/2490 631/792/2491 632/793/2492
f 617/785/2493 624/784/2494 632/793/2495 625/794/2496
f 626/787/2497 625/786/2498 633/795/2499 634/796/2500
f 627/788/2501 626/787/2502 634/796/2503 635/797/2504
f 628/789/2505 627/788/2506 635/797/2507 636/798/2508
f 629/790/2509 628/789/2510 636/798/2511 637/799/2512
f 630/791/2513 629/790/2514 637/799/2515 638/800/2516
f 631/792/2517 630/791/2518 638/800/2519 639/801/2520
f 632/793/2521 631/792/2522 639/801/2523 640/802/2524
f 625/794/2525 632/793/2526 640/802/2527 633/803/2528
f 634/796/2529 633/795/2530 641/804/2531 642/805/2532
f 635/797/2533 634/796/2534 642/805/2535 643/806/2536
f 636/798/2537 635/797/2538 643/806/2539 644/807/2540
f 637/799/2541 636/798/2542 644/807/2543 645/808/2544
f 638/800/2545 637/799/2546 645/808/2547 646/809/2548
f 639/801/2549 638/800/2550 646/809/2551 647/810/2552
f 640/802/2553 639/801/2554 647/810/2555 648/811/2556
f 633/803/2557 640/802/2558 648/811/2559 641/812/2560
f 642/805/2561 641/804/2562 649/813/2563 650/814/2564
f 643/806/2565 642/805/2566 650/814/2567 651/815/2568
f 644/807/2569 643/806/2570 651/815/2571 652/816/2572
f 645/808/2573 644/807/2574 652/816/2575 653/817/2576
f 646/809/2577 645/808/2578 653/817/2579 654/818/2580
f 647/810/2581 646/809/2582 654/818/2583 655/819/2584
f 648/811/2585 647/810/2586 655/819/2587 656/820/2588
f 641/812/2589 648/811/2590 656/820/2591 649/821/2592
f 650/814/2593 649/813/2594 657/822/2595 658/823/2596
f 651/815/2597 650/814/2598 658/823/2599 659/824/2600
f 652/816/2601 651/815/2602 659/824/2603 660/825/2604
f 653/817/2605 652/816/2606 660/825/2607 661/826/2608
f 654/818/2609 653/817/2610 661/826/2611 662/827/2612
f 655/819/2613 654/818/2614 662/827/2615 663/828/2616
f 656/820/2617 655/819/2618 663/828/2619 664/829/2620
f 649/821/2621 656/820/2622 664/829/2623 657/830/2624
f 658/823/2625 657/822/2626 665/831/2627 666/832/2628
f 659/824/2629 658/823/2630 666/832/2631 667/833/2632
f 660/825/2633 659/824/2634 667/833/2635 668/834/2636
f 661/826/2637 660/825/2638 668/834/2639 669/835/2640
f 662/827/2641 661/826/2642 669/835/2643 670/836/2644
f 663/828/2645 662/827/2646 670/836/2647 671/837/2648
f 664/829/2649 663/828/2650 671/837/2651 672/838/2652
f 657/830/2653 664/829/2654 672/838/2655 665/839/2656
f 666/832/2657 665/831/2658 601/840/2659 602/841/2660
f 667/833/2661 666/832/2662 602/841/2663 603/842/2664
f 668/834/2665 667/833/2666 603/842/2667 604/843/2668
f 669/835/2669 668/834/2670 604/843/2671 605/844/2672
f 670/836/2673 669/835/2674 605/844/2675 606/845/2676
f 671/837/2677 670/836/2678 606/845/2679 607/846/2680
f 672/838/2681 671/837/2682 607/846/2683 608/847/2684
f 665/839/2685 672/838/2686 608/847/2687 601/848/2688
f 674/849/2689 673/850/2690 681/851/2691 682/852/2692
f 675/853/2693 674/849/2694 682/852/2695 683/854/2696
f 676/855/2697 675/853/2698 683/854/2699 684/856/2700
f 677/857/2701 676/855/2702 684/856/2703 685/858/2704
f 678/859/2705 677/857/2706 685/858/2707 686/860/2708
f 679/861/2709 678/859/2710 686/860/2711 687/862/2712
f 680/863/2713 679/861/2714 687/862/2715 688/864/2716
f 673/865/2717 680/863/2718 688/864/2719 681/866/2720
f 682/852/2721 681/851/2722 689/867/2723 690/868/2724
f 683/854/2725 682/852/2726 690/868/2727 691/869/2728
f 684/856/2729 683/854/2730 691/869/2731 692/870/2732
f 685/858/2733 684/856/2734 692/870/2735 693/871/2736
f 686/860/2737 685/858/2738 693/871/2739 694/872/2740
f 687/862/2741 686/860/2742 694/872/2743 695/873/2744
f 688/864/2745 687/862/2746 695/873/2747 696/874/2748
f 681/866/2749 688/864/2750 696/874/2751 689/875/2752
f 690/868/2753 689/867/2754 697/876/2755 698/877/2756
f 691/869/2757 690/868/2758 698/877/2759 699/878/2760
f 692/870/2761 691/869/2762 699/878/2763 700/879/2764
f 693/871/2765 692/870/2766 700/879/2767 701/880/2768
f 694/872/2769 693/871/2770 701/880/2771 702/881/2772
f 695/873/2773 694/872/2774 702/881/2775 703/882/2776
f 696/874/2777 695/873/2778 703/882/2779 704/883/2780
f 689/875/2781 696/874/2782 704/883/2783 697/884/2784
f 698/877/2785 697/876/2786 705/885/2787 706/886/2788
f 699/878/2789 698/877/2790 706/886/2791 707/887/2792
f 700/879/2793 699/878/2794 707/887/2795 708/888/2796
f 701/880/2797 700/879/2798 708/888/2799 709/889/2800
f 702/881/2801 701/880/2802 709/889/2803 710/890/2804
f 703/882/2805 702/881/2806 710/890/2807 711/891/2808
f 704/883/2809 703/882/2810 711/891/2811 712/892/2812
f 697/884/2813 704/883/2814 712/892/2815 705/893/2816
f 706/886/2817 705/885/2818 713/894/2819 714/895/2820
f 707/887/2821 706/886/2822 714/895/2823 715/896/2824
f 708/888/2825 707/887/2826 715/896/2827 716/897/2828
f 709/889/2829 708/888/2830 716/897/2831 717/898/2832
f 710/890/2833 709/889/2834 717/898/2835 718/899/2836
f 711/891/2837 710/890/2838 718/899/2839 719/900/2840
f 712/892/2841 711/891/2842 719/900/2843 720/901/2844
f 705/893/2845 712/892/2846 720/901/2847 713/902/2848
f 714/895/2849 713/894/2850 721/903/2851 722/904/2852
f 715/896/2853 714/895/2854 722/904/2855 723/905/2856
f 716/897/2857 715/896/2858 723/905/2859 724/906/2860
f 717/898/2861 716/897/2862 724/906/2863 725/907/2864
f 718/899/2865 717/898/2866 725/907/2867 726/908/2868
f 719/900/2869 718/899/2870 726/908/2871 727/909/2872
f 720/901/2873 719/900/2874 727/909/2875 728/910/2876
f 713/902/2877 720/901/2878 728/910/2879 721/911/2880
f 722/904/2881 721/903/2882 729/912/2883 730/913/2884
f 723/905/2885 722/904/2886 730/913/2887 731/914/2888
f 724/906/2889 723/905/2890 731/914/2891 732/915/2892
f 725/907/2893 724/906/2894 732/915/2895 733/916/2896
f 726/908/2897 725/907/2898 733/916/2899 734/917/2900
f 727/909/2901 726/908/2902 734/917/2903 735/918/2904
f 728/910/2905 727/909/2906 735/918/2907 736/919/2908
f 721/911/2909 728/910/2910 736/919/2911 729/920/2912
f 730/913/2913 729/912/2914 737/921/2915 738/922/2916
f 731/914/2917 730/913/2918 738/922/2919 739/923/2920
f 732/915/2921 731/914/2922 739/923/2923 740/924/2924
f 733/916/2925 732/915/2926 740/924/2927 741/925/2928
f 734/917/2929 733/916/2930 741/925/2931 742/926/2932
f 735/918/2933 734/917/2934 742/926/2935 743/927/2936
f 736/919/2937 735/918/2938 743/927/2939 744/928/2940
f 729/920/2941 736/919/2942 744/928/2943 737/929/2944
f 738/922/2945 737/921/2946 673/930/2947 674/931/2948
f 739/923/2949 738/922/2950 674/931/2951 675/932/2952
f 740/924/2953 739/923/2954 675/932/2955 676/933/2956
f 741/925/2957 740/924/2958 676/933/2959 677/934/2960
f 742/926/2961 741/925/2962 677/934/2963 678/935/2964
f 743/927/2965 742/926/2966 678/935/2967 679/936/2968
f 744/928/2969 743/927/2970 679/936/2971 680/937/2972
f 737/929/2973 744/928/2974 680/937/2975 673/938/2976
f 746/939/2977 745/940/2978 753/941/2979 754/942/2980
f 747/943/2981 746/939/2982 754/942/2983 755/944/2984
f 748/945/2985 747/943/2986 755/944/2987 756/946/2988
f 749/947/2989 748/945/2990 756/946/2991 757/948/2992
f 750/949/2993 749/947/2994 757/948/2995 758/950/2996
f 751/951/2997 750/949/2998 758/950/2999 759/952/3000
f 752/953/3001 751/951/3002 759/952/3003 760/954/3004
f 745/955/3005 752/953/3006 760/954/3007 753/956/3008
f 754/942/3009 753/941/3010 761/957/3011 762/958/3012
f 755/944/3013 754/942/3014 762/958/3015 763/959/3016
f 756/946/3017 755/944/3018 763/959/3019 764/960/3020
f 757/948/3021 756/946/3022 764/960/3023 765/961/3024
f 758/950/3025 757/948/3026 765/961/3027 766/962/3028
f 759/952/3029 758/950/3030 766/962/3031 767/963/3032
f 760/954/3033 759/952/3034 767/963/3035 768/964/3036
f 753/956/3037 760/954/3038 768/964/3039 761/965/3040
f 762/958/3041 761/957/3042 769/966/3043 770/967/3044
f 763/959/3045 762/958/3046 770/967/3047 771/968/3048
f 764/960/3049 763/959/3050 771/968/3051 772/969/3052
f 765/961/3053 764/960/3054 772/969/3055 773/970/3056
f 766/962/3057 765/961/3058 773/970/3059 774/971/3060
f 767/963/3061 766/962/3062 774/971/3063 775/972/3064
f 768/964/3065 767/963/3066 775/972/3067 776/973/3068
f 761/965/3069 768/964/3070 776/973/3071 769/974/3072
f 770/967/3073 769/966/3074 777/975/3075 778/976/3076
f 771/968/3077 770/967/3078 778/976/3079 779/977/3080
f 772/969/3081 771/968/3082 779/977/3083 780/978/3084
f 773/970/3085 772/969/3086 780/978/3087 781/979/3088
f 774/971/3089 773/970/3090 781/979/3091 782/980/3092
f 775/972/3093 774/971/3094 782/980/3095 783/981/3096
f 776/973/3097 775/972/3098 783/981/3099 784/982/3100
f 769/974/3101 776/973/3102 784/982/3103 777/983/3104
f 778/976/3105 777/975/3106 785/984/3107 786/985/3108
f 779/977/3109 778/976/3110 786/985/3111 787/986/3112
f 780/978/3113 779/977/3114 787/986/3115 788/987/3116
f 781/979/3117 780/978/3118 788/987/3119 789/988/3120
f 782/980/3121 781/979/3122 789/988/3123 790/989/3124
f 783/981/3125 782/980/3126 790/989/3127 791/990/3128
f 784/982/3129 783/981/3130 791/990/3131 792/991/3132
f 777/983/3133 784/982/3134 792/991/3135 785/992/3136
f 786/985/3137 785/984/3138 793/993/3139 794/994/3140
f 787/986/3141 786/985/3142 794/994/3143 795/995/3144
f 788/987/3145 787/986/3146 795/995/3147 796/996/3148
f 789/988/3149 788/987/3150 796/996/3151 797/997/3152
f 790/989/3153 789/988/3154 797/997/3155 798/998/3156
f 791/990/3157 790/989/3158 798/998/3159 799/999/3160
f 792/991/3161 791/990/3162 799/999/3163 800/1000/3164
f 785/992/3165 792/991/3166 800/1000/3167 793/1001/3168
f 794/994/3169 793/993/3170 801/1002/3171 802/1003/3172
f 795/995/3173 794/994/3174 802/1003/3175 803/1004/3176
f 796/996/3177 795/995/3178 803/1004/3179 804/1005/3180
f 797/997/3181 796/996/3182 804/1005/3183 805/1006/3184
f 798/998/3185 797/997/3186 805/1006/3187 806/1007/3188
f 799/999/3189 798/998/3190 806/1007/3191 807/1008/3192
f 800/1000/3193 799/999/3194 807/1008/3195 808/1009/3196
f 793/1001/3197 800/1000/3198 808/1009/3199 801/1010/3200
f 802/1003/3201 801/1002/3202 809/1011/3203 810/1012/3204
f 803/1004/3205 802/1003/3206 810/1012/3207 811/1013/3208
f 804/1005/3209 803/1004/3210 811/1013/3211 812/1014/3212
f 805/1006/3213 804/1005/3214 812/1014/3215 813/1015/3216
f 806/1007/3217 805/1006/3218 813/1015/3219 814/1016/3220
f 807/1008/3221 806/1007/3222 814/1016/3223 815/1017/3224
f 808/1009/3225 807/1008/3226 815/1017/3227 816/1018/3228
f 801/1010/3229 808/1009/3230 816/1018/3231 809/1019/3232
f 810/1012/3233 809/1011/3234 745/1020/3235 746/1021/3236
f 811/1013/3237 810/1012/3238 746/1021/3239 747/1022/3240
f 812/1014/3241 811/1013/3242 747/1022/3243 748/1023/3244
f 813/1015/3245 812/1014/3246 748/1023/3247 749/1024/3248
f 814/1016/3249 813/1015/3250 749/1024/3251 750/1025/3252
f 815/1017/3253 814/1016/3254 750/1025/3255 751/1026/3256
f 816/1018/3257 815/1017/3258 751/1026/3259 752/1027/3260
f 809/1019/3261 816/1018/3262 752/1027/3263 745/1028/3264
f 818/1029/3265 817/1030/3266 825/1031/3267 826/1032/3268
f 819/1033/3269 818/1029/3270 826/1032/3271 827/1034/3272
f 820/1035/3273 819/1033/3274 827/1034/3275 828/1036/3276
f 821/1037/3277 820/1035/3278 828/1036/3279 829/1038/3280
f 822/1039/3281 821/1037/3282 829/1038/3283 830/1040/3284
f 823/1041/3285 822/1039/3286 830/1040/3287 831/1042/3288
f 824/1043/3289 823/1041/3290 831/1042/3291 832/1044/3292
f 817/1045/3293 824/1043/3294 832/1044/3295 825/1046/3296
f 826/1032/3297 825/1031/3298 833/1047/3299 834/1048/3300
f 827/1034/3301 826/1032/3302 834/1048/3303 835/1049/3304
f 828/1036/3305 827/1034/3306 835/1049/3307 836/1050/3308
f 829/1038/3309 828/1036/3310 836/1050/3311 837/1051/3312
f 830/1040/3313 829/1038/3314 837/1051/3315 838/1052/3316
f 831/1042/3317 830/1040/3318 838/1052/3319 839/1053/3320
f 832/1044/3321 831/1042/3322 839/1053/3323 840/1054/3324
f 825/1046/3325 832/1044/3326 840/1054/3327 833/1055/3328
f 834/1048/3329 833/1047/3330 841/1056/3331 842/1057/3332
f 835/1049/3333 834/1048/3334 842/1057/3335 843/1058/3336
f 836/1050/3337 835/1049/3338 843/1058/3339 844/1059/3340
f 837/1051/3341 836/1050/3342 844/1059/3343 845/1060/3344
f 838/1052/3345 837/1051/3346 845/1060/3347 846/1061/3348
f 839/1053/3349 838/1052/3350 846/1061/3351 847/1062/3352
f 840/1054/3353 839/1053/3354 847/1062/3355 848/1063/3356
f 833/1055/3357 840/1054/3358 848/1063/3359 841/1064/3360
f 842/1057/3361 841/1056/3362 849/1065/3363 850/1066/3364
f 843/1058/3365 842/1057/3366 850/1066/3367 851/1067/3368
f 844/1059/3369 843/1058/3370 851/1067/3371 852/1068/3372
f 845/1060/3373 844/1059/3374 852/1068/3375 853/1069/3376
f 846/1061/3377 845/1060/3378 853/1069/3379 854/1070/3380
f 847/1062/3381 846/1061/3382 854/1070/3383 855/1071/3384
f 848/1063/3385 847/1062/3386 855/1071/3387 856/1072/3388
f 841/1064/3389 848/1063/3390 856/1072/3391 849/1073/3392
f 850/1066/3393 849/1065/3394 857/1074/3395 858/1075/3396
f 851/1067/3397 850/1066/3398 858/1075/3399 859/1076/3400
f 852/1068/3401 851/1067/3402 859/1076/3403 860/1077/3404
f 853/1069/3405 852/1068/3406 860/1077/3407 861/1078/3408
f 854/1070/3409 853/1069/3410 861/1078/3411 862/1079/3412
f 855/1071/3413 854/1070/3414 862/1079/3415 863/1080/3416
f 856/1072/3417 855/1071/3418 863/1080/3419 864/1081/3420
f 849/1073/3421 856/1072/3422 864/1081/3423 857/1082/3424
f 858/1075/3425 857/1074/3426 865/1083/3427 866/1084/3428
f 859/1076/3429 858/1075/3430 866/1084/3431 867/1085/3432
f 860/1077/3433 859/1076/3434 867/1085/3435 868/1086/3436
f 861/1078/3437 860/1077/3438 868/1086/3439 869/1087/3440
f 862/1079/3441 861/1078/3442 869/1087/3443 870/1088/3444
f 863/1080/3445 862/1079/3446 870/1088/3447 871/1089/3448
f 864/1081/3449 863/1080/3450 871/1089/3451 872/1090/3452
f 857/1082/3453 864/1081/3454 872/1090/3455 865/1091/3456
f 866/1084/3457 865/1083/3458 873/1092/3459 874/1093/3460
f 867/1085/3461 866/1084/3462 874/1093/3463 875/1094/3464
f 868/1086/3465 867/1085/3466 875/1094/3467 876/1095/3468
f 869/1087/3469 868/1086/3470 876/1095/3471 877/1096/3472
f 870/1088/3473 869/1087/3474 877/1096/3475 878/1097/3476
f 871/1089/3477 870/1088/3478 878/1097/3479 879/1098/3480
f 872/1090/3481 871/1089/3482 879/1098/3483 880/1099/3484
f 865/1091/3485 872/1090/3486 880/1099/3487 873/1100/3488
f 874/1093/3489 873/1092/3490 881/1101/3491 882/1102/3492
f 875/1094/3493 874/1093/3494 882/1102/3495 883/1103/3496
f 876/1095/3497 875/1094/3498 883/1103/3499 884/1104/3500
f 877/1096/3501 876/1095/3502 884/1104/3503 885/1105/3504
f 878/1097/3505 877/1096/3506 885/1105/3507 886/1106/3508
f 879/1098/3509 878/1097/3510 886/1106/3511 887/1107/3512
f 880/1099/3513 879/1098/3514 887/1107/3515 888/1108/3516
f 873/1100/3517 880/1099/3518 888/1108/3519 881/1109/3520
f 882/1102/3521 881/1101/3522 817/1110/3523 818/1111/3524
f 883/1103/3525 882/1102/3526 818/1111/3527 819/1112/3528
f 884/1104/3529 883/1103/3530 819/1112/3531 820/1113/3532
f 885/1105/3533 884/1104/3534 820/1113/3535 821/1114/3536
f 886/1106/3537 885/1105/3538 821/1114/3539 822/1115/3540
f 887/1107/3541 886/1106/3542 822/1115/3543 823/1116/3544
f 888/1108/3545 887/1107/3546 823/1116/3547 824/1117/3548
f 881/1109/3549 888/1108/3550 824/1117/3551 817/1118/3552
f 890/1119/3553 889/1120/3554 897/1121/3555 898/1122/3556
f 891/1123/3557 890/1119/3558 898/1122/3559 899/1124/3560
f 892/1125/3561 891/1123/3562 899/1124/3563 900/1126/3564
f 893/1127/3565 892/1125/3566 900/1126/3567 901/1128/3568
f 894/1129/3569 893/1127/3570 901/1128/3571 902/1130/3572
f 895/1131/3573 894/1129/3574 902/1130/3575 903/1132/3576
f 896/1133/3577 895/1131/3578 903/1132/3579 904/1134/3580
f 889/1135/3581 896/1133/3582 904/1134/3583 897/1136/3584
f 898/1122/3585 897/1121/3586 905/1137/3587 906/1138/3588
f 899/1124/3589 898/1122/3590 906/1138/3591 907/1139/3592
f 900/1126/3593 899/1124/3594 907/1139/3595 908/1140/3596
f 901/1128/3597 900/1126/3598 908/1140/3599 909/1141/3600
f 902/1130/3601 901/1128/3602 909/1141/3603 910/1142/3604
f 903/1132/3605 902/1130/3606 910/1142/3607 911/1143/3608
f 904/1134/3609 903/1132/3610 911/1143/3611 912/1144/3612
f 897/1136/3613 904/1134/3614 912/1144/3615 905/1145/3616
f 906/1138/3617 905/1137/3618 913/1146/3619 914/1147/3620
f 907/1139/3621 906/1138/3622 914/1147/3623 915/1148/3624
f 908/1140/3625 907/1139/3626 915/1148/3627 916/1149/3628
f 909/1141/3629 908/1140/3630 916/1149/3631 917/1150/3632
f 910/1142/3633 909/1141/3634 917/1150/3635 918/1151/3636
f 911/1143/3637 910/1142/3638 918/1151/3639 919/1152/3640
f 912/1144/3641 911/1143/3642 919/1152/3643 920/1153/3644
f 905/1145/3645 912/1144/3646 920/1153/3647 913/1154/3648
f 914/1147/3649 913/1146/3650 921/1155/3651 922/1156/3652
f 915/1148/3653 914/1147/3654 922/1156/3655 923/1157/3656
f 916/1149/3657 915/1148/3658 923/1157/3659 924/1158/3660
f 917/1150/3661 916/1149/3662 924/1158/3663 925/1159/3664
f 918/1151/3665 917/1150/3666 925/1159/3667 926/1160/3668
f 919/1152/3669 918/1151/3670 926/1160/3671 927/1161/3672
f 920/1153/3673 919/1152/3674 927/1161/3675 928/1162/3676
f 913/1154/3677 920/1153/3678 928/1162/3679 921/1163/3680
f 922/1156/3681 921/1155/3682 929/1164/3683 930/1165/3684
f 923/1157/3685 922/1156/3686 930/1165/3687 931/1166/3688
f 924/1158/3689 923/1157/3690 931/1166/3691 932/1167/3692
f 925/1159/3693 924/1158/3694 932/1167/3695 933/1168/3696
f 926/1160/3697 925/1159/3698 933/1168/3699 934/1169/3700
f 927/1161/3701 926/1160/3702 934/1169/3703 935/1170/3704
f 928/1162/3705 927/1161/3706 935/1170/3707 936/1171/3708
f 921/1163/3709 928/1162/3710 936/1171/3711 929/1172/3712
f 930/1165/3713 929/1164/3714 937/1173/3715 938/1174/3716
f 931/1166/3717 930/1165/3718 938/1174/3719 939/1175/3720
f 932/1167/3721 931/1166/3722 939/1175/3723 940/1176/3724
f 933/1168/3725 932/1167/3726 940/1176/3727 941/1177/3728
f 934/1169/3729 933/1168/3730 941/1177/3731 942/1178/3732
f 935/1170/3733 934/1169/3734 942/1178/3735 943/1179/3736
f 936/1171/3737 935/1170/3738 943/1179/3739 944/1180/3740
f 929/1172/3741 936/1171/3742 944/1180/3743 937/1181/3744
f 938/1174/3745 937/1173/3746 945/1182/3747 946/1183/3748
f 939/1175/3749 938/1174/3750 946/1183/3751 947/1184/3752
f 940/1176/3753 939/1175/3754 947/1184/3755 948/1185/3756
f 941/1177/3757 940/1176/3758 948/1185/3759 949/1186/3760
f 942/1178/3761 941/1177/3762 949/1186/3763 950/1187/3764
f 943/1179/3765 942/1178/3766 950/1187/3767 951/1188/3768
f 944/1180/3769 943/1179/3770 951/1188/3771 952/1189/3772
f 937/1181/3773 944/1180/3774 952/1189/3775 945/1190/3776
f 946/1183/3777 945/1182/3778 953/1191/3779 954/1192/3780
f 947/1184/3781 946/1183/3782 954/1192/3783 955/1193/3784
f 948/1185/3785 947/1184/3786 955/1193/3787 956/1194/3788
f 949/1186/3789 948/1185/3790 956/1194/3791 957/1195/3792
f 950/1187/3793 949/1186/3794 957/1195/3795 958/1196/3796
f 951/1188/3797 950/1187/3798 958/1196/3799 959/1197/3800
f 952/1189/3801 951/1188/3802 959/1197/3803 960/1198/3804
f 945/1190/3805 952/1189/3806 960/1198/3807 953/1199/3808
f 954/1192/3809 953/1191/3810 889/1200/3811 890/1201/3812
f 955/1193/3813 954/1192/3814 890/1201/3815 891/1202/3816
f 956/1194/3817 955/1193/3818 891/1202/3819 892/1203/3820
f 957/1195/3821 956/1194/3822 892/1203/3823 893/1204/3824
f 958/1196/3825 957/1195/3826 893/1204/3827 894/1205/3828
f 959/1197/3829 958/1196/3830 894/1205/3831 895/1206/3832
f 960/1198/3833 959/1197/3834 895/1206/3835 896/1207/3836
f 953/1199/3837 960/1198/3838 896/1207/3839 889/1208/3840
