# This file uses centimeters as units for non-parametric coordinates.

mtllib BarBack.mtl
g default
v -1.839044 -1.428863 8.719679
v -1.764043 -1.060968 8.843335
v -2.200747 -1.060158 8.719698
v 1.353096 -1.431299 8.719651
v 1.353096 -1.061675 8.845427
v 0.777545 -1.061624 8.845432
v 0.766783 -1.431291 8.719686
v 0.859937 1.550816 8.848024
v 0.840528 1.068853 8.848024
v 1.353096 1.068837 8.848024
v 1.353137 1.558288 8.848024
v -1.550865 1.501977 8.720289
v -1.700136 1.068561 8.719895
v -1.323555 1.068903 8.845434
v -1.188829 1.510165 8.845428
v 2.289295 -1.061458 8.719434
v 2.144729 -1.061458 8.843261
v 2.144728 -1.429135 8.719434
v 2.144951 1.558447 8.845426
v 2.144945 1.068837 8.845427
v 2.291460 1.068837 8.719651
v 2.291460 1.558453 8.719651
v -0.904252 1.909426 8.843213
v -0.854827 1.988668 8.720125
v -1.218573 1.865755 8.720021
v 1.178678 2.373045 8.721082
v 0.900710 2.312990 8.721120
v 0.899905 2.192781 8.845717
v 1.352997 2.246154 8.847607
v 1.353176 2.587136 8.847607
v 1.163711 2.591211 8.845711
v 1.158061 2.590357 7.930997
v 1.208408 2.586111 7.557105
v 1.208377 2.246648 7.556908
v 0.894101 2.192714 7.930975
v 0.899386 2.312794 8.058123
v 1.177352 2.373006 8.058084
v -1.218515 1.865819 8.059009
v -0.854875 1.988655 8.059226
v -0.904558 1.909888 7.935877
v 1.038620 3.817210 8.848024
v 1.353173 3.816774 8.848024
v 1.353096 4.086738 8.848024
v 1.015959 4.086736 8.848024
v 2.144945 4.086738 8.845426
v 2.144957 3.816632 8.845427
v 2.291460 3.816620 8.719651
v 2.291460 4.086737 8.719651
v 2.294057 4.086738 8.052241
v 2.294057 3.816621 8.052241
v 2.294057 3.816620 7.562286
v 2.294057 4.086737 7.562286
v -1.188834 1.510146 -8.845428
v -1.323527 1.068880 -8.845434
v -1.700130 1.068566 -8.729449
v -1.550864 1.501978 -8.729849
v 1.353652 1.558238 -8.848024
v 1.353653 1.068841 -8.848024
v 0.840533 1.068849 -8.848024
v 0.859885 1.550715 -8.848024
v 0.766783 -1.431291 -8.729249
v 0.777546 -1.061624 -8.845432
v 1.353743 -1.061649 -8.845440
v 1.364501 -1.431295 -8.729297
v -2.200746 -1.060157 -8.729260
v -1.764039 -1.060972 -8.843334
v -1.839044 -1.428863 -8.729241
v 2.370735 1.558357 -8.734307
v 2.382850 1.068761 -8.734954
v 2.149570 1.068866 -8.846434
v 2.149019 1.558441 -8.846311
v 2.224682 -1.429083 -8.730238
v 2.149873 -1.061278 -8.844256
v 2.380924 -1.061300 -8.734055
v -1.839309 -1.431017 7.562286
v -1.839350 -1.431023 8.052281
v -2.202961 -1.060140 8.052395
v -2.203006 -1.060360 7.562330
v 1.353096 -1.433897 7.562286
v 1.353096 -1.433897 8.052241
v 0.766765 -1.433897 8.052247
v 0.766772 -1.433897 7.562286
v 2.291460 -1.061675 7.562286
v 2.291460 -1.061675 8.052241
v 2.144945 -1.431299 8.052241
v 2.144945 -1.431299 7.562286
v 2.294057 1.558452 8.052241
v 2.294057 1.068837 8.052241
v 2.294057 1.068849 7.562299
v 2.294057 1.558528 7.562362
v -1.187702 1.515017 7.931065
v -1.251130 1.434071 7.557876
v -1.702093 1.065487 7.562181
v -1.702490 1.068055 8.053356
v -1.550912 1.502243 8.057325
v 1.177372 2.373016 -8.125050
v 0.899402 2.312837 -8.125025
v 0.894312 2.192996 -8.007496
v 1.208412 2.246825 -7.625293
v 1.208412 2.586251 -7.625097
v 1.158079 2.590381 -8.007472
v -0.904545 1.909927 -8.012344
v -0.854978 1.988642 -8.125953
v -1.218534 1.865815 -8.125909
v 1.163673 2.591163 -8.845716
v 1.352995 2.586887 -8.847607
v 1.353181 2.245829 -8.847607
v 0.899589 2.192182 -8.845711
v 0.900673 2.312895 -8.730648
v 1.178655 2.373026 -8.730673
v -1.218553 1.865758 -8.729547
v -0.854727 1.988673 -8.729479
v -0.904288 1.909335 -8.843182
v -2.203019 -1.060416 -7.630463
v -2.202961 -1.060142 -8.119313
v -1.839350 -1.431023 -8.119216
v -1.839309 -1.431017 -7.630475
v -1.550906 1.502242 -8.124239
v -1.702487 1.068044 -8.120185
v -1.702127 1.065150 -7.629987
v -1.250864 1.434017 -7.625701
v -1.187653 1.515017 -8.007505
v 0.766772 -1.433897 -7.630475
v 0.766765 -1.433897 -8.119182
v 1.425550 -1.433897 -8.119203
v 1.437354 -1.433897 -7.630477
v 2.734882 -1.431306 -7.630379
v 2.652892 -1.431304 -8.119200
v 2.876462 -1.061795 -8.118277
v 2.966432 -1.061820 -7.629733
v 2.879023 1.557057 -7.629875
v 2.968012 1.067944 -7.629751
v 2.878697 1.068104 -8.118237
v 2.800938 1.557693 -8.118694
v 2.294057 4.086738 -7.630475
v 2.294057 3.816621 -7.630475
v 2.294057 3.816620 -8.119177
v 2.294057 4.086737 -8.119176
v 2.291460 4.086738 -8.729214
v 2.291460 3.816621 -8.729214
v 2.144951 3.816627 -8.845427
v 2.144945 4.086737 -8.845427
v 1.015960 4.086735 -8.848024
v 1.353095 4.086737 -8.848024
v 1.353138 3.816740 -8.848024
v 1.038624 3.817201 -8.848024
v 1.206390 1.564866 7.556367
v 0.844429 1.438649 7.556458
v 0.853671 1.557230 7.926270
v 0.871622 1.547424 5.044572
v 0.847467 1.438564 5.414218
v 1.206371 1.564730 5.414468
v -1.436550 1.452479 4.906518
v -1.699666 1.065424 4.909428
v -1.699691 1.064785 5.408974
v -1.233430 1.433387 5.411913
v -1.010975 1.469307 5.039905
v -1.839309 -1.431017 4.909676
v -1.839309 -1.431017 5.408589
v -2.203027 -1.060449 5.408619
v -2.203010 -1.060375 4.909662
v 1.353052 -1.433897 4.909676
v 1.353096 -1.433897 5.408589
v 0.766772 -1.433897 5.408589
v 0.766772 -1.433897 4.909676
v 2.278653 -1.055761 4.909875
v 2.291314 -1.061627 5.408625
v 2.144945 -1.431299 5.408589
v 2.144598 -1.431265 4.909676
v 2.293035 1.559505 5.409296
v 2.293035 1.069288 5.408919
v 2.208253 1.109066 4.911074
v 2.208816 1.599992 4.911090
v 2.294057 4.086738 5.408589
v 2.294057 3.816621 5.408588
v 2.294057 3.816642 4.910366
v 2.294057 4.086840 4.909878
v 1.009345 4.026701 7.556454
v 1.206396 3.810118 7.556407
v 1.032326 3.810648 7.926270
v 1.032238 3.810768 5.044605
v 1.206371 3.810162 5.414507
v 1.009326 4.026696 5.414379
v -1.010993 1.469278 4.057215
v -1.233413 1.433402 3.025686
v -1.699667 1.064879 3.028933
v -1.699674 1.065390 4.187783
v -1.436551 1.452473 4.190613
v 1.206341 1.564662 3.023230
v 0.847470 1.438564 3.023491
v 0.871452 1.547146 4.052539
v 0.871622 1.547424 -4.104211
v 0.847470 1.438564 -3.075158
v 1.206371 1.564730 -3.074937
v -1.436550 1.452479 -4.237060
v -1.699666 1.065424 -4.234151
v -1.699697 1.064750 -3.080431
v -1.233418 1.433381 -3.077325
v -1.010975 1.469307 -4.108878
v -2.203011 -1.060381 4.187470
v -2.203023 -1.060433 3.029152
v -1.839309 -1.431017 3.029149
v -1.839309 -1.431017 4.187440
v -1.839309 -1.431017 -4.233902
v -1.839309 -1.431017 -3.080816
v -2.203028 -1.060455 -3.080790
v -2.203010 -1.060375 -4.233915
v 1.363680 -1.433897 -4.233875
v 1.352812 -1.433897 -3.080795
v 0.766772 -1.433897 -3.080816
v 0.766772 -1.433897 -4.233902
v 0.766772 -1.433897 4.187440
v 0.766772 -1.433897 3.029149
v 1.352739 -1.433897 3.029152
v 1.352787 -1.433897 4.187440
v 2.297185 -1.022194 -4.232488
v 2.195913 -1.016153 -3.079927
v 2.142722 -1.431036 -3.080601
v 2.219159 -1.431080 -4.233585
v 2.142515 -1.431057 4.187440
v 2.142140 -1.431024 3.029176
v 2.194895 -1.016085 3.029185
v 2.207642 -1.022137 4.187353
v 1.738262 1.824666 4.186457
v 1.734240 1.335514 4.186771
v 1.648947 1.376433 3.028935
v 1.653963 1.865175 3.028632
v 1.654388 1.865102 -3.079191
v 1.649581 1.376436 -3.078570
v 1.821971 1.336175 -4.230783
v 1.815060 1.825925 -4.231205
v 2.324529 4.031475 3.024960
v 2.296433 4.091755 3.029216
v 2.294557 4.087770 4.188610
v 2.296431 3.816415 4.192876
v 2.324517 3.812368 4.057369
v 2.324517 3.812444 -4.108960
v 2.296431 3.816831 -4.238905
v 2.294558 4.087907 -4.234935
v 2.296433 4.092174 -3.080464
v 2.324529 4.031550 -3.076550
v 1.009345 4.026701 3.023316
v 1.206371 3.810142 3.023270
v 1.032179 3.810794 4.052511
v 1.032238 3.810768 -4.104178
v 1.206371 3.810162 -3.074897
v 1.009326 4.026696 -3.075026
v 1.149951 2.371064 4.906093
v 0.970932 2.255798 4.907200
v 0.964279 2.144515 5.040311
v 1.207601 2.245725 5.413843
v 1.207601 2.586088 5.414039
v 1.153605 2.590950 5.040156
v -0.317737 1.588034 5.039844
v -0.208593 1.680415 4.904274
v -0.569520 1.561261 4.904106
v 1.153502 2.590865 4.057009
v 1.207512 2.585887 3.023919
v 1.207360 2.245281 3.023723
v 0.962646 2.142501 4.056987
v 0.967741 2.254052 4.191458
v 1.149436 2.370795 4.191235
v -0.569499 1.561271 4.193048
v -0.209010 1.680176 4.193322
v -0.317738 1.587935 4.057272
v -1.839309 -1.431017 -5.426918
v -1.839309 -1.431017 -4.924901
v -2.203011 -1.060381 -4.924872
v -2.203023 -1.060433 -5.426916
v -1.010993 1.469278 -5.049921
v -1.233380 1.433402 -5.430160
v -1.699661 1.064880 -5.427098
v -1.699674 1.065390 -4.924559
v -1.436551 1.452473 -4.921729
v 1.437393 -1.433897 -5.426916
v 1.425658 -1.433897 -4.924889
v 0.766772 -1.433897 -4.924901
v 0.766772 -1.433897 -5.426918
v 2.966479 -1.061806 -5.427639
v 2.864530 -1.055898 -4.926484
v 2.653513 -1.431282 -4.925019
v 2.735130 -1.431307 -5.426994
v 2.716210 1.600247 -4.927004
v 2.795316 1.108860 -4.928079
v 2.967478 1.068178 -5.428296
v 2.878019 1.557937 -5.427919
v 2.294057 4.086850 -4.925090
v 2.294057 3.816710 -4.925521
v 2.294057 3.816621 -5.426918
v 2.294057 4.086738 -5.426918
v 1.149951 2.371064 -4.237485
v 0.970932 2.255798 -4.236377
v 0.964279 2.144515 -4.108472
v 1.207601 2.245725 -3.075563
v 1.207601 2.586088 -3.075367
v 1.153605 2.590950 -4.108629
v -0.317737 1.588034 -4.108940
v -0.208593 1.680415 -4.239303
v -0.569520 1.561261 -4.239471
v 1.153502 2.590865 -5.050127
v 1.207513 2.585886 -5.432149
v 1.207360 2.245281 -5.432345
v 0.962646 2.142501 -5.050149
v 0.967741 2.254052 -4.920884
v 1.149436 2.370795 -4.921106
v -0.569499 1.561271 -4.919294
v -0.209010 1.680176 -4.919020
v -0.317738 1.587935 -5.049864
v 1.032391 3.810621 -8.002762
v 1.206396 3.810138 -7.624555
v 1.009362 4.026696 -7.624647
v 1.009351 4.026701 -5.432745
v 1.206371 3.810142 -5.432798
v 1.032179 3.810795 -5.054626
v 1.206341 1.564662 -5.432838
v 0.847475 1.438564 -5.432540
v 0.871452 1.547146 -5.054598
v 0.853715 1.557277 -8.002764
v 0.844475 1.438649 -7.624593
v 1.206396 1.564893 -7.624594
v 2.145020 2.586466 8.845426
v 2.144991 2.246991 8.845427
v 2.291460 2.247014 8.719651
v 2.291460 2.586402 8.719651
v 2.294057 2.586402 8.052241
v 2.294057 2.247014 8.052241
v 2.294057 2.247026 7.562299
v 2.294057 2.586402 7.562286
v 2.291594 2.586445 -8.729214
v 2.303549 2.247253 -8.729943
v 2.145599 2.246951 -8.845553
v 2.144991 2.586425 -8.845427
v 2.295173 2.586692 -7.630404
v 2.383994 2.248491 -7.629981
v 2.371859 2.248619 -8.119049
v 2.295004 2.586696 -8.119165
v 2.294057 2.586402 5.408589
v 2.293911 2.247181 5.408700
v 2.280713 2.253415 4.909974
v 2.293855 2.586573 4.910281
v 2.319857 2.372741 -3.076402
v 2.195659 2.293060 -3.079900
v 2.218665 2.288382 -4.234167
v 2.295139 2.588256 -4.239177
v 2.323697 2.590936 -4.108979
v 2.323700 2.590875 4.057249
v 2.295030 2.587859 4.192347
v 2.207053 2.288086 4.187677
v 2.195557 2.293032 3.028182
v 2.319849 2.372728 3.024697
v 2.294830 2.586880 -4.925500
v 2.358699 2.254884 -4.924915
v 2.383678 2.248856 -5.426917
v 2.295145 2.586730 -5.426895
v 1.015670 4.359673 8.848024
v 1.353095 4.359673 8.848024
v 1.353096 4.660365 8.848024
v 1.015670 4.660365 8.848024
v 2.144945 4.660366 8.845426
v 2.144945 4.359673 8.845427
v 2.291460 4.359673 8.719651
v 2.291460 4.660365 8.719651
v 2.294057 4.660366 8.052241
v 2.294057 4.359673 8.052241
v 2.294057 4.359673 7.562286
v 2.294057 4.660365 7.562286
v 2.294057 4.660365 -7.630475
v 2.294057 4.359673 -7.630475
v 2.294057 4.359673 -8.119177
v 2.294057 4.660365 -8.119176
v 2.291460 4.660366 -8.729214
v 2.291460 4.359673 -8.729213
v 2.144945 4.359673 -8.845427
v 2.144945 4.660365 -8.845427
v 1.015670 4.660365 -8.848024
v 1.353095 4.660366 -8.848024
v 1.353095 4.359673 -8.848024
v 1.015670 4.359673 -8.848024
v 2.294057 4.660366 5.408589
v 2.294057 4.359673 5.408589
v 2.294057 4.359691 4.909693
v 2.294057 4.660365 4.909676
v 1.008992 4.666198 7.926281
v 1.206384 4.666223 7.556429
v 1.008968 4.419715 7.556496
v 1.008998 4.419715 5.414421
v 1.206384 4.666222 5.414445
v 1.009004 4.666193 5.044600
v 2.294057 4.660366 4.187440
v 2.294057 4.359862 4.187552
v 2.294057 4.360295 3.029214
v 2.294057 4.660365 3.029149
v 2.294057 4.660366 -3.080816
v 2.294057 4.360364 -3.080813
v 2.294057 4.359876 -4.234004
v 2.294057 4.660365 -4.233902
v 1.008992 4.666198 4.052523
v 1.206384 4.666223 3.023292
v 1.008968 4.419715 3.023358
v 1.008998 4.419715 -3.074983
v 1.206384 4.666222 -3.074959
v 1.009004 4.666193 -4.104183
v 2.294057 4.660366 -4.924901
v 2.294057 4.359691 -4.924918
v 2.294057 4.359673 -5.426918
v 2.294057 4.660365 -5.426918
v 1.008998 4.419715 -7.624641
v 1.206384 4.666223 -7.624616
v 1.009004 4.666193 -8.002773
v 1.008992 4.666198 -5.054614
v 1.206384 4.666223 -5.432776
v 1.008968 4.419715 -5.432709
v 1.015670 6.074032 8.848024
v 1.353095 6.074032 8.848024
v 1.353096 6.390690 8.848024
v 1.015670 6.390690 8.848024
v 2.144945 6.390689 8.845426
v 2.144945 6.074032 8.845427
v 2.291460 6.074032 8.719651
v 2.291460 6.390690 8.719651
v 2.294057 6.390689 8.052241
v 2.294057 6.074032 8.052241
v 2.294057 6.074032 7.562286
v 2.294057 6.390690 7.562286
v 1.008992 6.314690 7.556454
v 1.206384 6.068175 7.556429
v 1.008968 6.068241 7.926275
v 1.009004 6.068206 -8.002773
v 1.206384 6.068176 -7.624617
v 1.009004 6.314683 -7.624647
v 2.294057 6.390690 -7.630475
v 2.294057 6.074032 -7.630475
v 2.294057 6.074032 -8.119177
v 2.294057 6.390690 -8.119176
v 2.291460 6.390689 -8.729214
v 2.291460 6.074032 -8.729213
v 2.144945 6.074032 -8.845427
v 2.144945 6.390690 -8.845427
v 1.015671 6.390689 -8.848024
v 1.353095 6.390689 -8.848024
v 1.353095 6.074032 -8.848024
v 1.015670 6.074032 -8.848024
v 2.294057 6.390689 5.408589
v 2.294057 6.074032 5.408589
v 2.294057 6.074032 4.909676
v 2.294057 6.390690 4.909676
v 1.008998 6.068206 5.044594
v 1.206384 6.068176 5.414446
v 1.008968 6.314683 5.414379
v 1.008992 6.314690 3.023316
v 1.206384 6.068175 3.023292
v 1.008968 6.068241 4.052517
v 2.294057 6.390689 4.187440
v 2.294057 6.074032 4.187440
v 2.294057 6.074032 3.029149
v 2.294057 6.390690 3.029149
v 2.294057 6.390689 -3.080816
v 2.294057 6.074032 -3.080816
v 2.294057 6.074032 -4.233902
v 2.294057 6.390690 -4.233902
v 1.008998 6.068206 -4.104190
v 1.206384 6.068176 -3.074959
v 1.008968 6.314683 -3.075026
v 2.294057 6.390689 -4.924901
v 2.294057 6.074032 -4.924901
v 2.294057 6.074032 -5.426918
v 2.294057 6.390690 -5.426918
v 1.008998 6.314689 -5.432745
v 1.206384 6.068175 -5.432776
v 1.008968 6.068241 -5.054620
v 1.015860 6.759421 8.848024
v 1.353095 6.759418 8.848024
v 1.353096 7.126149 8.848024
v 1.038068 7.126162 8.848024
v 2.144945 7.126149 8.845426
v 2.144945 6.759418 8.845427
v 2.291460 6.759418 8.719651
v 2.291460 7.126149 8.719651
v 2.294057 7.126149 8.052241
v 2.294057 6.759418 8.052241
v 2.294057 6.759418 7.562286
v 2.294057 7.126149 7.562286
v 2.294057 7.126149 -7.630475
v 2.294057 6.759418 -7.630475
v 2.294057 6.759418 -8.119177
v 2.294057 7.126149 -8.119176
v 2.291460 7.126149 -8.729214
v 2.291460 6.759418 -8.729213
v 2.144945 6.759418 -8.845427
v 2.144945 7.126149 -8.845427
v 1.038085 7.126147 -8.848024
v 1.353095 7.126149 -8.848024
v 1.353095 6.759418 -8.848024
v 1.015865 6.759417 -8.848024
v 2.294057 7.126149 5.408589
v 2.294057 6.759418 5.408589
v 2.294057 6.759418 4.909676
v 2.294057 7.126149 4.909676
v 1.031657 7.131964 7.926281
v 1.206384 7.132007 7.556429
v 1.009210 6.835425 7.556496
v 1.009240 6.835425 5.414421
v 1.206384 7.132008 5.414445
v 1.031655 7.131978 5.044600
v 2.294057 7.126149 4.187440
v 2.294057 6.759418 4.187440
v 2.294057 6.759418 3.029149
v 2.294057 7.126149 3.029149
v 2.294057 7.126149 -3.080816
v 2.294057 6.759418 -3.080816
v 2.294057 6.759418 -4.233902
v 2.294057 7.126149 -4.233902
v 1.031647 7.131982 4.052523
v 1.206384 7.132007 3.023292
v 1.009210 6.835425 3.023358
v 1.009240 6.835425 -3.074983
v 1.206384 7.132008 -3.074959
v 1.031659 7.131970 -4.104183
v 2.294057 7.126149 -4.924901
v 2.294057 6.759418 -4.924901
v 2.294057 6.759418 -5.426918
v 2.294057 7.126149 -5.426918
v 1.009240 6.835426 -7.624641
v 1.206384 7.132008 -7.624616
v 1.031655 7.131978 -8.002773
v 1.031657 7.131964 -5.054614
v 1.206384 7.132007 -5.432776
v 1.009210 6.835426 -5.432709
v 1.164618 8.840313 8.848024
v 1.353095 8.840263 8.848024
v 1.353096 9.253465 8.848024
v 1.185727 9.253579 8.848024
v 2.144945 9.253464 8.845426
v 2.144945 8.840264 8.845427
v 2.291460 8.840263 8.719651
v 2.291460 9.253463 8.719652
v 2.294057 9.253514 8.052247
v 2.294057 8.840264 8.052241
v 2.294057 8.840263 7.562286
v 2.294057 9.268118 7.562294
v 1.178959 9.130973 7.556401
v 1.206384 8.834407 7.556429
v 1.157755 8.834342 7.926266
v 1.157697 8.834425 -8.002778
v 1.206384 8.834407 -7.624617
v 1.178902 9.130988 -7.624684
v 2.294057 9.268115 -7.630482
v 2.294057 8.840264 -7.630475
v 2.294057 8.840263 -8.119177
v 2.294057 9.253517 -8.119181
v 2.291460 9.253463 -8.729214
v 2.291460 8.840264 -8.729213
v 2.144945 8.840263 -8.845427
v 2.144945 9.253464 -8.845427
v 1.185748 9.253569 -8.848024
v 1.353095 9.253464 -8.848024
v 1.353095 8.840264 -8.848024
v 1.164714 8.840223 -8.848024
v 2.294057 9.353656 5.408592
v 2.294057 8.840264 5.408589
v 2.294057 8.840263 4.909676
v 2.294057 9.363053 4.909672
v 1.157697 8.834425 5.044595
v 1.206384 8.834407 5.414446
v 1.178903 9.130988 5.414378
v 1.180056 9.130990 3.023369
v 1.206384 8.834407 3.023292
v 1.157853 8.834443 4.052526
v 2.294057 9.333963 4.187433
v 2.294057 8.840264 4.187440
v 2.294057 8.840263 3.029149
v 2.294057 9.328768 3.029146
v 2.294057 9.328766 -3.080810
v 2.294057 8.840264 -3.080816
v 2.294057 8.840263 -4.233902
v 2.294057 9.333971 -4.233894
v 1.157891 8.834378 -4.104192
v 1.206384 8.834407 -3.074959
v 1.180066 9.130979 -3.075031
v 2.294057 9.363028 -4.924897
v 2.294057 8.840264 -4.924901
v 2.294057 8.840263 -5.426918
v 2.294057 9.353665 -5.426923
v 1.178959 9.130973 -5.432804
v 1.206384 8.834407 -5.432776
v 1.157755 8.834342 -5.054629
v 1.185629 9.899948 8.845426
v 1.353095 9.899931 8.845427
v 1.353093 10.022214 8.719657
v 1.185594 10.022214 8.719668
v 2.144730 10.020049 8.719451
v 2.144729 9.899713 8.843261
v 2.289295 9.899706 8.719441
v 2.144963 10.140095 7.562628
v 2.144958 10.022760 8.052394
v 2.291461 9.900308 8.052300
v 2.291460 10.002596 7.562379
v 1.185501 10.025376 8.052406
v 1.353094 10.025376 8.052338
v 1.353164 10.142798 7.562619
v 1.185459 10.142785 7.562676
v 2.291459 10.002570 -7.630563
v 2.291461 9.900315 -8.119224
v 2.144970 10.022750 -8.119340
v 2.144955 10.140031 -7.630838
v 1.185458 10.142707 -7.630911
v 1.353151 10.142690 -7.630968
v 1.353174 10.025360 -8.119380
v 1.185532 10.025363 -8.119372
v 2.144733 10.020049 -8.729014
v 2.289295 9.899709 -8.729002
v 2.144728 9.899715 -8.843262
v 1.185600 10.022214 -8.729235
v 1.353109 10.022214 -8.729235
v 1.353095 9.899931 -8.845426
v 1.185630 9.899950 -8.845427
v 2.145059 10.899906 4.909625
v 2.145033 10.824726 5.408548
v 2.291472 10.601413 5.408617
v 2.291467 10.667192 4.909646
v 1.185136 10.827461 5.408535
v 1.353110 10.827548 5.408261
v 1.353436 10.902644 4.909539
v 1.185429 10.902634 4.909594
v 2.291459 10.463527 4.187346
v 2.291461 10.427066 3.029105
v 2.144969 10.624769 3.028986
v 2.144954 10.666883 4.187054
v 1.186724 10.669571 4.186995
v 1.353150 10.669547 4.186914
v 1.353176 10.627380 3.028934
v 1.186918 10.627383 3.028963
v 2.144965 10.667002 -4.233524
v 2.144963 10.624789 -3.080664
v 2.291462 10.427069 -3.080758
v 2.291460 10.463577 -4.233801
v 1.186904 10.627409 -3.080633
v 1.353109 10.627409 -3.080729
v 1.353174 10.669718 -4.233530
v 1.186720 10.669704 -4.233474
v 2.145061 10.824739 -5.427019
v 2.145035 10.899811 -4.924994
v 2.291472 10.667031 -4.924879
v 2.291467 10.601467 -5.426954
v 1.185307 10.902561 -4.925017
v 1.353112 10.902656 -4.925292
v 1.353444 10.827472 -5.427112
v 1.185240 10.827458 -5.427060
v 0.892547 2.587899 8.720025
v 1.092149 2.375311 8.719962
v 0.942381 2.591701 8.843196
v 0.942021 2.591101 7.935839
v 1.091898 2.375310 8.058997
v 0.892568 2.587833 8.058958
v -0.296011 4.087656 8.719944
v -0.119821 3.818399 8.720368
v 0.062128 3.817377 8.845439
v -0.095448 4.086851 8.845434
v -0.096411 4.031509 7.557877
v 0.062978 3.812531 7.931047
v -0.119823 3.818121 8.057400
v -0.298153 4.088210 8.053684
v -0.297155 4.091207 7.562410
v 0.892630 2.587787 -8.125992
v 1.091999 2.375310 -8.126112
v 0.942112 2.591064 -8.012375
v 0.942370 2.591696 -8.843221
v 1.092049 2.375311 -8.729704
v 0.892540 2.587888 -8.729622
v -0.297136 4.091041 -7.630482
v -0.298112 4.088123 -8.120644
v -0.119561 3.817844 -8.124733
v 0.063398 3.812309 -8.007610
v -0.096308 4.031459 -7.626099
v -0.095438 4.086847 -8.845432
v 0.062188 3.817351 -8.845431
v -0.119756 3.818327 -8.729951
v -0.296000 4.087638 -8.729505
v 0.892626 2.587791 4.903614
v 1.087858 2.375334 4.903693
v 0.941379 2.591210 5.035034
v 0.941288 2.591248 4.062044
v 1.087757 2.375334 4.193243
v 0.892570 2.587830 4.193391
v -0.298120 4.088244 4.908507
v -0.119586 3.817889 4.904768
v 0.063339 3.812344 5.039736
v -0.096523 4.031539 5.412804
v -0.297171 4.091535 5.408896
v -0.297155 4.091696 3.028919
v -0.096411 4.031588 3.024683
v 0.062953 3.812566 4.057279
v -0.119807 3.818116 4.191864
v -0.298150 4.088294 4.188536
v 0.892626 2.587791 -4.239964
v 1.087858 2.375334 -4.239884
v 0.941379 2.591210 -4.113749
v 0.941288 2.591248 -5.045092
v 1.087757 2.375334 -4.919099
v 0.892570 2.587830 -4.918951
v -0.298120 4.088249 -4.235065
v -0.119586 3.817890 -4.238808
v 0.063339 3.812344 -4.109048
v -0.096523 4.031553 -3.076611
v -0.297171 4.091618 -3.080569
v -0.096375 4.031495 -5.431301
v 0.062953 3.812555 -5.049849
v -0.119807 3.818110 -4.920465
v -0.298150 4.088245 -4.923719
v -0.297149 4.091124 -5.426846
v -0.297372 4.660310 8.720259
v -0.297372 4.359668 8.719869
v -0.097333 4.359687 8.845427
v -0.097332 4.660365 8.845427
v -0.098580 4.664791 7.931048
v -0.098725 4.414963 7.558122
v -0.297583 4.355282 7.562420
v -0.299465 4.358829 8.053481
v -0.297559 4.660403 8.057183
v -0.297548 4.660327 -8.124188
v -0.299460 4.358744 -8.120350
v -0.297554 4.354856 -7.630147
v -0.098546 4.414897 -7.625991
v -0.098509 4.664735 -8.007516
v -0.097332 4.660366 -8.845426
v -0.097333 4.359687 -8.845428
v -0.297372 4.359667 -8.729430
v -0.297372 4.660300 -8.729835
v -0.297548 4.660272 4.905270
v -0.299460 4.358655 4.908724
v -0.297554 4.354939 5.408974
v -0.098546 4.414897 5.413071
v -0.098509 4.664735 5.039856
v -0.098580 4.664791 4.057289
v -0.098725 4.414963 3.024985
v -0.297583 4.355364 3.029223
v -0.299465 4.358735 4.188454
v -0.297559 4.660338 4.191761
v -0.297548 4.660272 -4.238307
v -0.299460 4.358656 -4.234852
v -0.297554 4.354952 -3.080442
v -0.098546 4.414897 -3.076334
v -0.098509 4.664735 -4.108927
v -0.098580 4.664791 -5.049847
v -0.098725 4.414963 -5.431083
v -0.297583 4.355268 -5.426794
v -0.299465 4.358726 -4.923874
v -0.297559 4.660338 -4.920581
v -0.297372 6.390735 8.719867
v -0.297372 6.074087 8.720258
v -0.097332 6.074032 8.845426
v -0.097334 6.390683 8.845428
v -0.098580 6.319470 7.557871
v -0.098725 6.069858 7.931013
v -0.297583 6.074035 8.057178
v -0.299465 6.391564 8.053458
v -0.297559 6.395090 7.562376
v -0.297548 6.394925 -7.630454
v -0.299460 6.391486 -8.120466
v -0.297548 6.073651 -8.124607
v -0.098509 6.069586 -8.007590
v -0.098509 6.319414 -7.626094
v -0.097329 6.390679 -8.845427
v -0.097332 6.074032 -8.845427
v -0.297372 6.074029 -8.729904
v -0.297371 6.390722 -8.729440
v -0.299465 6.391665 4.908648
v -0.297553 6.073718 4.904855
v -0.098544 6.069597 5.039756
v -0.098725 6.319494 5.412809
v -0.297583 6.395420 5.408923
v -0.297559 6.395584 3.028889
v -0.098581 6.319550 3.024677
v -0.098725 6.069869 4.057246
v -0.297583 6.074044 4.191679
v -0.299465 6.391733 4.188376
v -0.299465 6.391665 -4.234930
v -0.297553 6.073718 -4.238722
v -0.098544 6.069597 -4.109028
v -0.098725 6.319507 -3.076607
v -0.297583 6.395502 -3.080541
v -0.098544 6.319456 -5.431308
v -0.098725 6.069858 -5.049882
v -0.297583 6.074033 -4.920654
v -0.299465 6.391653 -4.923908
v -0.297553 6.395007 -5.426881
v -0.122068 7.124039 8.720470
v -0.296339 6.758854 8.719919
v -0.096072 6.759361 8.845433
v 0.058905 7.125931 8.845461
v 0.059154 7.130170 7.931053
v -0.097230 6.830656 7.558125
v -0.297295 6.754984 7.562433
v -0.298467 6.758202 8.053573
v -0.122196 7.124091 8.057251
v -0.122188 7.124110 -8.124132
v -0.298462 6.758102 -8.120461
v -0.297266 6.754555 -7.630164
v -0.097051 6.830589 -7.625995
v 0.059145 7.130248 -8.007503
v 0.058994 7.125819 -8.845446
v -0.096040 6.759337 -8.845431
v -0.296333 6.758834 -8.729467
v -0.122109 7.123925 -8.729942
v -0.122094 7.124255 4.905358
v -0.298465 6.758053 4.908631
v -0.297266 6.754638 5.408957
v -0.097051 6.830589 5.413067
v 0.059145 7.130248 5.039870
v 0.059207 7.130459 4.057300
v -0.097230 6.830656 3.024988
v -0.297295 6.755067 3.029237
v -0.298470 6.758147 4.188526
v -0.121565 7.125176 4.191844
v -0.121588 7.125094 -4.238373
v -0.298465 6.758053 -4.234947
v -0.297266 6.754652 -3.080459
v -0.097051 6.830589 -3.076338
v 0.059274 7.130372 -4.108938
v 0.059154 7.130170 -5.049842
v -0.097230 6.830656 -5.431079
v -0.297295 6.754970 -5.426781
v -0.298470 6.758134 -4.923807
v -0.122118 7.124210 -4.920558
v 1.026300 9.135457 8.720515
v 0.885595 8.833088 8.721418
v 0.943955 8.839815 8.845731
v 1.091539 9.254567 8.847539
v 1.036826 9.258688 8.845667
v 1.021962 9.135176 7.561092
v 1.089699 9.133177 7.557364
v 0.941656 8.833926 7.930882
v 0.885058 8.831648 8.056979
v 1.025859 9.132918 8.052298
v 1.025858 9.132947 -8.119204
v 0.885073 8.831845 -8.123664
v 0.941335 8.834463 -8.007430
v 1.089365 9.133262 -7.626125
v 1.021908 9.135191 -7.629365
v 1.036835 9.258667 -8.845655
v 1.091652 9.254496 -8.847528
v 0.944465 8.839183 -8.845650
v 0.885347 8.832426 -8.730452
v 1.026259 9.135353 -8.729992
v 0.943243 9.142382 4.909988
v 0.886279 8.833215 4.905903
v 0.941335 8.834463 5.039943
v 1.089365 9.133262 5.412937
v 0.943053 9.135298 5.409762
v 1.097599 9.210641 3.029021
v 1.099483 9.136141 3.025024
v 0.943610 8.836102 4.057310
v 0.892498 8.840042 4.191905
v 1.070107 9.195153 4.188294
v 1.069981 9.194977 -4.234844
v 0.892336 8.839642 -4.238826
v 0.943809 8.835663 -4.109053
v 1.099539 9.136071 -3.076675
v 1.097571 9.210573 -3.080646
v 0.943057 9.135286 -5.428158
v 1.089699 9.133177 -5.431840
v 0.941656 8.833926 -5.050013
v 0.886174 8.832865 -4.921043
v 0.943290 9.142332 -4.925220
v 1.038062 9.900593 8.845426
v 1.091288 9.900131 8.845427
v 1.091171 10.022215 8.719657
v 1.038010 10.022214 8.719670
v 1.037840 10.025376 8.052415
v 1.091154 10.025376 8.052340
v 1.091214 10.142797 7.562621
v 1.024208 10.142778 7.562696
v 1.024218 10.142709 -7.630904
v 1.091203 10.142688 -7.630970
v 1.091234 10.025359 -8.119381
v 1.037864 10.025364 -8.119364
v 1.038014 10.022214 -8.729235
v 1.091187 10.022214 -8.729235
v 1.091293 9.900137 -8.845427
v 1.038062 9.900594 -8.845427
v 0.944905 10.827318 5.408702
v 1.091095 10.827545 5.408269
v 1.092912 10.902253 4.909558
v 0.953653 10.892515 4.909728
v 1.076998 10.602668 4.186931
v 1.101549 10.666829 4.187045
v 1.102759 10.624321 3.028978
v 1.098705 10.550677 3.028916
v 1.098730 10.550641 -3.080645
v 1.102794 10.624345 -3.080617
v 1.101573 10.666973 -4.233582
v 1.076998 10.602751 -4.233395
v 0.953644 10.892412 -4.925091
v 1.092577 10.902259 -4.925297
v 1.091432 10.827470 -5.427115
v 0.944958 10.827331 -5.427158
v 2.434799 2.592258 -3.074959
v 2.407538 2.376317 -3.075002
v 2.407985 2.592187 -4.104186
v 2.407985 2.592187 4.052519
v 2.407538 2.376317 3.023335
v 2.434799 2.592259 3.023292
v 2.434799 3.810764 -3.074959
v 2.408071 3.810822 -4.104190
v 2.408073 4.026703 -3.075019
v 2.434799 3.810764 3.023292
v 2.408073 4.026703 3.023352
v 2.408071 3.810822 4.052523
v 0.836767 9.138334 7.562303
v 0.930285 9.138342 8.052226
v 0.899505 9.259931 8.052382
v 0.790963 9.274544 7.562791
v 0.902181 9.260081 8.719449
v 0.930926 9.140503 8.719522
v 0.932214 9.260060 8.843277
v 0.902179 9.900478 8.719449
v 0.932413 9.900471 8.843261
v 0.932398 10.020050 8.719448
v 0.790877 10.003796 7.562833
v 0.899480 9.901198 8.052382
v 0.931662 10.022783 8.052385
v 0.836619 10.140147 7.562759
v 0.932214 9.260060 -8.843277
v 0.930927 9.140504 -8.729086
v 0.902181 9.260082 -8.729011
v 0.791008 9.274541 -7.630973
v 0.899517 9.259933 -8.119309
v 0.930302 9.138341 -8.119166
v 0.836750 9.138334 -7.630466
v 0.836674 10.140089 -7.630945
v 0.931700 10.022775 -8.119329
v 0.899496 9.901214 -8.119295
v 0.790934 10.003761 -7.631011
v 0.902179 9.900482 -8.729008
v 0.932403 10.020051 -8.729013
v 0.932413 9.900471 -8.843262
v 0.328845 9.193316 4.910097
v 0.284600 9.138984 5.409276
v 0.159032 9.360193 5.410219
v 0.208656 9.415952 4.911514
v 0.208052 10.622296 4.911725
v 0.158838 10.602294 5.410420
v 0.283661 10.823999 5.409520
v 0.327305 10.845411 4.910470
v 1.089636 9.494757 -4.231526
v 1.225857 9.550833 -3.079990
v 1.251793 9.691150 -3.079734
v 1.094789 9.649376 -4.230742
v 1.095703 9.649843 4.183786
v 1.251965 9.691735 3.027676
v 1.226074 9.551225 3.028521
v 1.090366 9.495490 4.184888
v 1.089513 10.309760 4.185118
v 1.225871 10.212237 3.028226
v 1.251913 10.071948 3.028304
v 1.095425 10.154050 4.183984
v 1.095169 10.153932 -4.230291
v 1.251886 10.071181 -3.079200
v 1.225948 10.211864 -3.080174
v 1.089346 10.309912 -4.231509
v 0.284326 9.139009 -5.427479
v 0.329194 9.193348 -4.925423
v 0.208703 9.415978 -4.927036
v 0.158968 9.360230 -5.428630
v 0.158804 10.602411 -5.428834
v 0.208135 10.622329 -4.927213
v 0.327630 10.845305 -4.925869
v 0.283686 10.824033 -5.427943
v -0.491379 1.559367 5.037260
v -0.229485 1.648328 5.037281
v -0.229618 1.648059 4.059905
v -0.491373 1.559345 4.059862
v -0.491379 1.559367 -4.111524
v -0.229485 1.648328 -4.111503
v -0.229618 1.648059 -5.047232
v -0.491373 1.559345 -5.047274
v 2.294057 6.759418 4.057272
v 2.294057 6.575054 4.187440
v 2.294057 6.319440 3.029149
v 2.294057 6.074033 -0.025833
v 2.294057 6.319440 -3.080816
v 2.294057 6.390690 -0.025833
v 2.294057 6.390690 -4.108939
v 2.294057 6.575054 -4.233902
v 2.294057 6.759418 -4.108939
v 2.294057 6.575054 -3.080816
v 2.294057 6.319440 -4.233902
v 2.294057 6.074033 -4.579402
v 2.294057 6.319440 -4.924902
v 2.294057 6.390690 -4.579402
v 1.008331 6.308209 -4.097732
v 0.455251 6.316866 -3.075441
v -0.099032 6.311846 -4.101485
v 0.455371 6.068512 -4.106391
v 2.294057 6.390690 -5.049864
v 2.294057 6.575054 -5.426918
v 2.294057 6.759418 -5.049864
v 2.294057 6.575054 -4.924901
v 1.008331 6.308232 -5.061096
v 0.455251 6.068656 -5.052437
v -0.099032 6.311972 -5.057471
v 0.455371 6.316890 -5.432438
v 1.016435 6.830675 8.848024
v 0.548224 7.126201 8.848024
v -0.092258 6.830572 8.845434
v 0.459390 6.759429 8.848024
v 1.353095 6.830668 8.848024
v 1.749558 6.759418 8.848024
v 2.144945 6.830668 8.845426
v 1.749558 7.126149 8.848024
v 1.211146 7.126150 8.848024
v 1.353095 7.983207 8.848024
v 1.211146 8.840263 8.848024
v 1.101433 7.983232 8.848024
v 2.283667 7.126150 8.837633
v 2.291460 7.983207 8.719651
v 2.283667 8.840263 8.837633
v 2.144945 7.983207 8.845426
v 2.291460 6.830668 8.719651
v 2.294057 6.759418 8.386484
v 2.294057 6.830668 8.052241
v 2.294057 7.126149 8.386484
v 2.294057 7.126150 7.931031
v 2.294057 7.983207 7.562286
v 2.294057 8.840263 7.931031
v 2.294057 7.983207 8.052241
v 2.294057 6.830668 7.562286
v 2.294057 6.759418 6.485437
v 2.294057 6.830668 5.408589
v 2.294057 7.126149 6.485437
v 2.294057 7.126150 -8.007528
v 2.294057 7.983207 -8.119176
v 2.294057 8.840263 -8.007528
v 2.294057 7.983207 -7.630474
v 2.294057 6.830668 -7.630474
v 2.294057 7.126149 -6.528697
v 2.294057 6.830668 -5.426918
v 2.294057 6.759418 -6.528697
v 2.294057 6.830668 -8.119176
v 2.294057 6.759418 -8.424732
v 2.291460 6.830668 -8.729213
v 2.294057 7.126149 -8.424732
v 2.283667 7.126150 -8.837633
v 2.144945 7.983207 -8.845426
v 2.283667 8.840263 -8.837633
v 2.291460 7.983207 -8.729213
v 2.144945 6.830668 -8.845426
v 1.749558 6.759418 -8.848024
v 1.353095 6.830668 -8.848024
v 1.749558 7.126149 -8.848024
v 1.016439 6.830672 -8.848024
v 0.459412 6.759414 -8.848024
v -0.092237 6.830556 -8.845432
v 0.548290 7.126138 -8.848024
v 1.211146 7.126150 -8.848024
v 1.101497 7.983172 -8.848024
v 1.211146 8.840263 -8.848024
v 1.353095 7.983207 -8.848024
v 2.294057 7.126150 5.039844
v 2.294057 7.983207 4.909676
v 2.294057 8.840263 5.039844
v 2.294057 7.983207 5.408589
v 2.294057 6.830668 4.909676
v 2.294057 6.759418 4.548558
v 2.294057 6.830668 4.187440
v 2.294057 7.126149 4.548558
v 1.009297 6.841902 7.919824
v 0.456217 6.833245 7.556910
v -0.093053 6.838205 7.923579
v 0.546005 7.131619 7.928482
v 1.199890 7.132657 7.919776
v 1.095025 7.983145 7.928434
v 1.199890 8.833757 7.919776
v 1.208548 7.983207 7.556645
v 1.199890 6.841924 7.555780
v 1.208548 7.131791 6.485439
v 1.199890 6.841925 5.415096
v 1.009197 6.833267 6.485462
v 1.009321 6.841902 5.051076
v 0.545997 7.131675 5.042417
v -0.092913 6.838159 5.047466
v 0.456337 6.833245 5.414133
v 1.199890 7.132657 5.051100
v 1.208548 7.983207 5.414230
v 1.199890 8.833757 5.051100
v 1.094993 7.983201 5.042442
v 2.294057 7.126150 4.057272
v 2.294057 7.983207 3.029149
v 2.294057 8.840263 4.057272
v 2.294057 7.983207 4.187440
v 2.294057 6.830668 3.029149
v 2.294057 6.759418 -0.025833
v 2.294057 6.830668 -3.080816
v 2.294057 7.126149 -0.025833
v 2.294057 7.126150 -4.108939
v 2.294057 7.983207 -4.233902
v 2.294057 8.840263 -4.108939
v 2.294057 7.983207 -3.080816
v 2.294057 6.830668 -4.233902
v 2.294057 6.759418 -4.579402
v 2.294057 6.830668 -4.924902
v 2.294057 7.126149 -4.579402
v 1.009297 6.841902 4.046065
v 0.456217 6.833245 3.023774
v -0.093053 6.838205 4.049819
v 0.545966 7.131687 4.054723
v 1.199890 7.132657 4.046017
v 1.094987 7.983213 4.054675
v 1.199890 8.833757 4.046017
v 1.208548 7.983207 3.023509
v 1.199890 6.841924 3.022643
v 1.208548 7.131791 -0.025834
v 1.199890 6.841925 -3.074310
v 1.009197 6.833267 -0.025809
v 1.009321 6.841902 -4.097708
v 0.546015 7.131643 -4.106367
v -0.092913 6.838159 -4.101317
v 0.456337 6.833245 -3.075272
v 1.199890 7.132657 -4.097684
v 1.208548 7.983207 -3.075176
v 1.199890 8.833757 -4.097684
v 1.095012 7.983169 -4.106342
v 2.294057 7.126150 -5.049864
v 2.294057 7.983207 -5.426918
v 2.294057 8.840263 -5.049864
v 2.294057 7.983207 -4.924901
v 1.009321 6.841902 -7.996298
v 0.545997 7.131675 -8.004956
v -0.092913 6.838159 -7.999907
v 0.456337 6.833245 -7.624930
v 1.199890 6.841925 -7.623968
v 1.009197 6.833267 -6.528672
v 1.199890 6.841924 -5.433425
v 1.208548 7.131791 -6.528696
v 1.199890 7.132657 -7.996273
v 1.208548 7.983207 -7.624833
v 1.199890 8.833757 -7.996273
v 1.094993 7.983201 -8.004931
v 1.009297 6.841902 -5.061071
v 0.456217 6.833245 -5.432294
v -0.093053 6.838205 -5.057317
v 0.546005 7.131619 -5.052413
v 1.199890 7.132657 -5.061120
v 1.095025 7.983145 -5.052461
v 1.199890 8.833757 -5.061120
v 1.208548 7.983207 -5.432559
v 1.185710 9.135837 8.848024
v 1.138858 9.253921 8.848024
v 1.090391 9.136140 8.846084
v 1.054423 8.840458 8.848024
v 1.353095 9.135744 8.848024
v 1.749558 8.840263 8.848024
v 2.144945 9.135744 8.845426
v 1.749558 9.253464 8.848024
v 1.211146 9.253464 8.848024
v 1.353095 9.577234 8.848024
v 1.211146 9.899930 8.845426
v 1.185684 9.577308 8.848024
v 2.283667 9.253464 8.837633
v 2.291460 9.577230 8.719655
v 2.282801 9.899064 8.836768
v 2.144945 9.577234 8.845426
v 2.291460 9.135744 8.719651
v 2.294057 8.840263 8.386484
v 2.294057 9.135744 8.052241
v 2.294057 9.253459 8.386487
v 2.294057 9.253692 7.931038
v 2.294057 9.635846 7.562315
v 2.291460 9.901581 7.931117
v 2.294057 9.577439 8.052265
v 2.294057 9.135744 7.562286
v 2.294057 8.840263 6.485437
v 2.294057 9.135744 5.408589
v 2.294057 9.310917 6.485443
v 1.178197 9.124450 7.919764
v 1.050397 8.834363 7.928422
v 1.088071 9.125472 7.923010
v 1.135215 9.133108 7.556529
v 1.199890 9.124490 7.555780
v 1.179188 9.133148 6.485383
v 1.199890 9.124490 5.415096
v 1.208548 8.834623 6.485438
v 1.178126 9.124507 -7.996317
v 1.134988 9.133164 -7.625104
v 1.087671 9.125816 -7.999812
v 1.050166 8.834698 -8.004975
v 1.199890 9.124490 -7.623968
v 1.208548 8.834623 -6.528696
v 1.199890 9.124490 -5.433425
v 1.179188 9.133148 -6.528751
v 2.294057 9.253689 -8.007535
v 2.294057 9.577444 -8.119194
v 2.291460 9.901561 -8.007605
v 2.294057 9.635834 -7.630501
v 2.294057 9.135744 -7.630474
v 2.294057 9.310923 -6.528703
v 2.294057 9.135744 -5.426918
v 2.294057 8.840263 -6.528697
v 2.294057 9.135744 -8.119176
v 2.294057 8.840263 -8.424732
v 2.291460 9.135744 -8.729213
v 2.294057 9.253460 -8.424734
v 2.283667 9.253464 -8.837633
v 2.144945 9.577234 -8.845426
v 2.282801 9.899064 -8.836768
v 2.291460 9.577231 -8.729216
v 2.144945 9.135744 -8.845426
v 1.749558 8.840263 -8.848024
v 1.353095 9.135744 -8.848024
v 1.749558 9.253464 -8.848024
v 1.185777 9.135781 -8.848024
v 1.054804 8.840102 -8.848024
v 1.090743 9.135756 -8.846039
v 1.138940 9.253880 -8.848024
v 1.211146 9.253464 -8.848024
v 1.185687 9.577311 -8.848024
v 1.211146 9.899930 -8.845426
v 1.353095 9.577234 -8.848024
v 2.294057 9.367896 5.039844
v 2.294057 10.015589 4.909659
v 2.291471 10.701104 5.039842
v 2.294057 9.978003 5.408606
v 2.294057 9.135744 4.909676
v 2.294057 8.840263 4.548558
v 2.294057 9.135744 4.187440
v 2.294057 9.348537 4.548551
v 1.178126 9.124507 5.051056
v 1.134988 9.133164 5.413959
v 1.087671 9.125816 5.047561
v 1.050166 8.834698 5.042398
v 1.178784 9.124518 4.046077
v 1.050791 8.834769 4.054736
v 1.094833 9.128403 4.049882
v 1.139600 9.133176 3.023814
v 1.199890 9.124490 3.022643
v 1.180482 9.133148 -0.025831
v 1.199890 9.124490 -3.074310
v 1.208548 8.834623 -0.025834
v 2.294057 9.328947 4.057266
v 2.294057 9.878445 3.029135
v 2.291459 10.428362 4.057190
v 2.294057 9.899235 4.187412
v 2.294057 9.135744 3.029149
v 2.294057 8.840263 -0.025833
v 2.294057 9.135744 -3.080816
v 2.294057 9.328705 -0.025832
v 2.294057 9.328952 -4.108931
v 2.294057 9.899259 -4.233870
v 2.291460 10.428410 -4.108846
v 2.294057 9.878444 -3.080793
v 2.294057 9.135744 -4.233902
v 2.294057 8.840263 -4.579402
v 2.294057 9.135744 -4.924902
v 2.294057 9.348526 -4.579395
v 1.178812 9.124474 -4.097742
v 1.139641 9.133132 -3.075463
v 1.094980 9.128124 -4.101579
v 1.050943 8.834508 -4.106400
v 2.294057 9.367887 -5.049863
v 2.294057 9.978038 -5.426935
v 2.291472 10.701038 -5.049872
v 2.294057 10.015490 -4.924883
v 1.178197 9.124450 -5.061132
v 1.050397 8.834363 -5.052473
v 1.088071 9.125472 -5.057885
v 1.135215 9.133108 -5.432674
v 1.185611 10.014422 8.837633
v 1.138383 10.022213 8.719663
v 1.091176 10.014423 8.837633
v 1.138466 9.900003 8.845426
v 1.353095 10.014423 8.837633
v 1.749558 9.899930 8.845426
v 2.144079 10.013556 8.836768
v 1.749559 10.022213 8.719661
v 1.211134 10.022213 8.719663
v 1.353086 10.024810 8.386505
v 1.211079 10.025375 8.052373
v 1.185545 10.024810 8.386550
v 2.282803 10.013551 8.718799
v 2.291461 9.899901 8.386514
v 2.283674 10.014908 8.052357
v 2.144953 10.022209 8.386548
v 2.283668 10.132020 7.562512
v 2.291466 10.302223 6.485504
v 2.283716 10.816507 5.408613
v 2.144994 10.482695 6.485597
v 2.144956 10.024418 7.931323
v 1.749625 10.142794 7.562637
v 1.353140 10.027069 7.931314
v 1.749576 10.025376 8.052366
v 1.185500 10.027069 7.931360
v 1.138336 10.142790 7.562649
v 1.091198 10.027069 7.931316
v 1.138327 10.025375 8.052373
v 1.211088 10.142790 7.562649
v 1.353111 10.485472 6.485435
v 1.210867 10.827504 5.408401
v 1.185289 10.485413 6.485618
v 2.283665 10.131976 -7.630695
v 2.145008 10.482678 -6.528937
v 2.283697 10.816553 -5.426981
v 2.291462 10.302256 -6.528766
v 2.283674 10.014909 -8.119282
v 2.291461 9.899911 -8.424756
v 2.282803 10.013552 -8.728360
v 2.144963 10.022211 -8.424803
v 2.144955 10.024373 -8.007828
v 1.749628 10.025361 -8.119369
v 1.353137 10.027004 -8.007924
v 1.749613 10.142700 -7.630932
v 1.185505 10.027015 -8.007885
v 1.138383 10.025361 -8.119376
v 1.091198 10.027004 -8.007925
v 1.138330 10.142698 -7.630941
v 1.211082 10.142698 -7.630941
v 1.185358 10.485378 -6.528997
v 1.211088 10.827463 -5.427088
v 1.353324 10.485366 -6.529034
v 1.211135 10.025361 -8.119376
v 1.353150 10.024810 -8.424816
v 1.211146 10.022213 -8.729234
v 1.185569 10.024810 -8.424816
v 2.144079 10.013557 -8.836768
v 1.749558 9.899930 -8.845426
v 1.353095 10.014422 -8.837633
v 1.749570 10.022213 -8.729233
v 1.185611 10.014422 -8.837633
v 1.138470 9.900007 -8.845426
v 1.091176 10.014422 -8.837633
v 1.138394 10.022213 -8.729234
v 2.283697 10.891692 4.909641
v 2.291462 10.565568 4.548489
v 2.283664 10.658807 4.187206
v 2.145007 10.783667 4.548330
v 2.145061 10.938693 5.039794
v 1.749866 10.902646 4.909576
v 1.353292 10.941491 5.039589
v 1.749665 10.827515 5.408371
v 1.185147 10.941431 5.039769
v 1.139069 10.902642 4.909576
v 1.091269 10.941489 5.039592
v 1.138115 10.827504 5.408401
v 1.211088 10.902638 4.909564
v 1.353318 10.786365 4.548230
v 1.211077 10.669556 4.186944
v 1.186089 10.786382 4.548282
v 2.283672 10.616919 3.029047
v 2.291462 10.426628 -0.025826
v 2.283676 10.616930 -3.080700
v 2.144970 10.624205 -0.025841
v 2.144952 10.626456 4.056945
v 1.749631 10.627382 3.028948
v 1.353140 10.629089 4.056844
v 1.749612 10.669559 4.186953
v 1.186929 10.629106 4.056897
v 1.144015 10.627385 3.028968
v 1.102869 10.626006 4.056933
v 1.143421 10.669579 4.187014
v 1.211122 10.627381 3.028945
v 1.353142 10.626810 -0.025901
v 1.211071 10.627408 -3.080690
v 1.186904 10.626810 -0.025836
v 2.283668 10.658891 -4.233653
v 2.291466 10.565497 -4.579334
v 2.283717 10.891542 -4.924905
v 2.144997 10.783677 -4.579247
v 2.144958 10.626547 -4.108610
v 1.749634 10.669713 -4.233511
v 1.353145 10.629203 -4.108621
v 1.749590 10.627409 -3.080697
v 1.186931 10.629204 -4.108560
v 1.143428 10.669719 -4.233514
v 1.102945 10.626102 -4.108587
v 1.144033 10.627410 -3.080609
v 1.211086 10.669709 -4.233499
v 1.353117 10.786474 -4.579412
v 1.210861 10.902607 -4.925150
v 1.186007 10.786413 -4.579232
v 2.145064 10.938641 -5.049978
v 1.749873 10.827471 -5.427076
v 1.353297 10.941445 -5.050196
v 1.749668 10.902620 -4.925182
v 1.185137 10.941381 -5.050014
v 1.138336 10.827463 -5.427088
v 1.091271 10.941442 -5.050193
v 1.138839 10.902609 -4.925155
v 0.898982 2.590299 8.836626
v 0.502780 3.203817 8.845420
v -0.109624 3.817867 8.837684
v 0.385594 3.202176 8.720357
v 1.069261 2.379056 8.719257
v 0.890386 2.587108 8.389487
v 1.069190 2.379056 8.059673
v 1.092400 2.373159 8.389473
v 0.899162 2.589980 7.942384
v 0.385748 3.201911 8.058534
v -0.109365 3.816272 7.938764
v 0.503283 3.201446 7.933612
v -0.287811 4.087230 8.837665
v -0.097334 4.223260 8.845429
v -0.289580 4.359729 8.837637
v -0.297372 4.223559 8.719836
v -0.291925 4.033080 8.720176
v -0.298751 4.087920 8.387500
v -0.292703 4.033298 8.054554
v -0.123265 3.818657 8.389104
v -0.288712 4.039264 7.561091
v -0.297444 4.092223 6.485686
v -0.288776 4.039488 5.409853
v -0.098526 4.034019 6.485333
v -0.296336 4.088713 7.931851
v -0.299970 4.223412 8.053292
v -0.297949 4.358008 7.931741
v -0.299970 4.223232 7.562834
v 0.899245 2.589933 -8.018950
v 0.503565 3.201297 -8.010156
v -0.108987 3.815996 -8.015525
v 0.385925 3.201728 -8.125740
v 1.069261 2.379056 -8.126733
v 0.890410 2.587079 -8.427810
v 1.069190 2.379056 -8.728944
v 1.092400 2.373159 -8.427927
v 0.898973 2.590294 -8.836644
v 0.385638 3.202129 -8.729933
v -0.109571 3.817835 -8.837651
v 0.502820 3.203800 -8.845414
v -0.288636 4.039168 -7.629297
v -0.098382 4.033964 -6.528696
v -0.288688 4.039208 -5.428129
v -0.297420 4.091891 -6.528657
v -0.296284 4.088600 -8.008326
v -0.299970 4.222897 -7.630706
v -0.297930 4.357684 -8.007990
v -0.299970 4.223336 -8.120168
v -0.292539 4.033104 -8.121730
v -0.298727 4.087871 -8.425768
v -0.291882 4.033030 -8.729749
v -0.123119 3.818475 -8.427594
v -0.287803 4.087225 -8.837659
v -0.297372 4.223555 -8.729395
v -0.289580 4.359729 -8.837637
v -0.097334 4.223260 -8.845429
v 0.899245 2.589933 5.028423
v 0.503468 3.201395 5.037217
v -0.109006 3.816040 5.031861
v 0.385912 3.201744 4.903845
v 1.069261 2.379056 4.902880
v 0.890396 2.587095 4.548495
v 1.069190 2.379056 4.194112
v 1.087661 2.373159 4.548456
v 0.899162 2.589980 4.068625
v 0.385759 3.201897 4.192951
v -0.109365 3.816313 4.064971
v 0.503186 3.201544 4.059853
v -0.296303 4.088921 5.039255
v -0.299970 4.223228 5.408591
v -0.297930 4.357739 5.039422
v -0.299970 4.223359 4.908889
v -0.292572 4.033201 4.907581
v -0.298740 4.088037 4.548512
v -0.292692 4.033345 4.189204
v -0.123201 3.818612 4.548283
v -0.296336 4.089013 4.057845
v -0.299970 4.223414 4.188267
v -0.297949 4.358060 4.057940
v -0.299970 4.223560 3.029459
v -0.288712 4.039581 3.027724
v -0.297444 4.092554 -0.025819
v -0.288776 4.039543 -3.079592
v -0.098526 4.034075 -0.025978
v 0.899245 2.589933 -4.120360
v 0.503468 3.201395 -4.111566
v -0.109006 3.816040 -4.116923
v 0.385912 3.201744 -4.239733
v 1.069261 2.379056 -4.240697
v 0.890396 2.587095 -4.579464
v 1.069190 2.379056 -4.918231
v 1.087661 2.373159 -4.579503
v 0.899162 2.589980 -5.038512
v 0.385759 3.201897 -4.919391
v -0.109365 3.816272 -5.042131
v 0.503186 3.201544 -5.047283
v -0.296303 4.088921 -4.109529
v -0.299970 4.223283 -3.080853
v -0.297930 4.357739 -4.109361
v -0.299970 4.223362 -4.234686
v -0.292572 4.033205 -4.235993
v -0.298740 4.088058 -4.579427
v -0.292692 4.033321 -4.923087
v -0.123201 3.818616 -4.579673
v -0.296336 4.088713 -5.049044
v -0.299970 4.223379 -4.924015
v -0.297949 4.358008 -5.049154
v -0.299970 4.223176 -5.426410
v -0.289580 4.660366 8.837633
v -0.097332 5.367199 8.845426
v -0.289580 6.074033 8.837633
v -0.297372 5.367199 8.720325
v -0.297372 4.414859 8.720058
v -0.299970 4.660143 8.388915
v -0.297949 4.414394 8.054359
v -0.299970 4.359376 8.387336
v -0.290326 4.661628 7.938649
v -0.297444 5.367223 8.058124
v -0.290422 6.072934 7.938629
v -0.098526 5.367343 7.933542
v -0.290422 4.407306 7.561226
v -0.098526 4.412393 6.485621
v -0.290306 4.407041 5.410077
v -0.297444 4.354190 6.485735
v -0.290282 4.661521 -8.015152
v -0.098382 5.367160 -8.010096
v -0.290282 6.072568 -8.015448
v -0.297420 5.366965 -8.125391
v -0.297930 4.414350 -8.121244
v -0.299970 4.660104 -8.427217
v -0.297372 4.414859 -8.729620
v -0.299970 4.359372 -8.425582
v -0.290306 4.407041 -7.628986
v -0.297444 4.354134 -6.528438
v -0.290422 4.407306 -5.427978
v -0.098526 4.412393 -6.528513
v -0.289580 4.660366 -8.837633
v -0.297372 5.367160 -8.729943
v -0.289580 6.074033 -8.837633
v -0.097332 5.367199 -8.845426
v -0.290282 4.661521 5.032222
v -0.098382 5.367160 5.037277
v -0.290302 6.072613 5.031938
v -0.297420 5.366965 4.904135
v -0.297930 4.414250 4.908015
v -0.299970 4.659882 4.548502
v -0.297949 4.414294 4.189152
v -0.299970 4.358961 4.548558
v -0.290326 4.661628 4.064890
v -0.297444 5.367184 4.192594
v -0.290422 6.072978 4.064839
v -0.098526 5.367343 4.059784
v -0.290422 4.407306 3.028089
v -0.098526 4.412393 -0.025650
v -0.290306 4.407041 -3.079327
v -0.297444 4.354245 -0.025575
v -0.290282 4.661521 -4.116562
v -0.098382 5.367160 -4.111506
v -0.290302 6.072613 -4.116846
v -0.297420 5.366965 -4.239442
v -0.297930 4.414250 -4.235562
v -0.299970 4.659882 -4.579456
v -0.297949 4.414294 -4.923190
v -0.299970 4.358964 -4.579398
v -0.290326 4.661628 -5.042246
v -0.297444 5.367184 -4.919748
v -0.290422 6.072934 -5.042265
v -0.098526 5.367343 -5.047353
v -0.289581 6.390660 8.837638
v -0.097339 6.575029 8.845430
v -0.288337 6.759142 8.837661
v -0.297373 6.574857 8.719827
v -0.297372 6.319540 8.720058
v -0.299970 6.391025 8.387325
v -0.297949 6.320023 8.054340
v -0.299970 6.074255 8.388915
v -0.290326 6.327112 7.561063
v -0.297444 6.396175 6.485686
v -0.290422 6.327327 5.409870
v -0.098526 6.322006 6.485333
v -0.297949 6.392388 7.931709
v -0.299970 6.574947 8.053218
v -0.296800 6.757580 7.931796
v -0.299970 6.575042 7.562822
v -0.290282 6.327007 -7.629280
v -0.098382 6.321951 -6.528696
v -0.290302 6.327057 -5.428156
v -0.297420 6.395844 -6.528657
v -0.297930 6.392281 -8.008215
v -0.299970 6.574708 -7.630700
v -0.296781 6.757248 -8.008058
v -0.299970 6.574878 -8.120126
v -0.297930 6.319779 -8.121596
v -0.299970 6.390982 -8.425629
v -0.297372 6.319500 -8.729675
v -0.299970 6.074020 -8.427494
v -0.289577 6.390656 -8.837636
v -0.297370 6.574843 -8.729380
v -0.288315 6.759118 -8.837649
v -0.097318 6.575012 -8.845428
v -0.297949 6.392601 5.039366
v -0.299970 6.575040 5.408599
v -0.296781 6.757304 5.039353
v -0.299970 6.574952 4.908920
v -0.297949 6.319923 4.907676
v -0.299970 6.391379 4.548501
v -0.297949 6.320129 4.189046
v -0.299970 6.074243 4.548227
v -0.297949 6.392708 4.057724
v -0.299970 6.575018 4.188220
v -0.296800 6.757635 4.057997
v -0.299970 6.575373 3.029450
v -0.290326 6.327432 3.027699
v -0.297444 6.396507 -0.025819
v -0.290422 6.327383 -3.079575
v -0.098526 6.322062 -0.025978
v -0.297949 6.392601 -4.109418
v -0.299970 6.575095 -3.080846
v -0.296781 6.757304 -4.109430
v -0.299970 6.574952 -4.234657
v -0.297949 6.319923 -4.235902
v -0.299970 6.391379 -4.579459
v -0.297949 6.320084 -4.923264
v -0.299970 6.074243 -4.579733
v -0.297949 6.392388 -5.049185
v -0.299970 6.574962 -4.924082
v -0.296800 6.757580 -5.049100
v -0.299970 6.574986 -5.426422
v -0.112597 7.125021 8.837771
v 0.502217 7.982712 8.845541
v 0.896609 8.837496 8.838852
v 0.383138 7.978661 8.720998
v -0.293232 6.829676 8.720122
v -0.125298 7.123555 8.389075
v -0.293959 6.829363 8.054475
v -0.299014 6.758585 8.387419
v -0.112674 7.126165 7.938669
v 0.382905 7.978192 8.058133
v 0.895371 8.833138 7.938285
v 0.501371 7.982118 7.933525
v -0.289272 6.822933 7.561242
v -0.098526 6.828103 6.485621
v -0.289157 6.822667 5.410062
v -0.297444 6.753934 6.485735
v -0.112672 7.126200 -8.015097
v 0.501194 7.982479 -8.010003
v 0.895239 8.833605 -8.014712
v 0.382919 7.978327 -8.124893
v -0.293940 6.829306 -8.121369
v -0.125324 7.123508 -8.427248
v -0.293228 6.829663 -8.729675
v -0.299014 6.758563 -8.425668
v -0.289157 6.822667 -7.629001
v -0.297444 6.753879 -6.528438
v -0.289272 6.822933 -5.427964
v -0.098526 6.828103 -6.528513
v -0.112571 7.124889 -8.837714
v 0.382973 7.978216 -8.730206
v 0.896743 8.836754 -8.838528
v 0.502555 7.982283 -8.845486
v -0.112672 7.126200 5.032276
v 0.501194 7.982479 5.037370
v 0.895239 8.833605 5.032661
v 0.383357 7.979067 4.904698
v -0.293953 6.829235 4.907914
v -0.124949 7.124091 4.548600
v -0.293972 6.829288 4.189239
v -0.299027 6.758311 4.548546
v -0.112270 7.126980 4.064933
v 0.385492 7.982693 4.192724
v 0.901218 8.839807 4.064914
v 0.501581 7.983272 4.059790
v -0.289272 6.822933 3.028104
v -0.098526 6.828103 -0.025650
v -0.289157 6.822667 -3.079344
v -0.297444 6.753990 -0.025575
v -0.112246 7.126858 -4.116606
v 0.501711 7.982978 -4.111512
v 0.901250 8.839360 -4.116897
v 0.385384 7.982424 -4.239493
v -0.293953 6.829235 -4.235663
v -0.124984 7.124033 -4.579482
v -0.293972 6.829288 -4.923104
v -0.299027 6.758311 -4.579414
v -0.112674 7.126165 -5.042227
v 0.383283 7.978830 -4.919860
v 0.895371 8.833138 -5.042610
v 0.501371 7.982118 -5.047370
v 1.032548 9.143398 8.838595
v 0.983785 9.259777 8.845487
v 0.932220 9.146986 8.836828
v 0.978619 9.138328 8.719984
v 1.048512 9.126870 8.721449
v 1.024121 9.132772 8.387076
v 1.047978 9.124433 8.053647
v 0.881772 8.831385 8.389409
v 1.064774 9.255591 8.846084
v 1.091624 9.578038 8.848024
v 1.065725 9.900369 8.845426
v 1.038162 9.579884 8.848024
v 1.031362 9.133463 7.930207
v 0.978209 9.135744 8.052018
v 0.929663 9.138342 7.930968
v 0.928748 9.135744 7.561810
v 1.063451 9.133463 7.560097
v 0.983650 9.135744 6.485415
v 1.063249 9.133527 5.410419
v 1.090085 9.135744 6.485106
v 1.031322 9.133527 -8.006733
v 0.928731 9.135744 -7.629981
v 0.929698 9.138342 -8.007469
v 0.978219 9.135744 -8.118959
v 1.047965 9.124552 -8.120456
v 1.024096 9.132728 -8.425250
v 1.048345 9.126452 -8.730669
v 0.881616 8.831121 -8.427204
v 1.063249 9.133527 -7.628644
v 1.090085 9.135744 -6.529027
v 1.063451 9.133463 -5.429107
v 0.983613 9.135744 -6.528767
v 1.032568 9.143298 -8.838551
v 0.978620 9.138328 -8.729547
v 0.932220 9.146986 -8.836828
v 0.983785 9.259777 -8.845487
v 1.064811 9.255508 -8.846039
v 1.038166 9.579887 -8.848024
v 1.065728 9.900372 -8.845426
v 1.091643 9.578057 -8.848024
v 0.926796 9.133956 5.040720
v 0.613310 9.136173 5.409340
v 0.197395 9.141102 5.040735
v 0.636637 9.168036 4.910108
v 1.050551 9.126251 4.908940
v 1.005335 9.168327 4.549128
v 1.064751 9.135424 4.189413
v 0.886442 8.836603 4.548943
v 1.094596 9.206228 4.057639
v 1.080418 9.345237 4.186542
v 1.221418 9.548427 4.055338
v 1.160705 9.380712 3.029026
v 1.080665 9.144976 3.028044
v 1.098595 9.212094 -0.025801
v 1.080684 9.144915 -3.079738
v 1.101046 9.138719 -0.025818
v 1.094517 9.206064 -4.109332
v 1.160576 9.380498 -3.080495
v 1.220815 9.547739 -4.107003
v 1.080019 9.344786 -4.233063
v 1.064644 9.135169 -4.236170
v 1.005285 9.168212 -4.580027
v 1.050504 9.126031 -4.924149
v 0.886237 8.836255 -4.579995
v 0.926859 9.133907 -5.050758
v 0.636871 9.168054 -4.925374
v 0.197511 9.141201 -5.050722
v 0.613129 9.136189 -5.427574
v 1.038028 10.014422 8.837633
v 0.984556 10.022213 8.719669
v 0.933060 10.013557 8.836768
v 0.984583 9.900677 8.845426
v 1.065631 10.022213 8.719663
v 1.091154 10.024810 8.386506
v 1.065576 10.025375 8.052373
v 1.037955 10.024810 8.386557
v 1.037640 10.027070 7.931362
v 0.929847 10.142767 7.562730
v 0.930309 10.024474 7.931318
v 0.984198 10.025376 8.052408
v 1.065584 10.142790 7.562649
v 1.091128 10.485470 6.485442
v 1.065363 10.827504 5.408401
v 0.984400 10.485383 6.485714
v 1.037654 10.027019 -8.007869
v 0.984225 10.025365 -8.119348
v 0.930367 10.024429 -8.007814
v 0.929881 10.142706 -7.630913
v 1.065578 10.142698 -7.630941
v 0.984435 10.485363 -6.529042
v 1.065584 10.827463 -5.427088
v 1.091345 10.485365 -6.529038
v 1.065631 10.025361 -8.119376
v 1.091219 10.024810 -8.424816
v 1.065642 10.022213 -8.729234
v 1.037972 10.024810 -8.424814
v 1.038028 10.014422 -8.837633
v 0.984583 9.900677 -8.845426
v 0.933060 10.013556 -8.836768
v 0.984559 10.022213 -8.729232
v 0.932414 10.941016 5.039950
v 0.639996 10.870060 4.910008
v 0.196060 10.936165 5.041026
v 0.613703 10.826931 5.409075
v 1.067866 10.901063 4.909594
v 1.097285 10.784807 4.548315
v 1.081492 10.658576 4.187131
v 1.015350 10.747855 4.548311
v 1.098090 10.552585 4.056825
v 1.160868 10.381836 3.028547
v 1.220929 10.216571 4.055285
v 1.081818 10.456951 4.186107
v 1.083495 10.615129 3.029010
v 1.102733 10.623759 -0.025817
v 1.083523 10.615144 -3.080656
v 1.098924 10.550011 -0.025872
v 1.098109 10.552619 -4.108512
v 1.081729 10.457082 -4.232545
v 1.220856 10.216413 -4.107030
v 1.160925 10.381662 -3.080504
v 1.081522 10.658682 -4.233642
v 1.097064 10.784897 -4.579456
v 1.067641 10.901024 -4.925176
v 1.015337 10.747846 -4.579219
v 0.932439 10.940959 -5.050122
v 0.613719 10.826955 -5.427477
v 0.196278 10.936105 -5.051214
v 0.640205 10.869932 -4.925343
v 2.428306 2.592908 -4.097684
v 2.408282 3.201503 -4.106342
v 2.428306 3.810115 -4.097684
v 2.436964 3.201511 -3.075176
v 2.428306 2.382825 -3.074310
v 2.436964 2.592042 -0.025834
v 2.428306 2.382825 3.022643
v 2.407680 2.374167 -0.025834
v 2.428306 2.592908 4.046017
v 2.436964 3.201511 3.023509
v 2.428306 3.810115 4.046017
v 2.408282 3.201504 4.054675
v 2.428306 4.020197 -3.074310
v 2.408289 4.028855 -0.025834
v 2.428306 4.020198 3.022643
v 2.436964 3.810980 -0.025834
v 0.798980 9.146101 7.562619
v 0.474098 9.317174 6.486431
v 0.167500 9.146554 5.409694
v 0.559735 9.138304 6.485768
v 0.907343 9.146130 8.052337
v 0.930493 9.138341 8.386532
v 0.908677 9.146999 8.718796
v 0.900019 9.259861 8.386546
v 0.897959 9.260143 7.931286
v 0.896892 9.580564 8.052390
v 0.897904 9.902638 7.931293
v 0.788289 9.639159 7.562846
v 0.908674 9.260731 8.836768
v 0.932204 9.580263 8.845426
v 0.908674 9.899825 8.836768
v 0.900016 9.580280 8.719667
v 0.908667 10.013559 8.718799
v 0.932145 10.022216 8.386542
v 0.907246 10.014997 8.052378
v 0.900009 9.900707 8.386544
v 0.798641 10.132308 7.562798
v 0.559125 10.482657 6.486128
v 0.166679 10.816172 5.410035
v 0.473993 10.303438 6.486554
v 0.908674 9.260731 -8.836768
v 0.900016 9.580282 -8.729227
v 0.908674 9.899825 -8.836768
v 0.932204 9.580263 -8.845426
v 0.908678 9.146999 -8.728359
v 0.930500 9.138341 -8.424786
v 0.907359 9.146129 -8.119273
v 0.900020 9.259864 -8.424791
v 0.798992 9.146102 -7.630790
v 0.559516 9.138304 -6.528931
v 0.167311 9.146579 -5.427994
v 0.474067 9.317184 -6.529712
v 0.898003 9.260140 -8.007771
v 0.788346 9.639141 -7.631028
v 0.897952 9.902616 -8.007770
v 0.896903 9.580576 -8.119307
v 0.798700 10.132260 -7.630981
v 0.473992 10.303481 -6.529832
v 0.166676 10.816254 -5.428455
v 0.559133 10.482658 -6.529421
v 0.907276 10.015002 -8.119308
v 0.932165 10.022219 -8.424798
v 0.908671 10.013562 -8.728361
v 0.900012 9.900723 -8.424779
v 0.217982 9.208330 4.910749
v 0.652080 9.532863 4.547495
v 1.094637 9.555725 4.184065
v 0.709672 9.344282 4.547311
v 0.057429 9.375757 5.042168
v 0.156217 9.981203 5.410471
v 0.056997 10.701095 5.042394
v 0.205476 10.019064 4.911842
v 0.215993 10.830285 4.911155
v 0.708381 10.577992 4.547674
v 1.093650 10.249424 4.184422
v 0.651587 10.388358 4.547660
v 1.093707 9.555047 -4.230932
v 0.651597 9.532667 -4.578761
v 0.218205 9.208357 -4.926183
v 0.709499 9.343912 -4.578346
v 1.249573 9.617720 -3.079837
v 1.227581 9.552010 -0.025702
v 1.249793 9.618215 3.027968
v 1.253437 9.691953 -0.026018
v 1.246882 9.689581 -4.106188
v 1.252584 9.881118 -3.079383
v 1.247216 10.073544 -4.105656
v 1.095441 9.901451 -4.230416
v 1.247526 9.690251 4.054061
v 1.096038 9.901736 4.183765
v 1.247389 10.074137 4.054482
v 1.252687 9.881834 3.027946
v 1.249597 10.145512 3.028270
v 1.227582 10.210571 -0.026008
v 1.249638 10.144901 -3.079602
v 1.253432 10.070806 -0.025402
v 1.093482 10.249473 -4.230707
v 0.708461 10.578057 -4.578545
v 0.216228 10.830250 -4.926603
v 0.651492 10.388386 -4.578623
v 0.057503 9.375829 -5.052365
v 0.205486 10.019104 -4.927369
v 0.057045 10.701182 -5.052623
v 0.156184 9.981287 -5.428901
v 0.383255 1.966876 4.905535
v 0.381168 1.965726 4.192742
v 0.383255 1.966876 -4.238042
v 0.381168 1.965726 -4.919599
v 0.286881 1.881312 5.037514
v -0.313141 1.588577 5.039844
v -0.321875 1.586031 5.039844
v -0.701130 1.542856 5.037430
v -0.701202 1.542730 4.059687
v -0.321929 1.585912 4.057272
v -0.313142 1.588478 4.057272
v 0.285872 1.880047 4.059769
v -1.001518 1.507645 4.904951
v -1.001518 1.507645 4.192166
v 0.286881 1.881312 -4.111270
v -0.313141 1.588577 -4.108940
v -0.321875 1.586031 -4.108940
v -0.701130 1.542856 -4.111354
v -0.701202 1.542730 -5.047450
v -0.321929 1.585912 -5.049864
v -0.313142 1.588478 -5.049864
v 0.285872 1.880047 -5.047367
v -1.001518 1.507645 -4.238627
v -1.001518 1.507645 -4.920176
v -1.375630 1.455242 5.033094
v -1.375628 1.455250 4.064040
v -1.375630 1.455242 -4.115690
v 0.982809 2.253409 5.033807
v 0.979825 2.251172 4.064149
v -1.375628 1.455250 -5.043096
v 0.982809 2.253409 -4.114977
v 0.979825 2.251172 -5.042986
v -0.558066 1.555552 5.029506
v -0.204852 1.673991 5.029590
v -0.411560 1.567850 5.037204
v -0.205219 1.673668 4.067800
v -0.558038 1.555564 4.067631
v -0.411462 1.567889 4.059935
v -0.558066 1.555552 -4.119277
v -0.204852 1.673991 -4.119193
v -0.411560 1.567850 -4.111581
v -0.205219 1.673668 -5.039336
v -0.558038 1.555564 -5.039505
v -0.411462 1.567889 -5.047201
v -2.278676 -1.421721 8.719076
v -2.202990 -1.060182 8.386720
v -2.279536 -1.422401 8.052287
v -1.839472 -1.431042 8.386645
v -1.837437 -1.422276 8.836943
v -0.536919 -1.431266 8.719789
v 0.766948 -1.423474 8.837657
v -0.493871 -1.061471 8.845449
v -2.193915 -1.059864 8.836944
v -1.544967 0.003379 8.845450
v -1.691636 1.068772 8.837666
v -1.952295 0.003843 8.719868
v 1.211146 -1.431299 8.719651
v 0.766745 -1.433897 8.386507
v 1.211146 -1.433897 8.052241
v 1.353096 -1.433897 8.386484
v 1.353096 -1.423507 8.837633
v 1.749559 -1.431299 8.719651
v 2.144079 -1.422641 8.836768
v 1.749559 -1.061675 8.845426
v 1.211146 -1.061675 8.845426
v 1.353096 0.003043 8.848024
v 1.211146 1.068837 8.848024
v 0.808877 0.003081 8.848024
v 1.211197 1.557906 8.848024
v 1.353261 1.902073 8.848024
v 1.209837 2.244023 8.846357
v 0.880488 1.872147 8.848024
v 0.852083 1.433908 8.848024
v -0.164468 1.530548 8.848024
v -1.243156 1.433741 8.845431
v -0.241936 1.068903 8.848024
v 1.353095 1.433897 8.848024
v 1.749558 1.068837 8.848024
v 2.144945 1.433897 8.845426
v 1.749581 1.558430 8.848024
v -1.539956 1.502734 8.837638
v -1.045635 1.710446 8.845410
v -1.211749 1.863508 8.836621
v -1.385171 1.684654 8.720298
v -1.611090 1.432276 8.720095
v -1.554576 1.501623 8.389015
v -1.612055 1.432126 8.054401
v -1.703017 1.068326 8.387300
v 2.282801 -1.422641 8.718785
v 2.144945 -1.431299 8.386484
v 2.283667 -1.423507 8.052241
v 2.291460 -1.061675 8.386484
v 2.282801 -1.060809 8.836768
v 2.291460 0.003043 8.719651
v 2.283667 1.068837 8.837633
v 2.144945 0.003043 8.845426
v 2.283667 1.558453 8.837633
v 2.291460 1.902733 8.719651
v 2.283667 2.247014 8.837633
v 2.144968 1.902710 8.845426
v 2.291460 1.433897 8.719651
v 2.294057 1.068837 8.386484
v 2.294057 1.433897 8.052241
v 2.294057 1.558453 8.386484
v -0.855359 1.981945 8.836667
v -0.002579 2.050216 8.845456
v 0.904356 2.307597 8.838793
v 0.024093 2.150993 8.720632
v -1.155634 1.930726 8.719357
v -0.854624 1.990914 8.389695
v -1.155557 1.930740 8.059843
v -1.220849 1.866493 8.389512
v 1.182329 2.378833 8.838771
v 1.052570 2.592214 8.845440
v 1.091143 2.381769 8.836578
v 1.136574 2.374070 8.720514
v 1.194607 2.369948 8.721831
v 1.177227 2.371109 8.389849
v 1.192385 2.369817 8.056097
v 0.899277 2.314753 8.389893
v 1.351874 2.371429 8.846357
v 1.749741 2.246924 8.848024
v 2.145014 2.371593 8.845426
v 1.749859 2.586657 8.848024
v 1.209963 2.588061 8.846357
v 1.353404 3.202127 8.848024
v 1.211223 3.817005 8.848024
v 1.101695 3.203901 8.848024
v 1.178427 2.378714 7.938795
v 1.135904 2.374065 8.058758
v 1.090648 2.381764 7.942417
v 1.050162 2.591471 7.933646
v 1.200193 2.587028 7.923082
v 1.095563 3.200845 7.928411
v 1.199938 3.809702 7.919753
v 1.208596 3.198927 7.556555
v 1.207745 2.371153 7.558929
v 1.211146 2.585879 6.485549
v 1.205007 2.370179 5.412235
v 1.211146 2.247537 6.485325
v 1.200073 2.244204 7.922970
v 1.208572 1.904959 7.556399
v 1.199914 1.565076 7.919731
v 0.874275 1.874607 7.928389
v 0.900365 2.307019 7.938818
v -0.005066 2.050396 7.933668
v -0.855702 1.981864 7.942563
v 0.023536 2.150873 8.058908
v -1.211506 1.863828 7.942426
v -1.044976 1.712729 7.933610
v -1.539696 1.504409 7.938728
v -1.385016 1.684897 8.058516
v 1.016825 4.031447 8.848024
v 0.459785 4.086731 8.848024
v -0.089788 4.031640 8.845440
v 0.550232 3.817247 8.848024
v 1.353095 4.031453 8.848024
v 1.749605 3.816668 8.848024
v 2.144945 4.031453 8.845426
v 1.749558 4.086738 8.848024
v 1.211146 4.086738 8.848024
v 1.353095 4.223206 8.848024
v 1.211146 4.359674 8.848024
v 1.015670 4.223206 8.848024
v 2.283667 4.086738 8.837633
v 2.291460 4.223206 8.719651
v 2.283667 4.359674 8.837633
v 2.144945 4.223206 8.845426
v 2.283667 3.816621 8.837633
v 2.144991 3.201558 8.845426
v 2.283667 2.586402 8.837633
v 2.291460 3.201511 8.719651
v 2.291460 4.031453 8.719651
v 2.294057 3.816621 8.386484
v 2.294057 4.031453 8.052241
v 2.294057 4.086738 8.386484
v 2.294057 4.086738 7.931031
v 2.294057 4.223206 7.562286
v 2.294057 4.359674 7.931031
v 2.294057 4.223206 8.052241
v 2.294057 3.816621 7.931031
v 2.294057 3.201511 8.052241
v 2.294057 2.586402 7.931031
v 2.294057 3.201511 7.562286
v 2.294057 4.031453 7.562286
v 2.294057 3.816621 6.485437
v 2.294057 4.031453 5.408589
v 2.294057 4.086738 6.485437
v -1.539952 1.502731 -8.837638
v -1.385171 1.684654 -8.729860
v -1.211729 1.863512 -8.836595
v -1.045674 1.710383 -8.845410
v -1.243137 1.433726 -8.845431
v -0.164504 1.530482 -8.848024
v 0.852086 1.433906 -8.848024
v -0.241917 1.068887 -8.848024
v -1.691616 1.068756 -8.837666
v -1.544948 0.003364 -8.845450
v -2.193912 -1.059867 -8.836944
v -1.952290 0.003846 -8.729424
v -1.611086 1.432279 -8.729651
v -1.703010 1.068359 -8.425514
v -1.612031 1.432125 -8.121248
v -1.554575 1.501629 -8.427258
v 1.211181 1.557821 -8.848024
v 0.880277 1.871745 -8.848024
v 1.209729 2.243521 -8.846357
v 1.353638 1.901874 -8.848024
v 1.353656 1.433897 -8.848024
v 1.751567 1.558407 -8.848024
v 2.149588 1.433897 -8.846438
v 1.751789 1.068854 -8.848024
v 1.211146 1.068837 -8.848024
v 1.353644 0.003060 -8.848024
v 1.211146 -1.061675 -8.845426
v 0.808880 0.003078 -8.848024
v 1.211146 -1.431299 -8.729213
v 1.394939 -1.433897 -8.424793
v 1.211146 -1.433897 -8.119176
v 0.766745 -1.433897 -8.424755
v 0.766948 -1.423474 -8.837657
v -0.536919 -1.431266 -8.729351
v -1.837437 -1.422276 -8.836943
v -0.493868 -1.061474 -8.845449
v 1.354066 -1.423490 -8.837687
v 1.752145 -1.061573 -8.845479
v 2.151083 -1.422512 -8.837766
v 1.795181 -1.431282 -8.729542
v -2.278676 -1.421721 -8.728638
v -1.839472 -1.431042 -8.424893
v -2.279536 -1.422401 -8.119223
v -2.202989 -1.060177 -8.424962
v 2.290099 1.558453 -8.841172
v 2.147312 1.902688 -8.845932
v 2.284586 2.247014 -8.838139
v 2.337129 1.902824 -8.732130
v 2.382362 1.433758 -8.735003
v 2.586853 1.558072 -8.427416
v 2.875401 1.432878 -8.118446
v 2.631813 1.068433 -8.427529
v 2.291013 1.068870 -8.841667
v 2.383039 0.003101 -8.734895
v 2.290445 -1.060595 -8.840481
v 2.149517 0.003161 -8.846427
v 2.374504 -1.422517 -8.731667
v 2.629451 -1.061660 -8.427135
v 2.866371 -1.423524 -8.118747
v 2.438312 -1.431288 -8.425436
v -2.279504 -1.422376 7.562286
v -2.203023 -1.060431 6.485471
v -2.279504 -1.422376 5.408589
v -1.839309 -1.431017 6.485437
v -1.839309 -1.431017 7.931031
v -0.536965 -1.433897 7.562286
v 0.766772 -1.433897 7.931031
v -0.536992 -1.433897 8.052264
v -2.202975 -1.060230 7.931118
v -1.955035 0.003656 8.052720
v -1.700768 1.067739 7.931542
v -1.955273 0.002648 7.562460
v 1.211146 -1.433897 7.562286
v 0.766772 -1.433897 6.485437
v 1.211146 -1.433897 5.408589
v 1.353096 -1.433897 6.485437
v 1.353096 -1.433897 7.931031
v 1.749559 -1.433897 7.562286
v 2.144945 -1.431299 7.931031
v 1.749559 -1.433897 8.052241
v 2.283667 -1.423507 7.562286
v 2.144945 -1.431299 6.485437
v 2.283667 -1.423507 5.408589
v 2.291460 -1.061675 6.485437
v 2.291460 -1.061675 7.931031
v 2.294057 0.003043 7.562286
v 2.294057 1.068837 7.931031
v 2.294057 0.003043 8.052241
v 2.294057 1.558453 7.931031
v 2.294057 1.902784 7.562337
v 2.294057 2.247014 7.931031
v 2.294057 1.902733 8.052241
v 2.294057 1.433947 7.562337
v 2.294057 1.068887 6.485488
v 2.292889 1.434756 5.409182
v 2.294057 1.558755 6.485739
v -1.243485 1.441379 7.923542
v -0.166057 1.536584 7.928479
v 0.845074 1.445114 7.919821
v -0.202907 1.436456 7.556759
v -1.609254 1.426994 7.560996
v -1.253648 1.431607 6.484790
v -1.599226 1.425966 5.409518
v -1.702569 1.064566 6.485528
v 1.178456 2.378754 -8.015311
v 1.050218 2.591450 -8.010161
v 1.090732 2.381764 -8.019023
v 1.135970 2.374065 -8.125813
v 1.192401 2.369858 -8.123033
v 1.177227 2.371109 -8.428131
v 1.194581 2.369875 -8.731394
v 0.899277 2.314753 -8.428103
v 0.900488 2.307202 -8.015297
v 0.023488 2.150889 -8.125706
v -0.855769 1.981877 -8.018936
v -0.004936 2.050567 -8.010147
v 1.200209 2.244468 -7.999580
v 0.874419 1.874796 -8.004909
v 1.199938 1.565121 -7.996251
v 1.208596 1.905067 -7.624743
v 1.207761 2.371320 -7.627117
v 1.211146 2.247537 -6.528807
v 1.204652 2.369769 -5.430468
v 1.211146 2.585879 -6.528584
v 1.200209 2.587148 -7.999467
v 1.208596 3.199007 -7.624587
v 1.199938 3.809718 -7.996229
v 1.095606 3.200840 -8.004887
v -1.211525 1.863825 -8.018897
v -1.385016 1.684897 -8.125451
v -1.539678 1.504380 -8.015167
v -1.044952 1.712758 -8.010108
v -1.155634 1.930726 -8.126635
v -0.854624 1.990914 -8.427708
v -1.155557 1.930740 -8.728775
v -1.220849 1.866493 -8.427722
v 1.182289 2.378761 -8.838788
v 1.136507 2.374070 -8.730195
v 1.091059 2.381769 -8.836686
v 1.052563 2.592212 -8.845457
v 1.209821 2.587872 -8.846357
v 1.101678 3.203876 -8.848024
v 1.211199 3.816982 -8.848024
v 1.353265 3.201988 -8.848024
v 1.351845 2.371127 -8.846357
v 1.749743 2.586495 -8.848024
v 2.145014 2.371547 -8.845426
v 1.750134 2.246765 -8.848024
v 0.904149 2.307210 -8.838773
v -0.002799 2.049839 -8.845437
v -0.855307 1.981898 -8.836543
v 0.024126 2.150943 -8.730057
v -2.279504 -1.422376 -7.630474
v -1.839309 -1.431017 -6.528697
v -2.279504 -1.422376 -5.426918
v -2.203028 -1.060454 -6.528681
v -2.202984 -1.060267 -8.007576
v -1.955326 0.002423 -7.630425
v -1.700792 1.067530 -8.007783
v -1.955037 0.003648 -8.119588
v -1.839309 -1.431017 -8.007528
v -0.536992 -1.433897 -8.119200
v 0.766772 -1.433897 -8.007528
v -0.536965 -1.433897 -7.630474
v -1.609124 1.426776 -7.628768
v -1.702570 1.064429 -6.528460
v -1.599181 1.426027 -5.427685
v -1.253466 1.431585 -6.527791
v -1.243311 1.441350 -7.999807
v -0.202720 1.436456 -7.624740
v 0.845105 1.445114 -7.996284
v -0.166002 1.536613 -8.004942
v 1.211146 -1.433897 -7.630474
v 1.437637 -1.433897 -6.528696
v 1.211146 -1.433897 -5.426918
v 0.766772 -1.433897 -6.528697
v 1.436507 -1.433897 -8.007537
v 2.039375 -1.433897 -8.119280
v 2.729342 -1.431308 -8.007366
v 2.086591 -1.433897 -7.630483
v 2.958251 -1.423535 -7.630048
v 2.967779 -1.061837 -6.528678
v 2.958457 -1.423536 -5.427263
v 2.736731 -1.431305 -6.528686
v 2.962391 -1.061827 -8.006037
v 2.879810 0.002647 -8.118143
v 2.964297 1.067991 -8.005919
v 2.969157 0.002601 -7.629678
v 2.875476 1.557314 -8.006341
v 2.586324 1.903270 -8.118899
v 2.383399 2.248645 -8.007092
v 2.631494 1.902839 -7.629901
v 2.964581 1.432428 -7.629820
v 2.880136 1.557046 -6.528812
v 2.963711 1.433042 -5.428240
v 2.969242 1.067811 -6.528903
v 2.294057 4.086738 -8.007528
v 2.294057 4.223206 -8.119176
v 2.294057 4.359674 -8.007528
v 2.294057 4.223206 -7.630474
v 2.294057 4.031453 -7.630474
v 2.294057 4.086738 -6.528697
v 2.294057 4.031453 -5.426918
v 2.294057 3.816621 -6.528697
v 2.294057 3.816621 -8.007528
v 2.294057 3.201511 -7.630474
v 2.295159 2.586711 -8.007481
v 2.294057 3.201511 -8.119176
v 2.294057 4.031453 -8.119176
v 2.294057 3.816621 -8.424732
v 2.291460 4.031453 -8.729213
v 2.294057 4.086738 -8.424732
v 2.283667 4.086738 -8.837633
v 2.144945 4.223206 -8.845426
v 2.283667 4.359674 -8.837633
v 2.291460 4.223206 -8.729213
v 2.283667 3.816621 -8.837633
v 2.291460 3.201511 -8.729213
v 2.283667 2.586402 -8.837633
v 2.144968 3.201534 -8.845426
v 2.144945 4.031453 -8.845426
v 1.749581 3.816644 -8.848024
v 1.353095 4.031453 -8.848024
v 1.749558 4.086738 -8.848024
v 1.016831 4.031444 -8.848024
v 0.550270 3.817232 -8.848024
v -0.089748 4.031623 -8.845435
v 0.459791 4.086729 -8.848024
v 1.211146 4.086738 -8.848024
v 1.015670 4.223206 -8.848024
v 1.211146 4.359674 -8.848024
v 1.353095 4.223206 -8.848024
v 1.199890 1.445152 7.555780
v 1.208548 1.564806 6.485416
v 1.199890 1.445152 5.415096
v 0.844220 1.436494 6.485324
v 1.199841 1.564469 5.051122
v 1.208499 1.904415 5.414320
v 1.196967 2.240069 5.048082
v 0.885530 1.837093 5.042464
v 0.857191 1.444772 5.050940
v -0.093886 1.500457 5.042282
v -1.172869 1.438809 5.046881
v -0.190752 1.436114 5.413319
v -1.599471 1.427061 4.908954
v -1.456857 1.451553 4.548565
v -1.599476 1.427036 4.188221
v -1.702577 1.065216 4.548600
v -1.690957 1.065951 5.039906
v -1.955288 0.002585 4.909621
v -2.203019 -1.060416 5.039848
v -1.955357 0.002293 5.408711
v -2.279504 -1.422376 4.909676
v -2.203008 -1.060367 4.548565
v -2.279504 -1.422376 4.187440
v -1.839309 -1.431017 4.548558
v -1.839309 -1.431017 5.039844
v -0.536965 -1.433897 4.909676
v 0.766772 -1.433897 5.039844
v -0.536965 -1.433897 5.408589
v 1.211146 -1.433897 4.909676
v 0.766772 -1.433897 4.548558
v 1.211146 -1.433897 4.187440
v 1.352920 -1.433897 4.548558
v 1.353096 -1.433897 5.039844
v 1.749382 -1.433897 4.909676
v 2.144945 -1.431299 5.039844
v 1.749559 -1.433897 5.408589
v 2.283160 -1.423368 4.909676
v 2.143556 -1.431161 4.548558
v 2.280114 -1.422537 4.187440
v 2.243154 -1.038966 4.548627
v 2.290876 -1.061486 5.039990
v 2.244664 0.026004 4.910473
v 2.289967 1.070389 5.040914
v 2.293473 0.003232 5.408734
v 2.289967 1.561153 5.041165
v 2.244731 1.926857 4.910492
v 2.293473 2.247432 5.040040
v 2.293473 1.903403 5.409036
v 2.196479 1.480561 4.911281
v 1.971288 1.222192 4.549002
v 1.657702 1.737982 4.186500
v 1.973540 1.712316 4.548811
v 2.294057 4.086738 5.039844
v 2.294057 4.223275 4.909745
v 2.294057 4.359674 5.039844
v 2.294057 4.223206 5.408589
v 2.294057 3.816621 5.039844
v 2.294057 3.201511 5.408589
v 2.294057 2.586402 5.039844
v 2.294057 3.201571 4.910405
v 2.294057 4.031514 4.910138
v 2.294057 3.816708 4.551319
v 2.296058 4.031812 4.189879
v 2.294057 4.087147 4.549368
v 1.009744 4.020238 7.919800
v 0.548440 3.811124 7.928458
v -0.090354 4.024088 7.923452
v 0.456760 4.028896 7.556741
v 1.199890 4.020197 7.555780
v 1.009197 4.028855 6.485414
v 1.199890 4.020198 5.415096
v 1.208548 3.810267 6.485461
v 1.009763 4.020218 5.051052
v 0.456683 4.028876 5.413965
v -0.090224 4.023989 5.047282
v 0.548579 3.811099 5.042393
v 1.199841 3.809815 5.051145
v 1.095020 3.201426 5.042486
v 1.196967 2.586494 5.048194
v 1.208499 3.199104 5.414476
v -1.172867 1.438818 4.050254
v -0.093958 1.500331 4.054834
v 0.857191 1.444772 4.046176
v -0.190743 1.436114 3.024306
v -1.599202 1.426026 3.028235
v -1.253597 1.431584 -0.025818
v -1.599222 1.425942 -3.079793
v -1.702593 1.064425 -0.025742
v -1.690942 1.066013 4.057339
v -1.955342 0.002356 3.029159
v -2.203017 -1.060406 4.057290
v -1.955293 0.002563 4.187559
v 1.199719 1.564259 4.045972
v 0.884849 1.835980 4.054630
v 1.196004 2.238735 4.049019
v 1.208377 1.904141 3.023262
v 1.199890 1.445152 3.022643
v 1.208548 1.564806 -0.025856
v 1.199890 1.445152 -3.074310
v 0.844229 1.436494 -0.025834
v 1.199841 1.564469 -4.097662
v 1.208499 1.904415 -3.075086
v 1.196967 2.240069 -4.100702
v 0.885530 1.837093 -4.106319
v 0.857191 1.444772 -4.097843
v -0.093886 1.500457 -4.106501
v -1.172869 1.438809 -4.101904
v -0.190743 1.436114 -3.075972
v -1.599471 1.427061 -4.234623
v -1.456857 1.451553 -4.579395
v -1.599476 1.427036 -4.924121
v -1.702577 1.065216 -4.579360
v -1.690957 1.065951 -4.108877
v -1.955288 0.002585 -4.233956
v -2.203019 -1.060416 -4.108935
v -1.955363 0.002269 -3.080713
v -2.279504 -1.422376 3.029149
v -2.203028 -1.060455 -0.025818
v -2.279504 -1.422376 -3.080816
v -1.839309 -1.431017 -0.025833
v -1.839309 -1.431017 4.057272
v -0.536965 -1.433897 3.029149
v 0.766772 -1.433897 4.057272
v -0.536965 -1.433897 4.187440
v -2.279504 -1.422376 -4.233902
v -2.203008 -1.060367 -4.579395
v -2.279504 -1.422376 -4.924902
v -1.839309 -1.431017 -4.579402
v -1.839309 -1.431017 -4.108939
v -0.536965 -1.433897 -4.233902
v 0.766772 -1.433897 -4.108939
v -0.536965 -1.433897 -3.080816
v 1.211146 -1.433897 -4.233902
v 0.766772 -1.433897 -4.579402
v 1.211146 -1.433897 -4.924902
v 1.394597 -1.433897 -4.579382
v 1.353107 -1.433897 -4.108913
v 1.791895 -1.433897 -4.233797
v 2.144926 -1.431042 -4.108620
v 1.748421 -1.433897 -3.080733
v 1.211146 -1.433897 -3.080816
v 1.352725 -1.433897 -0.025822
v 1.211146 -1.433897 3.029149
v 0.766772 -1.433897 -0.025833
v 1.352744 -1.433897 4.057272
v 1.748130 -1.433897 3.029160
v 2.142167 -1.431022 4.057272
v 1.748325 -1.433897 4.187440
v 2.368842 -1.422629 -4.233158
v 2.435906 -1.431182 -4.579297
v 2.866693 -1.423438 -4.925616
v 2.580802 -1.039055 -4.579509
v 2.199477 -1.016381 -4.107451
v 2.060430 0.156578 -4.231545
v 1.654956 1.375160 -4.105496
v 1.923345 0.179865 -3.079155
v 2.280462 -1.422454 -3.080371
v 2.194730 -1.016043 -0.025447
v 2.279589 -1.422406 3.029200
v 2.142059 -1.431029 -0.025725
v 2.195377 -1.016314 4.057163
v 1.922475 0.179894 3.029083
v 1.652274 1.374779 4.056457
v 1.971619 0.156344 4.187093
v 1.657105 1.863582 4.056152
v 1.923601 2.079951 3.028514
v 2.195984 2.294214 4.056731
v 1.972179 2.056486 4.186822
v 1.560927 1.784430 3.028779
v 1.647814 1.376922 -0.024917
v 1.561445 1.784395 -3.078691
v 1.652730 1.865554 -0.025367
v 1.659919 1.864200 -4.106183
v 2.016462 2.057298 -4.232478
v 2.196332 2.294280 -4.108456
v 1.923862 2.079918 -3.079742
v 1.745205 1.739087 -4.230654
v 2.308664 1.222558 -4.579518
v 2.779454 1.480461 -4.927845
v 2.265548 1.713349 -4.579115
v 2.324154 4.023954 4.049849
v 2.366416 3.811213 4.054723
v 2.407424 4.020245 4.046065
v 2.366424 4.028903 3.023750
v 2.303561 4.039095 3.028110
v 2.324654 4.034019 -0.025795
v 2.303561 4.039390 -3.079467
v 2.296558 4.092953 -0.025599
v 2.296058 4.088825 4.057901
v 2.294057 4.225692 3.029410
v 2.294057 4.360081 4.057373
v 2.294057 4.223961 4.187888
v 2.303553 3.815363 4.065209
v 2.296550 3.201863 4.193652
v 2.302000 2.588811 4.064799
v 2.324607 3.201525 4.059838
v 2.324154 4.024030 -4.101441
v 2.366424 4.028903 -3.075417
v 2.407424 4.020245 -4.097732
v 2.366416 3.811213 -4.106391
v 2.303554 3.815671 -4.116572
v 2.324607 3.201601 -4.111497
v 2.301990 2.589055 -4.116716
v 2.296550 3.202319 -4.240063
v 2.296058 4.032082 -4.235988
v 2.294057 3.816979 -4.581878
v 2.294057 4.031553 -4.925309
v 2.294057 4.087186 -4.580156
v 2.296058 4.089177 -4.109298
v 2.294057 4.224017 -4.234311
v 2.294057 4.360136 -4.109000
v 2.294057 4.225967 -3.080804
v 1.009744 4.020238 4.046041
v 0.548343 3.811221 4.054699
v -0.090354 4.024129 4.049659
v 0.456760 4.028896 3.023605
v 1.199890 4.020197 3.022643
v 1.009197 4.028855 -0.025858
v 1.199890 4.020198 -3.074310
v 1.208548 3.810267 -0.025811
v 1.199841 3.809799 4.045994
v 1.208499 3.199025 3.023420
v 1.196613 2.586132 4.049131
v 1.094977 3.201430 4.054652
v 1.009763 4.020218 -4.097732
v 0.456683 4.028876 -3.075441
v -0.090224 4.023989 -4.101503
v 0.548579 3.811099 -4.106391
v 1.199841 3.809815 -4.097639
v 1.095020 3.201426 -4.106297
v 1.196967 2.586494 -4.100589
v 1.208499 3.199104 -3.074929
v 1.163489 2.378101 5.033073
v 1.047288 2.592036 5.037357
v 1.088290 2.381861 5.028494
v 1.119409 2.374162 4.904570
v 1.165524 2.361564 4.908842
v 1.145156 2.368586 4.548686
v 1.163530 2.360485 4.189236
v 0.965342 2.255803 4.549446
v -0.415698 1.582030 4.903839
v -0.210057 1.682451 4.548833
v -0.415614 1.582069 4.193429
v -0.573329 1.563168 4.548580
v 1.163121 2.377818 4.064123
v 1.119342 2.374162 4.192428
v 1.088205 2.381861 4.068514
v 1.047231 2.592056 4.059743
v 1.204652 2.369769 3.025600
v 1.211146 2.585879 -0.025721
v 1.205007 2.370179 -3.077171
v 1.211146 2.247537 -0.025946
v -1.839309 -1.431017 -5.049864
v -0.536965 -1.433897 -5.426918
v 0.766772 -1.433897 -5.049863
v -0.536965 -1.433897 -4.924901
v -2.203017 -1.060406 -5.049846
v -1.955293 0.002563 -4.924783
v -1.690942 1.066013 -5.049797
v -1.955342 0.002356 -5.426909
v -1.172867 1.438818 -5.056882
v -0.093958 1.500331 -5.052303
v 0.857191 1.444772 -5.060961
v -0.190721 1.436114 -5.431614
v 1.436662 -1.433897 -5.049858
v 2.086748 -1.433897 -5.426910
v 2.730322 -1.431311 -5.050012
v 2.039807 -1.433897 -4.924852
v 2.962576 -1.061654 -5.051384
v 2.968943 0.002664 -5.428040
v 2.962212 1.069631 -5.052847
v 2.832206 0.025804 -4.927466
v 2.871872 1.560390 -5.051961
v 2.630777 1.903542 -5.427379
v 2.382842 2.249125 -5.049871
v 2.537172 1.927856 -4.925799
v 2.294057 4.086738 -5.049864
v 2.294057 4.223206 -5.426918
v 2.294057 4.359674 -5.049864
v 2.294057 4.223275 -4.924971
v 2.294057 3.816621 -5.049864
v 2.294057 3.201647 -4.925622
v 2.295159 2.586711 -5.049817
v 2.294057 3.201511 -5.426918
v 1.163489 2.378101 -4.115711
v 1.047288 2.592036 -4.111427
v 1.088290 2.381861 -4.120289
v 1.119409 2.374162 -4.239008
v 1.165524 2.361564 -4.234735
v 1.145156 2.368586 -4.579274
v 1.163530 2.360485 -4.923106
v 0.965342 2.255803 -4.578513
v -0.415698 1.582030 -4.239738
v -0.210057 1.682451 -4.579127
v -0.415614 1.582069 -4.918913
v -0.573329 1.563168 -4.579380
v 1.163121 2.377818 -5.043013
v 1.119342 2.374162 -4.919915
v 1.088205 2.381861 -5.038622
v 1.047231 2.592056 -5.047394
v 1.196613 2.586132 -5.058005
v 1.094977 3.201430 -5.052483
v 1.199841 3.809799 -5.061142
v 1.208499 3.199025 -5.432648
v 1.196004 2.238735 -5.058117
v 1.208377 1.904141 -5.432805
v 1.199719 1.564259 -5.061165
v 0.884849 1.835980 -5.052507
v 1.009787 4.020218 -7.996298
v 0.456828 4.028876 -7.624954
v -0.090085 4.023945 -7.999984
v 0.548701 3.811001 -8.004956
v 1.199890 4.020198 -7.623968
v 1.208548 3.810267 -6.528673
v 1.199890 4.020197 -5.433425
v 1.009221 4.028855 -6.528696
v 1.009744 4.020238 -5.061096
v 0.548343 3.811221 -5.052437
v -0.090354 4.024088 -5.057443
v 0.456784 4.028896 -5.432438
v 1.199890 1.445152 -5.433425
v 1.208548 1.564806 -6.528718
v 1.199890 1.445152 -7.623968
v 0.844251 1.436494 -6.528547
v 2.291460 2.371570 8.719651
v 2.294057 2.247014 8.386484
v 2.294057 2.371570 8.052241
v 2.294057 2.586402 8.386484
v 2.294057 2.371570 7.562286
v 2.294057 2.247064 6.485488
v 2.294057 2.371570 5.408589
v 2.294057 2.586402 6.485437
v 2.291997 2.371743 -8.729213
v 2.294594 2.586575 -8.424732
v 2.297845 2.372746 -8.119129
v 2.338941 2.247972 -8.425122
v 2.298519 2.372731 -7.630194
v 2.295159 2.586711 -6.528650
v 2.298409 2.372882 -5.426824
v 2.384074 2.248604 -6.528437
v 2.293247 2.371920 4.910021
v 2.243601 2.270726 4.548973
v 2.290485 2.374108 4.189105
v 2.293247 2.587086 4.550979
v 2.321059 2.379888 -4.101331
v 2.366072 2.591755 -4.106377
v 2.407111 2.382769 -4.097719
v 2.364283 2.374111 -3.075349
v 2.295575 2.368745 -3.079219
v 2.319449 2.370353 -0.025847
v 2.295543 2.368690 3.027401
v 2.195425 2.292646 -0.025858
v 2.290919 2.374355 -4.235961
v 2.288380 2.271610 -4.579667
v 2.297148 2.372926 -4.925040
v 2.293787 2.587463 -4.582029
v 2.321069 2.379867 4.049593
v 2.364283 2.374111 3.023681
v 2.407111 2.382769 4.046051
v 2.366072 2.591755 4.054709
v 1.015670 4.414959 8.848024
v 0.458631 4.660366 8.848024
v -0.097332 4.414959 8.845426
v 0.458631 4.359674 8.848024
v 1.353095 4.414959 8.848024
v 1.749558 4.359674 8.848024
v 2.144945 4.414959 8.845426
v 1.749558 4.660366 8.848024
v 1.211146 4.660366 8.848024
v 1.353095 5.367199 8.848024
v 1.211146 6.074033 8.848024
v 1.015670 5.367199 8.848024
v 2.283667 4.660366 8.837633
v 2.291460 5.367199 8.719651
v 2.283667 6.074033 8.837633
v 2.144945 5.367199 8.845426
v 2.291460 4.414959 8.719651
v 2.294057 4.359674 8.386484
v 2.294057 4.414959 8.052241
v 2.294057 4.660366 8.386484
v 2.294057 4.660366 7.931031
v 2.294057 5.367199 7.562286
v 2.294057 6.074033 7.931031
v 2.294057 5.367199 8.052241
v 2.294057 4.414959 7.562286
v 2.294057 4.359674 6.485437
v 2.294057 4.414959 5.408589
v 2.294057 4.660366 6.485437
v 2.294057 4.660366 -8.007528
v 2.294057 5.367199 -8.119176
v 2.294057 6.074033 -8.007528
v 2.294057 5.367199 -7.630474
v 2.294057 4.414959 -7.630474
v 2.294057 4.660366 -6.528697
v 2.294057 4.414959 -5.426918
v 2.294057 4.359674 -6.528697
v 2.294057 4.414959 -8.119176
v 2.294057 4.359674 -8.424732
v 2.291460 4.414959 -8.729213
v 2.294057 4.660366 -8.424732
v 2.283667 4.660366 -8.837633
v 2.144945 5.367199 -8.845426
v 2.283667 6.074033 -8.837633
v 2.291460 5.367199 -8.729213
v 2.144945 4.414959 -8.845426
v 1.749558 4.359674 -8.848024
v 1.353095 4.414959 -8.848024
v 1.749558 4.660366 -8.848024
v 1.015670 4.414959 -8.848024
v 0.458631 4.359674 -8.848024
v -0.097332 4.414959 -8.845426
v 0.458631 4.660366 -8.848024
v 1.211146 4.660366 -8.848024
v 1.015670 5.367199 -8.848024
v 1.211146 6.074033 -8.848024
v 1.353095 5.367199 -8.848024
v 2.294057 4.660366 5.039844
v 2.294057 5.367199 4.909676
v 2.294057 6.074033 5.039844
v 2.294057 5.367199 5.408589
v 2.294057 4.414959 4.909676
v 2.294057 4.359744 4.548628
v 2.294057 4.414959 4.187440
v 2.294057 4.660366 4.548558
v 1.008331 4.426191 7.919824
v 0.455251 4.417533 7.556910
v -0.099032 4.422567 7.923564
v 0.455347 4.665910 7.928482
v 1.199890 4.666872 7.919776
v 1.009197 5.367223 7.928434
v 1.199890 6.067526 7.919776
v 1.208548 5.367199 7.556645
v 1.199890 4.426215 7.555780
v 1.208548 4.666006 6.485439
v 1.199890 4.426215 5.415096
v 1.009197 4.417557 6.485462
v 1.008355 4.426191 5.051076
v 0.455395 4.665886 5.042417
v -0.098892 4.422522 5.047482
v 0.455371 4.417533 5.414133
v 1.199890 4.666872 5.051100
v 1.208548 5.367199 5.414230
v 1.199890 6.067526 5.051100
v 1.009221 5.367199 5.042442
v 2.294057 4.660366 4.057272
v 2.294057 5.367199 3.029149
v 2.294057 6.074033 4.057272
v 2.294057 5.367199 4.187440
v 2.294057 4.414959 3.029149
v 2.294057 4.360404 -0.025794
v 2.294057 4.414959 -3.080816
v 2.294057 4.660366 -0.025833
v 2.294057 4.660366 -4.108939
v 2.294057 5.367199 -4.233902
v 2.294057 6.074033 -4.108939
v 2.294057 5.367199 -3.080816
v 2.294057 4.414959 -4.233902
v 2.294057 4.359744 -4.579471
v 2.294057 4.414959 -4.924902
v 2.294057 4.660366 -4.579402
v 1.008331 4.426191 4.046065
v 0.455251 4.417533 3.023774
v -0.099032 4.422567 4.049805
v 0.455347 4.665910 4.054723
v 1.199890 4.666872 4.046017
v 1.009197 5.367223 4.054675
v 1.199890 6.067526 4.046017
v 1.208548 5.367199 3.023509
v 1.199890 4.426215 3.022643
v 1.208548 4.666006 -0.025834
v 1.199890 4.426215 -3.074310
v 1.009197 4.417557 -0.025809
v 1.008355 4.426191 -4.097708
v 0.455395 4.665886 -4.106367
v -0.098892 4.422522 -4.101301
v 0.455371 4.417533 -3.075272
v 1.199890 4.666872 -4.097684
v 1.208548 5.367199 -3.075176
v 1.199890 6.067526 -4.097684
v 1.009221 5.367199 -4.106342
v 2.294057 4.660366 -5.049864
v 2.294057 5.367199 -5.426918
v 2.294057 6.074033 -5.049864
v 2.294057 5.367199 -4.924901
v 1.008355 4.426191 -7.996298
v 0.455395 4.665886 -8.004956
v -0.098892 4.422522 -7.999891
v 0.455371 4.417533 -7.624930
v 1.199890 4.426215 -7.623968
v 1.009197 4.417557 -6.528672
v 1.199890 4.426215 -5.433425
v 1.208548 4.666006 -6.528696
v 1.199890 4.666872 -7.996273
v 1.208548 5.367199 -7.624833
v 1.199890 6.067526 -7.996273
v 1.009221 5.367199 -8.004931
v 1.008331 4.426191 -5.061071
v 0.455251 4.417533 -5.432294
v -0.099032 4.422567 -5.057331
v 0.455347 4.665910 -5.052413
v 1.199890 4.666872 -5.061120
v 1.009197 5.367223 -5.052461
v 1.199890 6.067526 -5.061120
v 1.208548 5.367199 -5.432559
v 1.015670 6.319440 8.848024
v 0.458630 6.390690 8.848024
v -0.097332 6.319440 8.845426
v 0.458631 6.074033 8.848024
v 1.353095 6.319440 8.848024
v 1.749558 6.074033 8.848024
v 2.144945 6.319440 8.845426
v 1.749558 6.390690 8.848024
v 1.211146 6.390690 8.848024
v 1.353095 6.575054 8.848024
v 1.211146 6.759418 8.848024
v 1.015669 6.575055 8.848024
v 2.283667 6.390690 8.837633
v 2.291460 6.575054 8.719651
v 2.283667 6.759418 8.837633
v 2.144945 6.575054 8.845426
v 2.291460 6.319440 8.719651
v 2.294057 6.074033 8.386484
v 2.294057 6.319440 8.052241
v 2.294057 6.390690 8.386484
v 2.294057 6.390690 7.931031
v 2.294057 6.575054 7.562286
v 2.294057 6.759418 7.931031
v 2.294057 6.575054 8.052241
v 2.294057 6.319440 7.562286
v 2.294057 6.074033 6.485437
v 2.294057 6.319440 5.408589
v 2.294057 6.390690 6.485437
v 1.008331 6.308232 7.919800
v 0.455251 6.068656 7.928458
v -0.099032 6.311972 7.923424
v 0.455347 6.316890 7.556741
v 1.199890 6.308184 7.555780
v 1.009197 6.316842 6.485414
v 1.199890 6.308184 5.415096
v 1.208548 6.068392 6.485438
v 1.008355 6.308209 -7.996298
v 0.455395 6.316866 -7.624954
v -0.098892 6.311802 -7.999967
v 0.455395 6.068512 -8.004956
v 1.199890 6.308184 -7.623968
v 1.208548 6.068392 -6.528696
v 1.199890 6.308184 -5.433425
v 1.009221 6.316842 -6.528696
v 2.294057 6.390690 -8.007528
v 2.294057 6.575054 -8.119176
v 2.294057 6.759418 -8.007528
v 2.294057 6.575054 -7.630474
v 2.294057 6.319440 -7.630474
v 2.294057 6.390690 -6.528697
v 2.294057 6.319440 -5.426918
v 2.294057 6.074033 -6.528697
v 2.294057 6.319440 -8.119176
v 2.294057 6.074033 -8.424732
v 2.291460 6.319440 -8.729213
v 2.294057 6.390690 -8.424732
v 2.283667 6.390690 -8.837633
v 2.144945 6.575054 -8.845426
v 2.283667 6.759418 -8.837633
v 2.291460 6.575054 -8.729213
v 2.144945 6.319440 -8.845426
v 1.749558 6.074033 -8.848024
v 1.353095 6.319440 -8.848024
v 1.749558 6.390690 -8.848024
v 1.015670 6.319440 -8.848024
v 0.458631 6.074033 -8.848024
v -0.097332 6.319440 -8.845426
v 0.458634 6.390688 -8.848024
v 1.211146 6.390690 -8.848024
v 1.015673 6.575052 -8.848024
v 1.211146 6.759418 -8.848024
v 1.353095 6.575054 -8.848024
v 2.294057 6.390690 5.039844
v 2.294057 6.575054 4.909676
v 2.294057 6.759418 5.039844
v 2.294057 6.575054 5.408589
v 2.294057 6.319440 4.909676
v 2.294057 6.074033 4.548558
v 2.294057 6.319440 4.187440
v 2.294057 6.390690 4.548558
v 1.008331 6.308209 5.051052
v 0.455251 6.316866 5.413965
v -0.099032 6.311846 5.047299
v 0.455371 6.068512 5.042393
v 1.008331 6.308232 4.046041
v 0.455251 6.068656 4.054699
v -0.099032 6.312016 4.049634
v 0.455347 6.316890 3.023605
v 1.199890 6.308184 3.022643
v 1.009197 6.316842 -0.025858
v 1.199890 6.308184 -3.074310
v 1.208548 6.068392 -0.025834
v 2.294057 6.390690 4.057272
v 2.294057 6.575054 3.029149
v -2.279632 -1.422478 8.386667
v -0.536258 -1.423374 8.837725
v -1.944253 0.003639 8.837728
v 1.211146 -1.433897 8.386484
v 1.749558 -1.423507 8.837633
v 1.211146 0.003043 8.848023
v 1.211353 1.900548 8.848023
v -0.195718 1.433943 8.848023
v 1.749558 1.433897 8.848023
v -1.375327 1.684111 8.837570
v -1.614482 1.431857 8.388166
v 2.283667 -1.423507 8.386484
v 2.283667 0.003043 8.837633
v 2.283667 1.902733 8.837633
v 2.294057 1.433897 8.386484
v 0.024140 2.143396 8.837754
v -1.156230 1.931889 8.389606
v 1.136360 2.381571 8.837690
v 1.190925 2.369728 8.389919
v 1.749834 2.371664 8.848023
v 1.211453 3.203046 8.848023
v 1.134663 2.381551 7.941489
v 1.200949 3.199861 7.920552
v 1.211146 2.371570 6.485437
v 1.200852 1.903202 7.920463
v 0.022460 2.143018 7.941578
v -1.374433 1.685376 7.941348
v 0.463251 4.031428 8.848023
v 1.749558 4.031453 8.848023
v 1.211146 4.223206 8.848023
v 2.283667 4.223206 8.837633
v 2.283667 3.201511 8.837633
v 2.294057 4.031453 8.386484
v 2.294057 4.223206 7.931031
v 2.294057 3.201511 7.931031
v 2.294057 4.031453 6.485437
v -1.375327 1.684111 -8.837570
v -0.195705 1.433932 -8.848023
v -1.944241 0.003628 -8.837728
v -1.614476 1.431879 -8.426392
v 1.211287 1.900204 -8.848023
v 1.751802 1.433897 -8.848023
v 1.211146 0.003043 -8.848023
v 1.211146 -1.433897 -8.424732
v -0.536258 -1.423374 -8.837725
v 1.753437 -1.423440 -8.837847
v -2.279632 -1.422478 -8.424916
v 2.287343 1.902733 -8.839655
v 2.629889 1.433343 -8.427674
v 2.290998 0.003178 -8.841636
v 2.620273 -1.423460 -8.426311
v -2.279504 -1.422376 6.485437
v -0.536965 -1.433897 7.931031
v -1.955151 0.003165 7.931379
v 1.211146 -1.433897 6.485437
v 1.749558 -1.433897 7.931031
v 2.283667 -1.423507 6.485437
v 2.294057 0.003043 7.931031
v 2.294057 1.902733 7.931031
v 2.294057 1.434098 6.485638
v -0.197730 1.444133 7.920824
v -1.610820 1.424739 6.485120
v 1.134717 2.381551 -8.018055
v 1.190925 2.369728 -8.428167
v 0.022499 2.143123 -8.017998
v 1.200949 1.903382 -7.997049
v 1.211146 2.371570 -6.528697
v 1.200949 3.199924 -7.996959
v -1.374433 1.685376 -8.017845
v -1.156230 1.931889 -8.427698
v 1.136307 2.381571 -8.837758
v 1.211360 3.202953 -8.848023
v 1.749832 2.371481 -8.848023
v 0.024041 2.143153 -8.837675
v -2.279504 -1.422376 -6.528696
v -1.955185 0.003020 -8.007719
v -0.536965 -1.433897 -8.007528
v -1.610716 1.424648 -6.528045
v -0.197605 1.444133 -7.997183
v 1.211146 -1.433897 -6.528696
v 2.083202 -1.433897 -8.007564
v 2.959990 -1.423531 -6.528661
v 2.965502 0.002601 -8.005841
v 2.629389 1.903072 -8.006718
v 2.965841 1.432333 -6.528912
v 2.294057 4.223206 -8.007528
v 2.294057 4.031453 -6.528696
v 2.294057 3.201511 -8.007528
v 2.294057 4.031453 -8.424732
v 2.283667 4.223206 -8.837633
v 2.283667 3.201511 -8.837633
v 1.749558 4.031453 -8.848023
v 0.463276 4.031418 -8.848023
v 1.211146 4.223206 -8.848023
v 1.200756 1.444286 6.485437
v 1.200558 1.900775 5.050324
v -0.149261 1.442765 5.049597
v -1.611152 1.426064 4.548586
v -1.955326 0.002422 5.039862
v -2.279504 -1.422376 4.548558
v -0.536965 -1.433897 5.039844
v 1.211146 -1.433897 4.548558
v 1.749558 -1.433897 5.039844
v 2.281637 -1.422953 4.548558
v 2.291720 0.003799 5.040426
v 2.291720 1.904407 5.040627
v 1.927117 1.609210 4.548951
v 2.294057 4.223206 5.039844
v 2.294057 3.201511 5.039844
v 2.294057 4.031697 4.550406
v 0.460951 4.021228 7.920738
v 1.200756 4.021063 6.485437
v 0.461028 4.021146 5.050042
v 1.200558 3.200314 5.050413
v -0.149261 1.442765 4.047520
v -1.610805 1.424645 -0.025773
v -1.955316 0.002465 4.057343
v 1.200072 1.899934 4.046703
v 1.200756 1.444286 -0.025834
v 1.200558 1.900775 -4.098460
v -0.149261 1.442765 -4.099187
v -1.611152 1.426064 -4.579374
v -1.955326 0.002422 -4.108922
v -2.279504 -1.422376 -0.025833
v -0.536965 -1.433897 4.057272
v -2.279504 -1.422376 -4.579402
v -0.536965 -1.433897 -4.108939
v 1.211146 -1.433897 -4.579402
v 1.749604 -1.433897 -4.108835
v 1.211146 -1.433897 -0.025833
v 1.748149 -1.433897 4.057272
v 2.617487 -1.423039 -4.579389
v 1.927818 0.179070 -4.106350
v 2.279539 -1.422427 -0.025629
v 1.924393 0.178945 4.056834
v 1.925291 2.078982 4.056382
v 1.559566 1.784923 -0.025058
v 1.926936 2.079325 -4.107345
v 2.262293 1.609955 -4.579301
v 2.366424 4.021256 4.047075
v 2.304061 4.041718 -0.025678
v 2.294057 4.224833 4.057672
v 2.304030 3.201720 4.067535
v 2.366424 4.021256 -4.098743
v 2.304030 3.202024 -4.119169
v 2.294057 4.031854 -4.581029
v 2.294057 4.225054 -4.109184
v 0.460951 4.021228 4.046979
v 1.200756 4.021063 -0.025834
v 1.200558 3.200251 4.046793
v 0.461028 4.021146 -4.098742
v 1.200558 3.200314 -4.098370
v 1.124946 2.381942 5.029896
v 1.157409 2.359637 4.549136
v -0.416335 1.584372 4.548645
v 1.124893 2.381942 4.067153
v 1.211146 2.371570 -0.025834
v -0.536965 -1.433897 -5.049863
v -1.955316 0.002465 -5.049793
v -0.149261 1.442765 -5.059616
v 2.083823 -1.433897 -5.049839
v 2.964646 0.003362 -5.052276
v 2.627162 1.904994 -5.050827
v 2.294057 4.223206 -5.049863
v 2.294057 3.201511 -5.049863
v 1.124946 2.381942 -4.118888
v 1.157409 2.359637 -4.578824
v -0.416335 1.584372 -4.579315
v 1.124893 2.381942 -5.039983
v 1.200558 3.200251 -5.060343
v 1.200072 1.899934 -5.060433
v 0.461124 4.021146 -7.997235
v 1.200756 4.021063 -6.528696
v 0.460951 4.021228 -5.060157
v 1.200756 1.444286 -6.528696
v 2.294057 2.371570 8.386484
v 2.294057 2.371570 6.485437
v 2.296206 2.372264 -8.424732
v 2.298464 2.372806 -6.528509
v 2.290816 2.372972 4.549937
v 2.365174 2.381736 -4.098688
v 2.295428 2.366705 -0.025888
v 2.292979 2.373587 -4.580890
v 2.365174 2.381736 4.047020
v 0.458631 4.414959 8.848023
v 1.749558 4.414959 8.848023
v 1.211146 5.367199 8.848023
v 2.283667 5.367199 8.837633
v 2.294057 4.414959 8.386484
v 2.294057 5.367199 7.931031
v 2.294057 4.414959 6.485437
v 2.294057 5.367199 -8.007528
v 2.294057 4.414959 -6.528696
v 2.294057 4.414959 -8.424732
v 2.283667 5.367199 -8.837633
v 1.749558 4.414959 -8.848023
v 0.458631 4.414959 -8.848023
v 1.211146 5.367199 -8.848023
v 2.294057 5.367199 5.039844
v 2.294057 4.414959 4.548558
v 0.455299 4.425253 7.920834
v 1.200756 5.367199 7.920642
v 1.200756 4.425349 6.485437
v 0.455395 4.425253 5.050138
v 1.200756 5.367199 5.050234
v 2.294057 5.367199 4.057272
v 2.294057 4.414959 -0.025833
v 2.294057 5.367199 -4.108939
v 2.294057 4.414959 -4.579402
v 0.455299 4.425253 4.047075
v 1.200756 5.367199 4.046882
v 1.200756 4.425349 -0.025834
v 0.455395 4.425253 -4.098646
v 1.200756 5.367199 -4.098550
v 2.294057 5.367199 -5.049863
v 0.455395 4.425253 -7.997235
v 1.200756 4.425349 -6.528696
v 1.200756 5.367199 -7.997139
v 0.455299 4.425253 -5.060061
v 1.200756 5.367199 -5.060253
v 0.458631 6.319440 8.848023
v 1.749558 6.319440 8.848023
v 1.211146 6.575054 8.848023
v 2.283667 6.575054 8.837633
v 2.294057 6.319440 8.386484
v 2.294057 6.575054 7.931031
v 2.294057 6.319440 6.485437
v 0.455299 6.309242 7.920738
v 1.200756 6.309050 6.485437
v 0.455395 6.309146 -7.997235
v 1.200756 6.309050 -6.528696
v 2.294057 6.575054 -8.007528
v 2.294057 6.319440 -6.528696
v 2.294057 6.319440 -8.424732
v 2.283667 6.575054 -8.837633
v 1.749558 6.319440 -8.848023
v 0.458631 6.319440 -8.848023
v 1.211146 6.575054 -8.848023
v 2.294057 6.575054 5.039844
v 2.294057 6.319440 4.548558
v 0.455299 6.309146 5.050042
v 0.455299 6.309242 4.046979
v 1.200756 6.309050 -0.025834
v 2.294057 6.575054 4.057272
v 2.294057 6.319440 -0.025833
v 2.294057 6.575054 -4.108939
v 2.294057 6.319440 -4.579402
v 0.455299 6.309146 -4.098742
v 2.294057 6.575054 -5.049863
v 0.455299 6.309242 -5.060157
v 0.461691 6.830692 8.848023
v 1.749558 6.830668 8.848023
v 1.211146 7.983207 8.848023
v 2.283667 7.983207 8.837633
v 2.294057 6.830668 8.386484
v 2.294057 7.983207 7.931031
v 2.294057 6.830668 6.485437
v 2.294057 7.983207 -8.007528
v 2.294057 6.830668 -6.528696
v 2.294057 6.830668 -8.424732
v 2.283667 7.983207 -8.837633
v 1.749558 6.830668 -8.848023
v 0.461705 6.830682 -8.848023
v 1.211146 7.983207 -8.848023
v 2.294057 7.983207 5.039844
v 2.294057 6.830668 4.548558
v 0.459162 6.840971 7.920834
v 1.200756 7.983207 7.920642
v 1.200756 6.841058 6.485437
v 0.459258 6.840971 5.050138
v 1.200756 7.983207 5.050234
v 2.294057 7.983207 4.057272
v 2.294057 6.830668 -0.025833
v 2.294057 7.983207 -4.108939
v 2.294057 6.830668 -4.579402
v 0.459162 6.840971 4.047075
v 1.200756 7.983207 4.046882
v 1.200756 6.841058 -0.025834
v 0.459258 6.840971 -4.098646
v 1.200756 7.983207 -4.098550
v 2.294057 7.983207 -5.049863
v 0.459258 6.840971 -7.997235
v 1.200756 6.841058 -6.528696
v 1.200756 7.983207 -7.997139
v 0.459162 6.840971 -5.060061
v 1.200756 7.983207 -5.060253
v 1.138792 9.136114 8.848023
v 1.749558 9.135745 8.848023
v 1.211146 9.577235 8.848023
v 2.283667 9.577235 8.837633
v 2.294057 9.135745 8.386484
v 2.294057 9.578147 7.931060
v 2.294057 9.135745 6.485437
v 1.134762 9.125196 7.920594
v 1.200756 9.125355 6.485437
v 1.134478 9.125420 -7.997312
v 1.200756 9.125355 -6.528696
v 2.294057 9.578138 -8.007553
v 2.294057 9.135745 -6.528696
v 2.294057 9.135745 -8.424732
v 2.283667 9.577235 -8.837633
v 1.749558 9.135745 -8.848023
v 1.139057 9.135887 -8.848023
v 1.211146 9.577235 -8.848023
v 2.294057 10.034967 5.039844
v 2.294057 9.135745 4.548558
v 1.134478 9.125420 5.050061
v 1.137111 9.125468 4.047125
v 1.200756 9.125355 -0.025834
v 2.294057 9.879165 4.057247
v 2.294057 9.135745 -0.025833
v 2.294057 9.879188 -4.108909
v 2.294057 9.135745 -4.579402
v 1.137223 9.125293 -4.098782
v 2.294057 10.034927 -5.049862
v 1.134762 9.125196 -5.060301
v 1.138394 10.014422 8.837633
v 1.749558 10.014422 8.837633
v 1.211101 10.024812 8.386528
v 2.283672 10.014403 8.386538
v 2.283693 10.474531 6.485572
v 1.749602 10.027070 7.931331
v 1.138350 10.027069 7.931338
v 1.210960 10.485442 6.485530
v 2.283678 10.474549 -6.528847
v 2.283672 10.014409 -8.424780
v 1.749600 10.027010 -8.007898
v 1.138351 10.027009 -8.007905
v 1.211103 10.485372 -6.529017
v 1.211146 10.024812 -8.424817
v 1.749558 10.014422 -8.837633
v 1.138394 10.014422 -8.837633
v 2.283677 10.775506 4.548414
v 1.749790 10.941470 5.039670
v 1.138208 10.941460 5.039681
v 1.211100 10.786370 4.548248
v 2.283676 10.616386 -0.025827
v 1.749601 10.629097 4.056870
v 1.144077 10.629110 4.056909
v 1.211096 10.626810 -0.025875
v 2.283693 10.775461 -4.579268
v 1.749608 10.629205 -4.108602
v 1.144120 10.629210 -4.108556
v 1.210956 10.786442 -4.579316
v 1.749795 10.941424 -5.050114
v 1.138204 10.941412 -5.050103
v 0.394847 3.202982 8.837608
v 1.068697 2.377926 8.389459
v 0.395641 3.201703 7.941354
v -0.289581 4.223424 8.837647
v -0.295096 4.033474 8.388305
v -0.289869 4.041718 6.485498
v -0.299970 4.223307 7.931933
v 0.395902 3.201515 -8.018034
v 1.068697 2.377926 -8.427844
v 0.394883 3.202960 -8.837587
v -0.289772 4.041498 -6.528696
v -0.299970 4.223072 -8.008260
v -0.294998 4.033341 -8.426702
v -0.289581 4.223424 -8.837647
v 0.395902 3.201515 5.029338
v 1.068697 2.377926 4.548490
v 0.395641 3.201703 4.067595
v -0.299970 4.223293 5.039269
v -0.295053 4.033554 4.548375
v -0.299970 4.223514 4.058004
v -0.289869 4.041939 -0.025930
v 0.395902 3.201515 -4.119445
v 1.068697 2.377926 -4.579470
v 0.395641 3.201703 -5.039541
v -0.299970 4.223293 -4.109515
v -0.295053 4.033568 -4.579571
v -0.299970 4.223307 -5.048962
v -0.289580 5.367199 8.837633
v -0.299970 4.414559 8.388111
v -0.289869 5.367295 7.941076
v -0.289869 4.404694 6.485690
v -0.289772 5.367043 -8.017794
v -0.299970 4.414559 -8.426359
v -0.289869 4.404694 -6.528443
v -0.289580 5.367199 -8.837633
v -0.289772 5.367043 5.029579
v -0.299970 4.414158 4.548558
v -0.289869 5.367295 4.067317
v -0.289869 4.404694 -0.025581
v -0.289772 5.367043 -4.119205
v -0.299970 4.414158 -4.579401
v -0.289869 5.367295 -5.039819
v -0.289584 6.574934 8.837649
v -0.299970 6.319840 8.388111
v -0.289869 6.329704 6.485498
v -0.299970 6.575003 7.931884
v -0.289772 6.329484 -6.528696
v -0.299970 6.574774 -8.008233
v -0.299970 6.319683 -8.426580
v -0.289570 6.574918 -8.837641
v -0.299970 6.574995 5.039296
v -0.299970 6.320084 4.548338
v -0.299970 6.575224 4.057969
v -0.289869 6.329925 -0.025930
v -0.299970 6.574995 -4.109488
v -0.299970 6.320084 -4.579623
v -0.299970 6.575003 -5.049011
v 0.393354 7.980737 8.838093
v -0.296148 6.829319 8.388216
v 0.393146 7.980086 7.941006
v -0.289869 6.820404 6.485690
v 0.393076 7.980408 -8.017424
v -0.296148 6.829305 -8.426465
v -0.289869 6.820404 -6.528443
v 0.393444 7.980223 -8.837870
v 0.393076 7.980408 5.029950
v -0.296199 6.829019 4.548550
v 0.394763 7.983348 4.067341
v -0.289869 6.820404 -0.025581
v 0.394783 7.983039 -4.119227
v -0.296199 6.829019 -4.579409
v 0.393146 7.980086 -5.039890
v 0.981215 9.146077 8.837876
v 1.044375 9.123854 8.388294
v 1.065974 9.578989 8.848023
v 0.979835 9.135745 7.930524
v 1.064762 9.135745 6.485217
v 0.979854 9.135745 -8.007024
v 1.044271 9.123677 -8.426241
v 1.064762 9.135745 -6.528917
v 0.981215 9.146077 -8.837876
v 1.065987 9.579003 -8.848023
v 0.561751 9.137460 5.040668
v 1.054613 9.130473 4.549222
v 1.157425 9.377633 4.056628
v 1.082726 9.147641 -0.025823
v 1.157084 9.377228 -4.108229
v 1.054476 9.130241 -4.580205
v 0.561822 9.137522 -5.050648
v 0.984573 10.014422 8.837633
v 1.065598 10.024812 8.386528
v 0.983418 10.027075 7.931348
v 1.065456 10.485442 6.485530
v 0.983456 10.027027 -8.007840
v 1.065599 10.485372 -6.529017
v 1.065642 10.024812 -8.424817
v 0.984573 10.014422 -8.837633
v 0.563786 10.939798 5.040405
v 1.074725 10.780067 4.548369
v 1.157994 10.385110 4.056106
v 1.083459 10.614606 -0.025821
v 1.157962 10.385078 -4.107889
v 1.074585 10.780108 -4.579418
v 0.563925 10.939727 -5.050538
v 2.429171 3.201511 -4.098550
v 2.429171 2.381959 -0.025834
v 2.429171 3.201511 4.046882
v 2.429171 4.021063 -0.025834
v 0.482132 9.145981 6.486109
v 0.907820 9.146130 8.386527
v 0.895313 9.581388 7.931303
v 0.907808 9.580278 8.837633
v 0.907783 10.014433 8.386540
v 0.481646 10.474797 6.486374
v 0.907808 9.580278 -8.837633
v 0.907824 9.146131 -8.424777
v 0.481989 9.145984 -6.529325
v 0.895357 9.581376 -8.007781
v 0.481649 10.474822 -6.529659
v 0.907795 10.014444 -8.424786
v 0.656374 9.381965 4.547231
v 0.054124 10.038388 5.042508
v 0.654728 10.540180 4.547619
v 0.656001 9.381638 -4.578419
v 1.251363 9.618800 -0.025914
v 1.247951 9.881417 -4.105790
v 1.248363 9.882073 4.054151
v 1.251343 10.143914 -0.025658
v 0.654763 10.540253 -4.578508
v 0.054164 10.038477 -5.052741
v -0.368542 0.003193 8.848023
v 1.749558 0.003043 8.848023
v 0.023986 2.153509 8.389805
v 1.749563 10.024812 8.386524
v -0.368529 0.003183 -8.848023
v 1.751750 0.003111 -8.848023
v -0.537070 -1.433897 8.386575
v 1.749558 -1.433897 8.386483
v 2.294057 0.003043 8.386484
v -1.954986 0.003866 8.386874
v 0.023986 2.153509 -8.427897
v -1.954981 0.003888 -8.425099
v -0.537070 -1.433897 -8.424824
v 1.916930 -1.433897 -8.424980
v 2.632482 0.002869 -8.427446
v 1.749605 10.024812 -8.424813
v -0.204608 1.433897 6.484983
v -1.955341 0.002363 6.485575
v -0.536965 -1.433897 6.485437
v 1.749558 -1.433897 6.485437
v 2.294057 0.003043 6.485437
v 1.749628 10.485450 6.485504
v -0.204571 1.433897 -0.025834
v -1.955363 0.002269 -0.025773
v -0.536965 -1.433897 -0.025833
v 1.748075 -1.433897 -0.025788
v 1.921845 0.180170 -0.025128
v 1.749613 10.626810 -0.025878
v 1.748853 -1.433897 4.548559
v -0.536965 -1.433897 4.548559
v -1.955280 0.002618 4.548586
v 0.380011 1.968168 4.549222
v 1.749754 10.786375 4.548263
v 2.108169 0.091108 4.548834
v -1.955280 0.002618 -4.579374
v -0.536965 -1.433897 -4.579402
v 1.915564 -1.433897 -4.579321
v 2.446347 0.091183 -4.579570
v 1.749634 10.786451 -4.579342
v 0.380011 1.968168 -4.578738
v -1.955362 0.002272 -6.528638
v -0.536965 -1.433897 -6.528696
v 2.087722 -1.433897 -6.528695
v 2.970376 0.002516 -6.528792
v 1.749758 10.485376 -6.529003
v -0.204483 1.433897 -6.528103
v -0.082769 1.790953 8.848023
v -0.084871 1.793461 7.931032
v -1.388498 1.684786 8.389389
v 1.749649 1.902643 8.848023
v 2.294057 1.902733 8.386484
v -0.084774 1.793577 -8.007529
v -0.082925 1.790700 -8.848023
v -1.388498 1.684786 -8.427639
v 2.462847 1.903095 -8.426290
v 1.750862 1.902552 -8.848023
v 2.294057 1.902935 6.485638
v 1.211146 1.905586 6.485348
v 1.922937 2.080195 -0.025659
v 1.211146 1.905586 -0.025923
v -0.038381 1.655797 5.039844
v -0.038669 1.655293 4.057272
v -1.015543 1.508075 4.548558
v 2.108438 1.991664 4.548708
v 2.276740 1.992716 -4.579156
v -0.038381 1.655797 -4.108940
v -0.038669 1.655293 -5.049864
v -1.015543 1.508075 -4.579402
v 2.632089 1.902910 -6.528595
v 1.211146 1.905586 -6.528786
v 1.749743 3.201697 8.848023
v 2.294057 3.201511 8.386484
v 0.382480 3.201944 8.389434
v 2.294057 3.201511 -8.424732
v 1.749651 3.201604 -8.848023
v 0.382578 3.201825 -8.427844
v 2.294057 3.201511 6.485437
v 1.211146 3.198659 6.485527
v 2.439561 3.201511 -0.025834
v 1.211146 3.198659 -0.025744
v 2.294057 3.201751 4.551474
v 0.382523 3.201892 4.548375
v 2.294057 3.202055 -4.582285
v 0.382523 3.201892 -4.579585
v 2.294057 3.201511 -6.528696
v 1.211146 3.198659 -6.528607
v 1.749558 4.223206 8.848023
v 2.294057 4.223206 8.386484
v -0.299970 4.223525 8.387155
v 2.294057 4.223206 -8.424732
v 1.749558 4.223206 -8.848023
v -0.299970 4.223512 -8.425389
v 2.294057 4.223206 6.485437
v -0.299970 4.223206 6.485751
v 2.294057 4.226125 -0.025677
v -0.299970 4.223427 -0.025677
v 2.294057 4.223484 4.548836
v -0.299970 4.223380 4.548559
v 2.294057 4.223484 -4.579679
v -0.299970 4.223394 -4.579388
v 2.294057 4.223206 -6.528696
v -0.299970 4.222985 -6.528539
v 1.749558 5.367199 8.848023
v 2.294057 5.367199 8.386484
v -0.299970 5.367199 8.389182
v 2.294057 5.367199 -8.424732
v 1.749558 5.367199 -8.848023
v -0.299970 5.367043 -8.427651
v 2.294057 5.367199 6.485437
v 1.211146 5.367199 6.485437
v 2.294057 5.367199 -0.025833
v 1.211146 5.367199 -0.025834
v 2.294057 5.367199 4.548558
v -0.299970 5.367043 4.548337
v 2.294057 5.367199 -4.579402
v -0.299970 5.367043 -4.579622
v 2.294057 5.367199 -6.528696
v 1.211146 5.367199 -6.528696
v 1.749558 6.575054 8.848023
v 2.294057 6.575054 8.386484
v -0.299970 6.574879 8.387108
v 2.294057 6.575054 -8.424732
v 1.749558 6.575054 -8.848023
v -0.299970 6.574865 -8.425357
v 2.294057 6.575054 6.485437
v -0.299970 6.575054 6.485751
v 2.294057 6.575054 -0.025833
v -0.299970 6.575276 -0.025677
v 2.294057 6.575054 4.548558
v -0.299970 6.574943 4.548550
v 2.294057 6.575054 -4.579402
v -0.299970 6.574943 -4.579409
v 2.294057 6.575054 -6.528696
v -0.299970 6.574834 -6.528539
v 1.749558 7.983207 8.848023
v 2.294057 7.983207 8.386484
v 0.379612 7.977765 8.389571
v 2.294057 7.983207 -8.424732
v 1.749558 7.983207 -8.848023
v 0.379508 7.977589 -8.427517
v 2.294057 7.983207 6.485437
v 1.211146 7.983207 6.485437
v 2.294057 7.983207 -0.025833
v 1.211146 7.983207 -0.025834
v 2.294057 7.983207 4.548558
v 0.381260 7.980546 4.548733
v 2.294057 7.983207 -4.579402
v 0.381123 7.980315 -4.579716
v 2.294057 7.983207 -6.528696
v 1.211146 7.983207 -6.528696
v 1.749558 9.577235 8.848023
v 2.294057 9.577217 8.386497
v 0.897418 9.580285 8.386549
v 2.294057 9.577223 -8.424742
v 1.749558 9.577235 -8.848023
v 0.897418 9.580296 -8.424786
v 2.294057 9.807049 6.485463
v 0.471431 9.810279 6.486577
v 2.294057 9.878201 -0.025829
v 1.254128 9.881386 -0.025684
v 2.294057 9.957528 4.548532
v 0.650595 9.960456 4.547628
v 2.294057 9.957481 -4.579374
v 0.650266 9.960387 -4.578768
v 2.294057 9.807071 -6.528721
v 0.471433 9.810310 -6.529866
v 1.136481 2.371570 8.389652
v 0.801933 3.204141 8.848023
v 0.799799 3.201267 7.931032
v 1.136481 2.371570 -8.428037
v 0.799972 3.201185 -8.007529
v 0.801958 3.204132 -8.848023
v 1.117527 2.371570 4.548490
v 0.799582 3.201575 5.039844
v 0.799408 3.201657 4.057272
v 1.117527 2.371570 -4.579470
v 0.799582 3.201575 -4.108940
v 0.799408 3.201657 -5.049864
v 0.458630 4.223205 8.848023
v 0.458630 4.223205 -8.848023
v 0.455299 4.031453 6.485341
v 0.455299 4.414959 6.485533
v 0.455299 4.031453 -0.025930
v 0.455299 4.414959 -0.025737
v 0.455395 4.031453 -6.528696
v 0.455299 4.414959 -6.528600
v 0.458631 5.367199 8.848023
v 0.455299 5.367295 7.931032
v 0.455395 5.367199 -8.007529
v 0.458631 5.367199 -8.848023
v 0.455395 5.367199 5.039844
v 0.455299 5.367295 4.057272
v 0.455395 5.367199 -4.108940
v 0.455299 5.367295 -5.049864
v 0.458626 6.575057 8.848023
v 0.458641 6.575047 -8.848023
v 0.455299 6.319440 6.485341
v 0.455299 6.830669 6.485533
v 0.455299 6.319440 -0.025930
v 0.455299 6.830669 -0.025737
v 0.455395 6.319440 -6.528696
v 0.455299 6.830669 -6.528600
v 0.801684 7.983305 8.848023
v 0.798614 7.982960 7.931032
v 0.798486 7.983184 -8.007529
v 0.801936 7.983065 -8.848023
v 0.798486 7.983184 5.039844
v 0.798459 7.983231 4.057272
v 0.798559 7.983056 -4.108940
v 0.798614 7.982960 -5.049864
v 1.138685 9.577527 8.848023
v 1.138349 10.024812 8.386528
v 1.138394 10.024812 -8.424817
v 1.138698 9.577540 -8.848023
v 1.135262 9.135745 6.485217
v 1.138208 10.485442 6.485530
v 1.140438 9.135745 -0.025823
v 1.143999 10.626810 -0.025820
v 1.141279 10.786385 4.548295
v 1.141124 10.786449 -4.579336
v 1.135262 9.135745 -6.528917
v 1.138351 10.485372 -6.529017
v 2.363986 2.371570 -0.025834
v 2.366392 3.201480 -4.108940
v 2.366424 4.031453 -0.025834
v 2.366392 3.201480 4.057272
v 0.977710 9.135745 8.386602
v 0.984614 9.580220 8.848023
v 0.984504 10.024812 8.386554
v 0.977715 9.135745 -8.424854
v 0.984518 10.024812 -8.424808
v 0.984614 9.580220 -8.848023
v 0.771108 9.135745 6.485568
v 0.771166 10.485321 6.485911
v 1.161769 9.381663 -0.025713
v 1.161870 10.380636 -0.026007
v 0.858174 9.256333 4.548218
v 0.860912 10.663857 4.547992
v 0.858109 9.256103 -4.579145
v 0.860975 10.663876 -4.578855
v 0.770961 9.135745 -6.528758
v 0.771170 10.485316 -6.529196
v -2.275552 -1.419248 8.834415
v 1.211146 -1.423507 8.837633
v 1.211146 1.433897 8.848023
v -1.601131 1.433045 8.837651
v 2.280204 -1.420044 8.834170
v 2.283667 1.433897 8.837633
v -1.153727 1.927258 8.833961
v 1.204878 2.370534 8.841358
v 1.197542 2.370156 7.930852
v -1.153651 1.927272 7.945199
v 1.211146 4.031453 8.848023
v 2.283667 4.031453 8.837633
v 2.294057 4.031453 7.931031
v -1.601118 1.433035 -8.837652
v 1.211146 1.433897 -8.848023
v 1.211146 -1.423507 -8.837633
v -2.275552 -1.419248 -8.834415
v 2.291018 1.433897 -8.841677
v 2.288824 -1.419864 -8.837096
v -2.279504 -1.422376 7.931031
v 1.211146 -1.433897 7.931031
v 2.283667 -1.423507 7.931031
v 2.294057 1.433897 7.931031
v -1.604561 1.433421 7.931334
v 1.197607 2.370318 -8.007350
v -1.153727 1.927258 -8.021593
v 1.204773 2.370243 -8.841357
v -1.153651 1.927272 -8.833856
v -2.279504 -1.422376 -8.007528
v -1.604489 1.433306 -8.007594
v 1.211146 -1.433897 -8.007528
v 2.953038 -1.423541 -8.006701
v 2.960700 1.432591 -8.006080
v 2.294057 4.031453 -8.007528
v 2.283667 4.031453 -8.837633
v 1.211146 4.031453 -8.848023
v 1.197293 1.447750 7.917178
v 1.197293 1.447750 5.053697
v -1.564440 1.429984 5.040004
v -2.279504 -1.422376 5.039844
v 1.211146 -1.433897 5.039844
v 2.283667 -1.423507 5.039844
v 2.289383 1.436327 5.041210
v 2.294057 4.031453 5.039844
v 1.197293 4.017600 7.917178
v 1.197293 4.017600 5.053697
v -1.564432 1.430019 4.057184
v 1.197293 1.447750 4.043419
v 1.197293 1.447750 -4.095087
v -1.564440 1.429984 -4.108780
v -2.279504 -1.422376 4.057272
v -2.279504 -1.422376 -4.108939
v 1.211146 -1.433897 -4.108939
v 1.211146 -1.433897 4.057272
v 2.283365 -1.422478 -4.108183
v 2.279606 -1.422399 4.057272
v 1.564639 1.782586 4.056203
v 1.567457 1.783175 -4.105504
v 2.302061 4.031664 4.057785
v 2.302061 4.031966 -4.109151
v 1.197293 4.017600 4.043419
v 1.197293 4.017600 -4.095087
v 1.186590 2.365754 5.041178
v 1.185173 2.364620 4.056323
v -2.279504 -1.422376 -5.049863
v -1.564432 1.430019 -5.049953
v 1.211146 -1.433897 -5.049863
v 2.953854 -1.423554 -5.050579
v 2.957421 1.435288 -5.052688
v 2.294057 4.031453 -5.049863
v 1.186590 2.365754 -4.107606
v 1.185173 2.364620 -5.050813
v 1.197293 4.017600 -7.993676
v 1.197293 4.017600 -5.063717
v 1.197293 1.447750 -5.063717
v 1.197293 1.447750 -7.993676
v 2.283667 2.371570 8.837633
v 2.294057 2.371570 7.931031
v 2.283667 2.371570 -8.837633
v 2.298464 2.372806 -8.007342
v 2.294057 2.371570 5.039844
v 2.295930 2.374794 -4.108983
v 2.295973 2.374710 4.057035
v 2.298464 2.372806 -5.049676
v 1.211146 4.414959 8.848023
v 2.283667 4.414959 8.837633
v 2.294057 4.414959 7.931031
v 2.294057 4.414959 -8.007528
v 2.283667 4.414959 -8.837633
v 1.211146 4.414959 -8.848023
v 2.294057 4.414959 5.039844
v 1.197293 4.428812 7.917178
v 1.197293 4.428812 5.053697
v 2.294057 4.414959 4.057272
v 2.294057 4.414959 -4.108939
v 1.197293 4.428812 4.043419
v 1.197293 4.428812 -4.095087
v 2.294057 4.414959 -5.049863
v 1.197293 4.428812 -7.993676
v 1.197293 4.428812 -5.063717
v 1.211146 6.319439 8.848023
v 2.283667 6.319440 8.837633
v 2.294057 6.319440 7.931031
v 1.197293 6.305586 7.917178
v 1.197293 6.305586 -7.993676
v 2.294057 6.319440 -8.007528
v 2.283667 6.319440 -8.837633
v 1.211146 6.319440 -8.848023
v 2.294057 6.319440 5.039844
v 1.197293 6.305586 5.053697
v 1.197293 6.305586 4.043419
v 2.294057 6.319440 4.057272
v 2.294057 6.319440 -4.108939
v 1.197293 6.305586 -4.095087
v 2.294057 6.319440 -5.049863
v 1.197293 6.305586 -5.063717
v 1.211146 6.830668 8.848023
v 2.283667 6.830668 8.837633
v 2.294057 6.830668 7.931031
v 2.294057 6.830668 -8.007528
v 2.283667 6.830668 -8.837633
v 1.211146 6.830669 -8.848023
v 2.294057 6.830668 5.039844
v 1.197293 6.844522 7.917178
v 1.197293 6.844522 5.053697
v 2.294057 6.830668 4.057272
v 2.294057 6.830668 -4.108939
v 1.197293 6.844522 4.043419
v 1.197293 6.844522 -4.095087
v 2.294057 6.830668 -5.049863
v 1.197293 6.844522 -7.993676
v 1.197293 6.844522 -5.063717
v 1.211146 9.135745 8.848023
v 2.283667 9.135745 8.837633
v 2.294057 9.135745 7.931031
v 1.197293 9.121892 7.917178
v 1.197293 9.121893 -7.993676
v 2.294057 9.135745 -8.007528
v 2.283667 9.135745 -8.837633
v 1.211146 9.135745 -8.848023
v 2.294057 9.135745 5.039844
v 1.197293 9.121893 5.053697
v 1.197293 9.121892 4.043419
v 2.294057 9.135745 4.057272
v 2.294057 9.135745 -4.108939
v 1.197293 9.121893 -4.095087
v 2.294057 9.135745 -5.049863
v 1.197293 9.121892 -5.063717
v 1.211146 10.014422 8.837633
v 2.280204 10.010958 8.834170
v 2.283667 10.016465 7.931228
v 1.211101 10.027069 7.931338
v 2.283667 10.016431 -8.007713
v 1.211103 10.027009 -8.007905
v 2.280204 10.010958 -8.834170
v 1.211146 10.014422 -8.837633
v 2.283714 10.930460 5.039839
v 1.210960 10.941460 5.039680
v 2.283665 10.618502 4.057071
v 1.211100 10.629095 4.056865
v 2.283667 10.618572 -4.108719
v 1.211096 10.629203 -4.108594
v 2.283715 10.930395 -5.049904
v 1.210956 10.941412 -5.050103
v 1.070849 2.382446 8.833898
v 1.070778 2.382446 7.945066
v -0.282501 4.032330 8.837689
v -0.285436 4.032340 7.931402
v 1.070849 2.382446 -8.021655
v 1.070778 2.382446 -8.833989
v -0.285227 4.032179 -8.008035
v -0.282466 4.032309 -8.837668
v 1.070849 2.382446 5.025719
v 1.070778 2.382446 4.071307
v -0.285304 4.032355 5.039387
v -0.285436 4.032506 4.057506
v 1.070849 2.382446 -4.123065
v 1.070778 2.382446 -5.035829
v -0.285304 4.032355 -4.109397
v -0.285436 4.032340 -5.049494
v -0.289580 4.414959 8.837633
v -0.291889 4.414700 7.931368
v -0.291812 4.414523 -8.007663
v -0.289580 4.414959 -8.837633
v -0.291812 4.414523 5.039709
v -0.291889 4.414700 4.057608
v -0.291812 4.414523 -4.109074
v -0.291889 4.414700 -5.049527
v -0.289580 6.319440 8.837633
v -0.291889 6.319776 7.931291
v -0.291812 6.319574 -8.007965
v -0.289580 6.319440 -8.837633
v -0.291889 6.319751 5.039456
v -0.291889 6.319952 4.057406
v -0.291889 6.319751 -4.109328
v -0.291889 6.319776 -5.049604
v -0.284584 6.830163 8.837664
v -0.287290 6.830080 7.931427
v -0.287213 6.829897 -8.007729
v -0.284570 6.830147 -8.837656
v -0.287213 6.829897 5.039644
v -0.287290 6.830080 4.057668
v -0.287213 6.829897 -4.109140
v -0.287290 6.830080 -5.049468
v 1.060508 9.135481 8.840261
v 1.059204 9.126617 7.930357
v 1.059023 9.126875 -8.006967
v 1.060591 9.135081 -8.840084
v 1.059023 9.126875 5.040406
v 1.074508 9.136987 4.057672
v 1.074534 9.136740 -4.109506
v 1.059204 9.126617 -5.050538
v 1.065642 10.014422 8.837633
v 1.065598 10.027069 7.931338
v 1.065600 10.027009 -8.007905
v 1.065642 10.014422 -8.837633
v 1.065456 10.941460 5.039680
v 1.083628 10.616691 4.057002
v 1.083689 10.616766 -4.108659
v 1.065452 10.941412 -5.050103
v 2.425708 2.385423 -4.095087
v 2.425708 2.385423 4.043419
v 2.425708 4.017600 -4.095087
v 2.425708 4.017600 4.043419
v 0.905890 9.146135 7.931198
v 0.911271 9.149599 8.834170
v 0.911271 10.010959 8.834170
v 0.905687 10.016665 7.931299
v 0.911271 9.149599 -8.834170
v 0.905932 9.146135 -8.007692
v 0.905744 10.016630 -8.007786
v 0.911271 10.010958 -8.834170
v 0.067237 9.148598 5.041406
v 0.065719 10.928476 5.041795
v 1.244292 9.615105 -4.106457
v 1.244998 9.615833 4.054470
v 1.244486 10.149275 4.054802
v 1.244396 10.148888 -4.106178
v 0.067345 9.148688 -5.051494
v 0.065867 10.928491 -5.052011
v -0.959445 1.506355 5.030186
v 0.389819 1.961465 5.030522
v -0.410652 1.564798 5.039844
v -0.413674 1.575058 5.029280
v 0.387802 1.959939 4.067259
v -0.959445 1.506355 4.066930
v -0.410581 1.564825 4.057272
v -0.413565 1.575106 4.067923
v -0.959445 1.506355 -4.118597
v 0.389819 1.961465 -4.118262
v -0.410652 1.564798 -4.108940
v -0.413674 1.575058 -4.119503
v 0.387802 1.959939 -5.039877
v -0.959445 1.506355 -5.040206
v -0.410581 1.564825 -5.049864
v -0.413565 1.575106 -5.039213
vt 0.375829 0.999665
vt 0.375829 0.000000
vt 0.391106 0.032511
vt 0.375190 0.999665
vt 0.374665 0.001977
vt 0.501696 0.999659
vt 0.501696 0.000000
vt 0.500000 0.000000
vt 0.501696 0.001811
vt 0.484184 0.032453
vt 0.499476 0.000000
vt 0.499476 0.999659
vt 0.484169 0.249840
vt 0.484194 0.218017
vt 0.516514 0.218016
vt 0.516507 0.249840
vt 0.375000 0.250340
vt 0.374662 0.250000
vt 0.374659 0.248713
vt 0.391138 0.218031
vt 0.391415 0.249878
vt 0.625000 0.999659
vt 0.625341 0.001809
vt 0.607802 0.032467
vt 0.622601 -0.000000
vt 0.622601 0.999659
vt 0.622601 0.250000
vt 0.607825 0.218016
vt 0.625341 0.248719
vt 0.625000 0.250341
vt 0.625000 0.250000
vt 0.625416 0.250000
vt 0.391397 0.250079
vt 0.391158 0.252098
vt 0.375230 0.252099
vt 1.211146 2.371570
vt 0.499029 0.250328
vt 0.483652 0.252081
vt 0.484104 0.250038
vt 0.501738 0.250000
vt 0.503777 0.250000
vt 1.226581 2.371570
vt 0.500000 0.250000
vt 1.211146 2.371570
vt 0.499769 0.250000
vt 1.211146 2.371570
vt 0.499485 0.265040
vt 1.211146 2.371570
vt 0.500000 0.265568
vt 0.500000 0.265040
vt 0.500000 0.265585
vt 0.483704 0.265057
vt 0.483581 0.262954
vt 0.498991 0.264699
vt 1.211146 2.371570
vt 0.375231 0.262941
vt 0.391155 0.262937
vt 0.391357 0.264961
vt 1.213141 2.371570
vt 1.355883 2.371570
vt 1.235212 2.371570
vt 0.501696 0.250000
vt 1.211146 2.371570
vt 0.500000 0.250000
vt 2.273460 2.371570
vt 0.622601 0.250000
vt 2.145121 2.371570
vt 2.291463 2.371570
vt 0.625000 0.250341
vt 2.294057 2.371570
vt 2.294057 2.371570
vt 0.625000 0.264799
vt 2.294057 2.371570
vt 2.294057 2.371570
vt 0.625000 0.265413
vt 2.294057 2.371570
vt 0.376253 0.500000
vt 0.391191 0.531977
vt 0.375000 0.501287
vt 0.125225 0.248713
vt 0.375000 0.499776
vt 0.375935 0.500000
vt 0.125261 0.250000
vt 0.516567 0.500160
vt 0.516578 0.531984
vt 0.484194 0.531983
vt 0.484166 0.500160
vt 0.484285 0.751058
vt 0.484210 0.717575
vt 0.516581 0.717577
vt 0.516600 0.751058
vt 0.375000 0.748027
vt 0.125221 0.001978
vt 0.391145 0.717516
vt 0.375829 0.750221
vt 0.125221 0.000181
vt 0.625000 0.499736
vt 0.874817 0.250000
vt 0.874863 0.248719
vt 0.624369 0.501262
vt 0.608115 0.531976
vt 0.608119 0.500132
vt 0.623183 0.750216
vt 0.608140 0.717543
vt 0.625000 0.748182
vt 0.874861 0.001835
vt 0.625000 0.750139
vt 0.359588 0.000186
vt 0.375844 0.984587
vt 0.391215 0.986938
vt 0.375194 0.985201
vt 0.360201 0.001999
vt 0.359587 0.002009
vt 0.375191 0.984960
vt 0.516532 0.975591
vt 0.516532 0.986932
vt 0.484299 0.986932
vt 0.484300 0.975591
vt 0.625000 0.984587
vt 0.640413 0.001811
vt 0.625000 0.984960
vt 0.625000 0.985201
vt 0.639799 0.001809
vt 0.607788 0.986937
vt 0.622601 0.984587
vt 0.639800 0.250000
vt 0.625000 0.264799
vt 0.638064 0.218015
vt 0.640413 0.248719
vt 0.625000 0.265413
vt 0.640040 0.250000
vt 0.640411 0.250000
vt 0.376207 0.265040
vt 0.359960 0.250000
vt 0.375799 0.265549
vt 0.359960 0.250000
vt 0.359593 0.248433
vt 0.375000 0.265407
vt 0.361962 0.217984
vt 0.360350 0.250000
vt 0.375000 0.264709
vt 1.211146 2.371570
vt 0.498991 0.491131
vt 0.483582 0.492179
vt 0.483715 0.490901
vt 0.500000 0.490603
vt 0.500000 0.489925
vt 1.211146 2.371570
vt 0.500000 0.490906
vt 1.211146 2.371570
vt 0.499485 0.490906
vt 0.391358 0.490958
vt 0.391150 0.492188
vt 0.375230 0.492187
vt 1.211146 2.371570
vt 0.499769 0.500000
vt 1.226210 2.371570
vt 0.501711 0.500000
vt 0.500000 0.500000
vt 0.501780 0.500000
vt 0.484089 0.499975
vt 0.483650 0.498730
vt 0.499029 0.499783
vt 1.211146 2.371570
vt 0.375231 0.498718
vt 0.391163 0.498717
vt 0.391395 0.499948
vt 0.134305 0.002008
vt 0.132887 0.032603
vt 0.133935 0.000181
vt 0.375844 0.758935
vt 0.134305 0.000185
vt 0.134087 0.000178
vt 0.375844 0.759305
vt 0.133876 0.250000
vt 0.375000 0.491125
vt 0.132878 0.217983
vt 0.134309 0.248375
vt 0.134414 0.250000
vt 0.375821 0.490610
vt 0.134094 0.250000
vt 0.376207 0.490906
vt 0.134094 0.250000
vt 0.484228 0.764516
vt 0.484289 0.757892
vt 0.516540 0.757892
vt 0.516212 0.764516
vt 0.623524 0.759305
vt 0.608179 0.757889
vt 0.625000 0.758963
vt 0.866037 0.001804
vt 0.625000 0.759317
vt 0.624128 0.759094
vt 0.865683 0.001807
vt 0.625000 0.490686
vt 0.865504 0.250000
vt 0.866000 0.250000
vt 0.865685 0.248654
vt 0.867112 0.217966
vt 0.866161 0.250000
vt 0.625000 0.491045
vt 0.625000 0.490695
vt 2.294058 2.371570
vt 2.294057 2.371570
vt 2.294057 2.371570
vt 0.625000 0.491065
vt 2.294057 2.371570
vt 2.294057 2.371570
vt 0.625000 0.499775
vt 2.291785 2.371570
vt 2.273278 2.371570
vt 0.622601 0.500000
vt 2.294057 2.371570
vt 2.263958 2.371570
vt 1.211146 2.371570
vt 0.500000 0.500000
vt 1.225710 2.371570
vt 0.501696 0.500000
vt 1.354809 2.371570
vt 1.212986 2.371570
vt 0.499770 0.274543
vt 0.483766 0.274541
vt 0.483705 0.265161
vt 0.482628 0.338255
vt 0.483781 0.328876
vt 0.499711 0.328869
vt 0.286008 0.250000
vt 0.375000 0.338951
vt 0.286133 0.248454
vt 0.375000 0.338371
vt 0.375000 0.337877
vt 0.287010 0.248374
vt 0.391506 0.328921
vt 0.392930 0.338387
vt 0.375844 0.911142
vt 0.286629 0.000185
vt 0.287002 0.000186
vt 0.375844 0.912001
vt 0.295976 0.032578
vt 0.286142 0.002009
vt 0.375194 0.911142
vt 0.516527 0.907299
vt 0.516532 0.920967
vt 0.484300 0.920967
vt 0.484300 0.907299
vt 0.625000 0.911142
vt 0.713858 0.001813
vt 0.625000 0.911629
vt 0.625000 0.912001
vt 0.712998 0.001811
vt 0.607788 0.920975
vt 0.622601 0.911142
vt 0.712586 0.250000
vt 0.625000 0.337978
vt 0.703994 0.218006
vt 0.713940 0.248618
vt 0.625000 0.338781
vt 0.713371 0.250000
vt 0.713800 0.250000
vt 2.294057 2.371570
vt 0.625000 0.337999
vt 2.294057 2.371570
vt 2.294057 2.371570
vt 0.625000 0.338858
vt 2.294057 2.371570
vt 1.211146 2.371570
vt 1.211146 2.371570
vt 1.211146 2.371570
vt 2.294057 2.371570
vt 1.211146 2.371570
vt 1.211146 2.371570
vt 1.211146 2.371570
vt 2.294057 2.371570
vt 0.392928 0.370888
vt 0.391507 0.378784
vt 0.375000 0.371056
vt 0.253944 0.248400
vt 0.254556 0.248442
vt 0.375000 0.370944
vt 0.254636 0.250000
vt 0.375000 0.370364
vt 0.499709 0.378808
vt 0.483781 0.378806
vt 0.482615 0.370976
vt 0.482628 0.433015
vt 0.483781 0.425187
vt 0.499711 0.425185
vt 0.191665 0.250000
vt 0.375000 0.433335
vt 0.191707 0.248454
vt 0.375000 0.433049
vt 0.375000 0.432838
vt 0.192065 0.248374
vt 0.391507 0.425195
vt 0.392930 0.433067
vt 0.375194 0.879543
vt 0.254543 0.002009
vt 0.246276 0.032580
vt 0.253944 0.000186
vt 0.375844 0.878944
vt 0.375844 0.879543
vt 0.254010 0.000186
vt 0.191711 0.000186
vt 0.375844 0.816711
vt 0.191951 0.000186
vt 0.192063 0.000186
vt 0.375844 0.817063
vt 0.199758 0.032577
vt 0.191712 0.002002
vt 0.516571 0.814893
vt 0.516499 0.824754
vt 0.484300 0.824754
vt 0.484300 0.814893
vt 0.484300 0.883418
vt 0.484300 0.871284
vt 0.516490 0.871284
vt 0.516496 0.883418
vt 0.624626 0.816743
vt 0.808157 0.001965
vt 0.625000 0.816951
vt 0.807932 0.001775
vt 0.624391 0.817068
vt 0.607524 0.824759
vt 0.622982 0.816715
vt 0.622276 0.879543
vt 0.607464 0.871277
vt 0.624388 0.878944
vt 0.746056 0.001784
vt 0.624388 0.879543
vt 0.624389 0.879056
vt 0.745880 0.001847
vt 0.744859 0.250000
vt 0.745944 0.250000
vt 0.625000 0.370002
vt 0.745498 0.248672
vt 0.753732 0.217991
vt 0.625000 0.371061
vt 0.746060 0.250000
vt 0.807758 0.250000
vt 0.625000 0.432925
vt 0.800204 0.217986
vt 0.808207 0.248650
vt 0.625000 0.433510
vt 0.808049 0.250000
vt 0.808411 0.250000
vt 0.500000 0.448531
vt 0.625000 0.371096
vt 2.294057 2.371570
vt 0.625000 0.371052
vt 2.294057 2.371570
vt 2.294057 2.371570
vt 0.625000 0.370420
vt 2.294057 2.371570
vt 0.500000 0.448427
vt 2.294057 2.371570
vt 0.500000 0.448939
vt 0.500000 0.448242
vt 2.294057 2.371570
vt 2.294057 2.371570
vt 2.294057 2.371570
vt 0.625000 0.433307
vt 0.625000 0.432936
vt 2.294057 2.371570
vt 0.625000 0.432897
vt 0.500000 0.490802
vt 0.500000 0.448427
vt 2.294057 2.371570
vt 2.294057 2.371570
vt 0.500000 0.250000
vt 1.211146 2.371570
vt 1.211146 2.371570
vt 2.294057 2.371570
vt 1.211146 2.371569
vt 1.211146 2.371570
vt 1.211146 2.371570
vt 1.211146 2.371570
vt 0.500000 0.250000
vt 2.294057 2.371570
vt 0.497205 0.338984
vt 0.481799 0.342782
vt 0.482403 0.338405
vt 0.500000 0.337835
vt 0.500000 0.336665
vt 1.211146 2.371570
vt 0.500000 0.338371
vt 1.211146 2.371570
vt 2.294057 2.371570
vt 0.500000 0.338371
vt 0.391211 0.338497
vt 0.391543 0.342892
vt 0.375955 0.342881
vt 1.211146 2.371570
vt 0.500000 0.370944
vt 2.294057 2.371570
vt 1.211146 2.371570
vt 0.500000 0.371102
vt 0.500000 0.370944
vt 0.500000 0.371107
vt 0.482277 0.370864
vt 0.481553 0.366478
vt 0.497205 0.370332
vt 2.294057 2.371570
vt 0.375956 0.366433
vt 0.391511 0.366407
vt 0.391209 0.370817
vt 0.176362 0.000185
vt 0.375844 0.801362
vt 0.176573 0.000183
vt 0.176813 0.000186
vt 0.375844 0.801813
vt 0.178623 0.032580
vt 0.176362 0.002009
vt 0.380310 0.448427
vt 0.176573 0.250000
vt 0.176311 0.250000
vt 0.176573 0.250000
vt 0.375806 0.448689
vt 0.176361 0.248400
vt 0.178630 0.217839
vt 0.176878 0.250000
vt 0.375000 0.448141
vt 0.516214 0.796161
vt 0.516544 0.803619
vt 0.484289 0.803619
vt 0.484228 0.796161
vt 0.625000 0.801352
vt 0.823648 0.001808
vt 0.624226 0.801573
vt 0.625000 0.801777
vt 0.823224 0.001799
vt 0.608202 0.803621
vt 0.623524 0.801362
vt 0.823087 0.250000
vt 0.625000 0.448246
vt 0.821392 0.218007
vt 0.823656 0.248609
vt 0.823651 0.250000
vt 0.625000 0.448652
vt 0.823312 0.250000
vt 2.294057 2.371570
vt 0.625000 0.448187
vt 2.294057 2.371570
vt 2.294057 2.371570
vt 2.294057 2.371570
vt 0.625000 0.448638
vt 2.294057 2.371570
vt 0.497205 0.433351
vt 0.481799 0.435139
vt 0.482403 0.433076
vt 0.500000 0.432888
vt 1.211146 2.371570
vt 0.500000 0.433049
vt 0.500000 0.432888
vt 1.211146 2.371570
vt 2.294057 2.371570
vt 0.500000 0.433049
vt 0.391211 0.433111
vt 0.391543 0.435192
vt 0.375955 0.435187
vt 2.294057 2.371570
vt 1.211146 2.371570
vt 0.500000 0.448427
vt 0.500000 0.448726
vt 0.500000 0.448427
vt 1.211146 2.371570
vt 0.500000 0.448736
vt 0.482277 0.448411
vt 0.481553 0.446313
vt 0.497205 0.448125
vt 2.294057 2.371570
vt 0.375956 0.446288
vt 0.391511 0.446275
vt 0.391209 0.448364
vt 1.211146 2.371570
vt 1.211146 2.371570
vt 1.211146 2.371570
vt 0.500000 0.337856
vt 1.211146 2.371570
vt 0.500000 0.265555
vt 1.211146 2.371570
vt 1.211146 2.371570
vt 0.499709 0.453927
vt 0.483781 0.453923
vt 0.482615 0.448493
vt 0.483707 0.490838
vt 0.483768 0.485406
vt 0.499770 0.485406
vt 0.622638 0.250000
vt 2.273278 2.371570
vt 0.607828 0.250037
vt 0.625000 0.250341
vt 2.294057 2.371570
vt 0.625000 0.250000
vt 0.625000 0.250568
vt 2.294057 2.371570
vt 0.625000 0.264803
vt 0.625000 0.263067
vt 0.625000 0.265413
vt 2.294057 2.371570
vt 0.625000 0.265040
vt 0.625000 0.266538
vt 2.294057 2.371570
vt 0.625000 0.499779
vt 0.624746 0.498700
vt 0.622601 0.500000
vt 0.620710 0.500000
vt 2.273278 2.371570
vt 0.625000 0.500000
vt 2.294057 2.371570
vt 0.625000 0.490698
vt 0.625000 0.490906
vt 0.625000 0.490685
vt 0.625000 0.492041
vt 2.294057 2.371570
vt 0.625000 0.491203
vt 2.294057 2.371570
vt 0.625000 0.338004
vt 0.625000 0.328999
vt 0.625000 0.338422
vt 2.294057 2.371570
vt 0.625000 0.338371
vt 0.625000 0.339345
vt 0.500000 0.370863
vt 0.625000 0.432896
vt 0.625000 0.425239
vt 0.625000 0.433298
vt 2.294057 2.371570
vt 0.625000 0.433049
vt 0.625000 0.433384
vt 2.294057 2.371570
vt 0.500000 0.433233
vt 0.500000 0.370944
vt 0.625000 0.433049
vt 2.294057 2.371570
vt 0.625000 0.370944
vt 0.500000 0.338371
vt 0.500000 0.490397
vt 2.294057 2.371570
vt 0.625000 0.370289
vt 0.625000 0.370944
vt 0.625000 0.370453
vt 0.625000 0.378725
vt 0.625000 0.371096
vt 0.500000 0.338452
vt 2.294057 2.371570
vt 0.625000 0.447957
vt 0.625000 0.446496
vt 0.625000 0.448638
vt 2.294057 2.371570
vt 0.625000 0.448427
vt 0.625000 0.449181
vt 0.500000 0.250000
vt 1.211146 2.371570
vt 0.516597 0.250000
vt 0.516612 0.250000
vt 1.211146 2.371570
vt 0.500000 0.250000
vt 0.500000 0.432570
vt 0.607788 0.250043
vt 0.607788 0.250043
vt 0.624700 0.252105
vt 0.624700 0.252105
vt 0.625000 0.263068
vt 0.625000 0.263068
vt 0.625000 0.274409
vt 0.625000 0.274409
vt 0.625000 0.485484
vt 0.625000 0.485484
vt 0.625000 0.492108
vt 0.625000 0.492108
vt 0.624700 0.498714
vt 0.624700 0.498715
vt 0.607788 0.499972
vt 0.607788 0.499972
vt 1.211146 2.371570
vt 0.500000 0.490579
vt 0.500944 0.500000
vt 0.500000 0.500000
vt 0.501696 0.500000
vt 0.516597 0.500000
vt 0.500000 0.500000
vt 1.211146 2.371570
vt 0.625000 0.329033
vt 0.625000 0.329033
vt 0.625000 0.342700
vt 0.625000 0.342701
vt 1.211146 2.371570
vt 0.500000 0.432371
vt 0.500000 0.265040
vt 0.500000 0.274541
vt 1.211146 2.371570
vt 0.500000 0.265567
vt 0.500000 0.337844
vt 1.211146 2.371570
vt 0.500000 0.328870
vt 1.211146 2.371570
vt 0.500000 0.338371
vt 0.500000 0.250000
vt 0.625000 0.366582
vt 0.625000 0.366578
vt 0.625000 0.378715
vt 0.625000 0.378716
vt 0.625000 0.425246
vt 0.625000 0.425246
vt 0.625000 0.435109
vt 0.625000 0.435107
vt 0.500000 0.500000
vt 0.500000 0.265040
vt 0.500000 0.370944
vt 0.500000 0.378808
vt 0.500000 0.500000
vt 0.500000 0.371102
vt 0.500000 0.432891
vt 0.500000 0.500000
vt 0.500000 0.425185
vt 0.500000 0.500000
vt 0.500000 0.433049
vt 0.500000 0.490906
vt 0.625000 0.446381
vt 0.625000 0.446381
vt 0.625000 0.453839
vt 0.625000 0.453839
vt 0.500000 0.337856
vt 0.500000 0.490608
vt 0.500000 0.485407
vt 0.500000 0.338371
vt 0.500000 0.490906
vt 0.500000 0.490443
vt 0.500000 0.265040
vt 0.500000 0.500000
vt 0.500000 0.448427
vt 0.500000 0.453927
vt 0.500000 0.448725
vt 0.500000 0.265555
vt 0.500944 0.250000
vt 0.500000 0.371423
vt 0.516686 0.250000
vt 0.516612 0.250000
vt 0.500000 0.370944
vt 0.500000 0.250000
vt 0.500000 0.338371
vt 0.607788 0.250043
vt 0.607788 0.250043
vt 0.624700 0.252105
vt 0.624700 0.252105
vt 0.625000 0.263068
vt 0.625000 0.263068
vt 0.625000 0.274409
vt 0.625000 0.274409
vt 0.500000 0.370944
vt 0.500000 0.433049
vt 0.500000 0.265567
vt 0.500000 0.274541
vt 0.500000 0.265040
vt 0.500000 0.371622
vt 0.500000 0.490906
vt 0.500000 0.448890
vt 0.500000 0.485407
vt 0.500000 0.448427
vt 0.500000 0.490608
vt 0.500000 0.337856
vt 0.625000 0.485484
vt 0.625000 0.485484
vt 0.625000 0.492108
vt 0.625000 0.492108
vt 0.624700 0.498715
vt 0.624700 0.498715
vt 0.607788 0.499972
vt 0.607788 0.499972
vt 0.500000 0.448427
vt 0.500000 0.370944
vt 0.500000 0.500000
vt 0.516597 0.500000
vt 0.516612 0.500000
vt 0.500000 0.500000
vt 0.500000 0.448755
vt 0.625000 0.329033
vt 0.625000 0.329033
vt 0.625000 0.342701
vt 0.625000 0.342701
vt 0.500000 0.338371
vt 0.500000 0.250000
vt 0.500000 0.328870
vt 0.500000 0.337844
vt 0.500000 0.433049
vt 0.500000 0.250000
vt 0.500000 0.265040
vt 0.500000 0.250000
vt 0.500000 0.371102
vt 0.500000 0.378807
vt 0.500000 0.370944
vt 0.500000 0.265040
vt 0.625000 0.366582
vt 0.625000 0.366582
vt 0.625000 0.378716
vt 0.625000 0.378716
vt 0.625000 0.425246
vt 0.625000 0.425246
vt 0.625000 0.435107
vt 0.625000 0.435107
vt 0.500000 0.433049
vt 0.500000 0.490906
vt 0.500000 0.425185
vt 0.500000 0.432891
vt 0.500000 0.250000
vt 0.500000 0.490906
vt 0.625000 0.446381
vt 0.625000 0.446381
vt 0.625000 0.453839
vt 0.625000 0.453839
vt 0.500000 0.448725
vt 0.500000 0.500000
vt 0.500000 0.265555
vt 0.500000 0.453927
vt 0.500000 0.448427
vt 0.500000 0.500000
vt 0.500000 0.250000
vt 0.500000 0.338371
vt 0.516597 0.250000
vt 0.516609 0.250000
vt 0.500000 0.338371
vt 0.500000 0.250000
vt 0.500000 0.432653
vt 0.607788 0.250043
vt 0.607788 0.250043
vt 0.624700 0.252105
vt 0.624700 0.252105
vt 0.625000 0.263068
vt 0.625000 0.263068
vt 0.625000 0.274409
vt 0.625000 0.274409
vt 0.625000 0.485484
vt 0.625000 0.485484
vt 0.625000 0.492108
vt 0.625000 0.492108
vt 0.624700 0.498715
vt 0.624700 0.498715
vt 0.607788 0.499972
vt 0.607788 0.499972
vt 0.500000 0.370944
vt 0.500000 0.490636
vt 0.500781 0.500000
vt 0.500000 0.500000
vt 0.501696 0.500000
vt 0.516597 0.500000
vt 0.500000 0.500000
vt 0.500000 0.370944
vt 0.625000 0.329033
vt 0.625000 0.329033
vt 0.625000 0.342701
vt 0.625000 0.342700
vt 0.500000 0.448427
vt 0.500000 0.432489
vt 0.500000 0.265040
vt 0.500000 0.274541
vt 0.500000 0.448427
vt 0.500000 0.265567
vt 0.500000 0.337844
vt 0.500000 0.448427
vt 0.500000 0.328870
vt 0.500000 0.448427
vt 0.500000 0.338371
vt 0.500000 0.250000
vt 0.625000 0.366582
vt 0.625000 0.366582
vt 0.625000 0.378716
vt 0.625000 0.378716
vt 0.625000 0.425246
vt 0.625000 0.425246
vt 0.625000 0.435107
vt 0.625000 0.435107
vt 0.500000 0.500000
vt 0.500000 0.265040
vt 0.500000 0.370944
vt 0.500000 0.378808
vt 0.500000 0.500000
vt 0.500000 0.371102
vt 0.500000 0.432891
vt 0.500000 0.500000
vt 0.500000 0.425185
vt 0.500000 0.500000
vt 0.500000 0.433049
vt 0.500000 0.490906
vt 0.625000 0.446381
vt 0.625000 0.446381
vt 0.625000 0.453839
vt 0.625000 0.453839
vt 0.500000 0.337856
vt 0.500000 0.490608
vt 0.500000 0.485407
vt 0.500000 0.338371
vt 0.500000 0.490906
vt 0.500000 0.490523
vt 0.500000 0.265040
vt 0.500000 0.500000
vt 0.500000 0.448427
vt 0.500000 0.453927
vt 0.500000 0.448725
vt 0.500000 0.265555
vt 0.500781 0.250000
vt 0.500000 0.371340
vt 0.516670 0.250000
vt 0.516609 0.250000
vt 0.500000 0.370944
vt 0.500000 0.250000
vt 0.500000 0.338371
vt 0.607788 0.250043
vt 0.607788 0.250043
vt 0.624700 0.252105
vt 0.624700 0.252106
vt 0.625000 0.263068
vt 0.625000 0.263068
vt 0.625000 0.274409
vt 0.625000 0.274409
vt 0.500000 0.370944
vt 0.500000 0.250000
vt 0.500000 0.265567
vt 0.500000 0.274541
vt 0.500000 0.265040
vt 0.500000 0.371504
vt 0.500000 0.490906
vt 0.500000 0.448811
vt 0.500000 0.485407
vt 0.500000 0.448427
vt 0.500000 0.490608
vt 0.500000 0.432613
vt 0.625000 0.485484
vt 0.625000 0.485484
vt 0.625000 0.492108
vt 0.625000 0.492108
vt 0.624700 0.498715
vt 0.624700 0.498715
vt 0.607788 0.499972
vt 0.607788 0.499972
vt 0.500000 0.448427
vt 0.500000 0.500000
vt 0.516597 0.500000
vt 0.516609 0.500000
vt 0.500000 0.500000
vt 0.500000 0.448698
vt 0.625000 0.329033
vt 0.625000 0.329033
vt 0.625000 0.342701
vt 0.625000 0.342701
vt 0.500000 0.338371
vt 0.500000 0.250000
vt 0.500000 0.328870
vt 0.500000 0.337844
vt 0.500000 0.250000
vt 0.500000 0.265040
vt 0.500000 0.499977
vt 0.500000 0.371102
vt 0.500000 0.378807
vt 0.500000 0.370944
vt 0.500000 0.265040
vt 0.625000 0.366582
vt 0.625000 0.366582
vt 0.625000 0.378716
vt 0.625000 0.378716
vt 0.625000 0.425246
vt 0.625000 0.425246
vt 0.625000 0.435107
vt 0.625000 0.435107
vt 0.500000 0.433049
vt 0.500000 0.490906
vt 0.500000 0.425185
vt 0.500000 0.432891
vt 0.500000 0.490929
vt 0.500000 0.490906
vt 0.625000 0.446381
vt 0.625000 0.446381
vt 0.625000 0.453839
vt 0.625000 0.453839
vt 0.500000 0.448725
vt 0.500000 0.500000
vt 0.500000 0.371380
vt 0.500000 0.453927
vt 0.500000 0.448427
vt 0.500000 0.500000
vt 0.500000 0.250000
vt 0.500000 0.338371
vt 0.516597 0.250043
vt 0.516597 0.252102
vt 0.500000 0.338371
vt 0.500000 0.250336
vt 0.500000 0.370944
vt 0.607763 0.252109
vt 0.607763 0.250078
vt 0.624450 0.252109
vt 0.607790 0.274401
vt 0.607790 0.263065
vt 0.624700 0.263067
vt 0.624700 0.274407
vt 0.500000 0.264596
vt 0.500000 0.370944
vt 0.516599 0.263042
vt 0.501716 0.265399
vt 0.500000 0.370944
vt 0.500000 0.265040
vt 0.500000 0.265395
vt 0.500000 0.250074
vt 0.624700 0.485486
vt 0.624700 0.492108
vt 0.607791 0.492110
vt 0.607789 0.485489
vt 0.500000 0.433049
vt 0.500000 0.432751
vt 0.500589 0.490706
vt 0.500000 0.490906
vt 0.501696 0.490705
vt 0.516608 0.492111
vt 0.500000 0.433049
vt 0.500000 0.491065
vt 0.607764 0.498712
vt 0.624450 0.498712
vt 0.607763 0.499949
vt 0.500000 0.499656
vt 0.500000 0.433049
vt 0.516599 0.498704
vt 0.516597 0.499970
vt 0.500000 0.500000
vt 0.500000 0.448427
vt 0.500000 0.433049
vt 0.607801 0.342702
vt 0.607798 0.329034
vt 0.624702 0.329032
vt 0.624701 0.342702
vt 0.500624 0.338005
vt 0.500000 0.264964
vt 0.516673 0.329031
vt 0.501782 0.338858
vt 0.500000 0.264994
vt 0.500377 0.338150
vt 0.500000 0.338851
vt 0.500000 0.337276
vt 0.624700 0.366585
vt 0.624700 0.378717
vt 0.607791 0.378719
vt 0.607789 0.366594
vt 0.500000 0.370040
vt 0.500000 0.370944
vt 0.500000 0.500000
vt 0.500000 0.266096
vt 0.501696 0.370481
vt 0.516613 0.378727
vt 0.500000 0.500000
vt 0.500000 0.371056
vt 0.607790 0.435101
vt 0.607790 0.425244
vt 0.624700 0.425245
vt 0.624700 0.435106
vt 0.500224 0.432937
vt 0.500000 0.500000
vt 0.516623 0.425241
vt 0.501719 0.433279
vt 0.500000 0.500000
vt 0.500000 0.433049
vt 0.500000 0.433276
vt 0.500000 0.266139
vt 0.607801 0.453840
vt 0.607799 0.446382
vt 0.624702 0.446381
vt 0.624701 0.453839
vt 0.500000 0.447975
vt 0.500000 0.337231
vt 0.516609 0.446359
vt 0.501783 0.448639
vt 0.500000 0.448636
vt 0.500000 0.371254
vt 0.500000 0.337725
vt 0.500000 0.448077
vt 1.211146 2.371570
vt 1.211146 2.371570
vt 1.211146 2.371570
vt 1.211146 2.371570
vt 1.211146 2.371570
vt 1.211146 2.371570
vt 0.500000 0.250340
vt 1.211146 2.371570
vt 1.211146 2.371570
vt 1.211146 2.371570
vt 1.211146 2.371570
vt 0.500000 0.250000
vt 1.211146 2.371570
vt 0.500000 0.265557
vt 1.211146 2.371570
vt 1.211146 2.371570
vt 1.211146 2.371570
vt 0.500000 0.264774
vt 0.500000 0.265400
vt 1.211146 2.371570
vt 1.211146 2.371570
vt 1.211146 2.371570
vt 1.211146 2.371570
vt 1.211146 2.371570
vt 1.211146 2.371570
vt 1.211146 2.371570
vt 0.500000 0.490702
vt 1.211146 2.371570
vt 0.500000 0.491081
vt 1.211146 2.371569
vt 1.211146 2.371570
vt 1.211146 2.371570
vt 1.211146 2.371570
vt 0.500000 0.337866
vt 0.500000 0.490613
vt 1.211146 2.371570
vt 0.500000 0.500000
vt 1.211146 2.371570
vt 1.211146 2.371570
vt 1.211146 2.371570
vt 0.500000 0.499776
vt 1.211146 2.371570
vt 2.294057 2.371570
vt 1.211146 2.371570
vt 2.294057 2.371569
vt 1.211146 2.371570
vt 2.294057 2.371570
vt 1.211146 2.371570
vt 2.294057 2.371570
vt 1.211146 2.371570
vt 1.211146 2.371570
vt 0.500000 0.338907
vt 1.211146 2.371570
vt 1.211146 2.371570
vt 2.294057 2.371570
vt 1.211146 2.371570
vt 2.294057 2.371570
vt 1.211146 2.371570
vt 0.500000 0.337864
vt 0.500000 0.337995
vt 1.211146 2.371570
vt 0.500000 0.371057
vt 1.211146 2.371570
vt 2.294057 2.371570
vt 1.211146 2.371570
vt 0.500000 0.371099
vt 0.500000 0.250000
vt 2.294057 2.371570
vt 1.211146 2.371570
vt 1.211146 2.371570
vt 1.211146 2.371570
vt 0.500000 0.370408
vt 1.211146 2.371570
vt 2.294057 2.371570
vt 1.211146 2.371570
vt 2.294057 2.371569
vt 1.211146 2.371570
vt 2.294057 2.371569
vt 1.211146 2.371570
vt 2.294057 2.371569
vt 1.211146 2.371570
vt 1.211146 2.371570
vt 0.500000 0.433313
vt 1.211146 2.371570
vt 1.211146 2.371570
vt 1.211146 2.371570
vt 1.211146 2.371570
vt 0.500000 0.250000
vt 0.500000 0.432897
vt 0.500000 0.432936
vt 1.211146 2.371570
vt 1.211146 2.371570
vt 0.500000 0.448720
vt 0.500000 0.265546
vt 1.211146 2.371570
vt 1.211146 2.371570
vt 1.211146 2.371570
vt 0.500000 0.448162
vt 0.500000 0.448631
vt 1.211146 2.371570
vt 0.500000 0.252096
vt 0.500000 0.252102
vt 1.211146 2.371570
vt 0.500000 0.250000
vt 1.211146 2.371570
vt 0.500000 0.432570
vt 0.500000 0.250000
vt 1.211146 2.371570
vt 0.500000 0.265040
vt 0.500000 0.432384
vt 1.211146 2.371570
vt 0.500000 0.265548
vt 0.500000 0.265040
vt 0.500000 0.265400
vt 0.500000 0.263041
vt 0.500000 0.262968
vt 0.500000 0.492171
vt 0.500000 0.492124
vt 0.500000 0.490693
vt 0.500000 0.337866
vt 0.500000 0.490906
vt 0.500000 0.490613
vt 0.500000 0.338371
vt 0.500000 0.490451
vt 0.500000 0.490906
vt 1.211146 2.371570
vt 0.500000 0.500000
vt 0.500000 0.490579
vt 1.211146 2.371570
vt 0.500000 0.500000
vt 0.500000 0.498717
vt 0.500000 0.498721
vt 0.500000 0.342836
vt 0.500000 0.342732
vt 0.500000 0.329024
vt 1.211146 2.371570
vt 0.500000 0.337854
vt 1.211146 2.371570
vt 0.500000 0.250000
vt 0.500000 0.338371
vt 0.500000 0.500000
vt 0.500000 0.370944
vt 0.500000 0.265040
vt 0.500000 0.500000
vt 0.500000 0.371096
vt 0.500000 0.378713
vt 0.500000 0.366550
vt 0.500000 0.366475
vt 0.500000 0.435167
vt 0.500000 0.435123
vt 0.500000 0.425244
vt 0.500000 0.500000
vt 0.500000 0.432894
vt 0.500000 0.500000
vt 0.500000 0.490906
vt 0.500000 0.433049
vt 0.500000 0.265040
vt 0.500000 0.448427
vt 0.500000 0.500000
vt 0.500000 0.265536
vt 0.500000 0.448714
vt 0.500000 0.448427
vt 0.500000 0.448631
vt 0.500000 0.446361
vt 0.500000 0.446310
vt 0.500000 0.252102
vt 0.500000 0.252096
vt 0.500000 0.371423
vt 0.500000 0.250000
vt 0.500000 0.370944
vt 0.500000 0.338371
vt 0.500000 0.250000
vt 0.500000 0.370944
vt 0.500000 0.265040
vt 0.500000 0.265557
vt 0.500000 0.433049
vt 0.500000 0.371596
vt 0.500000 0.265040
vt 0.500000 0.262968
vt 0.500000 0.263041
vt 0.500000 0.265400
vt 0.500000 0.490702
vt 0.500000 0.492126
vt 0.500000 0.492175
vt 0.500000 0.448882
vt 0.500000 0.490906
vt 0.500000 0.448427
vt 0.500000 0.337866
vt 0.500000 0.490613
vt 0.500000 0.490906
vt 0.500000 0.448427
vt 0.500000 0.500000
vt 0.500000 0.370944
vt 0.500000 0.448755
vt 0.500000 0.500000
vt 0.500000 0.498722
vt 0.500000 0.498717
vt 0.500000 0.342741
vt 0.500000 0.342856
vt 0.500000 0.250000
vt 0.500000 0.338371
vt 0.500000 0.250000
vt 0.500000 0.433049
vt 0.500000 0.337864
vt 0.500000 0.338371
vt 0.500000 0.337995
vt 0.500000 0.371057
vt 0.500000 0.265040
vt 0.500000 0.370944
vt 0.500000 0.371099
vt 0.500000 0.250000
vt 0.500000 0.265040
vt 0.500000 0.370944
vt 0.500000 0.366475
vt 0.500000 0.366549
vt 0.500000 0.435126
vt 0.500000 0.435176
vt 0.500000 0.490906
vt 0.500000 0.433049
vt 0.500000 0.490906
vt 0.500000 0.250000
vt 0.500000 0.432897
vt 0.500000 0.433049
vt 0.500000 0.432936
vt 0.500000 0.500000
vt 0.500000 0.448427
vt 0.500000 0.448720
vt 0.500000 0.265546
vt 0.500000 0.500000
vt 0.500000 0.448427
vt 0.500000 0.446311
vt 0.500000 0.446361
vt 0.500000 0.448631
vt 0.500000 0.252092
vt 0.500000 0.252101
vt 0.500000 0.338371
vt 0.500000 0.250000
vt 0.500000 0.338371
vt 0.500000 0.432651
vt 0.500000 0.250000
vt 0.500000 0.448427
vt 0.500000 0.265040
vt 0.500000 0.432498
vt 0.500000 0.448427
vt 0.500000 0.265548
vt 0.500000 0.265040
vt 0.500000 0.265400
vt 0.500000 0.263040
vt 0.500000 0.262967
vt 0.500000 0.492170
vt 0.500000 0.492125
vt 0.500000 0.490693
vt 0.500000 0.337866
vt 0.500000 0.490906
vt 0.500000 0.490613
vt 0.500000 0.338371
vt 0.500000 0.490530
vt 0.500000 0.490906
vt 0.500000 0.370944
vt 0.500000 0.500000
vt 0.500000 0.490634
vt 0.500000 0.370944
vt 0.500000 0.500000
vt 0.500000 0.498717
vt 0.500000 0.498722
vt 0.500000 0.342833
vt 0.500000 0.342735
vt 0.500000 0.329024
vt 0.500000 0.448427
vt 0.500000 0.337854
vt 0.500000 0.448427
vt 0.500000 0.250000
vt 0.500000 0.338371
vt 0.500000 0.500000
vt 0.500000 0.370944
vt 0.500000 0.265040
vt 0.500000 0.500000
vt 0.500000 0.371096
vt 0.500000 0.378712
vt 0.500000 0.366548
vt 0.500000 0.366472
vt 0.500000 0.435168
vt 0.500000 0.435124
vt 0.500000 0.425244
vt 0.500000 0.500000
vt 0.500000 0.432894
vt 0.500000 0.500000
vt 0.500000 0.490906
vt 0.500000 0.433049
vt 0.500000 0.265040
vt 0.500000 0.448427
vt 0.500000 0.500000
vt 0.500000 0.265536
vt 0.500000 0.448714
vt 0.500000 0.448427
vt 0.500000 0.448631
vt 0.500000 0.446360
vt 0.500000 0.446309
vt 0.500000 0.252091
vt 0.500000 0.252077
vt 0.500000 0.371331
vt 0.500000 0.250000
vt 0.500000 0.370944
vt 0.500000 0.338371
vt 0.500000 0.250000
vt 0.500000 0.250000
vt 0.500000 0.338371
vt 0.500000 0.265453
vt 0.500000 0.250000
vt 0.500000 0.370944
vt 0.500000 0.265040
vt 0.500000 0.250000
vt 0.500000 0.371521
vt 0.500000 0.265040
vt 0.500000 0.262972
vt 0.500000 0.263062
vt 0.500000 0.492111
vt 0.500000 0.492165
vt 0.500000 0.448805
vt 0.500000 0.490906
vt 0.500000 0.448427
vt 0.500000 0.432627
vt 0.500000 0.490906
vt 0.500000 0.490673
vt 0.500000 0.432743
vt 0.500000 0.500000
vt 0.500000 0.448427
vt 0.500000 0.448427
vt 0.500000 0.500000
vt 0.500000 0.448710
vt 0.500000 0.500000
vt 0.500000 0.498728
vt 0.500000 0.498723
vt 0.500000 0.342822
vt 0.500000 0.342829
vt 0.500000 0.250000
vt 0.500000 0.338371
vt 0.500000 0.250000
vt 0.500000 0.338371
vt 0.500000 0.250000
vt 0.500000 0.337958
vt 0.500000 0.371054
vt 0.500000 0.499984
vt 0.500000 0.265040
vt 0.500000 0.370944
vt 0.500000 0.499978
vt 0.500000 0.265040
vt 0.500000 0.370944
vt 0.500000 0.366513
vt 0.500000 0.366846
vt 0.500000 0.434979
vt 0.500000 0.435155
vt 0.500000 0.490906
vt 0.500000 0.433049
vt 0.500000 0.490906
vt 0.500000 0.490928
vt 0.500000 0.433049
vt 0.500000 0.490922
vt 0.500000 0.432939
vt 0.500000 0.371251
vt 0.500000 0.448661
vt 0.500000 0.500000
vt 0.500000 0.448427
vt 0.500000 0.371384
vt 0.500000 0.500000
vt 0.500000 0.448427
vt 0.500000 0.446313
vt 0.500000 0.446322
vt 0.500000 0.338371
vt 0.500000 0.250000
vt 0.500000 0.338371
vt 0.500000 0.338371
vt 0.500000 0.370944
vt 0.500000 0.250341
vt 0.500000 0.338371
vt 0.500000 0.370944
vt 0.500000 0.370944
vt 0.500000 0.264796
vt 0.500000 0.370944
vt 0.500000 0.370944
vt 0.500000 0.250074
vt 0.500000 0.265399
vt 0.500000 0.370944
vt 0.500000 0.250067
vt 0.500000 0.490703
vt 0.500000 0.432778
vt 0.500000 0.433049
vt 0.500000 0.433049
vt 0.500000 0.432754
vt 0.500000 0.433049
vt 0.500000 0.491067
vt 0.500000 0.433049
vt 0.500000 0.433049
vt 0.500000 0.499775
vt 0.500000 0.433049
vt 0.500000 0.433049
vt 0.500000 0.448427
vt 0.500000 0.448427
vt 0.500000 0.500000
vt 0.500000 0.433049
vt 0.500000 0.264971
vt 0.500000 0.337998
vt 0.500000 0.263109
vt 0.500000 0.264994
vt 0.500000 0.337276
vt 0.500000 0.338858
vt 0.500000 0.264998
vt 0.500000 0.337394
vt 0.500000 0.265040
vt 0.500000 0.500000
vt 0.500000 0.370944
vt 0.500000 0.500000
vt 0.500000 0.266097
vt 0.500000 0.500000
vt 0.500000 0.371057
vt 0.500000 0.500000
vt 0.500000 0.500000
vt 0.500000 0.432936
vt 0.500000 0.500000
vt 0.500000 0.500000
vt 0.500000 0.266145
vt 0.500000 0.433049
vt 0.500000 0.500000
vt 0.500000 0.265040
vt 0.500000 0.337340
vt 0.500000 0.448188
vt 0.500000 0.328432
vt 0.500000 0.337725
vt 0.500000 0.371254
vt 0.500000 0.371223
vt 0.500000 0.448639
vt 0.500000 0.337787
vt 2.294057 2.371570
vt 0.500000 0.370861
vt 2.294057 2.371570
vt 0.500000 0.370944
vt 0.500000 0.433241
vt 2.294057 2.371570
vt 0.500000 0.338371
vt 2.294057 2.371570
vt 0.500000 0.490374
vt 0.500000 0.338454
vt 2.294057 2.371570
vt 2.294057 2.371570
vt 2.294057 2.371570
vt 0.500000 0.448234
vt 2.294057 2.371569
vt 0.500000 0.448427
vt 0.500000 0.490798
vt 2.294057 2.371570
vt 2.294057 2.371570
vt 0.500000 0.448535
vt 2.294057 2.371570
vt 0.500000 0.448427
vt 0.500000 0.448959
vt 2.294058 2.371570
vt 0.500000 0.274409
vt 0.500000 0.263069
vt 0.500000 0.263066
vt 0.500000 0.274397
vt 0.500000 0.252109
vt 0.500000 0.252108
vt 0.500000 0.250078
vt 0.500000 0.252109
vt 0.500000 0.250078
vt 0.500000 0.252109
vt 0.500000 0.274395
vt 0.500000 0.263066
vt 0.500000 0.263066
vt 0.500000 0.274397
vt 0.500000 0.499949
vt 0.500000 0.498713
vt 0.500000 0.498712
vt 0.500000 0.485491
vt 0.500000 0.492109
vt 0.500000 0.492108
vt 0.500000 0.485484
vt 0.500000 0.485491
vt 0.500000 0.492110
vt 0.500000 0.492109
vt 0.500000 0.485492
vt 0.500000 0.498712
vt 0.500000 0.498712
vt 0.500000 0.499949
vt 0.500000 0.343160
vt 0.500000 0.329092
vt 0.500000 0.329001
vt 0.500000 0.342719
vt 0.500000 0.342685
vt 0.500000 0.328991
vt 0.500000 0.329058
vt 0.500000 0.342984
vt 0.500000 0.435009
vt 0.500000 0.425232
vt 0.500000 0.425233
vt 0.500000 0.435050
vt 0.500000 0.366712
vt 0.500000 0.378744
vt 0.500000 0.378740
vt 0.500000 0.366790
vt 0.500000 0.366752
vt 0.500000 0.378741
vt 0.500000 0.378739
vt 0.500000 0.366703
vt 0.500000 0.435046
vt 0.500000 0.425228
vt 0.500000 0.425234
vt 0.500000 0.435022
vt 0.500000 0.453810
vt 0.500000 0.446162
vt 0.500000 0.446378
vt 0.500000 0.453858
vt 0.500000 0.453863
vt 0.500000 0.446394
vt 0.500000 0.446245
vt 0.500000 0.453829
vt 0.383355 0.338522
vt 0.393928 0.338615
vt 0.393917 0.370695
vt 0.383353 0.370792
vt 0.383355 0.433123
vt 0.393928 0.433169
vt 0.393917 0.448304
vt 0.383353 0.448352
vt 0.375514 0.992433
vt 0.437609 0.000917
vt 0.375223 0.125318
vt 0.500586 0.992430
vt 0.562149 0.000906
vt 0.500523 0.125265
vt 0.500477 0.250000
vt 0.437654 0.249361
vt 0.562149 0.249360
vt 0.375609 0.250171
vt 0.367473 0.249342
vt 0.623801 0.992430
vt 0.623971 0.125265
vt 0.623801 0.250170
vt 0.632589 0.249360
vt 0.437553 0.250168
vt 0.375411 0.257519
vt 1.211146 2.371570
vt 0.498976 0.257514
vt 0.562689 0.250000
vt 1.218678 2.371570
vt 1.211146 2.371570
vt 1.211146 2.371570
vt 0.500000 0.301413
vt 0.499457 0.265308
vt 0.437465 0.264867
vt 0.375598 0.264871
vt 1.211146 2.371570
vt 1.751947 2.371570
vt 0.500848 0.250000
vt 0.623801 0.250170
vt 2.283668 2.371570
vt 2.294057 2.371570
vt 0.625000 0.265106
vt 2.294057 2.371570
vt 2.294057 2.371570
vt 0.375609 0.499887
vt 0.437654 0.500640
vt 0.375392 0.624684
vt 0.129571 0.249343
vt 0.500479 0.500000
vt 0.562408 0.500640
vt 0.500523 0.624735
vt 0.500586 0.754580
vt 0.437609 0.749194
vt 0.562418 0.749198
vt 0.129578 0.001086
vt 0.623930 0.499878
vt 0.870470 0.249340
vt 0.623896 0.624723
vt 0.624068 0.754563
vt 0.323295 0.001097
vt 0.437660 0.984894
vt 0.359900 0.125273
vt 0.500586 0.948294
vt 0.562149 0.984894
vt 0.623801 0.948294
vt 0.640106 0.125265
vt 0.625000 0.265106
vt 0.676602 0.249360
vt 0.437498 0.265299
vt 0.375401 0.301685
vt 1.211146 2.371570
vt 0.498976 0.495457
vt 0.437467 0.491020
vt 0.499462 0.490756
vt 0.500000 0.469497
vt 1.211146 2.371570
vt 0.375598 0.491018
vt 0.375411 0.495452
vt 1.211146 2.371570
vt 1.218585 2.371570
vt 0.561701 0.500000
vt 0.437548 0.499888
vt 0.155333 0.001097
vt 0.134118 0.125262
vt 0.437660 0.759120
vt 0.155349 0.249194
vt 0.437503 0.490758
vt 0.500260 0.780333
vt 0.562338 0.759119
vt 0.624262 0.780334
vt 0.865861 0.125227
vt 0.625000 0.490835
vt 0.844624 0.249316
vt 0.625000 0.490880
vt 2.294057 2.371570
vt 2.294057 2.371570
vt 2.294057 2.371570
vt 0.623801 0.499888
vt 2.283668 2.371570
vt 1.747196 2.371570
vt 1.211146 2.371570
vt 0.500848 0.500000
vt 0.499541 0.301706
vt 0.499186 0.338105
vt 0.438400 0.338124
vt 0.270333 0.249224
vt 0.286572 0.125211
vt 0.375519 0.895342
vt 0.437660 0.911572
vt 0.500586 0.895342
vt 0.562149 0.911572
vt 0.623566 0.895342
vt 0.713449 0.125240
vt 0.625000 0.338295
vt 0.729524 0.249322
vt 0.625000 0.338428
vt 2.294057 2.371570
vt 2.294057 2.371570
vt 1.211146 2.371570
vt 1.211146 2.371570
vt 2.294057 2.371570
vt 1.211146 2.371570
vt 0.438400 0.371018
vt 0.375403 0.401972
vt 0.254247 0.125215
vt 0.499149 0.371024
vt 0.499541 0.401996
vt 0.499186 0.432969
vt 0.438400 0.432975
vt 0.184267 0.249224
vt 0.191887 0.125209
vt 0.223004 0.001097
vt 0.437660 0.879244
vt 0.184262 0.001094
vt 0.437660 0.816887
vt 0.500586 0.809262
vt 0.562154 0.816888
vt 0.500586 0.848004
vt 0.561986 0.879244
vt 0.623945 0.809262
vt 0.808053 0.125268
vt 0.623324 0.848005
vt 0.745873 0.125249
vt 0.625000 0.370645
vt 0.776949 0.249344
vt 0.625000 0.433166
vt 0.815735 0.249345
vt 0.500000 0.448480
vt 0.625000 0.401995
vt 0.625000 0.370746
vt 2.294057 2.371570
vt 0.500000 0.448332
vt 2.294057 2.371570
vt 2.294057 2.371570
vt 0.625000 0.433117
vt 2.294057 2.371570
vt 1.211146 2.371570
vt 1.211146 2.371570
vt 1.211146 2.371570
vt 1.211146 2.371570
vt 2.294057 2.371570
vt 0.496714 0.354638
vt 0.375528 0.354655
vt 2.294057 2.371570
vt 0.500000 0.401997
vt 0.437660 0.801588
vt 0.176589 0.125213
vt 0.438400 0.448567
vt 0.562359 0.801588
vt 0.823441 0.125237
vt 0.625000 0.448488
vt 0.625000 0.448412
vt 2.294057 2.371570
vt 2.294057 2.371570
vt 0.496714 0.440728
vt 0.375528 0.440736
vt 2.294057 2.371570
vt 1.211146 2.371570
vt 0.499149 0.448579
vt 1.211146 2.371570
vt 1.211146 2.371570
vt 1.211146 2.371570
vt 0.499541 0.469667
vt 0.625000 0.257628
vt 0.625000 0.301988
vt 0.625000 0.495420
vt 0.625000 0.469800
vt 0.625000 0.354627
vt 0.500000 0.370903
vt 0.625000 0.401997
vt 0.625000 0.440763
vt 0.500000 0.338412
vt 1.211146 2.371570
vt 0.562149 0.250000
vt 0.501084 0.250000
vt 0.623801 0.250170
vt 0.625000 0.257570
vt 0.625000 0.265106
vt 0.625000 0.301706
vt 0.625000 0.490880
vt 0.625000 0.469667
vt 0.625000 0.495420
vt 0.623801 0.499888
vt 0.562149 0.500000
vt 1.211146 2.371570
vt 0.501084 0.500000
vt 0.625000 0.338428
vt 0.625000 0.354657
vt 1.211146 2.371570
vt 0.500000 0.265304
vt 0.500000 0.301706
vt 1.211146 2.371570
vt 0.500000 0.338108
vt 0.625000 0.370756
vt 0.625000 0.401996
vt 0.625000 0.433113
vt 0.625000 0.440738
vt 0.500000 0.500000
vt 0.500000 0.371023
vt 0.500000 0.401996
vt 0.500000 0.500000
vt 0.500000 0.432970
vt 0.625000 0.448412
vt 0.500000 0.338116
vt 0.500000 0.469667
vt 0.500000 0.490757
vt 0.500000 0.265293
vt 0.500000 0.448576
vt 0.500000 0.371184
vt 0.562149 0.250000
vt 0.500848 0.250000
vt 0.623801 0.250170
vt 0.625000 0.257570
vt 0.625000 0.265106
vt 0.625000 0.301706
vt 0.500000 0.371276
vt 0.500000 0.301706
vt 0.500000 0.448657
vt 0.500000 0.469667
vt 0.625000 0.490880
vt 0.625000 0.469667
vt 0.625000 0.495420
vt 0.623801 0.499888
vt 0.562149 0.500000
vt 0.500000 0.448591
vt 0.500848 0.500000
vt 0.625000 0.338428
vt 0.625000 0.354658
vt 0.500000 0.250000
vt 0.500000 0.265040
vt 0.500000 0.401996
vt 0.625000 0.370756
vt 0.625000 0.401996
vt 0.625000 0.433113
vt 0.625000 0.440738
vt 0.500000 0.490906
vt 0.625000 0.448412
vt 0.500000 0.500000
vt 0.500000 0.338371
vt 0.562149 0.250000
vt 0.501043 0.250000
vt 0.623801 0.250170
vt 0.625000 0.257570
vt 0.625000 0.265106
vt 0.625000 0.301706
vt 0.625000 0.490880
vt 0.625000 0.469667
vt 0.625000 0.495420
vt 0.623801 0.499888
vt 0.562149 0.500000
vt 0.500000 0.370944
vt 0.501043 0.500000
vt 0.625000 0.338428
vt 0.625000 0.354657
vt 0.500000 0.448427
vt 0.500000 0.265304
vt 0.500000 0.301706
vt 0.500000 0.448427
vt 0.500000 0.338108
vt 0.625000 0.370756
vt 0.625000 0.401996
vt 0.625000 0.433113
vt 0.625000 0.440738
vt 0.500000 0.500000
vt 0.500000 0.371023
vt 0.500000 0.401996
vt 0.500000 0.500000
vt 0.500000 0.432970
vt 0.625000 0.448412
vt 0.500000 0.338116
vt 0.500000 0.469667
vt 0.500000 0.490757
vt 0.500000 0.265293
vt 0.500000 0.448576
vt 0.500000 0.371140
vt 0.562149 0.250000
vt 0.500848 0.250000
vt 0.623801 0.250170
vt 0.625000 0.257570
vt 0.625000 0.265105
vt 0.625000 0.301706
vt 0.500000 0.371228
vt 0.500000 0.301706
vt 0.500000 0.448617
vt 0.500000 0.469667
vt 0.625000 0.490881
vt 0.625000 0.469667
vt 0.625000 0.495420
vt 0.623801 0.499888
vt 0.562149 0.500000
vt 0.500000 0.448565
vt 0.500848 0.500000
vt 0.625000 0.338428
vt 0.625000 0.354658
vt 0.500000 0.250000
vt 0.500000 0.265040
vt 0.500000 0.401996
vt 0.625000 0.370757
vt 0.625000 0.401996
vt 0.625000 0.433113
vt 0.625000 0.440738
vt 0.500000 0.490906
vt 0.625000 0.448412
vt 0.500000 0.500000
vt 0.500000 0.338371
vt 0.562149 0.250170
vt 0.500848 0.257518
vt 0.623801 0.257569
vt 0.623804 0.301702
vt 0.562154 0.265099
vt 0.500000 0.370944
vt 0.501009 0.301704
vt 0.623802 0.469669
vt 0.623801 0.495421
vt 0.562154 0.490885
vt 0.500000 0.433049
vt 0.501017 0.469671
vt 0.500853 0.495391
vt 0.562149 0.499888
vt 0.500000 0.433049
vt 0.623802 0.354662
vt 0.562176 0.338433
vt 0.500000 0.264980
vt 0.500869 0.354557
vt 0.623802 0.401996
vt 0.562154 0.370767
vt 0.500000 0.500000
vt 0.500909 0.401997
vt 0.623804 0.440736
vt 0.562154 0.433108
vt 0.500000 0.500000
vt 0.500854 0.440682
vt 0.562176 0.448416
vt 0.500000 0.337492
vt 1.211146 2.371570
vt 1.211146 2.371570
vt 1.211146 2.371570
vt 0.500000 0.250170
vt 1.211146 2.371570
vt 0.500000 0.301704
vt 0.500000 0.265089
vt 1.211146 2.371570
vt 1.211146 2.371570
vt 1.211146 2.371570
vt 0.500000 0.469667
vt 0.500000 0.490889
vt 1.211146 2.371570
vt 0.500000 0.499888
vt 1.211146 2.371570
vt 1.211146 2.371570
vt 1.211146 2.371570
vt 0.500000 0.338448
vt 1.211146 2.371570
vt 0.500000 0.370734
vt 0.500000 0.401997
vt 1.211146 2.371570
vt 1.211146 2.371570
vt 1.211146 2.371570
vt 0.500000 0.433123
vt 1.211146 2.371570
vt 0.500000 0.448398
vt 0.500000 0.250170
vt 0.500000 0.257543
vt 0.500000 0.264875
vt 0.500000 0.301699
vt 0.500000 0.491017
vt 0.500000 0.495438
vt 0.500000 0.469663
vt 0.500000 0.499888
vt 0.500000 0.338711
vt 0.500000 0.354658
vt 0.500000 0.370611
vt 0.500000 0.401994
vt 0.500000 0.433217
vt 0.500000 0.440738
vt 0.500000 0.448263
vt 0.500000 0.250170
vt 0.500000 0.257543
vt 0.500000 0.301704
vt 0.500000 0.265090
vt 0.500000 0.469667
vt 0.500000 0.490888
vt 0.500000 0.495440
vt 0.500000 0.499888
vt 0.500000 0.338447
vt 0.500000 0.354665
vt 0.500000 0.370735
vt 0.500000 0.401997
vt 0.500000 0.433123
vt 0.500000 0.440741
vt 0.500000 0.448399
vt 0.500000 0.250163
vt 0.500000 0.257542
vt 0.500000 0.264876
vt 0.500000 0.301699
vt 0.500000 0.491013
vt 0.500000 0.495439
vt 0.500000 0.469663
vt 0.500000 0.499890
vt 0.500000 0.338699
vt 0.500000 0.354658
vt 0.500000 0.370610
vt 0.500000 0.401994
vt 0.500000 0.433217
vt 0.500000 0.440738
vt 0.500000 0.448264
vt 0.500000 0.250166
vt 0.500000 0.257540
vt 0.500000 0.338371
vt 0.500000 0.265118
vt 0.500000 0.250000
vt 0.500000 0.490873
vt 0.500000 0.495437
vt 0.500000 0.402001
vt 0.500000 0.499890
vt 0.500000 0.448427
vt 0.500000 0.338612
vt 0.500000 0.354761
vt 0.500000 0.370903
vt 0.500000 0.495453
vt 0.500000 0.433040
vt 0.500000 0.440689
vt 0.500000 0.448325
vt 0.500000 0.250170
vt 0.500000 0.370944
vt 0.500000 0.265098
vt 0.500000 0.257520
vt 0.500000 0.490884
vt 0.500000 0.402002
vt 0.500000 0.433049
vt 0.500000 0.499888
vt 0.500000 0.338546
vt 0.500000 0.301452
vt 0.500000 0.370908
vt 0.500000 0.500000
vt 0.500000 0.433038
vt 0.500000 0.301453
vt 0.500000 0.448357
vt 2.294057 2.371570
vt 2.294057 2.371570
vt 2.294057 2.371570
vt 2.294057 2.371570
vt 0.500000 0.301689
vt 0.500000 0.257569
vt 0.500000 0.265100
vt 0.500000 0.250170
vt 0.500000 0.257569
vt 0.500000 0.301682
vt 0.500000 0.499888
vt 0.500000 0.495421
vt 0.500000 0.469676
vt 0.500000 0.490884
vt 0.500000 0.469680
vt 0.500000 0.495421
vt 0.500000 0.354908
vt 0.500000 0.338347
vt 0.500000 0.354823
vt 0.500000 0.440623
vt 0.500000 0.401997
vt 0.500000 0.433067
vt 0.500000 0.370848
vt 0.500000 0.401995
vt 0.500000 0.440657
vt 0.500000 0.448457
vt 0.437567 0.125278
vt 0.562149 0.125265
vt 0.437383 0.257515
vt 0.562149 0.257569
vt 0.437568 0.624723
vt 0.562402 0.624729
vt 0.437656 0.992432
vt 0.562149 0.992430
vt 0.632570 0.125264
vt 0.367437 0.125335
vt 0.437383 0.495454
vt 0.129576 0.125339
vt 0.437656 0.754579
vt 0.562416 0.754577
vt 0.870450 0.125250
vt 0.562154 0.495421
vt 0.437442 0.301717
vt 0.323298 0.125206
vt 0.437660 0.948294
vt 0.562149 0.948294
vt 0.676706 0.125265
vt 0.562157 0.301704
vt 0.437444 0.401996
vt 0.223004 0.125198
vt 0.437660 0.848004
vt 0.561978 0.848004
vt 0.776991 0.125234
vt 0.562155 0.401997
vt 0.562067 0.895342
vt 0.437660 0.895342
vt 0.270343 0.125228
vt 0.436139 0.354636
vt 0.562171 0.354667
vt 0.729794 0.125237
vt 0.184263 0.125225
vt 0.437660 0.809262
vt 0.562386 0.809263
vt 0.815706 0.125286
vt 0.562158 0.440737
vt 0.436139 0.440727
vt 0.155334 0.125198
vt 0.437660 0.780333
vt 0.562284 0.780333
vt 0.844668 0.125219
vt 0.562172 0.469671
vt 0.437448 0.469658
vt 0.437728 0.250000
vt 0.437555 0.265040
vt 0.375000 0.257522
vt 0.562159 0.250000
vt 0.625000 0.257570
vt 0.437560 0.490906
vt 0.437720 0.500000
vt 0.375000 0.495452
vt 0.625000 0.495370
vt 0.562299 0.500000
vt 0.625000 0.301701
vt 0.500000 0.301708
vt 0.625000 0.401995
vt 0.500000 0.401997
vt 0.420336 0.338427
vt 0.420313 0.370887
vt 0.375000 0.354658
vt 0.625000 0.354415
vt 0.625000 0.440867
vt 0.420336 0.433076
vt 0.420313 0.448399
vt 0.375000 0.440738
vt 0.625000 0.469665
vt 0.500000 0.469668
vt 1.749744 2.371570
vt 2.294057 2.371570
vt 1.211146 2.371570
vt 2.294057 2.371570
vt 1.749651 2.371570
vt 1.211146 2.371570
vt 2.294057 2.371570
vt 1.211146 2.371570
vt 2.294057 2.371570
vt 1.211146 2.371570
vt 2.294057 2.371570
vt 1.211146 2.371570
vt 2.294057 2.371570
vt 1.211146 2.371570
vt 2.294057 2.371570
vt 1.211146 2.371570
vt 0.562149 0.250000
vt 0.625000 0.257570
vt 0.500000 0.257559
vt 0.625000 0.495420
vt 0.562149 0.500000
vt 0.500000 0.495427
vt 0.625000 0.301706
vt 0.500000 0.301698
vt 0.625000 0.401995
vt 0.500000 0.401995
vt 0.625000 0.354648
vt 0.500000 0.354658
vt 0.625000 0.440742
vt 0.500000 0.440738
vt 0.625000 0.469667
vt 0.500000 0.469664
vt 0.562149 0.250000
vt 0.625000 0.257570
vt 0.500000 0.257526
vt 0.625000 0.495420
vt 0.562149 0.500000
vt 0.500000 0.495452
vt 0.625000 0.301706
vt 0.500000 0.301706
vt 0.625000 0.401996
vt 0.500000 0.401996
vt 0.625000 0.354658
vt 0.500000 0.354665
vt 0.625000 0.440738
vt 0.500000 0.440741
vt 0.625000 0.469667
vt 0.500000 0.469667
vt 0.562149 0.250000
vt 0.625000 0.257570
vt 0.500000 0.257560
vt 0.625000 0.495420
vt 0.562149 0.500000
vt 0.500000 0.495427
vt 0.625000 0.301706
vt 0.500000 0.301698
vt 0.625000 0.401996
vt 0.500000 0.401995
vt 0.625000 0.354658
vt 0.500000 0.354658
vt 0.625000 0.440738
vt 0.500000 0.440738
vt 0.625000 0.469667
vt 0.500000 0.469664
vt 0.562149 0.250000
vt 0.625000 0.257570
vt 0.500000 0.257519
vt 0.625000 0.495420
vt 0.562149 0.500000
vt 0.500000 0.495450
vt 0.625000 0.301706
vt 0.500000 0.301706
vt 0.625000 0.401996
vt 0.500000 0.401996
vt 0.625000 0.354657
vt 0.500000 0.354652
vt 0.625000 0.440738
vt 0.500000 0.440743
vt 0.625000 0.469667
vt 0.500000 0.469667
vt 0.562149 0.250000
vt 0.625000 0.257570
vt 0.500000 0.257569
vt 0.625000 0.495420
vt 0.562149 0.500000
vt 0.500000 0.495421
vt 0.625000 0.301705
vt 0.500000 0.301677
vt 0.625000 0.401996
vt 0.500000 0.401995
vt 0.625000 0.354658
vt 0.500000 0.354688
vt 0.625000 0.440737
vt 0.500000 0.440728
vt 0.625000 0.469667
vt 0.500000 0.469683
vt 1.211146 2.371570
vt 1.211146 2.371570
vt 1.211146 2.371570
vt 1.211146 2.371570
vt 1.211146 2.371570
vt 1.211146 2.371570
vt 2.294057 2.371570
vt 2.294057 2.371570
vt 2.294057 2.371570
vt 2.294057 2.371570
vt 1.211146 2.371570
vt 1.211146 2.371570
vt 1.211146 2.371570
vt 1.211146 2.371570
vt 1.211146 2.371570
vt 1.211146 2.371570
vt 0.500000 0.250000
vt 0.500000 0.500000
vt 0.500000 0.301706
vt 0.500000 0.301703
vt 0.500000 0.401996
vt 0.500000 0.401993
vt 0.500000 0.469667
vt 0.500000 0.469667
vt 0.500000 0.250000
vt 0.500000 0.265040
vt 0.500000 0.490906
vt 0.500000 0.500000
vt 0.500000 0.338371
vt 0.500000 0.370944
vt 0.500000 0.433049
vt 0.500000 0.448427
vt 0.500000 0.250000
vt 0.500000 0.500000
vt 0.500000 0.301706
vt 0.500000 0.301703
vt 0.500000 0.401994
vt 0.500000 0.402003
vt 0.500000 0.469667
vt 0.500000 0.469669
vt 0.500000 0.250000
vt 0.500000 0.265040
vt 0.500000 0.490906
vt 0.500000 0.500000
vt 0.500000 0.338371
vt 0.500000 0.370944
vt 0.500000 0.433049
vt 0.500000 0.448427
vt 0.500000 0.250000
vt 0.500000 0.257520
vt 0.500000 0.495453
vt 0.500000 0.500000
vt 0.500000 0.301686
vt 0.500000 0.301700
vt 0.500000 0.402001
vt 0.500000 0.402003
vt 0.500000 0.354658
vt 0.500000 0.440738
vt 0.500000 0.469667
vt 0.500000 0.469667
vt 0.500000 0.257568
vt 0.500000 0.250000
vt 0.500000 0.257569
vt 0.500000 0.495422
vt 0.500000 0.495421
vt 0.500000 0.500000
vt 0.500000 0.301702
vt 0.500000 0.301694
vt 0.500000 0.401995
vt 0.500000 0.401998
vt 0.500000 0.355001
vt 0.500000 0.354930
vt 0.500000 0.440573
vt 0.500000 0.440604
vt 0.500000 0.469668
vt 0.500000 0.469674
vt 0.375425 0.001278
vt 0.500131 0.000906
vt 0.500492 0.249360
vt 0.375425 0.249444
vt 0.623515 0.001207
vt 0.623886 0.249360
vt 0.375667 0.250231
vt 0.499791 0.250109
vt 0.499387 0.265017
vt 0.375671 0.264808
vt 1.220836 2.371570
vt 2.283713 2.371570
vt 2.294057 2.371570
vt 0.375744 0.500641
vt 0.500492 0.500640
vt 0.500555 0.749207
vt 0.375537 0.748797
vt 0.623902 0.500570
vt 0.623759 0.748854
vt 0.375518 0.984987
vt 0.500586 0.984894
vt 0.623801 0.984987
vt 0.640013 0.249360
vt 0.360017 0.249417
vt 0.499391 0.490931
vt 0.375667 0.491058
vt 0.499793 0.499928
vt 0.375671 0.499847
vt 0.134065 0.001093
vt 0.134059 0.249407
vt 0.500423 0.759120
vt 0.623935 0.759074
vt 0.865971 0.249324
vt 2.294057 2.371570
vt 2.288862 2.371570
vt 1.218460 2.371570
vt 0.499329 0.265391
vt 0.499162 0.338020
vt 0.376223 0.338296
vt 0.286693 0.001097
vt 0.500586 0.911572
vt 0.623801 0.911693
vt 0.713224 0.249334
vt 2.294057 2.371570
vt 1.211146 2.371570
vt 1.211146 2.371570
vt 0.376223 0.370878
vt 0.499162 0.371049
vt 0.499162 0.432944
vt 0.376223 0.433036
vt 0.254110 0.001097
vt 0.191947 0.001095
vt 0.500586 0.816887
vt 0.500586 0.879244
vt 0.623654 0.816949
vt 0.623332 0.879122
vt 0.745890 0.249341
vt 0.807983 0.249333
vt 2.294057 2.371570
vt 2.294057 2.371570
vt 1.211146 2.371570
vt 1.211146 2.371570
vt 0.498670 0.338473
vt 0.498561 0.370767
vt 0.176640 0.001095
vt 0.176641 0.249368
vt 0.500423 0.801588
vt 0.623980 0.801632
vt 0.823323 0.249335
vt 2.294057 2.371570
vt 0.498670 0.433116
vt 0.498561 0.448378
vt 1.211146 2.371570
vt 1.211146 2.371570
vt 0.499162 0.448626
vt 0.499329 0.490707
vt 0.623810 0.250085
vt 0.625000 0.265014
vt 0.624400 0.499888
vt 0.625000 0.490929
vt 0.625000 0.338199
vt 0.625000 0.433044
vt 0.625000 0.370900
vt 0.625000 0.448359
vt 0.500848 0.250000
vt 0.623801 0.250170
vt 0.625000 0.265106
vt 0.625000 0.490880
vt 0.623801 0.499888
vt 0.500848 0.500000
vt 0.625000 0.338428
vt 0.500000 0.265391
vt 0.500000 0.338020
vt 0.625000 0.370756
vt 0.625000 0.433113
vt 0.500000 0.371049
vt 0.500000 0.432944
vt 0.625000 0.448412
vt 0.500000 0.490707
vt 0.500000 0.448626
vt 0.501084 0.250000
vt 0.623801 0.250170
vt 0.625000 0.265106
vt 0.500000 0.265391
vt 0.500000 0.490707
vt 0.625000 0.490880
vt 0.623801 0.499888
vt 0.500848 0.500000
vt 0.625000 0.338428
vt 0.500000 0.338020
vt 0.500000 0.371049
vt 0.625000 0.370756
vt 0.625000 0.433113
vt 0.500000 0.432944
vt 0.625000 0.448412
vt 0.500000 0.448626
vt 0.500848 0.250000
vt 0.623801 0.250170
vt 0.625000 0.265106
vt 0.625000 0.490880
vt 0.623801 0.499888
vt 0.500848 0.500000
vt 0.625000 0.338428
vt 0.500000 0.265391
vt 0.500000 0.338020
vt 0.625000 0.370756
vt 0.625000 0.433113
vt 0.500000 0.371049
vt 0.500000 0.432944
vt 0.625000 0.448412
vt 0.500000 0.490707
vt 0.500000 0.448626
vt 0.501043 0.250000
vt 0.623801 0.250170
vt 0.625000 0.265106
vt 0.500000 0.265391
vt 0.500000 0.490707
vt 0.625000 0.490880
vt 0.623801 0.499888
vt 0.500848 0.500000
vt 0.625000 0.338428
vt 0.500000 0.338020
vt 0.500000 0.371049
vt 0.625000 0.370756
vt 0.625000 0.433113
vt 0.500000 0.432944
vt 0.625000 0.448412
vt 0.500000 0.448626
vt 0.500848 0.250169
vt 0.623401 0.250227
vt 0.623801 0.265101
vt 0.500853 0.264959
vt 0.623801 0.490883
vt 0.500853 0.490936
vt 0.623401 0.499850
vt 0.500848 0.499858
vt 0.623806 0.338428
vt 0.501120 0.338257
vt 0.623800 0.370762
vt 0.500853 0.370884
vt 0.623801 0.433110
vt 0.500910 0.433051
vt 0.623806 0.448413
vt 0.500870 0.448223
vt 1.211146 2.371570
vt 1.211146 2.371570
vt 1.211146 2.371570
vt 1.211146 2.371570
vt 1.211146 2.371570
vt 1.211146 2.371570
vt 1.211146 2.371570
vt 1.211146 2.371570
vt 1.211146 2.371570
vt 1.211146 2.371570
vt 1.211146 2.371570
vt 1.211146 2.371570
vt 1.211146 2.371570
vt 1.211146 2.371570
vt 1.211146 2.371570
vt 1.211146 2.371570
vt 0.500000 0.250170
vt 0.500000 0.264994
vt 0.500000 0.490941
vt 0.500000 0.499888
vt 0.500000 0.338430
vt 0.500000 0.370758
vt 0.500000 0.433113
vt 0.500000 0.448350
vt 0.500000 0.250170
vt 0.500000 0.264994
vt 0.500000 0.490945
vt 0.500000 0.499888
vt 0.500000 0.338540
vt 0.500000 0.370729
vt 0.500000 0.433147
vt 0.500000 0.448350
vt 0.500000 0.250170
vt 0.500000 0.264993
vt 0.500000 0.490942
vt 0.500000 0.499888
vt 0.500000 0.338433
vt 0.500000 0.370756
vt 0.500000 0.433114
vt 0.500000 0.448349
vt 0.500000 0.250127
vt 0.500000 0.265011
vt 0.500000 0.490932
vt 0.500000 0.499914
vt 0.500000 0.338511
vt 0.500000 0.370826
vt 0.500000 0.433098
vt 0.500000 0.448363
vt 0.500000 0.338371
vt 0.500000 0.370944
vt 0.500000 0.433049
vt 0.500000 0.433049
vt 0.500000 0.264983
vt 0.500000 0.500000
vt 0.500000 0.500000
vt 0.500000 0.337535
vt 2.294057 2.371570
vt 2.294057 2.371570
vt 2.294057 2.371570
vt 2.294057 2.371570
vt 0.500000 0.265102
vt 0.500000 0.250227
vt 0.500000 0.250227
vt 0.500000 0.265100
vt 0.500000 0.499850
vt 0.500000 0.490882
vt 0.500000 0.490884
vt 0.500000 0.499850
vt 0.500000 0.338587
vt 0.500000 0.338503
vt 0.500000 0.433076
vt 0.500000 0.370837
vt 0.500000 0.370830
vt 0.500000 0.433072
vt 0.500000 0.448339
vt 0.500000 0.448380
vt 0.378108 0.338707
vt 0.437899 0.338748
vt 0.381653 0.338483
vt 0.378475 0.338805
vt 0.437744 0.370544
vt 0.378107 0.370608
vt 0.381657 0.370831
vt 0.378483 0.370506
vt 0.378108 0.433214
vt 0.437899 0.433235
vt 0.381653 0.433104
vt 0.378475 0.433263
vt 0.437744 0.448230
vt 0.378107 0.448261
vt 0.381657 0.448371
vt 0.378483 0.448211
vt 0.375510 0.999665
vt 0.375247 0.000989
vt 0.375192 0.992433
vt 0.367433 0.001988
vt 0.375518 0.986956
vt 0.391211 0.992433
vt 0.391161 0.001013
vt 0.437653 0.000000
vt 0.437653 0.999662
vt 0.484142 0.000909
vt 0.437577 0.032466
vt 0.375274 0.032608
vt 0.391089 0.125295
vt 0.375273 0.218050
vt 0.372996 0.125336
vt 0.500586 0.999659
vt 0.499738 0.000000
vt 0.484299 0.992430
vt 0.500586 0.986932
vt 0.516532 0.992430
vt 0.501696 0.000906
vt 0.500848 0.000906
vt 0.562149 0.000000
vt 0.562149 0.999659
vt 0.607717 0.000981
vt 0.562149 0.032449
vt 0.500425 0.032448
vt 0.516516 0.125265
vt 0.500516 0.218016
vt 0.484198 0.125269
vt 0.500473 0.249840
vt 0.516518 0.250000
vt 0.500314 0.250027
vt 0.484170 0.250000
vt 0.484180 0.249360
vt 0.437715 0.249840
vt 0.391280 0.249383
vt 0.437590 0.218021
vt 0.516508 0.249360
vt 0.562149 0.218016
vt 0.607809 0.249360
vt 0.562151 0.249840
vt 0.375572 0.249989
vt 0.391444 0.250043
vt 0.375615 0.250187
vt 0.375152 0.252095
vt 0.374660 0.249356
vt 0.374830 0.249526
vt 0.367506 0.250000
vt 0.375000 0.257525
vt 0.362015 0.249353
vt 0.367447 0.218011
vt 0.623801 0.999659
vt 0.623971 0.000905
vt 0.607788 0.992430
vt 0.623801 0.986955
vt 0.625000 0.992430
vt 0.632570 0.001809
vt 0.623857 0.032523
vt 0.626806 0.125264
vt 0.623950 0.218016
vt 0.607831 0.125265
vt 0.623801 0.250170
vt 0.623801 0.250000
vt 0.624700 0.252105
vt 0.623803 0.250149
vt 0.607791 0.250043
vt 0.625378 0.249360
vt 0.625170 0.249360
vt 0.632575 0.218015
vt 0.638050 0.249360
vt 0.632608 0.250000
vt 0.625000 0.257570
vt 0.391305 0.250186
vt 0.437679 0.250042
vt 0.483889 0.250151
vt 0.437429 0.252089
vt 0.375474 0.252110
vt 0.391110 0.257517
vt 0.375478 0.262927
vt 0.375103 0.257520
vt 1.211146 2.371570
vt 0.499399 0.250164
vt 1.211146 2.371570
vt 1.211146 2.371570
vt 1.211146 2.371570
vt 0.499190 0.252070
vt 0.499010 0.257514
vt 1.211146 2.371570
vt 0.499069 0.262982
vt 0.483561 0.257514
vt 0.502758 0.250000
vt 0.500869 0.250000
vt 0.562297 0.250000
vt 0.607935 0.250021
vt 0.563208 0.250000
vt 1.749929 2.371570
vt 1.218863 2.371570
vt 0.499884 0.250000
vt 1.355211 2.371570
vt 1.219125 2.371570
vt 1.213029 2.371570
vt 1.211146 2.371570
vt 0.499238 0.264870
vt 1.211146 2.371570
vt 1.211146 2.371570
vt 1.211146 2.371570
vt 1.211146 2.371570
vt 0.499743 0.265040
vt 1.211146 2.371570
vt 1.211146 2.371570
vt 1.211146 2.371570
vt 0.500000 0.265577
vt 0.500000 0.265313
vt 0.500000 0.301116
vt 1.211146 2.371570
vt 0.500000 0.337250
vt 0.500000 0.338103
vt 0.500000 0.301635
vt 0.499442 0.265238
vt 0.499864 0.274542
vt 0.499422 0.265327
vt 0.483710 0.265107
vt 0.483674 0.264906
vt 0.437532 0.264997
vt 0.391287 0.264851
vt 0.437399 0.262943
vt 0.375613 0.264853
vt 0.391386 0.264998
vt 0.375604 0.264875
vt 0.360155 0.250000
vt 0.375149 0.262949
vt 1.213568 2.371570
vt 1.211146 2.371570
vt 1.211146 2.371570
vt 1.211146 2.371570
vt 1.358459 2.371570
vt 1.750202 2.371570
vt 2.145600 2.371570
vt 1.754336 2.371570
vt 0.562149 0.250000
vt 0.500848 0.250000
vt 1.223179 2.371570
vt 0.516597 0.250000
vt 0.500848 0.250000
vt 0.500000 0.250000
vt 1.211146 2.371570
vt 0.623801 0.250170
vt 2.283759 2.371570
vt 0.624700 0.252105
vt 0.623801 0.250170
vt 0.607788 0.250043
vt 2.283679 2.371570
vt 2.144992 2.371570
vt 2.283668 2.371570
vt 0.623819 0.250000
vt 2.291460 2.371570
vt 2.291471 2.371570
vt 2.294057 2.371570
vt 2.294057 2.371570
vt 2.294057 2.371570
vt 0.625000 0.257570
vt 0.625000 0.265106
vt 2.294057 2.371570
vt 0.625000 0.274409
vt 0.625000 0.265106
vt 0.625000 0.263068
vt 2.294057 2.371570
vt 2.294057 2.371570
vt 2.294057 2.371570
vt 0.625000 0.264921
vt 2.294057 2.371570
vt 2.294057 2.371570
vt 2.294057 2.371570
vt 2.294057 2.371570
vt 2.294057 2.371570
vt 0.625000 0.301706
vt 0.375627 0.499888
vt 0.376094 0.500000
vt 0.375152 0.498722
vt 0.375616 0.499876
vt 0.391441 0.499972
vt 0.391360 0.500640
vt 0.437713 0.500160
vt 0.484181 0.500640
vt 0.437590 0.531980
vt 0.375481 0.531973
vt 0.391132 0.624707
vt 0.375427 0.717412
vt 0.375000 0.624657
vt 0.125223 0.125345
vt 0.125243 0.249356
vt 0.375467 0.500644
vt 0.129574 0.218014
vt 0.132857 0.249353
vt 0.129569 0.250000
vt 0.375000 0.495450
vt 0.500473 0.500160
vt 0.484160 0.500000
vt 0.500317 0.499982
vt 0.516564 0.500000
vt 0.516573 0.500640
vt 0.562381 0.500160
vt 0.608137 0.500623
vt 0.562406 0.531983
vt 0.500516 0.531984
vt 0.516579 0.624733
vt 0.500531 0.717580
vt 0.484198 0.624732
vt 0.500578 0.751059
vt 0.516598 0.754579
vt 0.500545 0.757892
vt 0.484299 0.754580
vt 0.484248 0.749204
vt 0.437643 0.751055
vt 0.391189 0.749088
vt 0.437577 0.717562
vt 0.516591 0.749205
vt 0.562403 0.717570
vt 0.608114 0.749108
vt 0.562428 0.751054
vt 0.125221 0.001080
vt 0.375415 0.749124
vt 0.129578 0.000181
vt 0.375837 0.754578
vt 0.132878 0.001091
vt 0.129577 0.032602
vt 0.623988 0.500046
vt 0.607988 0.499969
vt 0.623983 0.499885
vt 0.624733 0.498690
vt 0.874840 0.249360
vt 0.624684 0.500499
vt 0.870489 0.250000
vt 0.625000 0.495391
vt 0.867160 0.249327
vt 0.870455 0.217988
vt 0.623821 0.531959
vt 0.624684 0.624722
vt 0.874862 0.125277
vt 0.623938 0.717481
vt 0.608128 0.624724
vt 0.624091 0.750177
vt 0.624091 0.749199
vt 0.625000 0.754551
vt 0.870449 0.001820
vt 0.624022 0.757883
vt 0.608188 0.754572
vt 0.359587 0.001097
vt 0.375517 0.984774
vt 0.323295 0.032580
vt 0.295998 0.001097
vt 0.323295 0.000186
vt 0.375844 0.948294
vt 0.391217 0.984917
vt 0.437660 0.975591
vt 0.484300 0.984894
vt 0.437659 0.986932
vt 0.359894 0.002004
vt 0.375192 0.985080
vt 0.361940 0.125315
vt 0.359932 0.217944
vt 0.350595 0.125230
vt 0.500586 0.975591
vt 0.484300 0.948294
vt 0.500586 0.920967
vt 0.516532 0.948294
vt 0.516532 0.984894
vt 0.562149 0.975591
vt 0.607788 0.984917
vt 0.562149 0.986932
vt 0.623801 0.984587
vt 0.623801 0.984774
vt 0.607788 0.948294
vt 0.623801 0.920998
vt 0.625000 0.948294
vt 0.676706 0.001811
vt 0.640106 0.001810
vt 0.625000 0.985080
vt 0.649409 0.125265
vt 0.640083 0.218016
vt 0.638068 0.125264
vt 0.625000 0.265106
vt 0.639920 0.250000
vt 0.625000 0.274408
vt 0.625000 0.265083
vt 0.625000 0.263068
vt 0.640412 0.249360
vt 0.640226 0.249360
vt 0.676680 0.218016
vt 0.703853 0.249353
vt 0.676498 0.250000
vt 0.625000 0.301695
vt 0.376003 0.265294
vt 0.359960 0.250000
vt 0.437541 0.265105
vt 0.483703 0.265324
vt 0.437455 0.274533
vt 0.375399 0.265478
vt 0.359776 0.249216
vt 0.391112 0.301715
vt 0.375607 0.328942
vt 0.375000 0.301642
vt 0.323301 0.248403
vt 1.211146 2.371570
vt 0.499238 0.491019
vt 1.211146 2.371570
vt 1.211146 2.371570
vt 1.211146 2.371570
vt 0.499070 0.492163
vt 0.499010 0.495457
vt 1.211146 2.371570
vt 0.499190 0.498738
vt 0.483561 0.495457
vt 0.483681 0.490997
vt 0.437397 0.492185
vt 0.391283 0.491030
vt 0.437539 0.490935
vt 0.499449 0.490799
vt 0.483718 0.490869
vt 0.499424 0.490744
vt 0.499866 0.485409
vt 0.500000 0.490264
vt 0.500000 0.490754
vt 0.500000 0.469626
vt 0.500000 0.448731
vt 0.500000 0.448581
vt 0.500000 0.469325
vt 1.211146 2.371570
vt 1.211146 2.371570
vt 0.499743 0.490906
vt 1.211146 2.371570
vt 1.211146 2.371570
vt 1.211146 2.371570
vt 0.375612 0.491029
vt 0.375149 0.492182
vt 0.375604 0.491015
vt 0.133985 0.250000
vt 0.391387 0.490934
vt 0.375474 0.492195
vt 0.391110 0.495452
vt 0.375478 0.498710
vt 0.375103 0.495453
vt 1.211146 2.371570
vt 0.499399 0.499892
vt 1.211146 2.371570
vt 1.211146 2.371570
vt 1.211146 2.371570
vt 1.218678 2.371570
vt 0.499884 0.500000
vt 1.213006 2.371570
vt 1.218508 2.371570
vt 1.355071 2.371570
vt 0.501746 0.500000
vt 0.500890 0.500000
vt 0.561211 0.500000
vt 1.749744 2.371570
vt 0.621656 0.500000
vt 0.623801 0.500000
vt 0.562095 0.500000
vt 0.483880 0.499900
vt 0.437667 0.499972
vt 0.391308 0.499876
vt 0.437431 0.498724
vt 0.134305 0.001096
vt 0.134196 0.001093
vt 0.155333 0.000185
vt 0.375844 0.780333
vt 0.176362 0.001097
vt 0.176468 0.001096
vt 0.155334 0.032578
vt 0.134106 0.032592
vt 0.139517 0.125211
vt 0.134102 0.217926
vt 0.132888 0.125317
vt 0.375844 0.759120
vt 0.134011 0.000179
vt 0.437659 0.757892
vt 0.484259 0.759120
vt 0.437660 0.764516
vt 0.134362 0.249187
vt 0.134202 0.249187
vt 0.155338 0.217792
vt 0.176336 0.249200
vt 0.176467 0.249200
vt 0.155363 0.250000
vt 0.375813 0.469650
vt 0.376014 0.490758
vt 0.134094 0.250000
vt 0.437463 0.485408
vt 0.483704 0.490745
vt 0.437544 0.490869
vt 0.500301 0.764516
vt 0.516158 0.780333
vt 0.500301 0.796161
vt 0.484218 0.780333
vt 0.516375 0.759120
vt 0.562384 0.757891
vt 0.608221 0.759108
vt 0.562297 0.764516
vt 0.624262 0.759311
vt 0.623826 0.759199
vt 0.625000 0.780334
vt 0.844666 0.001807
vt 0.624262 0.801357
vt 0.623875 0.801468
vt 0.608399 0.780334
vt 0.865860 0.001806
vt 0.624564 0.759028
vt 0.867096 0.125231
vt 0.865888 0.217962
vt 0.860474 0.125227
vt 0.625000 0.490866
vt 0.866080 0.250000
vt 0.625000 0.492044
vt 0.625000 0.490843
vt 0.625000 0.485468
vt 0.865594 0.249327
vt 0.865842 0.249327
vt 0.844577 0.250000
vt 0.625000 0.469669
vt 0.823654 0.249304
vt 0.823484 0.249304
vt 0.844658 0.217949
vt 0.625000 0.490880
vt 2.294057 2.371570
vt 0.625000 0.492108
vt 0.625000 0.490880
vt 0.625000 0.485484
vt 2.294057 2.371570
vt 2.294057 2.371570
vt 0.625000 0.469667
vt 2.294057 2.371570
vt 2.294057 2.371570
vt 2.294057 2.371570
vt 2.294057 2.371570
vt 2.294057 2.371570
vt 0.625000 0.491055
vt 2.294057 2.371570
vt 2.294057 2.371570
vt 2.294057 2.371570
vt 2.292758 2.371570
vt 2.294057 2.371570
vt 0.625000 0.495420
vt 0.623801 0.499888
vt 2.294057 2.371570
vt 0.607788 0.499972
vt 0.623801 0.499888
vt 0.624700 0.498715
vt 2.284966 2.371570
vt 2.291460 2.371570
vt 2.283668 2.371570
vt 0.625000 0.499889
vt 2.144969 2.371570
vt 2.268618 2.371570
vt 2.283668 2.371570
vt 1.748991 2.371570
vt 1.354301 2.371570
vt 1.744834 2.371570
vt 0.562149 0.500000
vt 1.212975 2.371570
vt 1.211146 2.371570
vt 1.211146 2.371570
vt 1.211146 2.371570
vt 0.500848 0.500000
vt 1.218428 2.371570
vt 0.500000 0.500000
vt 1.211146 2.371570
vt 0.500848 0.500000
vt 0.516597 0.500000
vt 0.499488 0.274558
vt 0.499885 0.301706
vt 0.499446 0.328853
vt 0.483787 0.301708
vt 0.499188 0.338085
vt 0.499797 0.328873
vt 0.499050 0.338196
vt 0.479067 0.338319
vt 0.483762 0.338090
vt 0.434363 0.338323
vt 0.392685 0.338175
vt 0.437682 0.328898
vt 0.286070 0.249227
vt 0.375000 0.338661
vt 0.270322 0.250000
vt 0.375000 0.354658
vt 0.254596 0.249221
vt 0.375000 0.370654
vt 0.270341 0.217837
vt 0.286572 0.248414
vt 0.375000 0.338124
vt 0.282297 0.125225
vt 0.286602 0.032581
vt 0.295970 0.125199
vt 0.375519 0.911142
vt 0.286385 0.001097
vt 0.375194 0.895342
vt 0.270342 0.002009
vt 0.375519 0.879543
vt 0.254277 0.001097
vt 0.391217 0.895342
vt 0.375844 0.911572
vt 0.286815 0.000185
vt 0.437660 0.907299
vt 0.484300 0.911572
vt 0.437660 0.920967
vt 0.500586 0.907299
vt 0.484300 0.895342
vt 0.500586 0.883418
vt 0.516511 0.895342
vt 0.516532 0.911572
vt 0.562128 0.907299
vt 0.607788 0.911602
vt 0.562149 0.920967
vt 0.623801 0.911142
vt 0.623801 0.911385
vt 0.607628 0.895342
vt 0.623332 0.879543
vt 0.623332 0.879300
vt 0.624694 0.895342
vt 0.729869 0.001830
vt 0.713428 0.001812
vt 0.625000 0.911815
vt 0.717760 0.125227
vt 0.713403 0.217978
vt 0.704038 0.125259
vt 0.625000 0.338380
vt 0.712979 0.250000
vt 0.625000 0.342478
vt 0.625000 0.338229
vt 0.625000 0.328993
vt 0.713870 0.249309
vt 0.713656 0.249309
vt 0.729689 0.217962
vt 0.745178 0.249336
vt 0.745721 0.249336
vt 0.729329 0.250000
vt 0.625000 0.354392
vt 0.625000 0.338428
vt 2.294057 2.371570
vt 0.625000 0.342698
vt 0.625000 0.338428
vt 0.625000 0.329033
vt 2.294057 2.371570
vt 2.294057 2.371570
vt 2.294057 2.371570
vt 0.625000 0.338188
vt 2.294057 2.371570
vt 2.294057 2.371570
vt 2.294057 2.371570
vt 2.294057 2.371570
vt 2.294057 2.371570
vt 0.625000 0.354639
vt 1.211146 2.371570
vt 1.211146 2.371570
vt 1.211146 2.371570
vt 1.211146 2.371570
vt 1.211146 2.371570
vt 1.211146 2.371570
vt 1.211146 2.371570
vt 1.211146 2.371570
vt 2.294057 2.371570
vt 1.211146 2.371570
vt 2.294057 2.371570
vt 1.211146 2.371570
vt 2.294057 2.371570
vt 1.211146 2.371570
vt 2.294057 2.371570
vt 1.211146 2.371570
vt 1.211146 2.371570
vt 2.294057 2.371570
vt 1.211146 2.371570
vt 0.500000 0.338371
vt 1.211146 2.371570
vt 0.392685 0.370981
vt 0.434357 0.370948
vt 0.483762 0.371028
vt 0.437683 0.378800
vt 0.375608 0.378747
vt 0.391114 0.401990
vt 0.375608 0.425189
vt 0.375000 0.401947
vt 0.223005 0.248387
vt 0.254250 0.248421
vt 0.375000 0.371000
vt 0.246285 0.125205
vt 0.254211 0.032582
vt 0.258422 0.125223
vt 0.499179 0.371030
vt 0.479015 0.370950
vt 0.498976 0.370961
vt 0.499787 0.378808
vt 0.499446 0.378812
vt 0.499885 0.401997
vt 0.499446 0.425180
vt 0.483787 0.401996
vt 0.499188 0.432963
vt 0.499797 0.425186
vt 0.499050 0.433006
vt 0.479067 0.433036
vt 0.483762 0.432964
vt 0.434363 0.433037
vt 0.392685 0.432992
vt 0.437683 0.425193
vt 0.191686 0.249227
vt 0.375000 0.433192
vt 0.184272 0.250000
vt 0.375000 0.440738
vt 0.178652 0.249259
vt 0.184264 0.217836
vt 0.191886 0.248414
vt 0.375000 0.432944
vt 0.189892 0.125222
vt 0.191902 0.032579
vt 0.199755 0.125197
vt 0.246251 0.001097
vt 0.223004 0.032578
vt 0.199769 0.001097
vt 0.223004 0.000186
vt 0.375844 0.848004
vt 0.375844 0.879244
vt 0.253977 0.000186
vt 0.437660 0.871284
vt 0.484300 0.879244
vt 0.437660 0.883418
vt 0.191712 0.001094
vt 0.191832 0.001094
vt 0.184262 0.032580
vt 0.178632 0.001094
vt 0.184262 0.000186
vt 0.375844 0.809262
vt 0.375844 0.816887
vt 0.192007 0.000186
vt 0.437660 0.814893
vt 0.484300 0.816887
vt 0.437660 0.824754
vt 0.500586 0.814893
vt 0.484300 0.809262
vt 0.500545 0.803619
vt 0.516591 0.809262
vt 0.516533 0.816887
vt 0.562304 0.814894
vt 0.607758 0.816904
vt 0.562017 0.824755
vt 0.500586 0.824754
vt 0.516489 0.848004
vt 0.500586 0.871284
vt 0.484300 0.848004
vt 0.516491 0.879244
vt 0.561984 0.871284
vt 0.607467 0.879213
vt 0.562006 0.883418
vt 0.623804 0.816729
vt 0.623991 0.816833
vt 0.608121 0.809264
vt 0.624024 0.803621
vt 0.624813 0.809260
vt 0.815690 0.001882
vt 0.808045 0.001870
vt 0.624695 0.817009
vt 0.810031 0.125292
vt 0.808040 0.217984
vt 0.800223 0.125241
vt 0.623403 0.824772
vt 0.624389 0.848006
vt 0.776994 0.001780
vt 0.623330 0.871254
vt 0.607455 0.848004
vt 0.745968 0.001816
vt 0.624388 0.879000
vt 0.753745 0.125240
vt 0.745830 0.217989
vt 0.741761 0.125251
vt 0.625000 0.370531
vt 0.746002 0.250000
vt 0.625000 0.378691
vt 0.625000 0.370766
vt 0.625000 0.366379
vt 0.753740 0.249345
vt 0.776979 0.217989
vt 0.800151 0.249340
vt 0.776909 0.250000
vt 0.625000 0.401993
vt 0.625000 0.433218
vt 0.807903 0.250000
vt 0.625000 0.435210
vt 0.625000 0.433110
vt 0.625000 0.425254
vt 0.808309 0.249325
vt 0.808128 0.249325
vt 0.815721 0.218003
vt 0.821345 0.249353
vt 0.815749 0.250000
vt 0.625000 0.440878
vt 0.500000 0.448479
vt 2.294057 2.371570
vt 0.500000 0.448427
vt 0.500000 0.448949
vt 0.500000 0.448481
vt 2.294057 2.371570
vt 0.500000 0.453803
vt 0.625000 0.371074
vt 2.294057 2.371570
vt 0.625000 0.401996
vt 0.500000 0.469667
vt 0.625000 0.432916
vt 2.294057 2.371570
vt 0.625000 0.401995
vt 0.625000 0.370736
vt 2.294057 2.371570
vt 0.625000 0.378712
vt 0.625000 0.370754
vt 0.625000 0.366568
vt 2.294057 2.371570
vt 2.294057 2.371570
vt 2.294057 2.371570
vt 0.625000 0.370944
vt 2.294057 2.371570
vt 0.500000 0.469668
vt 0.500000 0.448334
vt 2.294057 2.371570
vt 0.500000 0.448427
vt 0.500000 0.490800
vt 0.500000 0.448331
vt 2.294057 2.371570
vt 0.500000 0.446387
vt 2.294057 2.371570
vt 2.294057 2.371570
vt 0.500000 0.440737
vt 2.294057 2.371570
vt 0.625000 0.433049
vt 2.294057 2.371570
vt 2.294057 2.371570
vt 2.294057 2.371570
vt 2.294057 2.371570
vt 2.294057 2.371570
vt 0.625000 0.440747
vt 0.625000 0.433122
vt 2.294057 2.371570
vt 0.625000 0.435114
vt 0.625000 0.433114
vt 0.625000 0.425246
vt 2.294057 2.371570
vt 1.211146 2.371570
vt 2.294057 2.371570
vt 2.294057 2.371570
vt 1.211146 2.371570
vt 2.294057 2.371570
vt 0.500000 0.250000
vt 1.211146 2.371570
vt 1.211146 2.371570
vt 0.500000 0.250000
vt 1.211146 2.371570
vt 1.211146 2.371570
vt 1.211146 2.371570
vt 1.211146 2.371570
vt 1.211146 2.371570
vt 0.500000 0.370944
vt 1.211146 2.371570
vt 2.294057 2.371570
vt 1.211146 2.371570
vt 1.211146 2.371570
vt 0.500000 0.250000
vt 1.211146 2.371570
vt 1.211146 2.371570
vt 1.211146 2.371570
vt 1.211146 2.371570
vt 1.211146 2.371570
vt 0.500000 0.433049
vt 1.211146 2.371570
vt 2.294057 2.371570
vt 0.498603 0.338677
vt 2.294057 2.371570
vt 2.294057 2.371570
vt 1.211146 2.371570
vt 2.294057 2.371570
vt 0.497266 0.342751
vt 0.497205 0.354658
vt 2.294057 2.371570
vt 0.497113 0.366517
vt 0.481324 0.354628
vt 0.376262 0.342901
vt 0.390944 0.354648
vt 0.376269 0.366409
vt 0.375132 0.354657
vt 2.294057 2.371570
vt 0.498603 0.370638
vt 2.294057 2.371570
vt 2.294057 2.371570
vt 1.211146 2.371570
vt 2.294057 2.371570
vt 0.500000 0.371105
vt 0.500000 0.371026
vt 0.500000 0.401995
vt 1.211146 2.371570
vt 0.500000 0.432888
vt 0.500000 0.432968
vt 0.500000 0.401997
vt 0.375844 0.801588
vt 0.176693 0.000184
vt 0.437660 0.796161
vt 0.484259 0.801588
vt 0.437660 0.803619
vt 0.176601 0.032579
vt 0.178621 0.125220
vt 0.176602 0.217856
vt 0.171161 0.125205
vt 0.378058 0.448558
vt 0.176573 0.250000
vt 0.434357 0.448455
vt 0.483762 0.448586
vt 0.437684 0.453910
vt 0.516380 0.801588
vt 0.562303 0.796161
vt 0.608259 0.801599
vt 0.562403 0.803620
vt 0.823436 0.001803
vt 0.624613 0.801675
vt 0.828853 0.125218
vt 0.823414 0.217978
vt 0.821402 0.125263
vt 0.625000 0.448449
vt 0.823200 0.250000
vt 0.625000 0.453861
vt 0.625000 0.448475
vt 0.625000 0.446504
vt 0.625000 0.448412
vt 2.294057 2.371570
vt 0.625000 0.453839
vt 0.625000 0.448412
vt 0.625000 0.446382
vt 2.294057 2.371570
vt 2.294057 2.371570
vt 2.294057 2.371570
vt 0.625000 0.448192
vt 2.294057 2.371570
vt 2.294057 2.371570
vt 0.498603 0.433200
vt 2.294057 2.371570
vt 1.211146 2.371570
vt 2.294057 2.371570
vt 1.211146 2.371570
vt 2.294057 2.371570
vt 0.497266 0.435127
vt 0.497205 0.440738
vt 2.294057 2.371570
vt 0.497113 0.446339
vt 0.481324 0.440723
vt 0.376262 0.435197
vt 0.390944 0.440733
vt 0.376269 0.446276
vt 0.375132 0.440738
vt 2.294057 2.371570
vt 0.498603 0.448276
vt 2.294057 2.371570
vt 2.294057 2.371569
vt 1.211146 2.371570
vt 2.294057 2.371570
vt 1.211146 2.371570
vt 1.211146 2.371570
vt 0.500000 0.448427
vt 1.211146 2.371570
vt 1.211146 2.371570
vt 1.211146 2.371570
vt 0.498976 0.448530
vt 0.499787 0.453927
vt 0.499179 0.448589
vt 0.479015 0.448458
vt 1.211146 2.371570
vt 1.211146 2.371570
vt 0.500000 0.337861
vt 1.211146 2.371570
vt 1.211146 2.371570
vt 1.211146 2.371570
vt 1.211146 2.371570
vt 1.211146 2.371570
vt 1.211146 2.371570
vt 0.500000 0.301706
vt 1.211146 2.371570
vt 1.211146 2.371570
vt 1.211146 2.371570
vt 1.211146 2.371570
vt 0.500000 0.265550
vt 0.499446 0.453936
vt 0.499885 0.469667
vt 0.499488 0.485397
vt 0.483788 0.469664
vt 0.625000 0.250454
vt 0.625000 0.250170
vt 0.625000 0.257584
vt 0.625000 0.263061
vt 0.625000 0.257685
vt 2.294057 2.371570
vt 0.625000 0.265975
vt 0.625000 0.265226
vt 0.625000 0.301775
vt 0.625000 0.329048
vt 0.625000 0.302271
vt 2.294057 2.371570
vt 0.624850 0.498716
vt 0.625000 0.495491
vt 2.294057 2.371570
vt 0.625000 0.492119
vt 0.625000 0.495372
vt 0.625000 0.490691
vt 0.625000 0.490795
vt 0.625000 0.469940
vt 2.294057 2.371570
vt 0.625000 0.448910
vt 0.625000 0.448532
vt 0.625000 0.469697
vt 0.625000 0.338884
vt 0.625000 0.338397
vt 0.625000 0.354479
vt 0.625000 0.370371
vt 0.625000 0.370698
vt 0.625000 0.354817
vt 2.294057 2.371570
vt 0.500000 0.370904
vt 0.625000 0.432973
vt 0.500000 0.370944
vt 0.500000 0.433237
vt 0.500000 0.370903
vt 2.294057 2.371570
vt 0.500000 0.366821
vt 0.625000 0.425217
vt 0.625000 0.401996
vt 0.500000 0.354658
vt 0.625000 0.378764
vt 0.625000 0.401997
vt 0.625000 0.433341
vt 0.625000 0.433174
vt 0.625000 0.440836
vt 0.625000 0.446373
vt 0.625000 0.440670
vt 2.294057 2.371570
vt 0.500000 0.338412
vt 0.625000 0.371020
vt 0.500000 0.342494
vt 0.500000 0.338413
vt 2.294057 2.371570
vt 0.500000 0.338371
vt 0.500000 0.490386
vt 1.211146 2.371570
vt 0.500000 0.250000
vt 1.211146 2.371570
vt 0.500000 0.432570
vt 1.211146 2.371570
vt 0.500000 0.250000
vt 1.211146 2.371570
vt 0.516597 0.250000
vt 0.562149 0.250000
vt 0.607788 0.250043
vt 0.562149 0.250000
vt 0.500907 0.250000
vt 0.516656 0.250000
vt 0.501202 0.250000
vt 0.500472 0.250000
vt 0.500000 0.401996
vt 0.623801 0.250170
vt 0.624700 0.252105
vt 0.623801 0.250170
vt 0.607788 0.250043
vt 0.624700 0.252105
vt 0.625000 0.257570
vt 0.625000 0.263068
vt 0.625000 0.257570
vt 0.625000 0.265106
vt 0.625000 0.274409
vt 0.625000 0.265106
vt 0.625000 0.263068
vt 0.625000 0.274409
vt 0.625000 0.301706
vt 0.625000 0.329033
vt 0.625000 0.301706
vt 0.625000 0.490880
vt 0.625000 0.492108
vt 0.625000 0.490880
vt 0.625000 0.485484
vt 0.625000 0.485484
vt 0.625000 0.469667
vt 0.625000 0.453839
vt 0.625000 0.469667
vt 0.625000 0.492108
vt 0.625000 0.495420
vt 0.624700 0.498714
vt 0.625000 0.495420
vt 0.623801 0.499888
vt 0.607788 0.499972
vt 0.623801 0.499888
vt 0.624700 0.498714
vt 0.607788 0.499972
vt 0.562149 0.500000
vt 0.516597 0.500000
vt 0.562149 0.500000
vt 1.211146 2.371570
vt 0.500000 0.500000
vt 1.211146 2.371570
vt 1.211146 2.371570
vt 0.500000 0.500000
vt 1.211146 2.371570
vt 0.500000 0.490579
vt 0.501320 0.500000
vt 0.500848 0.500000
vt 0.500472 0.500000
vt 0.500000 0.469667
vt 0.500907 0.500000
vt 0.516656 0.500000
vt 0.625000 0.338428
vt 0.625000 0.342701
vt 0.625000 0.338428
vt 0.625000 0.329033
vt 0.625000 0.342701
vt 0.625000 0.354655
vt 0.625000 0.366582
vt 0.625000 0.354657
vt 1.211146 2.371570
vt 0.500000 0.265304
vt 1.211146 2.371570
vt 1.211146 2.371570
vt 0.500000 0.265040
vt 1.211146 2.371570
vt 0.500000 0.432378
vt 0.500000 0.265326
vt 0.500000 0.265040
vt 0.500000 0.401996
vt 0.500000 0.265326
vt 0.500000 0.274536
vt 0.500000 0.274558
vt 0.500000 0.301706
vt 0.500000 0.328853
vt 0.500000 0.301706
vt 1.211146 2.371570
vt 1.211146 2.371570
vt 0.500000 0.338108
vt 1.211146 2.371570
vt 0.500000 0.250000
vt 1.211146 2.371570
vt 0.500000 0.338113
vt 1.211146 2.371570
vt 0.500000 0.338086
vt 0.500000 0.328875
vt 0.500000 0.338086
vt 0.500000 0.338371
vt 0.500000 0.250000
vt 0.625000 0.370756
vt 0.625000 0.378716
vt 0.625000 0.370756
vt 0.625000 0.366582
vt 0.625000 0.378716
vt 0.625000 0.401996
vt 0.625000 0.425246
vt 0.625000 0.401996
vt 0.625000 0.433113
vt 0.625000 0.435107
vt 0.625000 0.433113
vt 0.625000 0.425246
vt 0.625000 0.435107
vt 0.625000 0.440739
vt 0.625000 0.446381
vt 0.625000 0.440738
vt 0.500000 0.500000
vt 0.500000 0.371023
vt 0.500000 0.500000
vt 0.500000 0.500000
vt 0.500000 0.371020
vt 0.500000 0.500000
vt 0.500000 0.265040
vt 0.500000 0.371030
vt 0.500000 0.370944
vt 0.500000 0.265040
vt 0.500000 0.371030
vt 0.500000 0.378806
vt 0.500000 0.378812
vt 0.500000 0.401996
vt 0.500000 0.425180
vt 0.500000 0.401996
vt 0.500000 0.500000
vt 0.500000 0.500000
vt 0.500000 0.432970
vt 0.500000 0.500000
vt 0.500000 0.490906
vt 0.500000 0.500000
vt 0.500000 0.432971
vt 0.500000 0.500000
vt 0.500000 0.432963
vt 0.500000 0.425187
vt 0.500000 0.432963
vt 0.500000 0.433049
vt 0.500000 0.490906
vt 0.625000 0.448412
vt 0.625000 0.453839
vt 0.625000 0.448412
vt 0.625000 0.446381
vt 0.500000 0.338114
vt 0.500000 0.490757
vt 0.500000 0.338371
vt 0.500000 0.490447
vt 0.500000 0.338118
vt 0.500000 0.490906
vt 0.500000 0.328885
vt 0.500000 0.485397
vt 0.500000 0.469667
vt 0.500000 0.301706
vt 0.500000 0.453936
vt 0.500000 0.469667
vt 0.500000 0.490745
vt 0.500000 0.485410
vt 0.500000 0.490745
vt 0.500000 0.490906
vt 0.500000 0.469667
vt 0.500000 0.265298
vt 0.500000 0.448576
vt 0.500000 0.274522
vt 0.500000 0.265288
vt 0.500000 0.448427
vt 0.500000 0.265040
vt 0.500000 0.500000
vt 0.500000 0.448589
vt 0.500000 0.448427
vt 0.500000 0.500000
vt 0.500000 0.448589
vt 0.500000 0.453923
vt 0.500000 0.371184
vt 0.500472 0.250000
vt 0.500000 0.370944
vt 0.500000 0.338371
vt 0.500000 0.371184
vt 0.500000 0.250000
vt 0.500000 0.379007
vt 0.516656 0.250000
vt 0.562149 0.250000
vt 0.607788 0.250043
vt 0.562149 0.250000
vt 0.500907 0.250000
vt 0.516597 0.250000
vt 0.500848 0.250000
vt 0.500000 0.250000
vt 0.500000 0.338371
vt 0.623801 0.250170
vt 0.624700 0.252105
vt 0.623801 0.250170
vt 0.607788 0.250043
vt 0.624700 0.252105
vt 0.625000 0.257570
vt 0.625000 0.263068
vt 0.625000 0.257570
vt 0.625000 0.265106
vt 0.625000 0.274409
vt 0.625000 0.265106
vt 0.625000 0.263068
vt 0.625000 0.274409
vt 0.625000 0.301706
vt 0.625000 0.329033
vt 0.625000 0.301706
vt 0.500000 0.371283
vt 0.500000 0.265304
vt 0.500000 0.379122
vt 0.500000 0.371270
vt 0.500000 0.265040
vt 0.500000 0.370944
vt 0.500000 0.433049
vt 0.500000 0.274558
vt 0.500000 0.301706
vt 0.500000 0.433049
vt 0.500000 0.328853
vt 0.500000 0.301706
vt 0.500000 0.448659
vt 0.500000 0.490757
vt 0.500000 0.448427
vt 0.500000 0.337861
vt 0.500000 0.448654
vt 0.500000 0.490906
vt 0.500000 0.454024
vt 0.500000 0.485397
vt 0.500000 0.469667
vt 0.500000 0.453936
vt 0.500000 0.469667
vt 0.500000 0.301706
vt 0.625000 0.490880
vt 0.625000 0.492108
vt 0.625000 0.490880
vt 0.625000 0.485484
vt 0.625000 0.485484
vt 0.625000 0.469667
vt 0.625000 0.453839
vt 0.625000 0.469667
vt 0.625000 0.492108
vt 0.625000 0.495420
vt 0.624700 0.498715
vt 0.625000 0.495420
vt 0.623801 0.499888
vt 0.607788 0.499972
vt 0.623801 0.499888
vt 0.624700 0.498715
vt 0.607788 0.499972
vt 0.562149 0.500000
vt 0.516597 0.500000
vt 0.562149 0.500000
vt 0.500000 0.448591
vt 0.500000 0.500000
vt 0.500000 0.453942
vt 0.500000 0.448591
vt 0.500000 0.500000
vt 0.500000 0.448427
vt 0.500000 0.370944
vt 0.500848 0.500000
vt 0.500000 0.500000
vt 0.500000 0.370944
vt 0.500848 0.500000
vt 0.516597 0.500000
vt 0.625000 0.338428
vt 0.625000 0.342701
vt 0.625000 0.338428
vt 0.625000 0.329033
vt 0.625000 0.342701
vt 0.625000 0.354658
vt 0.625000 0.366582
vt 0.625000 0.354658
vt 0.500000 0.250000
vt 0.500000 0.338108
vt 0.500000 0.250000
vt 0.500000 0.433049
vt 0.500000 0.250000
vt 0.500000 0.338371
vt 0.500000 0.250000
vt 0.500000 0.265040
vt 0.500000 0.371023
vt 0.500000 0.265040
vt 0.500000 0.265040
vt 0.500000 0.370944
vt 0.500000 0.265040
vt 0.500000 0.250000
vt 0.500000 0.378812
vt 0.500000 0.401996
vt 0.500000 0.250000
vt 0.500000 0.425180
vt 0.500000 0.401996
vt 0.625000 0.370756
vt 0.625000 0.378716
vt 0.625000 0.370756
vt 0.625000 0.366582
vt 0.625000 0.378716
vt 0.625000 0.401996
vt 0.625000 0.425246
vt 0.625000 0.401996
vt 0.625000 0.433113
vt 0.625000 0.435107
vt 0.625000 0.433113
vt 0.625000 0.425246
vt 0.625000 0.435107
vt 0.625000 0.440738
vt 0.625000 0.446381
vt 0.625000 0.440738
vt 0.500000 0.490906
vt 0.500000 0.432970
vt 0.500000 0.490906
vt 0.500000 0.250000
vt 0.500000 0.490906
vt 0.500000 0.433049
vt 0.500000 0.490906
vt 0.625000 0.448412
vt 0.625000 0.453839
vt 0.625000 0.448412
vt 0.625000 0.446381
vt 0.500000 0.500000
vt 0.500000 0.448576
vt 0.500000 0.500000
vt 0.500000 0.500000
vt 0.500000 0.448427
vt 0.500000 0.500000
vt 0.500000 0.265550
vt 0.500000 0.338371
vt 0.500000 0.250000
vt 0.500000 0.338371
vt 0.500000 0.432652
vt 0.500000 0.338371
vt 0.500000 0.250000
vt 0.500000 0.338371
vt 0.516597 0.250000
vt 0.562149 0.250000
vt 0.607788 0.250043
vt 0.562149 0.250000
vt 0.500897 0.250000
vt 0.516646 0.250000
vt 0.501141 0.250000
vt 0.500391 0.250000
vt 0.500000 0.401996
vt 0.623801 0.250170
vt 0.624700 0.252105
vt 0.623801 0.250170
vt 0.607788 0.250043
vt 0.624700 0.252105
vt 0.625000 0.257570
vt 0.625000 0.263068
vt 0.625000 0.257570
vt 0.625000 0.265106
vt 0.625000 0.274409
vt 0.625000 0.265106
vt 0.625000 0.263068
vt 0.625000 0.274409
vt 0.625000 0.301706
vt 0.625000 0.329033
vt 0.625000 0.301706
vt 0.625000 0.490880
vt 0.625000 0.492108
vt 0.625000 0.490880
vt 0.625000 0.485484
vt 0.625000 0.485484
vt 0.625000 0.469667
vt 0.625000 0.453839
vt 0.625000 0.469667
vt 0.625000 0.492108
vt 0.625000 0.495420
vt 0.624700 0.498715
vt 0.625000 0.495420
vt 0.623801 0.499888
vt 0.607788 0.499972
vt 0.623801 0.499888
vt 0.624700 0.498715
vt 0.607788 0.499972
vt 0.562149 0.500000
vt 0.516597 0.500000
vt 0.562149 0.500000
vt 0.500000 0.370944
vt 0.500000 0.500000
vt 0.500000 0.370944
vt 0.500000 0.370944
vt 0.500000 0.500000
vt 0.500000 0.370944
vt 0.500000 0.490635
vt 0.501239 0.500000
vt 0.500848 0.500000
vt 0.500391 0.500000
vt 0.500000 0.469667
vt 0.500897 0.500000
vt 0.516646 0.500000
vt 0.625000 0.338428
vt 0.625000 0.342700
vt 0.625000 0.338428
vt 0.625000 0.329033
vt 0.625000 0.342700
vt 0.625000 0.354658
vt 0.625000 0.366582
vt 0.625000 0.354657
vt 0.500000 0.448427
vt 0.500000 0.265304
vt 0.500000 0.448427
vt 0.500000 0.448427
vt 0.500000 0.265040
vt 0.500000 0.448427
vt 0.500000 0.432494
vt 0.500000 0.265326
vt 0.500000 0.265040
vt 0.500000 0.401996
vt 0.500000 0.265326
vt 0.500000 0.274536
vt 0.500000 0.274558
vt 0.500000 0.301706
vt 0.500000 0.328853
vt 0.500000 0.301706
vt 0.500000 0.448427
vt 0.500000 0.448427
vt 0.500000 0.338108
vt 0.500000 0.448427
vt 0.500000 0.250000
vt 0.500000 0.448427
vt 0.500000 0.338113
vt 0.500000 0.448427
vt 0.500000 0.338086
vt 0.500000 0.328875
vt 0.500000 0.338086
vt 0.500000 0.338371
vt 0.500000 0.250000
vt 0.625000 0.370756
vt 0.625000 0.378716
vt 0.625000 0.370756
vt 0.625000 0.366582
vt 0.625000 0.378716
vt 0.625000 0.401996
vt 0.625000 0.425246
vt 0.625000 0.401996
vt 0.625000 0.433113
vt 0.625000 0.435107
vt 0.625000 0.433113
vt 0.625000 0.425246
vt 0.625000 0.435107
vt 0.625000 0.440738
vt 0.625000 0.446381
vt 0.625000 0.440738
vt 0.500000 0.500000
vt 0.500000 0.371023
vt 0.500000 0.500000
vt 0.500000 0.500000
vt 0.500000 0.371020
vt 0.500000 0.500000
vt 0.500000 0.265040
vt 0.500000 0.371030
vt 0.500000 0.370944
vt 0.500000 0.265040
vt 0.500000 0.371030
vt 0.500000 0.378806
vt 0.500000 0.378812
vt 0.500000 0.401996
vt 0.500000 0.425180
vt 0.500000 0.401996
vt 0.500000 0.500000
vt 0.500000 0.500000
vt 0.500000 0.432970
vt 0.500000 0.500000
vt 0.500000 0.490906
vt 0.500000 0.500000
vt 0.500000 0.432971
vt 0.500000 0.500000
vt 0.500000 0.432963
vt 0.500000 0.425187
vt 0.500000 0.432963
vt 0.500000 0.433049
vt 0.500000 0.490906
vt 0.625000 0.448412
vt 0.625000 0.453839
vt 0.625000 0.448412
vt 0.625000 0.446381
vt 0.500000 0.338114
vt 0.500000 0.490757
vt 0.500000 0.338371
vt 0.500000 0.490527
vt 0.500000 0.338118
vt 0.500000 0.490906
vt 0.500000 0.328885
vt 0.500000 0.485397
vt 0.500000 0.469667
vt 0.500000 0.301706
vt 0.500000 0.453936
vt 0.500000 0.469667
vt 0.500000 0.490745
vt 0.500000 0.485410
vt 0.500000 0.490745
vt 0.500000 0.490906
vt 0.500000 0.469667
vt 0.500000 0.265298
vt 0.500000 0.448576
vt 0.500000 0.274522
vt 0.500000 0.265288
vt 0.500000 0.448427
vt 0.500000 0.265040
vt 0.500000 0.500000
vt 0.500000 0.448589
vt 0.500000 0.448427
vt 0.500000 0.500000
vt 0.500000 0.448589
vt 0.500000 0.453923
vt 0.500000 0.371142
vt 0.500391 0.250000
vt 0.500000 0.370944
vt 0.500000 0.338371
vt 0.500000 0.371138
vt 0.500000 0.250000
vt 0.500000 0.378951
vt 0.516646 0.250000
vt 0.562149 0.250000
vt 0.607788 0.250043
vt 0.562149 0.250000
vt 0.500897 0.250000
vt 0.516597 0.250000
vt 0.500848 0.250042
vt 0.500000 0.250000
vt 0.500000 0.338371
vt 0.623801 0.250170
vt 0.624700 0.252105
vt 0.623701 0.250185
vt 0.607788 0.250043
vt 0.624700 0.252105
vt 0.625000 0.257570
vt 0.625000 0.263068
vt 0.625000 0.257570
vt 0.625000 0.265106
vt 0.625000 0.274409
vt 0.624700 0.265104
vt 0.625000 0.263068
vt 0.625000 0.274409
vt 0.625000 0.301706
vt 0.625000 0.329033
vt 0.625000 0.301705
vt 0.500000 0.371224
vt 0.500000 0.265304
vt 0.500000 0.379064
vt 0.500000 0.371232
vt 0.500000 0.265040
vt 0.500000 0.370944
vt 0.500000 0.250000
vt 0.500000 0.274558
vt 0.500000 0.301706
vt 0.500000 0.250000
vt 0.500000 0.328853
vt 0.500000 0.301706
vt 0.500000 0.448619
vt 0.500000 0.490757
vt 0.500000 0.448427
vt 0.500000 0.432620
vt 0.500000 0.448616
vt 0.500000 0.490906
vt 0.500000 0.453975
vt 0.500000 0.485397
vt 0.500000 0.469667
vt 0.500000 0.453936
vt 0.500000 0.469667
vt 0.500000 0.401996
vt 0.625000 0.490880
vt 0.625000 0.492108
vt 0.624700 0.490881
vt 0.625000 0.485485
vt 0.625000 0.485484
vt 0.625000 0.469667
vt 0.625000 0.453839
vt 0.625000 0.469667
vt 0.625000 0.492108
vt 0.625000 0.495420
vt 0.624700 0.498715
vt 0.625000 0.495420
vt 0.623801 0.499888
vt 0.607788 0.499972
vt 0.623701 0.499878
vt 0.624700 0.498715
vt 0.607788 0.499972
vt 0.562149 0.500000
vt 0.516597 0.500000
vt 0.562149 0.500000
vt 0.500000 0.448562
vt 0.500000 0.500000
vt 0.500000 0.453910
vt 0.500000 0.448568
vt 0.500000 0.500000
vt 0.500000 0.448462
vt 0.500848 0.500000
vt 0.500000 0.500000
vt 0.500000 0.448427
vt 0.500848 0.499964
vt 0.516597 0.500000
vt 0.625000 0.338428
vt 0.625000 0.342701
vt 0.624701 0.338429
vt 0.625000 0.329032
vt 0.625000 0.342701
vt 0.625000 0.354658
vt 0.625000 0.366582
vt 0.625000 0.354658
vt 0.500000 0.250000
vt 0.500000 0.338108
vt 0.500000 0.250000
vt 0.500000 0.250000
vt 0.500000 0.338371
vt 0.500000 0.250000
vt 0.500000 0.265040
vt 0.500000 0.371023
vt 0.500000 0.265040
vt 0.500000 0.265040
vt 0.500000 0.370944
vt 0.500000 0.265040
vt 0.500000 0.499977
vt 0.500000 0.378812
vt 0.500000 0.401996
vt 0.500000 0.495453
vt 0.500000 0.425180
vt 0.500000 0.401996
vt 0.625000 0.370756
vt 0.625000 0.378716
vt 0.624700 0.370758
vt 0.625000 0.366583
vt 0.625000 0.378716
vt 0.625000 0.401996
vt 0.625000 0.425246
vt 0.625000 0.401996
vt 0.625000 0.433113
vt 0.625000 0.435107
vt 0.624700 0.433112
vt 0.625000 0.425246
vt 0.625000 0.435107
vt 0.625000 0.440738
vt 0.625000 0.446381
vt 0.625000 0.440738
vt 0.500000 0.490906
vt 0.500000 0.432970
vt 0.500000 0.490906
vt 0.500000 0.490929
vt 0.500000 0.490906
vt 0.500000 0.433049
vt 0.500000 0.490906
vt 0.625000 0.448412
vt 0.625000 0.453839
vt 0.624702 0.448413
vt 0.625000 0.446381
vt 0.500000 0.500000
vt 0.500000 0.448576
vt 0.500000 0.500000
vt 0.500000 0.500000
vt 0.500000 0.448427
vt 0.500000 0.500000
vt 0.500000 0.371382
vt 0.500000 0.338371
vt 0.500000 0.250168
vt 0.500000 0.338371
vt 0.500000 0.370944
vt 0.500000 0.338371
vt 0.500000 0.338371
vt 0.516597 0.250170
vt 0.562149 0.250043
vt 0.607688 0.250185
vt 0.562149 0.252105
vt 0.500848 0.252091
vt 0.516597 0.257557
vt 0.500849 0.262968
vt 0.500000 0.257466
vt 0.500000 0.370944
vt 0.623701 0.252119
vt 0.624700 0.257569
vt 0.623801 0.263066
vt 0.607789 0.257569
vt 0.623801 0.274404
vt 0.624701 0.301704
vt 0.623806 0.329032
vt 0.607794 0.301702
vt 0.607789 0.265099
vt 0.562156 0.274400
vt 0.516605 0.265064
vt 0.562151 0.263066
vt 0.500000 0.370944
vt 0.500000 0.264818
vt 0.500000 0.370944
vt 0.500000 0.250074
vt 0.500000 0.370944
vt 0.500000 0.370944
vt 0.500858 0.265397
vt 0.500858 0.265220
vt 0.516645 0.301706
vt 0.501112 0.328996
vt 0.500312 0.301700
vt 0.500000 0.257519
vt 0.623800 0.485487
vt 0.607795 0.469670
vt 0.623804 0.453840
vt 0.624700 0.469668
vt 0.623801 0.492109
vt 0.624700 0.495420
vt 0.623701 0.498705
vt 0.607790 0.495421
vt 0.607789 0.490884
vt 0.562157 0.492110
vt 0.516605 0.490898
vt 0.562155 0.485491
vt 0.500000 0.433049
vt 0.500000 0.490986
vt 0.500000 0.433049
vt 0.500000 0.433049
vt 0.500000 0.433049
vt 0.500000 0.432753
vt 0.501142 0.490706
vt 0.500848 0.490806
vt 0.500294 0.469671
vt 0.500000 0.402002
vt 0.500892 0.448637
vt 0.500892 0.448358
vt 0.516667 0.469672
vt 0.500855 0.492115
vt 0.516605 0.495414
vt 0.500849 0.498670
vt 0.500000 0.495361
vt 0.500000 0.433049
vt 0.607688 0.499878
vt 0.562149 0.499972
vt 0.516597 0.499880
vt 0.562150 0.498715
vt 0.500000 0.433049
vt 0.500000 0.499828
vt 0.500000 0.433049
vt 0.500000 0.448427
vt 0.500000 0.433049
vt 0.500000 0.433049
vt 0.623804 0.342702
vt 0.624700 0.354660
vt 0.623800 0.366589
vt 0.607795 0.354665
vt 0.607801 0.338429
vt 0.562184 0.342704
vt 0.516693 0.338391
vt 0.562161 0.329038
vt 0.500000 0.264979
vt 0.500501 0.338078
vt 0.500000 0.264994
vt 0.500000 0.337276
vt 0.500000 0.264981
vt 0.500000 0.263107
vt 0.500891 0.338854
vt 0.501079 0.338504
vt 0.516630 0.354641
vt 0.500848 0.370260
vt 0.500848 0.370712
vt 0.500000 0.354445
vt 0.500000 0.301686
vt 0.623801 0.378718
vt 0.624700 0.401996
vt 0.623802 0.425245
vt 0.607791 0.401996
vt 0.607789 0.370765
vt 0.562157 0.378720
vt 0.516605 0.370797
vt 0.562155 0.366597
vt 0.500000 0.500000
vt 0.500000 0.371000
vt 0.500000 0.500000
vt 0.500000 0.500000
vt 0.500000 0.500000
vt 0.500000 0.266096
vt 0.500870 0.378748
vt 0.516619 0.401997
vt 0.500935 0.425230
vt 0.500112 0.401996
vt 0.500000 0.500000
vt 0.623801 0.435103
vt 0.624701 0.440737
vt 0.623807 0.446381
vt 0.607794 0.440735
vt 0.607790 0.433108
vt 0.562157 0.435101
vt 0.516620 0.433094
vt 0.562152 0.425244
vt 0.500000 0.500000
vt 0.500112 0.432993
vt 0.500000 0.500000
vt 0.500000 0.266142
vt 0.500000 0.500000
vt 0.500000 0.500000
vt 0.500859 0.433278
vt 0.500859 0.433164
vt 0.516607 0.440725
vt 0.500855 0.446270
vt 0.500000 0.440625
vt 0.500000 0.301685
vt 0.607802 0.448414
vt 0.562185 0.453841
vt 0.516631 0.448369
vt 0.562161 0.446386
vt 0.500000 0.337478
vt 0.500000 0.448026
vt 0.500000 0.337725
vt 0.500000 0.371254
vt 0.500000 0.337510
vt 0.500000 0.328428
vt 1.211146 2.371570
vt 1.211146 2.371570
vt 1.211146 2.371570
vt 1.211146 2.371570
vt 1.211146 2.371570
vt 1.211146 2.371570
vt 1.211146 2.371570
vt 1.211146 2.371570
vt 1.211146 2.371570
vt 1.211146 2.371570
vt 1.211146 2.371570
vt 1.211146 2.371570
vt 0.500000 0.250170
vt 1.211146 2.371570
vt 0.500000 0.250000
vt 1.211146 2.371570
vt 0.500000 0.250170
vt 0.500000 0.252102
vt 1.211146 2.371570
vt 1.211146 2.371570
vt 0.500000 0.257557
vt 1.211146 2.371570
vt 1.211146 2.371570
vt 0.500000 0.265479
vt 1.211146 2.371570
vt 0.500000 0.301699
vt 0.500000 0.337929
vt 1.211146 2.371570
vt 0.500000 0.301710
vt 1.211146 2.371570
vt 0.500000 0.265087
vt 1.211146 2.371570
vt 0.500000 0.263051
vt 0.500000 0.265066
vt 0.500000 0.274397
vt 1.211146 2.371570
vt 1.211146 2.371570
vt 1.211146 2.371570
vt 1.211146 2.371570
vt 1.211146 2.371570
vt 1.211146 2.371570
vt 1.211146 2.371570
vt 1.211146 2.371570
vt 1.211146 2.371570
vt 1.211146 2.371570
vt 1.211146 2.371570
vt 1.211146 2.371570
vt 0.500000 0.490658
vt 1.211146 2.371570
vt 0.500000 0.469667
vt 0.500000 0.301706
vt 0.500000 0.448675
vt 1.211146 2.371570
vt 0.500000 0.469666
vt 0.500000 0.490892
vt 1.211146 2.371570
vt 0.500000 0.485487
vt 0.500000 0.490900
vt 0.500000 0.492119
vt 1.211146 2.371570
vt 1.211146 2.371570
vt 0.500000 0.495428
vt 1.211146 2.371570
vt 1.211146 2.371570
vt 0.500000 0.499888
vt 1.211146 2.371570
vt 0.500000 0.498717
vt 0.500000 0.499888
vt 0.500000 0.500000
vt 1.211146 2.371570
vt 1.211146 2.371570
vt 1.211146 2.371570
vt 2.294057 2.371570
vt 1.211146 2.371570
vt 1.211146 2.371570
vt 1.211146 2.371570
vt 1.211146 2.371570
vt 1.211146 2.371570
vt 1.211146 2.371570
vt 2.294057 2.371570
vt 1.211146 2.371570
vt 1.211146 2.371570
vt 1.211146 2.371570
vt 1.211146 2.371570
vt 2.294057 2.371570
vt 0.500000 0.338451
vt 1.211146 2.371570
vt 0.500000 0.329034
vt 0.500000 0.338442
vt 0.500000 0.342727
vt 1.211146 2.371570
vt 1.211146 2.371570
vt 0.500000 0.354658
vt 1.211146 2.371570
vt 1.211146 2.371570
vt 0.500000 0.370733
vt 1.211146 2.371570
vt 0.500000 0.366555
vt 0.500000 0.370741
vt 0.500000 0.378710
vt 0.500000 0.371078
vt 1.211146 2.371570
vt 0.500000 0.401996
vt 0.500000 0.432916
vt 1.211146 2.371570
vt 0.500000 0.401998
vt 0.500000 0.250000
vt 1.211146 2.371570
vt 1.211146 2.371570
vt 1.211146 2.371570
vt 1.211146 2.371570
vt 1.211146 2.371570
vt 1.211146 2.371570
vt 1.211146 2.371570
vt 1.211146 2.371570
vt 2.294057 2.371570
vt 1.211146 2.371570
vt 1.211146 2.371570
vt 1.211146 2.371570
vt 1.211146 2.371570
vt 0.500000 0.433124
vt 1.211146 2.371570
vt 0.500000 0.425248
vt 0.500000 0.433120
vt 0.500000 0.435120
vt 1.211146 2.371570
vt 1.211146 2.371570
vt 0.500000 0.440737
vt 1.211146 2.371570
vt 1.211146 2.371570
vt 0.500000 0.448397
vt 1.211146 2.371570
vt 0.500000 0.446367
vt 0.500000 0.448387
vt 0.500000 0.453831
vt 0.500000 0.250170
vt 0.500000 0.250000
vt 0.500000 0.401996
vt 0.500000 0.250170
vt 0.500000 0.252095
vt 0.500000 0.252099
vt 0.500000 0.257530
vt 0.500000 0.263007
vt 0.500000 0.257556
vt 0.500000 0.264905
vt 0.500000 0.262956
vt 0.500000 0.264905
vt 0.500000 0.265040
vt 0.500000 0.401990
vt 0.500000 0.265474
vt 0.500000 0.265220
vt 0.500000 0.301701
vt 1.211146 2.371570
vt 0.500000 0.328995
vt 0.500000 0.301698
vt 0.500000 0.490997
vt 0.500000 0.490906
vt 0.500000 0.469667
vt 0.500000 0.491000
vt 0.500000 0.492182
vt 0.500000 0.492145
vt 0.500000 0.495447
vt 0.500000 0.498719
vt 0.500000 0.495429
vt 0.500000 0.490653
vt 0.500000 0.490800
vt 0.500000 0.469663
vt 0.500000 0.448673
vt 0.500000 0.448529
vt 0.500000 0.469664
vt 0.500000 0.301701
vt 0.500000 0.499888
vt 0.500000 0.498722
vt 0.500000 0.499888
vt 0.500000 0.500000
vt 0.500000 0.469667
vt 0.500000 0.338638
vt 0.500000 0.338371
vt 0.500000 0.250000
vt 0.500000 0.338672
vt 0.500000 0.342870
vt 0.500000 0.342755
vt 0.500000 0.354659
vt 0.500000 0.366528
vt 0.500000 0.354658
vt 0.500000 0.370648
vt 0.500000 0.366458
vt 0.500000 0.370640
vt 0.500000 0.370944
vt 0.500000 0.265040
vt 0.500000 0.378725
vt 0.500000 0.401995
vt 0.500000 0.500000
vt 0.500000 0.425234
vt 0.500000 0.401994
vt 0.500000 0.433189
vt 0.500000 0.433049
vt 0.500000 0.490906
vt 0.500000 0.433201
vt 0.500000 0.435182
vt 0.500000 0.435134
vt 0.500000 0.440739
vt 0.500000 0.446339
vt 0.500000 0.440738
vt 0.500000 0.448285
vt 0.500000 0.446300
vt 0.500000 0.448285
vt 0.500000 0.448427
vt 0.500000 0.500000
vt 0.500000 0.250170
vt 0.500000 0.250000
vt 0.500000 0.338371
vt 0.500000 0.250170
vt 0.500000 0.252103
vt 0.500000 0.252099
vt 0.500000 0.257556
vt 0.500000 0.263007
vt 0.500000 0.257530
vt 0.500000 0.265479
vt 0.500000 0.265220
vt 0.500000 0.301699
vt 0.500000 0.337929
vt 0.500000 0.338183
vt 0.500000 0.301710
vt 0.500000 0.433049
vt 0.500000 0.265066
vt 0.500000 0.263052
vt 0.500000 0.265065
vt 0.500000 0.274397
vt 0.500000 0.490658
vt 0.500000 0.490804
vt 0.500000 0.469667
vt 0.500000 0.301706
vt 0.500000 0.448675
vt 0.500000 0.448529
vt 0.500000 0.469666
vt 0.500000 0.490903
vt 0.500000 0.485487
vt 0.500000 0.490901
vt 0.500000 0.492118
vt 0.500000 0.492149
vt 0.500000 0.495430
vt 0.500000 0.498720
vt 0.500000 0.495450
vt 0.500000 0.499888
vt 0.500000 0.498716
vt 0.500000 0.499888
vt 0.500000 0.500000
vt 0.500000 0.370944
vt 0.500000 0.338469
vt 0.500000 0.329034
vt 0.500000 0.338444
vt 0.500000 0.342726
vt 0.500000 0.342792
vt 0.500000 0.354659
vt 0.500000 0.366523
vt 0.500000 0.354669
vt 0.500000 0.370735
vt 0.500000 0.366557
vt 0.500000 0.370739
vt 0.500000 0.378710
vt 0.500000 0.371078
vt 0.500000 0.371000
vt 0.500000 0.401996
vt 0.500000 0.432916
vt 0.500000 0.432992
vt 0.500000 0.401998
vt 0.500000 0.250000
vt 0.500000 0.433128
vt 0.500000 0.425247
vt 0.500000 0.433121
vt 0.500000 0.435120
vt 0.500000 0.435147
vt 0.500000 0.440739
vt 0.500000 0.446340
vt 0.500000 0.440743
vt 0.500000 0.448387
vt 0.500000 0.446368
vt 0.500000 0.448386
vt 0.500000 0.453831
vt 0.500000 0.250168
vt 0.500000 0.250000
vt 0.500000 0.401991
vt 0.500000 0.250150
vt 0.500000 0.252083
vt 0.500000 0.252098
vt 0.500000 0.257528
vt 0.500000 0.263005
vt 0.500000 0.257555
vt 0.500000 0.264905
vt 0.500000 0.262955
vt 0.500000 0.264911
vt 0.500000 0.265040
vt 0.500000 0.402010
vt 0.500000 0.265474
vt 0.500000 0.265220
vt 0.500000 0.301701
vt 0.500000 0.448427
vt 0.500000 0.328995
vt 0.500000 0.301698
vt 0.500000 0.490997
vt 0.500000 0.490906
vt 0.500000 0.469667
vt 0.500000 0.490992
vt 0.500000 0.492176
vt 0.500000 0.492146
vt 0.500000 0.495447
vt 0.500000 0.498720
vt 0.500000 0.495430
vt 0.500000 0.490653
vt 0.500000 0.490800
vt 0.500000 0.469663
vt 0.500000 0.448673
vt 0.500000 0.448529
vt 0.500000 0.469664
vt 0.500000 0.301701
vt 0.500000 0.499888
vt 0.500000 0.498725
vt 0.500000 0.499897
vt 0.500000 0.500000
vt 0.500000 0.469672
vt 0.500000 0.338636
vt 0.500000 0.338371
vt 0.500000 0.250000
vt 0.500000 0.338649
vt 0.500000 0.342851
vt 0.500000 0.342758
vt 0.500000 0.354656
vt 0.500000 0.366526
vt 0.500000 0.354658
vt 0.500000 0.370646
vt 0.500000 0.366454
vt 0.500000 0.370665
vt 0.500000 0.370944
vt 0.500000 0.265040
vt 0.500000 0.378725
vt 0.500000 0.401995
vt 0.500000 0.500000
vt 0.500000 0.425234
vt 0.500000 0.401994
vt 0.500000 0.433189
vt 0.500000 0.433049
vt 0.500000 0.490906
vt 0.500000 0.433189
vt 0.500000 0.435183
vt 0.500000 0.435135
vt 0.500000 0.440739
vt 0.500000 0.446338
vt 0.500000 0.440738
vt 0.500000 0.448284
vt 0.500000 0.446302
vt 0.500000 0.448290
vt 0.500000 0.448427
vt 0.500000 0.500000
vt 0.500000 0.250155
vt 0.500000 0.250042
vt 0.500000 0.250184
vt 0.500000 0.252100
vt 0.500000 0.252076
vt 0.500000 0.257560
vt 0.500000 0.263019
vt 0.500000 0.257522
vt 0.500000 0.338371
vt 0.500000 0.250000
vt 0.500000 0.338371
vt 0.500000 0.338371
vt 0.500000 0.338371
vt 0.500000 0.250000
vt 0.500000 0.265097
vt 0.500000 0.263073
vt 0.500000 0.265107
vt 0.500000 0.274421
vt 0.500000 0.250000
vt 0.500000 0.265246
vt 0.500000 0.250000
vt 0.500000 0.301706
vt 0.500000 0.250000
vt 0.500000 0.338165
vt 0.500000 0.250000
vt 0.500000 0.490884
vt 0.500000 0.485477
vt 0.500000 0.490879
vt 0.500000 0.492105
vt 0.500000 0.492136
vt 0.500000 0.495426
vt 0.500000 0.498730
vt 0.500000 0.495447
vt 0.500000 0.432685
vt 0.500000 0.490789
vt 0.500000 0.402003
vt 0.500000 0.371318
vt 0.500000 0.448544
vt 0.500000 0.401997
vt 0.500000 0.469667
vt 0.500000 0.499897
vt 0.500000 0.498718
vt 0.500000 0.499879
vt 0.500000 0.499973
vt 0.500000 0.448427
vt 0.500000 0.500000
vt 0.500000 0.448427
vt 0.500000 0.500000
vt 0.500000 0.448427
vt 0.500000 0.433049
vt 0.500000 0.448427
vt 0.500000 0.338480
vt 0.500000 0.329065
vt 0.500000 0.338712
vt 0.500000 0.343028
vt 0.500000 0.342782
vt 0.500000 0.354878
vt 0.500000 0.366694
vt 0.500000 0.354676
vt 0.500000 0.370923
vt 0.500000 0.366851
vt 0.500000 0.370847
vt 0.500000 0.378752
vt 0.500000 0.499981
vt 0.500000 0.370999
vt 0.500000 0.495453
vt 0.500000 0.401996
vt 0.500000 0.490925
vt 0.500000 0.432994
vt 0.500000 0.495453
vt 0.500000 0.433035
vt 0.500000 0.425227
vt 0.500000 0.433069
vt 0.500000 0.434976
vt 0.500000 0.435061
vt 0.500000 0.440630
vt 0.500000 0.446338
vt 0.500000 0.440732
vt 0.500000 0.448386
vt 0.500000 0.446224
vt 0.500000 0.448277
vt 0.500000 0.453824
vt 0.500000 0.250170
vt 0.500000 0.338371
vt 0.500000 0.252105
vt 0.500000 0.250185
vt 0.500000 0.250043
vt 0.500000 0.370944
vt 0.500000 0.338371
vt 0.500000 0.370944
vt 0.500000 0.370944
vt 0.500000 0.370944
vt 0.500000 0.257568
vt 0.500000 0.265098
vt 0.500000 0.370944
vt 0.500000 0.274398
vt 0.500000 0.265099
vt 0.500000 0.263065
vt 0.500000 0.250070
vt 0.500000 0.370944
vt 0.500000 0.257520
vt 0.500000 0.263110
vt 0.500000 0.257519
vt 0.500000 0.301699
vt 0.500000 0.490885
vt 0.500000 0.433049
vt 0.500000 0.492110
vt 0.500000 0.490884
vt 0.500000 0.485490
vt 0.500000 0.432766
vt 0.500000 0.433049
vt 0.500000 0.402001
vt 0.500000 0.469671
vt 0.500000 0.371238
vt 0.500000 0.337756
vt 0.500000 0.402003
vt 0.500000 0.433049
vt 0.500000 0.433049
vt 0.500000 0.433049
vt 0.500000 0.433049
vt 0.500000 0.495421
vt 0.500000 0.499888
vt 0.500000 0.433049
vt 0.500000 0.499972
vt 0.500000 0.499878
vt 0.500000 0.498715
vt 0.500000 0.338428
vt 0.500000 0.264985
vt 0.500000 0.342921
vt 0.500000 0.338594
vt 0.500000 0.329053
vt 0.500000 0.337335
vt 0.500000 0.264996
vt 0.500000 0.301627
vt 0.500000 0.265568
vt 0.500000 0.500000
vt 0.500000 0.301217
vt 0.500000 0.354901
vt 0.500000 0.371000
vt 0.500000 0.500000
vt 0.500000 0.378756
vt 0.500000 0.370842
vt 0.500000 0.366838
vt 0.500000 0.500000
vt 0.500000 0.500000
vt 0.500000 0.500000
vt 0.500000 0.500000
vt 0.500000 0.401996
vt 0.500000 0.432993
vt 0.500000 0.500000
vt 0.500000 0.434980
vt 0.500000 0.433069
vt 0.500000 0.425227
vt 0.500000 0.265593
vt 0.500000 0.500000
vt 0.500000 0.301646
vt 0.500000 0.328404
vt 0.500000 0.301190
vt 0.500000 0.440618
vt 0.500000 0.448413
vt 0.500000 0.337564
vt 0.500000 0.453830
vt 0.500000 0.448335
vt 0.500000 0.446274
vt 2.294057 2.371570
vt 2.294057 2.371570
vt 0.500000 0.440738
vt 2.294057 2.371570
vt 2.294057 2.371570
vt 2.294057 2.371570
vt 2.294057 2.371570
vt 2.294057 2.371570
vt 2.294057 2.371570
vt 0.500000 0.354658
vt 2.294057 2.371570
vt 2.294057 2.371570
vt 2.294057 2.371570
vt 2.294057 2.371570
vt 0.500000 0.469667
vt 2.294057 2.371570
vt 2.294057 2.371570
vt 0.500000 0.469667
vt 2.294057 2.371570
vt 2.294057 2.371570
vt 0.500000 0.274401
vt 0.500000 0.301680
vt 0.500000 0.329054
vt 0.500000 0.301697
vt 0.500000 0.263067
vt 0.500000 0.257569
vt 0.500000 0.252120
vt 0.500000 0.257569
vt 0.500000 0.265100
vt 0.500000 0.263066
vt 0.500000 0.265100
vt 0.500000 0.274395
vt 0.500000 0.250185
vt 0.500000 0.250043
vt 0.500000 0.250185
vt 0.500000 0.252105
vt 0.500000 0.252119
vt 0.500000 0.257569
vt 0.500000 0.263066
vt 0.500000 0.257569
vt 0.500000 0.274396
vt 0.500000 0.301688
vt 0.500000 0.329027
vt 0.500000 0.301677
vt 0.500000 0.499878
vt 0.500000 0.498715
vt 0.500000 0.499878
vt 0.500000 0.499972
vt 0.500000 0.498705
vt 0.500000 0.495421
vt 0.500000 0.492109
vt 0.500000 0.495421
vt 0.500000 0.485489
vt 0.500000 0.469670
vt 0.500000 0.453830
vt 0.500000 0.469681
vt 0.500000 0.490884
vt 0.500000 0.485492
vt 0.500000 0.490884
vt 0.500000 0.492109
vt 0.500000 0.485491
vt 0.500000 0.469683
vt 0.500000 0.453845
vt 0.500000 0.469677
vt 0.500000 0.492109
vt 0.500000 0.495421
vt 0.500000 0.498705
vt 0.500000 0.495421
vt 0.500000 0.342976
vt 0.500000 0.354744
vt 0.500000 0.366742
vt 0.500000 0.355040
vt 0.500000 0.338409
vt 0.500000 0.328982
vt 0.500000 0.338384
vt 0.500000 0.342631
vt 0.500000 0.342854
vt 0.500000 0.354918
vt 0.500000 0.366713
vt 0.500000 0.354721
vt 0.500000 0.435035
vt 0.500000 0.440703
vt 0.500000 0.446253
vt 0.500000 0.440556
vt 0.500000 0.425234
vt 0.500000 0.401995
vt 0.500000 0.378740
vt 0.500000 0.401998
vt 0.500000 0.433072
vt 0.500000 0.425229
vt 0.500000 0.433065
vt 0.500000 0.435052
vt 0.500000 0.370847
vt 0.500000 0.366701
vt 0.500000 0.370842
vt 0.500000 0.378742
vt 0.500000 0.378737
vt 0.500000 0.401998
vt 0.500000 0.425232
vt 0.500000 0.401993
vt 0.500000 0.435040
vt 0.500000 0.440610
vt 0.500000 0.446310
vt 0.500000 0.440709
vt 0.500000 0.448427
vt 0.500000 0.446421
vt 0.500000 0.448439
vt 0.500000 0.453868
vt 0.436640 0.342840
vt 0.436479 0.366436
vt 0.436640 0.435167
vt 0.436479 0.446289
vt 0.434328 0.338547
vt 0.391207 0.338481
vt 0.391554 0.338429
vt 0.390219 0.338485
vt 0.390211 0.370830
vt 0.391548 0.370886
vt 0.391207 0.370833
vt 0.434250 0.370761
vt 0.375777 0.342847
vt 0.375777 0.366468
vt 0.434328 0.433136
vt 0.391207 0.433103
vt 0.391554 0.433077
vt 0.390219 0.433105
vt 0.390211 0.448371
vt 0.391548 0.448398
vt 0.391207 0.448372
vt 0.434250 0.448337
vt 0.375777 0.435170
vt 0.375777 0.446305
vt 0.377410 0.338581
vt 0.377410 0.370698
vt 0.377410 0.433159
vt 0.482846 0.338625
vt 0.482617 0.370647
vt 0.176726 0.250000
vt 0.377655 0.448284
vt 0.482846 0.433178
vt 0.482617 0.448290
vt 0.378426 0.338755
vt 0.393288 0.338817
vt 0.380745 0.338591
vt 0.393260 0.370488
vt 0.378426 0.370559
vt 0.380752 0.370721
vt 0.378426 0.433238
vt 0.393288 0.433268
vt 0.380745 0.433157
vt 0.393260 0.448202
vt 0.378426 0.448237
vt 0.380752 0.448317
vn -0.005501 -0.999801 0.019151
vn -0.711524 -0.702372 0.020148
vn -0.713327 -0.700823 0.003338
vn -0.006306 -0.999975 0.003220
vn -0.974606 0.223106 0.019158
vn -0.974992 0.222216 0.003220
vn -0.975069 0.221903 -0.000055
vn -0.714129 -0.700014 -0.000224
vn -0.006580 -0.999978 -0.000058
vn -0.005371 -0.005306 0.999972
vn -0.004677 -0.336822 0.941557
vn -0.000749 -0.324355 0.945935
vn -0.000875 -0.006959 0.999975
vn -0.000933 -0.999751 0.022287
vn -0.000018 -0.999731 0.023187
vn 0.000016 -0.323311 0.946293
vn 0.000013 -0.007392 0.999973
vn -0.292202 0.062975 0.954281
vn -0.292141 0.067872 0.953964
vn -0.973197 0.228861 0.022582
vn -0.006264 0.000216 0.999980
vn -0.006661 0.001412 0.999977
vn -0.292346 0.069793 0.953762
vn -0.972346 0.232240 0.024638
vn 0.000000 -0.999735 0.023023
vn -0.000013 -0.999734 0.023049
vn -0.000003 -0.999992 0.003896
vn 0.000000 -0.999992 0.003892
vn -0.000004 -0.999992 0.003916
vn 0.000000 -1.000000 0.000000
vn 0.000000 -1.000000 0.000000
vn 0.000000 -1.000000 0.000000
vn 0.000000 -0.007283 0.999973
vn 0.000000 -0.322138 0.946693
vn 0.002377 -0.321765 0.946817
vn 0.002733 -0.006982 0.999972
vn 0.002732 -0.999753 0.022062
vn 0.016202 -0.999687 0.019079
vn 0.013982 -0.321746 0.946723
vn 0.016194 -0.006061 0.999851
vn 0.000009 -0.007412 0.999973
vn 0.000002 -0.001254 0.999999
vn 0.000003 -0.001256 0.999999
vn 0.000000 -0.001219 0.999999
vn -0.000000 -0.000000 1.000000
vn -0.000002 -0.000000 1.000000
vn 0.000000 0.000000 1.000000
vn 0.000000 0.000000 1.000000
vn -0.000000 -0.000000 1.000000
vn -0.001317 0.002660 0.999996
vn -0.000662 0.004032 0.999992
vn -0.000000 0.000000 1.000000
vn -0.000785 0.000627 1.000000
vn -0.003234 0.003656 0.999988
vn -0.006965 0.016173 0.999845
vn -0.004815 0.024578 0.999686
vn 0.000000 -0.000001 1.000000
vn -0.001182 0.000292 0.999999
vn -0.001135 0.000192 0.999999
vn -0.001249 0.000627 0.999999
vn -0.008177 0.006046 0.999948
vn -0.007015 0.002255 0.999973
vn -0.000000 0.000000 1.000000
vn 0.003281 0.000000 0.999995
vn 0.003283 -0.000000 0.999995
vn 0.003281 0.000000 0.999995
vn 0.019450 0.000000 0.999811
vn 0.019450 0.000000 0.999811
vn 0.019452 -0.000001 0.999811
vn -0.745060 0.666647 0.021619
vn -0.368934 0.329884 0.868944
vn -0.328276 0.299254 0.895925
vn -0.738176 0.674255 0.021828
vn -0.007737 0.009095 0.999929
vn -0.009075 0.027522 0.999580
vn -0.302413 0.289070 0.908287
vn -0.731100 0.681993 0.019447
vn -0.945855 0.323528 0.026235
vn -0.945983 0.324210 0.002015
vn -0.972611 0.232416 0.003275
vn -0.745234 0.666803 0.000322
vn -0.743615 0.668333 -0.019152
vn -0.944858 0.327180 -0.014001
vn -0.972335 0.233536 -0.005147
vn 0.999800 -0.006071 0.019054
vn 0.929663 -0.368045 0.016424
vn 0.929603 -0.368552 0.002879
vn 0.999970 -0.006988 0.003240
vn 0.018647 -0.999821 0.003240
vn 0.019449 -0.999811 0.000000
vn 0.929631 -0.368492 -0.000000
vn 0.999973 -0.007283 -0.000000
vn 0.653394 -0.005689 0.756997
vn 0.651209 -0.000966 0.758898
vn 0.018648 -0.001016 0.999826
vn 0.999756 -0.001015 0.022074
vn 0.999735 -0.000000 0.023024
vn 0.651362 -0.000000 0.758767
vn 0.651390 -0.000001 0.758743
vn 0.651426 -0.000001 0.758712
vn 0.019454 -0.000002 0.999811
vn 0.999735 0.000000 0.023024
vn 0.999735 -0.000000 0.023024
vn 0.999735 -0.000000 0.023024
vn 0.651473 -0.000002 0.758672
vn 0.019456 -0.000002 0.999811
vn 0.999735 0.000000 0.023024
vn 0.999992 0.000000 0.003892
vn 0.999992 0.000000 0.003892
vn 0.999992 0.000000 0.003892
vn 1.000000 -0.000000 -0.000000
vn 1.000000 0.000000 -0.000000
vn 1.000000 -0.000000 0.000000
vn -0.183487 0.982821 0.019914
vn -0.143555 0.769506 0.622297
vn -0.142119 0.768645 0.623688
vn -0.181663 0.983149 0.020417
vn -0.005336 0.027649 0.999603
vn -0.143397 0.749742 0.646007
vn -0.183906 0.982780 0.017941
vn -0.318825 0.947686 0.015575
vn -0.319996 0.947419 -0.000008
vn -0.729903 0.683551 0.000019
vn -0.184011 0.982924 -0.000012
vn -0.183465 0.982822 -0.020013
vn -0.318630 0.947751 -0.015577
vn -0.730932 0.682178 -0.019290
vn -0.072276 -0.997183 0.020052
vn -0.058080 -0.298062 0.952778
vn -0.021927 -0.321156 0.946772
vn -0.026641 -0.999430 0.020707
vn -0.004126 -0.007707 0.999962
vn -0.006609 -0.010902 0.999919
vn -0.031122 -0.028016 0.999123
vn -0.053671 -0.335958 0.940347
vn -0.073585 -0.997114 0.018666
vn -0.212577 0.977043 0.014050
vn -0.205099 0.978741 0.000336
vn -0.183100 0.983094 0.000106
vn -0.053829 -0.998550 0.000237
vn -0.078291 -0.996768 -0.017979
vn -0.212785 0.977033 -0.011309
vn -0.184256 0.982731 -0.016999
vn -0.003157 -0.002058 0.999993
vn -0.007759 -0.000025 0.999970
vn 0.001957 -0.000001 0.999998
vn 0.002745 -0.000503 0.999996
vn 0.002735 0.000890 0.999996
vn 0.019458 -0.000001 0.999811
vn 0.019464 0.000001 0.999811
vn -0.009648 -0.005675 0.999937
vn -0.001902 -0.001014 0.999998
vn -0.000562 -0.001409 0.999999
vn -0.000779 -0.000350 1.000000
vn -0.000000 -0.000000 1.000000
vn -0.000002 0.000000 1.000000
vn -0.000000 -0.000000 1.000000
vn -0.047856 -0.012717 -0.998773
vn -0.155234 -0.316423 -0.935831
vn -0.036895 -0.328510 -0.943780
vn -0.014188 -0.013067 -0.999814
vn -0.027541 -0.999416 -0.020234
vn -0.074172 -0.997074 -0.018498
vn -0.053538 -0.337220 -0.939902
vn -0.031122 -0.028083 -0.999121
vn -0.999970 0.000996 -0.007652
vn -0.984558 -0.000013 -0.175060
vn -0.957541 -0.002731 -0.288284
vn -0.999974 -0.001646 -0.006959
vn -0.025254 -0.006340 -0.999661
vn -0.014984 -0.013314 -0.999799
vn -0.923983 -0.010745 -0.382281
vn -0.999926 -0.010596 -0.005947
vn -0.999969 -0.001721 -0.007702
vn -0.999963 0.000115 -0.008590
vn -1.000000 0.000042 0.000829
vn -0.999997 -0.002323 0.000365
vn -0.999999 0.001309 0.000372
vn -0.999942 0.004199 0.009889
vn -0.999906 0.000396 0.013672
vn -0.999922 -0.007628 0.009908
vn -0.014847 0.028331 -0.999488
vn -0.800762 0.012682 -0.598849
vn -0.757346 0.005637 -0.652990
vn -0.009252 0.008483 -0.999921
vn -0.999971 0.002915 -0.007013
vn -0.999804 0.018862 -0.005968
vn -0.738876 0.018940 -0.673575
vn -0.007278 0.021594 -0.999740
vn -0.152538 0.766594 -0.623751
vn -0.143912 0.773157 -0.617671
vn -0.181705 0.983143 -0.020352
vn -0.007295 0.029483 -0.999539
vn -0.009156 0.028382 -0.999555
vn -0.143869 0.771773 -0.619410
vn -0.302845 0.290506 -0.907685
vn -0.330452 0.310735 -0.891204
vn -0.737822 0.674669 -0.020996
vn -0.008098 0.016646 -0.999829
vn -0.009071 0.047187 -0.998845
vn -0.376024 0.384994 -0.842844
vn 0.000000 -0.000001 1.000000
vn -0.002746 -0.001294 0.999995
vn -0.003274 -0.001850 0.999993
vn -0.000000 -0.000000 1.000000
vn -0.002342 -0.000061 0.999997
vn -0.013948 -0.000461 0.999903
vn -0.017728 -0.010812 0.999784
vn -0.020103 -0.014611 0.999691
vn -0.000000 -0.000000 1.000000
vn -0.000000 -0.000000 1.000000
vn 0.003282 0.000001 0.999995
vn 0.003281 0.000000 0.999995
vn 0.003282 0.000000 0.999995
vn 0.019455 0.000001 0.999811
vn 0.019453 0.000002 0.999811
vn 0.019451 0.000000 0.999811
vn 0.000000 0.000000 1.000000
vn 0.000000 0.000001 1.000000
vn -0.000000 0.000001 1.000000
vn -0.000000 -0.000000 1.000000
vn -0.000000 -0.000000 1.000000
vn -0.000001 0.000000 1.000000
vn 0.000000 -0.000000 1.000000
vn 0.651365 0.000000 0.758765
vn 0.651361 -0.000001 0.758768
vn 0.019451 -0.000001 0.999811
vn 0.999735 0.000000 0.023024
vn 0.999735 -0.000001 0.023024
vn 0.999735 -0.000000 0.023024
vn 0.651358 -0.000000 0.758771
vn 0.019450 0.000000 0.999811
vn 0.999735 0.000000 0.023024
vn 0.651413 0.000001 0.758723
vn 0.651484 0.000001 0.758663
vn 0.999735 0.000000 0.023024
vn 0.019458 0.000001 0.999811
vn 0.651596 0.000001 0.758566
vn 0.999735 -0.000000 0.023024
vn 0.999735 0.000000 0.023024
vn 0.999992 0.000000 0.003892
vn 0.999992 0.000000 0.003892
vn 0.999992 0.000000 0.003892
vn 1.000000 -0.000000 -0.000000
vn 1.000000 0.000001 0.000000
vn 1.000000 -0.000000 0.000000
vn 1.000000 0.000000 0.000000
vn 1.000000 0.000000 0.000000
vn 1.000000 -0.000000 -0.000000
vn 1.000000 -0.000000 -0.000000
vn 1.000000 -0.000000 0.000000
vn 1.000000 -0.000000 0.000000
vn 1.000000 0.000000 0.000000
vn 1.000000 -0.000000 -0.000000
vn 1.000000 -0.000000 0.000000
vn 1.000000 0.000000 0.000000
vn 1.000000 -0.000000 -0.000000
vn 1.000000 -0.000000 -0.000000
vn 1.000000 0.000000 -0.000000
vn 1.000000 -0.000000 0.000000
vn 1.000000 0.000000 -0.000000
vn 1.000000 0.000000 -0.000000
vn 1.000000 -0.000000 -0.000000
vn 1.000000 0.000000 -0.000000
vn 1.000000 0.000000 -0.000000
vn 1.000000 0.000000 0.000000
vn 1.000000 -0.000000 -0.000000
vn 1.000000 0.000001 0.000000
vn 1.000000 -0.000000 0.000000
vn -0.008179 0.006046 -0.999948
vn -0.347874 0.310945 -0.884475
vn -0.307722 0.280568 -0.909169
vn -0.007744 0.009149 -0.999928
vn -0.745034 0.666609 -0.023587
vn -0.738131 0.674234 -0.023879
vn -0.731009 0.682035 -0.021298
vn -0.283102 0.271714 -0.919796
vn -0.009122 0.027828 -0.999571
vn -0.006661 0.001412 -0.999977
vn -0.007015 0.002254 -0.999973
vn -0.001182 0.000292 -0.999999
vn -0.001135 0.000192 -0.999999
vn -0.001249 0.000627 -0.999999
vn 0.000000 0.000000 -1.000000
vn 0.000000 -0.000001 -1.000000
vn -0.000000 0.000000 -1.000000
vn -0.972288 0.232224 -0.026978
vn -0.271748 0.064859 -0.960180
vn -0.271610 0.063030 -0.960341
vn -0.973148 0.228851 -0.024706
vn -0.006264 0.000216 -0.999980
vn -0.005371 -0.005306 -0.999971
vn -0.271618 0.058195 -0.960644
vn -0.974571 0.223099 -0.020934
vn -0.945849 0.323331 -0.028744
vn -0.946026 0.324084 -0.002188
vn -0.745243 0.666793 -0.000346
vn -0.972609 0.232421 -0.003581
vn -0.972324 0.233566 0.005690
vn -0.944872 0.327075 0.015442
vn -0.743610 0.668286 0.020942
vn -0.000000 0.000000 -1.000000
vn -0.000000 -0.000000 -1.000000
vn -0.001320 0.002663 -0.999996
vn -0.000784 0.000626 -1.000000
vn -0.000668 0.004051 -0.999992
vn -0.004847 0.024679 -0.999684
vn -0.006981 0.016178 -0.999845
vn -0.003234 0.003653 -0.999988
vn -0.000001 -0.000000 -1.000000
vn -0.000000 0.000000 -1.000000
vn 0.002017 0.000065 -0.999998
vn 0.002002 -0.000002 -0.999998
vn 0.002311 0.000278 -0.999997
vn 0.013661 0.001182 -0.999906
vn 0.011901 0.000275 -0.999929
vn 0.011806 -0.000008 -0.999930
vn -0.000003 -0.000000 -1.000000
vn -0.000005 -0.001253 -0.999999
vn 0.000003 -0.001256 -0.999999
vn -0.000025 -0.001207 -0.999999
vn -0.000099 -0.007215 -0.999974
vn -0.000015 -0.007409 -0.999973
vn 0.000013 -0.007392 -0.999973
vn -0.000018 -0.999679 -0.025335
vn -0.000009 -0.999693 -0.024775
vn -0.000002 -0.999991 -0.004160
vn -0.000004 -0.999991 -0.004284
vn 0.000018 -0.999657 -0.026206
vn 0.000005 -0.999990 -0.004384
vn 0.000000 -1.000000 0.000000
vn 0.000000 -1.000000 0.000000
vn 0.000000 -1.000000 -0.000000
vn 0.000017 -0.300996 -0.953625
vn -0.000738 -0.301901 -0.953339
vn -0.000874 -0.006959 -0.999975
vn -0.000933 -0.999703 -0.024350
vn -0.005501 -0.999766 -0.020908
vn -0.004614 -0.313620 -0.949537
vn -0.000220 -0.283815 -0.958879
vn 0.000887 -0.309369 -0.950942
vn 0.001414 -0.999730 -0.023194
vn 0.001483 -0.006901 -0.999975
vn 0.009240 -0.006087 -0.999939
vn 0.006696 -0.395766 -0.918327
vn 0.008797 -0.999786 -0.018714
vn -0.711301 -0.702545 -0.021939
vn -0.713267 -0.700883 -0.003651
vn -0.974991 0.222216 -0.003526
vn -0.006307 -0.999974 -0.003523
vn -0.006580 -0.999978 0.000063
vn -0.714147 -0.699995 0.000244
vn -0.975068 0.221907 0.000059
vn 0.838991 0.155457 -0.521467
vn 0.470684 0.026611 -0.881900
vn 0.514066 0.028768 -0.857268
vn 0.908025 0.167939 -0.383780
vn 0.015598 0.001215 -0.999878
vn 0.017541 0.001199 -0.999845
vn 0.564516 0.030403 -0.824862
vn 0.960488 0.173979 -0.217244
vn 0.772155 0.000638 -0.635435
vn 0.777696 0.037767 -0.627505
vn 0.783155 0.075298 -0.617251
vn 0.779346 0.001307 -0.626592
vn 0.816600 0.299016 -0.493715
vn 0.778615 0.419533 -0.466637
vn 0.786774 0.102538 -0.608665
vn 0.785222 0.001966 -0.619211
vn 0.431066 0.000066 -0.902320
vn 0.430937 -0.000847 -0.902382
vn 0.011190 -0.001025 -0.999937
vn 0.772134 -0.000917 -0.635459
vn 0.773234 -0.006095 -0.634092
vn 0.430851 -0.005004 -0.902409
vn 0.692854 -0.447614 -0.565328
vn 0.716094 -0.395813 -0.574928
vn 0.013502 -0.999847 -0.011095
vn 0.779052 -0.006870 -0.626922
vn 0.784417 -0.007048 -0.620194
vn 0.750205 -0.291278 -0.593590
vn 0.018544 -0.999738 -0.013444
vn -0.006611 -0.999978 0.000000
vn -0.713775 -0.700375 0.000001
vn -0.713710 -0.700441 0.000000
vn -0.006611 -0.999978 -0.000000
vn -0.975080 0.221855 0.000001
vn -0.975080 0.221854 0.000000
vn -0.975080 0.221853 -0.000000
vn -0.713688 -0.700464 -0.000000
vn -0.006611 -0.999978 -0.000000
vn -0.006608 -0.999978 -0.000014
vn -0.001105 -0.999999 -0.000003
vn -0.001100 -0.999999 -0.000014
vn -0.001105 -0.999999 -0.000000
vn 0.000000 -1.000000 0.000000
vn 0.000000 -1.000000 0.000000
vn -0.975078 0.221864 -0.000009
vn -0.973315 0.229471 -0.000488
vn -0.973344 0.229350 0.000175
vn -0.973440 0.228937 -0.001305
vn -0.971533 0.236897 -0.002071
vn -0.971740 0.236052 0.000685
vn 0.000000 -1.000000 0.000000
vn 0.000000 -1.000000 0.000000
vn 0.000000 -1.000000 0.000000
vn 0.000000 -1.000000 0.000000
vn 0.000000 -1.000000 0.000000
vn 0.000000 -1.000000 0.000000
vn 0.000000 -1.000000 0.000000
vn 0.000000 -1.000000 0.000000
vn 0.000000 -1.000000 0.000000
vn 0.003280 -0.999995 0.000000
vn 0.003280 -0.999995 0.000000
vn 0.003280 -0.999995 0.000000
vn 0.019449 -0.999811 -0.000000
vn 0.019449 -0.999811 -0.000000
vn 0.999973 -0.007283 0.000000
vn 0.929630 -0.368493 0.000000
vn 0.929665 -0.368407 -0.000031
vn 0.999974 -0.007181 -0.000135
vn 0.019449 -0.999811 0.000000
vn 0.019449 -0.999811 0.000000
vn 0.929767 -0.368148 -0.000185
vn 0.999976 -0.006871 -0.000806
vn 0.999974 -0.007283 -0.000000
vn 0.999999 -0.001219 -0.000000
vn 0.999999 -0.001219 0.000000
vn 0.999999 -0.001219 -0.000000
vn 1.000000 -0.000000 -0.000000
vn 1.000000 -0.000000 0.000000
vn 1.000000 -0.000000 0.000000
vn 1.000000 0.000000 0.000000
vn 1.000000 0.000000 -0.000000
vn 1.000000 -0.000000 0.000000
vn 1.000000 0.000000 0.000000
vn 1.000000 -0.000000 -0.000000
vn 1.000000 -0.000000 0.000000
vn 1.000000 -0.000000 -0.000000
vn 1.000000 0.000000 -0.000000
vn 1.000000 0.000001 -0.000509
vn 1.000000 -0.000311 -0.000409
vn 1.000000 0.000102 -0.000408
vn 0.999997 0.000414 -0.002436
vn 0.999995 0.000008 -0.003049
vn 0.999996 -0.001255 -0.002434
vn -0.006865 0.999954 -0.006673
vn -0.008603 0.981552 -0.191003
vn -0.002594 0.967490 -0.252897
vn -0.002200 0.999975 -0.006753
vn -0.003004 0.029825 -0.999551
vn -0.005612 0.957214 -0.289327
vn -0.006189 0.999963 -0.005973
vn -0.639001 0.769201 -0.002636
vn -0.637197 0.770698 -0.002193
vn -0.971418 0.237371 -0.001166
vn -0.006922 0.999976 -0.000351
vn -0.007610 0.999962 0.004222
vn -0.635831 0.771752 -0.010810
vn -0.970084 0.242652 -0.007554
vn -0.077955 -0.996761 0.019768
vn -0.153671 -0.296540 0.942576
vn -0.036867 -0.307874 0.950713
vn -0.027521 -0.999376 0.022136
vn -0.048324 -0.012809 0.998750
vn -0.014387 -0.013185 0.999810
vn -0.031462 -0.028328 0.999103
vn -0.053257 -0.317132 0.946885
vn -0.074126 -0.997043 0.020239
vn -0.184271 0.982706 0.018263
vn -0.212771 0.977028 0.012018
vn -0.205135 0.978733 -0.000561
vn -0.183102 0.983094 -0.000290
vn -0.053969 -0.998543 -0.000212
vn -0.073608 -0.997049 -0.021781
vn -0.212970 0.976923 -0.016288
vn -0.183903 0.982735 -0.020276
vn -0.014719 0.028169 0.999495
vn -0.148241 0.742488 0.653250
vn -0.139509 0.749052 0.647657
vn -0.007230 0.029243 0.999546
vn -0.181718 0.983104 0.022017
vn -0.183479 0.982782 0.021809
vn -0.139308 0.746664 0.650451
vn -0.009107 0.028077 0.999564
vn -0.999971 -0.001744 0.007456
vn -0.806914 0.012280 0.590541
vn -0.764426 0.005722 0.644687
vn -0.999973 0.002956 0.006795
vn -0.009180 0.008526 0.999922
vn -0.007223 0.021805 0.999736
vn -0.746253 0.019128 0.665388
vn -0.999804 0.018913 0.005801
vn -0.999972 0.000975 0.007467
vn -0.999965 0.000017 0.008352
vn -1.000000 0.000139 -0.000933
vn -0.999999 0.001411 -0.000407
vn -0.999997 -0.002453 -0.000466
vn -0.999914 -0.008139 -0.010261
vn -0.999901 0.000946 -0.014073
vn -0.999940 0.004627 -0.009917
vn -0.985176 -0.000023 0.171548
vn -0.959300 -0.002695 0.282376
vn -0.025468 -0.006346 0.999655
vn -0.999976 -0.001649 0.006798
vn -0.999927 -0.010596 0.005812
vn -0.927003 -0.010673 0.374902
vn -0.015064 -0.013297 0.999798
vn -0.283343 0.272327 0.919540
vn -0.309886 0.292201 0.904759
vn -0.008092 0.016728 0.999827
vn -0.730969 0.682085 0.021074
vn -0.737802 0.674626 0.022971
vn -0.355608 0.368267 0.859024
vn -0.009068 0.047947 0.998809
vn -0.318620 0.947730 0.016986
vn -0.319906 0.947449 -0.000026
vn -0.729904 0.683549 -0.000061
vn -0.184002 0.982926 -0.000049
vn -0.183428 0.982785 -0.022094
vn -0.318557 0.947750 -0.017085
vn -0.004058 -0.007663 -0.999962
vn -0.056172 -0.277034 -0.959217
vn -0.021166 -0.299535 -0.953850
vn -0.006552 -0.010828 -0.999920
vn -0.026855 -0.999384 -0.022599
vn -0.073595 -0.997079 -0.020413
vn -0.052881 -0.314914 -0.947646
vn -0.031139 -0.027961 -0.999124
vn -0.003159 -0.002060 -0.999993
vn -0.009645 -0.005675 -0.999937
vn -0.001896 -0.001013 -0.999998
vn -0.000779 -0.000349 -1.000000
vn -0.000552 -0.001402 -0.999999
vn -0.000000 -0.000000 -1.000000
vn 0.000002 0.000000 -1.000000
vn 0.000000 -0.000000 -1.000000
vn -0.007764 -0.000024 -0.999970
vn 0.001924 0.000096 -0.999998
vn 0.002417 0.001169 -0.999996
vn 0.002743 -0.000503 -0.999996
vn 0.019457 0.000001 -0.999811
vn 0.019262 0.000419 -0.999814
vn -0.138447 0.723463 -0.676339
vn -0.137379 0.743340 -0.654654
vn -0.181618 0.983104 -0.022834
vn -0.005380 0.027876 -0.999597
vn -0.138817 0.744087 -0.653501
vn -0.975080 0.221853 -0.000001
vn -0.713725 -0.700426 -0.000001
vn -0.713683 -0.700469 -0.000000
vn -0.975080 0.221854 -0.000000
vn -0.006611 -0.999978 0.000000
vn -0.006611 -0.999978 0.000000
vn -0.006611 -0.999978 -0.000000
vn -0.713687 -0.700465 0.000000
vn -0.975080 0.221854 0.000000
vn -0.975078 0.221863 0.000008
vn -0.973311 0.229488 0.000503
vn -0.973439 0.228944 0.001445
vn -0.973341 0.229364 -0.000170
vn -0.971718 0.236143 -0.000665
vn -0.971507 0.237000 0.002151
vn -0.006608 -0.999978 0.000014
vn -0.001105 -0.999999 0.000003
vn -0.001105 -0.999999 0.000000
vn -0.001100 -0.999999 0.000015
vn 0.000000 -1.000000 0.000000
vn 0.000000 -1.000000 0.000000
vn -0.006974 0.999954 0.006521
vn -0.639013 0.769192 0.002580
vn -0.637001 0.770860 0.002065
vn -0.006979 0.999976 0.000309
vn -0.971401 0.237444 0.001121
vn -0.970073 0.242701 0.007368
vn -0.635349 0.772154 0.010472
vn -0.007601 0.999963 -0.004163
vn -0.008688 0.982282 0.187209
vn -0.002588 0.968830 0.247714
vn -0.002982 0.030214 0.999539
vn -0.002218 0.999976 0.006599
vn -0.006190 0.999964 0.005837
vn -0.005571 0.958952 0.283512
vn 0.000000 -1.000000 0.000000
vn 0.000000 -1.000000 0.000000
vn 0.000000 -1.000000 0.000000
vn 0.000000 -1.000000 0.000000
vn 0.000000 -1.000000 0.000000
vn 0.000000 -1.000000 0.000000
vn 0.000000 -1.000000 0.000000
vn 0.000000 -1.000000 0.000000
vn 0.000000 -1.000000 0.000000
vn 0.002267 -0.999997 -0.000424
vn 0.002004 -0.999998 -0.000008
vn 0.002885 -0.999995 -0.001603
vn 0.013819 -0.999900 -0.003079
vn 0.011957 -0.999929 -0.000055
vn 0.848529 -0.529137 -0.003553
vn 0.848434 -0.529301 -0.000049
vn 0.011928 -0.999929 -0.000001
vn 0.999964 -0.007650 -0.003651
vn 0.999973 -0.007393 0.000014
vn 0.999966 -0.007355 0.003735
vn 0.848608 -0.529013 0.003260
vn 0.011944 -0.999929 0.000045
vn 0.983470 -0.008159 -0.180889
vn 0.983646 -0.000833 -0.180109
vn 0.999994 -0.000740 -0.003399
vn 0.784779 -0.000856 -0.619775
vn 0.983682 0.003178 -0.179887
vn 0.999989 0.003210 -0.003347
vn 0.816153 0.577832 -0.002118
vn 0.816314 0.567989 -0.104979
vn 0.815454 0.573182 -0.080607
vn 0.813103 0.582119 -0.001417
vn 0.828289 0.445406 -0.339929
vn 0.869838 0.460465 -0.177070
vn 0.820274 0.570536 -0.040489
vn 0.815916 0.578170 -0.000704
vn 0.983882 0.178786 -0.003301
vn 0.983893 0.178757 0.000282
vn 0.999994 0.003298 0.000208
vn 0.815956 0.578114 0.000121
vn 0.816307 0.577612 0.002777
vn 0.983941 0.178429 0.004907
vn 0.999983 0.003644 0.004564
vn 1.000000 -0.000000 -0.000000
vn 1.000000 0.000000 0.000000
vn 1.000000 0.000001 0.000000
vn 1.000000 0.000001 0.000000
vn 1.000000 -0.000000 -0.000000
vn 1.000000 -0.000000 0.000000
vn 1.000000 -0.000000 0.000000
vn 1.000000 0.000000 0.000000
vn 1.000000 -0.000000 -0.000000
vn 1.000000 -0.000000 -0.000000
vn 1.000000 -0.000000 0.000000
vn 1.000000 -0.000000 0.000000
vn 1.000000 0.000000 0.000000
vn 1.000000 0.000000 0.000000
vn 1.000000 -0.000000 0.000000
vn 1.000000 -0.000001 0.000000
vn 1.000000 -0.000000 0.000000
vn 1.000000 -0.000000 0.000000
vn 1.000000 0.000000 -0.000000
vn 1.000000 0.000885 -0.000086
vn 1.000000 0.000665 -0.000338
vn 1.000000 0.000901 -0.000000
vn 0.999986 0.005351 0.000000
vn 0.999986 0.005257 -0.000350
vn 0.999991 0.003942 -0.001377
vn 1.000000 -0.000000 -0.000000
vn 0.999991 0.000000 -0.004258
vn 0.999991 0.000000 -0.004258
vn 0.999991 0.000000 -0.004258
vn 0.999684 -0.000000 -0.025155
vn 0.999684 0.000000 -0.025155
vn 0.999684 -0.000000 -0.025155
vn 0.621437 0.000001 -0.783464
vn 0.621435 -0.000000 -0.783466
vn 0.999683 -0.000001 -0.025155
vn 0.019450 0.000000 -0.999811
vn 0.019451 -0.000000 -0.999811
vn 0.019450 -0.000000 -0.999811
vn 0.621431 -0.000001 -0.783469
vn 0.999684 0.000000 -0.025155
vn 0.019453 0.000000 -0.999811
vn 0.621460 0.000000 -0.783446
vn 0.621407 0.000032 -0.783488
vn 0.019455 0.000001 -0.999811
vn 0.999675 0.000216 -0.025481
vn 0.999648 0.001280 -0.026504
vn 0.620922 0.000189 -0.783872
vn 0.019451 0.000000 -0.999811
vn 0.003280 0.000000 -0.999995
vn 0.003280 -0.000000 -0.999995
vn 0.003280 0.000000 -0.999995
vn -0.000000 -0.000000 -1.000000
vn -0.000000 -0.000000 -1.000000
vn -0.000000 -0.000000 -1.000000
vn -0.000000 -0.000000 -1.000000
vn -0.002752 -0.001304 -0.999995
vn -0.002344 -0.000068 -0.999997
vn -0.003283 -0.001855 -0.999993
vn -0.020154 -0.014649 -0.999690
vn -0.017770 -0.010870 -0.999783
vn -0.013957 -0.000491 -0.999902
vn 0.000001 0.000000 -1.000000
vn -0.000000 -0.000000 -1.000000
vn 0.000000 -0.000000 -1.000000
vn -0.000000 -0.000000 -1.000000
vn 0.000000 -0.000000 -1.000000
vn 0.000001 0.000000 -1.000000
vn -0.000000 -0.000000 -1.000000
vn -0.328789 0.944389 -0.005177
vn -0.330967 0.943642 -0.000034
vn -0.006843 0.999977 -0.000090
vn -0.999786 0.020662 0.000015
vn -0.999806 0.018714 0.006066
vn -0.331138 0.943569 0.004984
vn -0.006452 0.999964 0.005517
vn -0.009204 0.025133 0.999642
vn -0.762031 0.018786 0.647268
vn -0.801592 0.003977 0.597858
vn -0.012304 0.010752 0.999866
vn -0.999969 0.001766 0.007690
vn -0.887405 -0.002466 0.460984
vn -0.029310 0.033354 0.999014
vn -0.006864 0.969089 0.246616
vn -0.003199 0.988002 0.154405
vn -0.002527 0.999981 0.005598
vn -0.004500 0.047291 0.998871
vn -0.013194 0.182262 0.983162
vn -0.006772 0.998579 0.052854
vn -0.969925 0.242365 0.022462
vn -0.841122 0.538320 0.052204
vn -0.849959 0.526849 -0.000006
vn -0.971112 0.238625 -0.000001
vn -0.133938 0.990928 0.011089
vn -0.136833 0.990594 -0.000010
vn -0.133952 0.990926 -0.011061
vn -0.841212 0.538178 -0.052218
vn -0.969930 0.242347 -0.022436
vn -0.967177 0.254104 0.000443
vn -0.972647 0.232288 0.000039
vn -0.973077 0.230472 -0.001895
vn -0.973068 0.230449 0.005687
vn -0.975079 0.221858 -0.000001
vn -0.975080 0.221855 -0.000001
vn -0.006611 -0.999978 0.000000
vn -0.713754 -0.700396 -0.000001
vn -0.713748 -0.700403 0.000000
vn -0.006611 -0.999978 -0.000000
vn -0.975079 0.221857 0.000000
vn -0.975079 0.221856 0.000001
vn -0.713749 -0.700401 0.000001
vn -0.006611 -0.999978 -0.000000
vn -0.006611 -0.999978 0.000000
vn -0.001105 -0.999999 0.000000
vn -0.001105 -0.999999 0.000000
vn -0.001105 -0.999999 -0.000000
vn 0.000000 -1.000000 0.000000
vn 0.000000 -1.000000 0.000000
vn 0.000000 -1.000000 0.000000
vn 0.000000 -1.000000 0.000000
vn 0.000000 -1.000000 0.000000
vn 0.000000 -1.000000 0.000000
vn 0.000000 -1.000000 0.000000
vn 0.000000 -1.000000 0.000000
vn 0.000000 -1.000000 0.000000
vn 0.000000 -1.000000 0.000000
vn 0.000000 -1.000000 0.000000
vn 0.003289 -0.999995 -0.000019
vn 0.003280 -0.999995 0.000000
vn 0.003375 -0.999994 -0.000078
vn 0.020052 -0.999799 -0.000351
vn 0.019517 -0.999810 -0.000086
vn 0.983335 0.052268 -0.174126
vn 0.950848 -0.306142 -0.046537
vn 0.968142 -0.246019 -0.046643
vn 0.978348 0.108345 -0.176343
vn 0.020538 -0.999789 -0.000359
vn 0.021020 -0.999779 -0.000352
vn 0.981473 -0.186126 -0.045484
vn 0.970992 0.163951 -0.174053
vn 0.999045 -0.002381 -0.043624
vn 0.996361 0.004137 -0.085139
vn 0.999998 -0.000805 -0.001615
vn 0.945765 0.058257 -0.319586
vn 0.882508 0.058649 -0.466626
vn 0.987624 0.005989 -0.156726
vn 0.991024 -0.014439 -0.132902
vn 0.993787 -0.016860 -0.110013
vn 0.999998 -0.001289 -0.001623
vn 0.837685 -0.165385 -0.520511
vn 0.899273 -0.196366 -0.390831
vn 0.955387 -0.212683 -0.204941
vn 0.998318 -0.017462 -0.055277
vn 0.999999 -0.001262 -0.000798
vn 0.824805 0.020809 -0.565033
vn 0.822069 0.014372 -0.569206
vn 0.773283 -0.350224 -0.528561
vn 0.878563 0.112916 -0.464088
vn 0.875119 0.155847 -0.458124
vn 0.818925 -0.032475 -0.572981
vn 0.670677 -0.535644 -0.513106
vn 1.000000 -0.000000 0.000000
vn 1.000000 0.000000 0.000000
vn 1.000000 -0.000000 -0.000000
vn 1.000000 -0.000000 0.000000
vn 1.000000 0.000000 0.000000
vn 1.000000 -0.000000 -0.000000
vn 1.000000 -0.000000 0.000000
vn 1.000000 -0.000000 -0.000000
vn 1.000000 -0.000000 -0.000000
vn 1.000000 -0.000000 0.000000
vn 1.000000 -0.000021 -0.000102
vn 1.000000 -0.000325 -0.000415
vn 1.000000 0.000000 0.000000
vn 1.000000 -0.000000 0.000000
vn 1.000000 -0.000127 -0.000415
vn 0.999997 -0.001930 -0.001693
vn 1.000000 0.000000 -0.000000
vn 0.999995 0.001761 0.002781
vn 0.999996 0.002633 0.000756
vn 0.999995 0.000158 0.003300
vn 0.999813 0.000749 0.019308
vn 0.999839 0.007504 0.016317
vn 0.999930 0.010928 0.004505
vn -0.011688 -0.999914 -0.005954
vn -0.011196 -0.872625 -0.488263
vn -0.005415 -0.875794 -0.482655
vn -0.004378 -0.999968 -0.006767
vn -0.005673 -0.016199 -0.999853
vn -0.020527 -0.030962 -0.999310
vn -0.020941 -0.903525 -0.428025
vn -0.014173 -0.999876 -0.006790
vn -0.738959 -0.673726 -0.005710
vn -0.738817 -0.673907 0.000005
vn -0.999933 -0.011592 0.000022
vn -0.012806 -0.999918 0.000005
vn -0.011660 -0.999914 0.005983
vn -0.738921 -0.673768 0.005737
vn -0.999927 -0.010477 0.006082
vn -0.015107 -0.013243 0.999798
vn -0.011187 -0.872698 0.488133
vn -0.005445 -0.875731 0.482769
vn -0.005779 -0.016142 0.999853
vn -0.004387 -0.999967 0.006817
vn -0.014365 -0.999873 0.006839
vn -0.021195 -0.903470 0.428126
vn -0.020890 -0.031109 0.999298
vn -0.923837 -0.010444 0.382644
vn -0.956848 -0.001139 0.290587
vn -0.999970 -0.000997 0.007683
vn -0.025606 -0.006152 0.999653
vn -0.049427 -0.011440 0.998712
vn -0.983312 0.008004 0.181748
vn -0.007350 0.999972 -0.001646
vn -0.007480 0.999769 -0.020127
vn -0.002887 0.998429 -0.055952
vn -0.002499 0.999995 -0.001984
vn -0.013199 0.182382 -0.983139
vn -0.004504 0.047355 -0.998868
vn -0.009240 0.025127 -0.999642
vn -0.005787 0.996006 -0.089103
vn -0.006481 0.999977 -0.001915
vn -0.970103 0.242679 0.002683
vn -0.626060 0.779767 0.003556
vn -0.630350 0.776311 -0.000006
vn -0.971006 0.239053 -0.000000
vn -0.006998 0.999976 -0.000004
vn -0.007384 0.999971 0.001644
vn -0.626149 0.779695 -0.003561
vn -0.970104 0.242676 -0.002683
vn -0.967274 0.253736 -0.000229
vn -0.972646 0.232293 -0.000022
vn -0.973069 0.230446 -0.005679
vn -0.973080 0.230468 0.000671
vn -0.975080 0.221854 0.000000
vn -0.975080 0.221855 0.000000
vn -0.999827 0.018473 -0.002193
vn -0.956384 0.015782 -0.291685
vn -0.965601 0.000294 -0.260029
vn -0.999995 0.001481 -0.002831
vn -0.012494 0.011110 -0.999860
vn -0.030490 0.035668 -0.998898
vn -0.981977 -0.013454 -0.188523
vn -0.999961 -0.008049 -0.003722
vn -0.331350 0.943506 -0.001772
vn -0.331759 0.943364 -0.000001
vn -0.006930 0.999976 -0.000000
vn -0.999789 0.020566 -0.000010
vn -0.999822 0.018730 0.002135
vn -0.331470 0.943464 0.001768
vn -0.006481 0.999977 0.001915
vn -0.009203 0.025133 0.999642
vn -0.956376 0.016434 0.291677
vn -0.965688 0.000978 0.259703
vn -0.012304 0.010752 0.999866
vn -0.999995 0.001791 0.002704
vn -0.999965 -0.007543 0.003511
vn -0.982131 -0.012673 0.187773
vn -0.029312 0.033355 0.999014
vn -0.005788 0.995986 0.089317
vn -0.002894 0.998423 0.056066
vn -0.002504 0.999995 0.001983
vn -0.004500 0.047289 0.998871
vn -0.013195 0.182251 0.983163
vn -0.007516 0.999769 0.020157
vn -0.969902 0.242364 0.023445
vn -0.841235 0.537908 0.054569
vn -0.850595 0.525822 -0.000006
vn -0.971112 0.238623 -0.000001
vn -0.133908 0.990927 0.011522
vn -0.136920 0.990582 -0.000010
vn -0.133922 0.990925 -0.011493
vn -0.841327 0.537763 -0.054585
vn -0.969907 0.242345 -0.023417
vn -0.967274 0.253735 0.000231
vn -0.972646 0.232293 0.000019
vn -0.973080 0.230467 -0.000671
vn -0.973066 0.230450 0.005940
vn -0.975079 0.221858 -0.000001
vn -0.975080 0.221855 -0.000001
vn -0.975080 0.221854 -0.000000
vn -0.006611 -0.999978 0.000000
vn -0.713686 -0.700466 0.000000
vn -0.713671 -0.700481 0.000000
vn -0.006611 -0.999978 -0.000000
vn -0.975080 0.221854 0.000000
vn -0.713670 -0.700482 -0.000000
vn -0.006611 -0.999978 -0.000000
vn -0.006611 -0.999978 0.000000
vn -0.001105 -0.999999 0.000000
vn -0.001105 -0.999999 0.000000
vn -0.001105 -0.999999 -0.000000
vn 0.000000 -1.000000 0.000000
vn 0.000000 -1.000000 0.000000
vn -0.006611 -0.999978 0.000000
vn -0.713754 -0.700396 -0.000001
vn -0.713747 -0.700403 0.000000
vn -0.006611 -0.999978 -0.000000
vn -0.975079 0.221856 -0.000000
vn -0.975079 0.221856 0.000001
vn -0.713748 -0.700402 0.000001
vn -0.006611 -0.999978 -0.000000
vn -0.006611 -0.999978 0.000000
vn -0.001105 -0.999999 0.000000
vn -0.001105 -0.999999 0.000000
vn -0.001105 -0.999999 -0.000000
vn 0.000000 -1.000000 0.000000
vn 0.000000 -1.000000 0.000000
vn 0.000000 -1.000000 0.000000
vn 0.000000 -1.000000 0.000000
vn 0.000000 -1.000000 0.000000
vn 0.000000 -1.000000 0.000000
vn 0.000000 -1.000000 0.000000
vn 0.000000 -1.000000 0.000000
vn 0.000000 -1.000000 0.000000
vn 0.000000 -1.000000 0.000000
vn 0.000000 -1.000000 0.000000
vn 0.000000 -1.000000 0.000000
vn 0.000000 -1.000000 0.000000
vn 0.003377 -0.999994 0.000085
vn 0.003622 -0.999993 0.000003
vn 0.002189 -0.999997 0.001095
vn 0.012548 -0.999893 0.007563
vn 0.019789 -0.999804 0.000808
vn 0.021493 -0.999769 0.000019
vn 0.000000 -1.000000 0.000000
vn 0.000000 -1.000000 0.000000
vn 0.000000 -1.000000 0.000000
vn 0.000000 -1.000000 0.000000
vn 0.000000 -1.000000 0.000000
vn 0.000000 -1.000000 0.000000
vn 0.000000 -1.000000 0.000000
vn 0.003636 -0.999993 -0.000008
vn 0.003546 -0.999994 -0.000078
vn 0.003637 -0.999993 0.000000
vn 0.021603 -0.999767 0.000001
vn 0.021594 -0.999767 -0.000036
vn 0.740513 0.124513 0.660406
vn 0.762615 -0.296855 0.574713
vn 0.756985 -0.303524 0.578660
vn 0.739633 0.082076 0.667986
vn 0.015080 -0.999838 0.009771
vn 0.018822 -0.999744 0.012565
vn 0.771628 -0.247067 0.586129
vn 0.744059 0.039540 0.666943
vn 0.976049 0.217548 0.001186
vn 0.971642 0.214604 0.099286
vn 0.968986 0.219478 0.113562
vn 0.974907 0.222608 0.001365
vn 0.675415 0.118658 0.727829
vn 0.623222 0.110441 0.774208
vn 0.969664 0.216916 0.112695
vn 0.975502 0.219983 0.001542
vn 0.991833 -0.127541 0.001030
vn 0.991979 -0.126403 0.000153
vn 0.021561 -0.999767 0.000004
vn 0.976018 0.217688 0.000149
vn 0.976054 0.217527 -0.000275
vn 0.992006 -0.126188 -0.000078
vn 0.976249 0.215592 -0.021384
vn 0.974492 0.220382 -0.042399
vn 0.926029 0.162696 -0.340588
vn 0.974939 0.222474 -0.000544
vn 0.975535 0.219844 -0.000815
vn 0.974862 0.217813 -0.046932
vn 0.636528 -0.768694 -0.062783
vn 0.626254 -0.778507 -0.041616
vn 0.719138 -0.589309 -0.368178
vn 0.631695 -0.775217 -0.000908
vn 0.619903 -0.784678 -0.000502
vn 0.613233 -0.789902 0.000089
vn 0.623607 -0.781507 -0.019012
vn 0.760183 -0.620027 -0.194134
vn 0.999945 -0.010446 -0.001164
vn 0.999948 -0.010172 0.000093
vn 0.631230 -0.775596 0.000046
vn 0.975486 0.220062 0.000112
vn 0.999948 -0.010029 0.001832
vn 0.631961 -0.774999 0.001180
vn 0.637750 -0.764526 0.093679
vn 0.628543 -0.774686 0.069246
vn 0.620221 -0.784427 0.000683
vn 0.584980 -0.328150 0.741699
vn 0.697861 -0.395909 0.596863
vn 0.817485 -0.459675 0.347011
vn 0.626867 -0.778401 0.033612
vn 0.613584 -0.789629 -0.000004
vn 0.582355 0.015993 0.812777
vn 0.582627 0.064013 0.810215
vn 0.665032 -0.001849 0.746812
vn 0.618298 0.078393 0.782025
vn 0.620373 0.041599 0.783202
vn 0.587458 0.080271 0.805264
vn 0.672549 0.270982 0.688655
vn 0.162211 0.986753 0.002500
vn 0.198515 0.956268 0.214812
vn 0.060387 0.975935 0.209534
vn 0.057258 0.998357 0.002393
vn 0.170479 0.011927 0.985289
vn 0.057991 0.011760 0.998248
vn 0.137454 0.010194 0.990456
vn 0.116170 0.973094 0.198982
vn 0.139009 0.990289 0.002042
vn 0.998711 0.050751 0.000203
vn 0.908553 0.417769 0.001259
vn 0.905303 0.424767 0.000016
vn 0.998624 0.052445 0.000003
vn 0.162550 0.986700 0.000014
vn 0.164988 0.986292 -0.002480
vn 0.909043 0.416700 -0.001232
vn 0.998712 0.050738 -0.000199
vn 0.999026 0.044088 0.001952
vn 0.999970 0.007725 0.000416
vn 0.999998 0.001928 0.001048
vn 0.999961 0.008844 0.000036
vn 1.000000 0.000001 -0.000000
vn 1.000000 -0.000000 0.000000
vn 1.000000 0.000000 -0.000000
vn 0.981498 0.003788 0.191436
vn 0.978785 -0.001222 0.204886
vn 0.161439 -0.000273 0.986883
vn 0.999806 -0.000983 0.019667
vn 0.999821 -0.006569 0.017753
vn 0.979846 -0.010781 0.199461
vn 0.161013 -0.013347 0.986862
vn 0.167780 0.012002 -0.985751
vn 0.201798 0.955530 -0.215034
vn 0.061078 0.975849 -0.209733
vn 0.057401 0.011770 -0.998282
vn 0.057813 0.998325 -0.002388
vn 0.139012 0.990289 -0.002042
vn 0.116175 0.973093 -0.198981
vn 0.137455 0.010194 -0.990456
vn 0.999797 0.000764 -0.020155
vn 0.980152 0.003928 -0.198208
vn 0.977138 -0.001112 -0.212605
vn 0.999794 -0.000763 -0.020256
vn 0.160987 -0.000158 -0.986957
vn 0.162860 -0.013281 -0.986560
vn 0.978319 -0.010600 -0.206833
vn 0.999835 -0.005332 -0.017373
vn 0.999929 0.010975 -0.004721
vn 0.999826 0.007530 -0.017060
vn 0.999994 0.001760 -0.002910
vn 0.999996 0.002635 -0.000790
vn 0.999994 0.000159 -0.003452
vn 1.000000 -0.000000 0.000000
vn 1.000000 0.000001 0.000000
vn 1.000000 -0.000000 -0.000000
vn 0.999022 0.044164 -0.001961
vn 0.999970 0.007746 -0.000417
vn 0.999961 0.008848 -0.000036
vn 0.999998 0.001938 -0.001101
vn 1.000000 -0.000000 0.000000
vn 1.000000 0.000000 0.000000
vn 1.000000 -0.000000 0.000000
vn -0.011697 -0.999929 -0.002096
vn -0.009745 -0.980390 -0.196827
vn -0.004696 -0.980843 -0.194742
vn -0.004426 -0.999987 -0.002385
vn -0.014985 -0.013316 -0.999799
vn -0.005663 -0.016209 -0.999853
vn -0.020470 -0.030971 -0.999311
vn -0.017672 -0.985132 -0.170889
vn -0.014406 -0.999893 -0.002416
vn -0.999943 -0.010480 -0.002144
vn -0.739391 -0.673273 -0.002034
vn -0.739102 -0.673594 0.000000
vn -0.999933 -0.011560 -0.000000
vn -0.012812 -0.999918 0.000002
vn -0.011669 -0.999930 0.002106
vn -0.739346 -0.673322 0.002036
vn -0.999943 -0.010481 0.002144
vn -0.989030 -0.008620 -0.147460
vn -0.994053 0.000173 -0.108894
vn -0.025326 -0.006162 -0.999660
vn -0.999996 -0.000929 -0.002728
vn -0.999983 0.004634 -0.003580
vn -0.997729 0.010695 -0.066495
vn -0.048702 -0.011352 -0.998749
vn -0.015106 -0.013243 0.999798
vn -0.009697 -0.980386 0.196849
vn -0.004654 -0.980826 0.194831
vn -0.005780 -0.016142 0.999853
vn -0.004399 -0.999987 0.002405
vn -0.014387 -0.999893 0.002445
vn -0.017668 -0.985115 0.170988
vn -0.020891 -0.031108 0.999298
vn -0.989040 -0.008609 0.147399
vn -0.994055 0.000000 0.108883
vn -0.999996 -0.001002 0.002706
vn -0.025605 -0.006153 0.999653
vn -0.049426 -0.011440 0.998712
vn -0.997722 0.009632 0.066773
vn -0.999985 0.004207 0.003490
vn -0.270670 -0.962063 0.034228
vn -0.198433 -0.267563 0.942886
vn -0.050185 -0.292287 0.955013
vn -0.069721 -0.997298 0.023136
vn -0.015187 -0.012737 0.999803
vn -0.032394 -0.028567 0.999067
vn -0.060815 -0.320439 0.945315
vn -0.096927 -0.995124 0.018247
vn -0.450387 0.892574 0.021545
vn -0.540207 0.841058 0.028261
vn -0.534636 0.845082 0.000169
vn -0.449957 0.893050 -0.000091
vn -0.280801 -0.959766 0.000771
vn -0.290126 -0.956368 -0.034454
vn -0.539056 0.841773 -0.028925
vn -0.450142 0.892674 -0.022497
vn -0.125776 0.991869 0.019382
vn -0.314602 0.948996 0.020805
vn -0.313557 0.949569 -0.000003
vn -0.126056 0.992023 0.000009
vn -0.433924 0.900701 0.021171
vn -0.434053 0.900887 -0.000092
vn -0.433761 0.900766 -0.021695
vn -0.314450 0.949045 -0.020864
vn -0.125802 0.991866 -0.019368
vn -0.203028 -0.259310 -0.944213
vn -0.050330 -0.289700 -0.955793
vn -0.014920 -0.012618 -0.999809
vn -0.072574 -0.997096 -0.023097
vn -0.096945 -0.995123 -0.018241
vn -0.060445 -0.319873 -0.945530
vn -0.032044 -0.028319 -0.999085
vn -0.999987 0.000634 -0.005063
vn -1.000000 0.000129 -0.000041
vn -0.999992 -0.003880 -0.000035
vn -0.999998 0.002214 -0.000015
vn -0.999988 0.000147 0.004809
vn -0.006611 -0.999978 0.000000
vn -0.001105 -0.999999 0.000000
vn -0.001105 -0.999999 0.000000
vn -0.001105 -0.999999 -0.000000
vn 0.000000 -1.000000 0.000000
vn -0.975080 0.221856 0.000001
vn -0.972646 0.232291 -0.000050
vn -0.973075 0.230479 0.001848
vn -0.973067 0.230447 -0.005931
vn -0.967173 0.254120 -0.000478
vn -0.006767 0.998638 -0.051725
vn -0.003184 0.988558 -0.150806
vn -0.002526 0.999982 -0.005478
vn -0.013200 0.182375 -0.983140
vn -0.004504 0.047354 -0.998868
vn -0.009240 0.025127 -0.999642
vn -0.006830 0.970545 -0.240825
vn -0.006453 0.999965 -0.005390
vn 0.000000 -1.000000 0.000000
vn 0.002284 -0.999997 0.000424
vn 0.002924 -0.999995 0.001533
vn 0.002002 -0.999998 0.000006
vn 0.014026 -0.999897 0.003060
vn 0.976234 -0.003377 0.216691
vn 0.965788 0.003924 0.259305
vn 0.681333 0.042042 0.730765
vn 0.999992 -0.000470 0.004010
vn 0.945619 0.008300 0.325171
vn 0.812953 0.559088 0.162872
vn 0.813577 0.563011 0.145292
vn 0.775150 0.291157 0.560687
vn 0.813277 0.581874 0.001883
vn 0.816099 0.577911 0.000938
vn 0.823124 0.562714 0.076289
vn 0.892807 0.316508 0.320497
vn 1.000000 -0.000000 0.000000
vn 1.000000 0.000000 0.000000
vn 1.000000 -0.000000 -0.000000
vn 1.000000 -0.000000 0.000000
vn 1.000000 -0.000000 -0.000000
vn 1.000000 -0.000000 0.000000
vn 1.000000 -0.000000 0.000000
vn 1.000000 -0.000000 -0.000000
vn 1.000000 0.000859 0.000158
vn 1.000000 0.000890 0.000000
vn 1.000000 0.000353 0.000734
vn 0.999993 0.002105 0.002984
vn 0.999987 0.005106 0.000640
vn 0.999986 0.005285 -0.000000
vn -0.270720 -0.961992 0.035811
vn -0.196135 -0.257828 0.946074
vn -0.049705 -0.282587 0.957953
vn -0.069733 -0.997272 0.024183
vn -0.015184 -0.012735 0.999804
vn -0.032393 -0.028566 0.999067
vn -0.060472 -0.310711 0.948579
vn -0.096930 -0.995108 0.019070
vn -0.450380 0.892552 0.022546
vn -0.540191 0.841020 0.029642
vn -0.534569 0.845125 0.000179
vn -0.449949 0.893054 -0.000092
vn -0.280711 -0.959792 0.000806
vn -0.290170 -0.956296 -0.036053
vn -0.539005 0.841757 -0.030324
vn -0.450123 0.892656 -0.023531
vn -0.125767 0.991852 0.020288
vn -0.314641 0.948961 0.021771
vn -0.313598 0.949556 -0.000004
vn -0.126051 0.992024 0.000010
vn -0.433917 0.900681 0.022142
vn -0.434054 0.900887 -0.000096
vn -0.433753 0.900746 -0.022691
vn -0.314491 0.949009 -0.021833
vn -0.125793 0.991849 -0.020274
vn -0.048700 -0.011352 -0.998749
vn -0.200489 -0.249841 -0.947303
vn -0.049803 -0.280061 -0.958689
vn -0.014920 -0.012618 -0.999809
vn -0.072579 -0.997070 -0.024143
vn -0.096949 -0.995107 -0.019064
vn -0.060092 -0.310142 -0.948789
vn -0.032046 -0.028319 -0.999085
vn -0.984110 0.009120 -0.177323
vn -0.958577 -0.000948 -0.284833
vn -0.999971 -0.000924 -0.007571
vn -0.025326 -0.006162 -0.999660
vn -0.014984 -0.013316 -0.999799
vn -0.926713 -0.010424 -0.375624
vn -0.999927 -0.010477 -0.005945
vn -0.030491 0.035669 -0.998898
vn -0.891198 -0.002852 -0.453606
vn -0.807571 0.003419 -0.589760
vn -0.012495 0.011113 -0.999860
vn -0.999968 0.001450 -0.007874
vn -0.999811 0.018453 -0.006092
vn -0.768974 0.018198 -0.639020
vn -0.011115 -0.877149 0.480089
vn -0.005360 -0.880160 0.474646
vn -0.005753 -0.016239 0.999852
vn -0.011662 -0.999915 0.005847
vn -0.004326 -0.999968 0.006661
vn -0.014000 -0.999880 0.006680
vn -0.020904 -0.907022 0.420564
vn -0.020948 -0.031288 0.999291
vn -0.738988 -0.673695 0.005586
vn -0.738867 -0.673851 -0.000003
vn -0.012807 -0.999918 0.000005
vn -0.999933 -0.011591 -0.000022
vn -0.739000 -0.673682 -0.005605
vn -0.011689 -0.999915 -0.005819
vn -0.011167 -0.877316 -0.479782
vn -0.005393 -0.880316 -0.474357
vn -0.004353 -0.999969 -0.006606
vn -0.005673 -0.016205 -0.999853
vn -0.020527 -0.030966 -0.999310
vn -0.020824 -0.907066 -0.420472
vn -0.014022 -0.999880 -0.006602
vn -0.331047 0.943601 -0.004884
vn -0.330982 0.943637 0.000031
vn -0.006845 0.999977 0.000088
vn -0.999788 0.020610 -0.000047
vn -0.328877 0.944359 0.005059
vn 0.999735 0.000000 0.023024
vn 0.999992 -0.000000 0.003892
vn 0.999992 -0.000000 0.003892
vn 0.999992 0.000000 0.003892
vn 1.000000 -0.000001 0.000000
vn 1.000000 0.000000 0.000000
vn 1.000000 -0.000108 -0.000012
vn 1.000000 -0.000000 0.000000
vn 1.000000 -0.000312 -0.000134
vn 1.000000 -0.000436 -0.000074
vn 0.996636 0.066503 -0.047893
vn 0.991103 0.130295 -0.027148
vn 0.925329 0.326903 -0.192097
vn 0.999981 0.002602 -0.005619
vn 0.981086 0.192268 -0.022445
vn 0.967194 0.254038 -0.000078
vn 0.967198 0.254023 0.000024
vn 0.815692 0.578486 0.000040
vn 0.999986 0.005318 0.000013
vn 0.967363 0.253394 0.000105
vn 0.996796 -0.076504 -0.023338
vn 0.987323 -0.157248 -0.021604
vn 0.999991 -0.004050 0.001584
vn 0.879005 -0.430140 -0.205742
vn 0.969204 -0.246086 -0.009269
vn 0.078586 -0.996905 -0.002292
vn 0.122304 -0.971263 -0.204179
vn 0.046248 -0.977977 -0.203524
vn 0.040803 -0.999164 -0.002334
vn 0.056817 -0.012109 -0.998311
vn 0.136488 -0.010315 -0.990588
vn 0.113402 -0.973916 -0.196537
vn 0.134579 -0.990901 -0.002024
vn 0.540944 -0.841058 -0.001076
vn 0.535630 -0.844453 0.000000
vn 0.611543 -0.791211 0.000014
vn 0.074597 -0.997214 -0.000002
vn 0.079107 -0.996863 0.002285
vn 0.540706 -0.841211 0.001081
vn 0.983558 -0.178923 0.024512
vn 0.999111 -0.018892 0.037693
vn 0.999999 -0.001426 -0.000379
vn 0.931678 -0.061310 0.358074
vn 0.991167 0.126910 0.038502
vn 0.122427 -0.971240 0.204217
vn 0.046285 -0.977965 0.203572
vn 0.056381 -0.012122 0.998336
vn 0.040909 -0.999160 0.002333
vn 0.134579 -0.990901 0.002024
vn 0.113399 -0.973917 0.196538
vn 0.136482 -0.010315 0.990589
vn -0.000000 -0.000001 1.000000
vn -0.002334 0.000000 0.999997
vn -0.002333 0.000004 0.999997
vn -0.000000 -0.000000 1.000000
vn -0.002334 0.000000 0.999997
vn -0.013886 0.000000 0.999904
vn -0.013884 0.000002 0.999904
vn -0.013874 0.000017 0.999904
vn 0.000000 -0.000000 1.000000
vn -0.000000 0.000000 1.000000
vn 0.003281 0.000000 0.999995
vn 0.003281 0.000000 0.999995
vn 0.003280 -0.000000 0.999995
vn 0.019449 0.000001 0.999811
vn 0.019450 0.000000 0.999811
vn 0.000000 0.000000 1.000000
vn -0.000001 0.000000 1.000000
vn -0.000000 0.000000 1.000000
vn 0.000000 0.000000 1.000000
vn -0.000000 -0.000000 1.000000
vn -0.000002 0.000000 1.000000
vn -0.000000 -0.000000 1.000000
vn 0.651363 0.000000 0.758766
vn 0.651363 -0.000000 0.758767
vn 0.019450 -0.000000 0.999811
vn 0.999735 0.000000 0.023024
vn 0.999735 -0.000000 0.023024
vn 0.999735 -0.000000 0.023024
vn 0.651360 -0.000000 0.758769
vn 0.019450 0.000000 0.999811
vn 0.999735 0.000001 0.023024
vn 0.999992 0.000000 0.003892
vn 0.999992 0.000000 0.003892
vn 0.999992 0.000000 0.003892
vn 1.000000 -0.000000 -0.000000
vn 1.000000 0.000000 -0.000000
vn 1.000000 0.000000 0.000000
vn 1.000000 -0.000000 0.000000
vn 1.000000 0.000000 -0.000000
vn 1.000000 -0.000000 -0.000000
vn 1.000000 0.000000 0.000000
vn 1.000000 -0.000000 0.000000
vn 1.000000 0.000000 0.000000
vn 1.000000 -0.000000 -0.000000
vn 1.000000 -0.000000 -0.000000
vn 1.000000 0.000000 -0.000000
vn 1.000000 0.000000 -0.000000
vn 1.000000 0.000000 -0.000000
vn 1.000000 0.000000 0.000000
vn 1.000000 -0.000000 0.000000
vn 1.000000 -0.000000 0.000000
vn 1.000000 0.000000 0.000000
vn 1.000000 0.000000 0.000000
vn 1.000000 0.000000 -0.000000
vn 1.000000 -0.000000 -0.000000
vn 1.000000 0.000000 0.000000
vn 1.000000 -0.000000 0.000000
vn 1.000000 0.000000 0.000000
vn 1.000000 -0.000000 -0.000000
vn 1.000000 -0.000001 0.000000
vn 1.000000 -0.000000 -0.000000
vn 1.000000 0.000000 -0.000000
vn 1.000000 0.000000 0.000000
vn 1.000000 -0.000000 -0.000000
vn 1.000000 -0.000000 -0.000000
vn 1.000000 -0.000000 0.000000
vn 0.999991 0.000000 -0.004258
vn 0.999991 0.000000 -0.004258
vn 0.999991 0.000000 -0.004258
vn 0.999684 0.000001 -0.025155
vn 0.999684 -0.000000 -0.025155
vn 0.621435 0.000000 -0.783466
vn 0.621436 -0.000000 -0.783465
vn 0.999684 -0.000000 -0.025155
vn 0.019450 0.000000 -0.999811
vn 0.019450 0.000000 -0.999811
vn 0.019450 -0.000000 -0.999811
vn 0.621432 -0.000000 -0.783468
vn 0.999684 0.000000 -0.025155
vn 0.019449 -0.000000 -0.999811
vn 0.003280 -0.000000 -0.999995
vn 0.003280 -0.000000 -0.999995
vn 0.003280 0.000000 -0.999995
vn -0.000000 -0.000000 -1.000000
vn 0.000000 -0.000000 -1.000000
vn 0.000000 -0.000000 -1.000000
vn 0.000000 -0.000000 -1.000000
vn -0.002334 0.000001 -0.999997
vn -0.002334 0.000000 -0.999997
vn -0.002332 0.000004 -0.999997
vn -0.013874 0.000018 -0.999904
vn -0.013884 0.000004 -0.999904
vn -0.013886 0.000000 -0.999904
vn 0.000002 0.000000 -1.000000
vn 0.000002 -0.000000 -1.000000
vn 0.000000 0.000000 -1.000000
vn 0.000000 0.000000 -1.000000
vn 0.000000 -0.000000 -1.000000
vn 0.000002 0.000000 -1.000000
vn -0.000000 -0.000000 -1.000000
vn 1.000000 0.000000 0.000000
vn 1.000000 -0.000000 0.000000
vn 1.000000 0.000000 -0.000000
vn 1.000000 -0.000000 -0.000000
vn 1.000000 0.000000 -0.000000
vn 1.000000 -0.000000 0.000000
vn 1.000000 0.000000 0.000000
vn 1.000000 -0.000000 -0.000000
vn 1.000000 0.000000 0.000000
vn 1.000000 -0.000000 -0.000000
vn 1.000000 0.000000 -0.000000
vn 1.000000 0.000000 -0.000000
vn 1.000000 -0.000000 0.000000
vn 1.000000 -0.000000 -0.000000
vn -0.011665 0.009083 -0.999891
vn -0.011201 0.832961 -0.553218
vn -0.005236 0.831025 -0.556210
vn -0.004319 0.010333 -0.999937
vn -0.011653 0.999914 -0.005983
vn -0.004314 0.999967 -0.006860
vn -0.013884 0.999878 -0.007109
vn -0.019457 0.828812 -0.559189
vn -0.013814 0.010605 -0.999848
vn -0.999940 0.009200 -0.006012
vn -0.882595 0.008491 -0.470057
vn -0.881821 -0.000001 -0.471584
vn -0.999978 0.000000 -0.006636
vn -0.012806 -0.000009 -0.999918
vn -0.011631 -0.009133 -0.999891
vn -0.882562 -0.008497 -0.470119
vn -0.999940 -0.009200 -0.006012
vn -0.779909 0.625867 -0.005723
vn -0.779868 0.625944 -0.000000
vn -0.012800 0.999918 -0.000000
vn -0.999949 0.010122 0.000000
vn -0.999940 0.009200 0.006012
vn -0.779939 0.625830 0.005723
vn -0.011654 0.999914 0.005982
vn -0.011155 0.833016 0.553136
vn -0.005233 0.831121 0.556066
vn -0.004348 0.999967 0.006851
vn -0.011633 0.009134 0.999891
vn -0.004312 0.010451 0.999936
vn -0.013933 0.010820 0.999844
vn -0.019677 0.828892 0.559063
vn -0.014086 0.999876 0.007076
vn -0.882610 0.008497 0.470029
vn -0.881845 0.000001 0.471539
vn -0.012807 0.000008 0.999918
vn -0.999978 -0.000000 0.006636
vn -0.999940 -0.009200 0.006012
vn -0.882607 -0.008491 0.470035
vn -0.011664 -0.009083 0.999891
vn 1.000000 0.000000 0.000000
vn 1.000000 -0.000000 0.000000
vn 1.000000 0.000000 -0.000000
vn 1.000000 -0.000000 -0.000000
vn 1.000000 0.000000 0.000000
vn 1.000000 -0.000000 0.000000
vn 1.000000 0.000000 0.000000
vn 1.000000 -0.000000 -0.000000
vn 1.000000 0.000000 0.000000
vn 1.000000 -0.000000 -0.000000
vn 1.000000 -0.000000 -0.000000
vn 1.000000 0.000000 -0.000000
vn 1.000000 -0.000000 -0.000000
vn 1.000000 -0.000000 -0.000000
vn 1.000000 0.000000 0.000000
vn 1.000000 -0.000000 0.000000
vn 1.000000 0.000000 0.000000
vn 1.000000 -0.000000 -0.000000
vn 1.000000 0.000000 -0.000000
vn 1.000000 -0.000000 0.000000
vn 1.000000 0.000000 0.000000
vn 1.000000 0.000000 -0.000000
vn 1.000000 -0.000000 -0.000000
vn 1.000000 0.000000 -0.000000
vn 1.000000 0.000000 -0.000000
vn 1.000000 -0.000000 -0.000000
vn 1.000000 -0.000000 -0.000000
vn 1.000000 0.000000 -0.000000
vn -0.011664 0.009083 -0.999891
vn -0.009826 0.972572 -0.232395
vn -0.004559 0.972121 -0.234435
vn -0.004320 0.010333 -0.999937
vn -0.011655 0.999930 -0.002110
vn -0.004306 0.999988 -0.002418
vn -0.013828 0.999901 -0.002507
vn -0.016904 0.971470 -0.236560
vn -0.013814 0.010605 -0.999848
vn -0.999956 0.009200 -0.002122
vn -0.982074 0.007453 -0.188349
vn -0.981972 -0.000000 -0.189029
vn -0.999997 0.000000 -0.002338
vn -0.012806 -0.000008 -0.999918
vn -0.011631 -0.009133 -0.999891
vn -0.982068 -0.007455 -0.188378
vn -0.999956 -0.009200 -0.002122
vn -0.780300 0.625403 -0.002031
vn -0.780125 0.625624 -0.000000
vn -0.012799 0.999918 -0.000000
vn -0.999949 0.010118 0.000000
vn -0.999955 0.009200 0.002122
vn -0.780331 0.625363 0.002031
vn -0.011657 0.999930 0.002110
vn -0.009808 0.972576 0.232378
vn -0.004589 0.972127 0.234410
vn -0.004341 0.999988 0.002415
vn -0.011633 0.009134 0.999891
vn -0.004312 0.010451 0.999936
vn -0.013933 0.010821 0.999844
vn -0.017181 0.971464 0.236566
vn -0.014033 0.999898 0.002495
vn -0.982077 0.007455 0.188334
vn -0.981976 0.000000 0.189006
vn -0.012807 0.000009 0.999918
vn -0.999997 -0.000000 0.002338
vn -0.999956 -0.009200 0.002122
vn -0.982076 -0.007453 0.188339
vn -0.011665 -0.009084 0.999891
vn 1.000000 0.000000 0.000000
vn 1.000000 -0.000000 0.000000
vn 1.000000 0.000000 -0.000000
vn 1.000000 0.000000 0.000000
vn 1.000000 -0.000000 0.000000
vn 1.000000 0.000000 0.000000
vn 1.000000 -0.000000 -0.000000
vn -0.011654 0.999915 0.005847
vn -0.011135 0.838602 0.544631
vn -0.005223 0.836739 0.547577
vn -0.004348 0.999968 0.006696
vn -0.011633 0.009134 0.999891
vn -0.004311 0.010451 0.999936
vn -0.013933 0.010821 0.999844
vn -0.019638 0.834542 0.550594
vn -0.014084 0.999877 0.006916
vn -0.999940 0.009200 0.005877
vn -0.779953 0.625813 0.005595
vn -0.779877 0.625933 -0.000000
vn -0.999949 0.010122 0.000000
vn -0.012799 0.999918 0.000000
vn -0.011653 0.999915 -0.005847
vn -0.779923 0.625851 -0.005595
vn -0.999940 0.009200 -0.005877
vn -0.886865 0.008476 0.461950
vn -0.886128 -0.000000 0.463441
vn -0.012799 -0.000000 0.999918
vn -0.999979 -0.000000 0.006486
vn -0.999940 -0.009200 0.005877
vn -0.886865 -0.008476 0.461951
vn -0.011633 -0.009134 0.999891
vn -0.011665 0.009083 -0.999891
vn -0.011180 0.838548 -0.544712
vn -0.005225 0.836646 -0.547718
vn -0.004320 0.010333 -0.999937
vn -0.004314 0.999968 -0.006704
vn -0.013882 0.999879 -0.006949
vn -0.019417 0.834467 -0.550716
vn -0.013814 0.010604 -0.999848
vn -0.886851 0.008471 -0.461978
vn -0.886103 -0.000001 -0.463489
vn -0.999979 0.000000 -0.006486
vn -0.012806 -0.000009 -0.999918
vn -0.011631 -0.009133 -0.999891
vn -0.886819 -0.008476 -0.462040
vn -0.999940 -0.009200 -0.005877
vn -0.000000 -0.000001 1.000000
vn -0.002334 -0.000002 0.999997
vn -0.002334 0.000000 0.999997
vn -0.000000 -0.000000 1.000000
vn -0.002332 -0.000004 0.999997
vn -0.013873 -0.000017 0.999904
vn -0.013884 -0.000004 0.999904
vn -0.013886 -0.000000 0.999904
vn 0.000000 -0.000000 1.000000
vn 0.000000 -0.000000 1.000000
vn 0.003281 0.000000 0.999995
vn 0.003281 0.000000 0.999995
vn 0.003281 -0.000000 0.999995
vn 0.019449 0.000001 0.999811
vn 0.019450 0.000000 0.999811
vn -0.000000 0.000000 1.000000
vn -0.000002 0.000000 1.000000
vn -0.000000 0.000001 1.000000
vn -0.000000 -0.000000 1.000000
vn 0.000000 0.000000 1.000000
vn -0.000002 -0.000000 1.000000
vn -0.000000 0.000000 1.000000
vn 0.651362 0.000000 0.758767
vn 0.651362 -0.000001 0.758767
vn 0.019451 -0.000001 0.999811
vn 0.999735 0.000000 0.023024
vn 0.999735 -0.000000 0.023024
vn 0.999735 -0.000000 0.023024
vn 0.651362 -0.000000 0.758767
vn 0.019451 0.000000 0.999811
vn 0.999735 0.000001 0.023024
vn 0.999992 0.000000 0.003892
vn 0.999992 0.000000 0.003892
vn 0.999992 0.000000 0.003892
vn 1.000000 0.000000 -0.000000
vn 1.000000 -0.000000 0.000000
vn 1.000000 0.000000 0.000000
vn 1.000000 0.000000 0.000000
vn 1.000000 0.000000 0.000000
vn 1.000000 -0.000000 -0.000000
vn 1.000000 -0.000000 -0.000000
vn 1.000000 -0.000000 0.000000
vn 1.000000 -0.000000 0.000000
vn 1.000000 0.000000 0.000000
vn 1.000000 -0.000000 0.000000
vn 1.000000 -0.000000 -0.000000
vn 1.000000 0.000000 -0.000000
vn 1.000000 0.000000 -0.000000
vn 1.000000 -0.000000 0.000000
vn 1.000000 -0.000000 0.000000
vn -0.011686 -0.999914 -0.005948
vn -0.011222 -0.833056 -0.553075
vn -0.005253 -0.831239 -0.555890
vn -0.004339 -0.999967 -0.006797
vn -0.004295 -0.010428 -0.999936
vn -0.013822 -0.010730 -0.999847
vn -0.019461 -0.829026 -0.558872
vn -0.013871 -0.999879 -0.007030
vn -0.779937 -0.625831 -0.005718
vn -0.779868 -0.625943 0.000001
vn -0.999949 -0.010122 0.000000
vn -0.012807 -0.999918 0.000006
vn -0.011653 -0.999914 0.005982
vn -0.779908 -0.625868 0.005723
vn -0.011134 -0.838594 0.544643
vn -0.005199 -0.836745 0.547569
vn -0.004353 -0.010432 0.999936
vn -0.011654 -0.999915 0.005846
vn -0.004282 -0.999968 0.006700
vn -0.013691 -0.999882 0.006932
vn -0.019498 -0.834574 0.550550
vn -0.014176 -0.010742 0.999842
vn -0.779973 -0.625788 0.005595
vn -0.779914 -0.625887 0.000001
vn -0.012809 -0.999918 0.000005
vn -0.999949 -0.010122 0.000000
vn -0.779971 -0.625791 -0.005590
vn -0.011687 -0.999915 -0.005815
vn 1.000000 0.000000 -0.000000
vn 1.000000 0.000000 0.000000
vn 1.000000 0.000000 0.000000
vn 1.000000 0.000000 0.000000
vn 1.000000 -0.000000 -0.000000
vn 1.000000 0.000000 -0.000000
vn 1.000000 0.000000 0.000000
vn 1.000000 0.000000 0.000000
vn 1.000000 0.000000 -0.000000
vn 1.000000 -0.000000 0.000000
vn 1.000000 -0.000000 -0.000000
vn 1.000000 0.000000 -0.000000
vn 1.000000 -0.000000 0.000000
vn 1.000000 -0.000000 -0.000000
vn 1.000000 -0.000000 -0.000000
vn 1.000000 -0.000000 0.000000
vn 0.999991 0.000000 -0.004258
vn 0.999991 0.000000 -0.004258
vn 0.999991 0.000000 -0.004258
vn 0.999684 0.000001 -0.025155
vn 0.999684 -0.000000 -0.025155
vn 0.621444 0.000001 -0.783459
vn 0.621437 -0.000000 -0.783464
vn 0.999684 -0.000001 -0.025155
vn 0.019450 0.000000 -0.999811
vn 0.019451 -0.000000 -0.999811
vn 0.019450 -0.000000 -0.999811
vn 0.621434 -0.000001 -0.783467
vn 0.999684 0.000000 -0.025155
vn 0.019449 -0.000000 -0.999811
vn 0.003280 -0.000000 -0.999995
vn 0.003279 -0.000000 -0.999995
vn 0.003280 0.000000 -0.999995
vn -0.000000 0.000000 -1.000000
vn -0.000000 -0.000000 -1.000000
vn -0.000000 0.000000 -1.000000
vn -0.000000 0.000000 -1.000000
vn -0.002334 0.000000 -0.999997
vn -0.002333 -0.000002 -0.999997
vn -0.002334 0.000000 -0.999997
vn -0.013886 -0.000000 -0.999904
vn -0.013885 -0.000001 -0.999904
vn -0.013879 -0.000008 -0.999904
vn 0.000002 0.000000 -1.000000
vn 0.000003 -0.000000 -1.000000
vn 0.000000 -0.000000 -1.000000
vn -0.000000 0.000000 -1.000000
vn -0.000000 0.000000 -1.000000
vn 0.000002 -0.000000 -1.000000
vn -0.000000 -0.000000 -1.000000
vn 1.000000 0.000000 0.000000
vn 1.000000 -0.000000 0.000000
vn 1.000000 0.000000 0.000000
vn 1.000000 -0.000000 -0.000000
vn 1.000000 0.000000 -0.000000
vn 1.000000 0.000000 0.000000
vn 1.000000 0.000000 0.000000
vn 1.000000 0.000000 -0.000000
vn 1.000000 -0.000000 0.000000
vn 1.000000 -0.000000 -0.000000
vn 1.000000 0.000000 -0.000000
vn 1.000000 0.000000 -0.000000
vn 1.000000 -0.000000 0.000000
vn 1.000000 -0.000000 0.000000
vn -0.011200 -0.832978 0.553193
vn -0.005283 -0.831043 0.556183
vn -0.004372 -0.010346 0.999937
vn -0.004342 -0.999967 0.006857
vn -0.014050 -0.999876 0.007100
vn -0.019745 -0.828817 0.559172
vn -0.014129 -0.010654 0.999843
vn -0.011688 -0.999929 -0.002098
vn -0.009885 -0.972582 -0.232351
vn -0.004656 -0.972147 -0.234325
vn -0.004392 -0.999987 -0.002397
vn -0.004288 -0.010437 -0.999936
vn -0.013783 -0.010763 -0.999847
vn -0.017195 -0.971488 -0.236466
vn -0.014174 -0.999897 -0.002481
vn -0.780330 -0.625364 -0.002029
vn -0.780125 -0.625623 0.000000
vn -0.999949 -0.010118 0.000000
vn -0.012807 -0.999918 0.000002
vn -0.011655 -0.999930 0.002110
vn -0.780300 -0.625403 0.002031
vn 1.000000 0.000000 0.000000
vn 1.000000 -0.000000 0.000000
vn 1.000000 -0.000000 0.000000
vn 1.000000 -0.000000 -0.000000
vn 1.000000 0.000000 -0.000000
vn 1.000000 -0.000000 0.000000
vn 1.000000 -0.000000 0.000000
vn 1.000000 0.000000 -0.000000
vn 1.000000 -0.000000 0.000000
vn 1.000000 -0.000000 -0.000000
vn 1.000000 -0.000000 -0.000000
vn 1.000000 0.000000 -0.000000
vn 1.000000 -0.000000 0.000000
vn 1.000000 -0.000000 0.000000
vn 1.000000 0.000000 0.000000
vn 1.000000 0.000000 0.000000
vn 1.000000 0.000000 0.000000
vn 1.000000 -0.000000 -0.000000
vn 1.000000 0.000000 -0.000000
vn 1.000000 -0.000000 0.000000
vn 1.000000 0.000000 0.000000
vn 1.000000 0.000000 -0.000000
vn 1.000000 -0.000000 0.000000
vn 1.000000 -0.000000 -0.000000
vn 1.000000 0.000000 -0.000000
vn 1.000000 0.000000 -0.000000
vn 1.000000 0.000000 -0.000000
vn 1.000000 -0.000000 0.000000
vn -0.009826 -0.972575 0.232382
vn -0.004605 -0.972121 0.234435
vn -0.004373 -0.010346 0.999937
vn -0.004360 -0.999988 0.002420
vn -0.014142 -0.999897 0.002517
vn -0.017183 -0.971451 0.236615
vn -0.014128 -0.010654 0.999843
vn 1.000000 0.000000 0.000000
vn 1.000000 -0.000000 0.000000
vn 1.000000 0.000000 0.000000
vn 1.000000 0.000000 -0.000000
vn 1.000000 0.000000 0.000000
vn 1.000000 0.000000 0.000000
vn 1.000000 -0.000000 0.000000
vn -0.011203 -0.838632 -0.544584
vn -0.005239 -0.836841 -0.547421
vn -0.004315 -0.999969 -0.006634
vn -0.004295 -0.010428 -0.999936
vn -0.013823 -0.010730 -0.999847
vn -0.019393 -0.834650 -0.550439
vn -0.013722 -0.999882 -0.006834
vn -0.000000 -0.000001 1.000000
vn -0.002661 0.000880 0.999996
vn -0.002336 0.000034 0.999997
vn -0.000000 0.000000 1.000000
vn -0.003136 0.001248 0.999994
vn -0.019121 0.009865 0.999768
vn -0.016859 0.007280 0.999831
vn -0.013907 0.000248 0.999903
vn 0.000000 -0.000000 1.000000
vn 0.000000 0.000000 1.000000
vn 0.003281 0.000000 0.999995
vn 0.003281 0.000000 0.999995
vn 0.003280 -0.000000 0.999995
vn 0.019450 0.000001 0.999811
vn 0.019451 0.000000 0.999811
vn -0.000000 -0.000000 1.000000
vn -0.000002 0.000000 1.000000
vn 0.000000 0.000000 1.000000
vn 0.000000 0.000000 1.000000
vn -0.000000 0.000000 1.000000
vn -0.000003 -0.000000 1.000000
vn -0.000000 0.000000 1.000000
vn 0.651367 0.000000 0.758763
vn 0.651360 -0.000000 0.758769
vn 0.019452 -0.000000 0.999811
vn 0.999735 0.000000 0.023024
vn 0.999735 -0.000000 0.023024
vn 0.999735 -0.000000 0.023024
vn 0.651359 -0.000000 0.758769
vn 0.019451 0.000000 0.999811
vn 0.999735 0.000000 0.023024
vn 0.999992 0.000000 0.003892
vn 0.999992 0.000000 0.003892
vn 0.999992 -0.000000 0.003892
vn 1.000000 -0.000000 -0.000000
vn 1.000000 -0.000000 0.000000
vn 1.000000 0.000000 0.000000
vn 1.000000 0.000000 0.000000
vn 1.000000 0.000000 0.000000
vn 1.000000 -0.000000 -0.000000
vn 1.000000 0.000000 -0.000000
vn 1.000000 -0.000000 -0.000000
vn 1.000000 -0.000000 0.000000
vn 1.000000 0.000000 0.000000
vn 1.000000 0.000000 0.000000
vn 1.000000 0.000000 -0.000000
vn 1.000000 0.000000 -0.000000
vn 1.000000 0.000000 -0.000000
vn 1.000000 0.000000 -0.000000
vn 1.000000 -0.000000 0.000000
vn 1.000000 -0.000000 0.000000
vn 1.000000 0.000000 0.000000
vn 1.000000 0.000000 0.000000
vn 1.000000 0.000000 -0.000000
vn 1.000000 -0.000000 -0.000000
vn 1.000000 0.000000 -0.000000
vn 1.000000 0.000000 -0.000000
vn 1.000000 -0.000000 0.000000
vn 1.000000 0.000000 0.000000
vn 1.000000 -0.000000 -0.000000
vn 1.000000 -0.000000 -0.000000
vn 1.000000 0.000000 -0.000000
vn 1.000000 0.000000 -0.000000
vn 1.000000 -0.000000 -0.000000
vn 1.000000 -0.000000 0.000000
vn 1.000000 0.000000 0.000000
vn 0.999991 0.000000 -0.004258
vn 0.999991 0.000000 -0.004258
vn 0.999991 -0.000000 -0.004258
vn 0.999683 0.000000 -0.025155
vn 0.999684 -0.000000 -0.025155
vn 0.621435 0.000000 -0.783466
vn 0.621432 -0.000000 -0.783468
vn 0.999684 -0.000000 -0.025155
vn 0.019451 0.000000 -0.999811
vn 0.019452 0.000000 -0.999811
vn 0.019451 -0.000000 -0.999811
vn 0.621436 -0.000000 -0.783465
vn 0.999684 0.000000 -0.025155
vn 0.019449 0.000000 -0.999811
vn 0.003280 0.000000 -0.999995
vn 0.003280 -0.000000 -0.999995
vn 0.003279 0.000000 -0.999995
vn 0.000000 0.000000 -1.000000
vn -0.000000 -0.000000 -1.000000
vn -0.000000 0.000000 -1.000000
vn -0.000000 0.000000 -1.000000
vn -0.002668 0.000894 -0.999996
vn -0.003173 0.001276 -0.999994
vn -0.002339 0.000034 -0.999997
vn -0.013922 0.000249 -0.999903
vn -0.016907 0.007344 -0.999830
vn -0.019340 0.010038 -0.999763
vn 0.000002 -0.000000 -1.000000
vn 0.000004 -0.000000 -1.000000
vn 0.000000 0.000000 -1.000000
vn -0.000000 0.000000 -1.000000
vn 0.000000 0.000000 -1.000000
vn 0.000003 -0.000000 -1.000000
vn -0.000000 0.000000 -1.000000
vn 1.000000 0.000000 0.000000
vn 1.000000 0.000000 0.000000
vn 1.000000 0.000000 0.000000
vn 1.000000 -0.000000 -0.000000
vn 1.000000 0.000000 -0.000000
vn 1.000000 -0.000000 -0.000000
vn 1.000000 -0.000000 0.000000
vn 1.000000 0.000000 0.000000
vn 1.000000 0.000000 0.000000
vn 1.000000 0.000000 -0.000000
vn 1.000000 0.000000 -0.000000
vn 1.000000 0.000000 -0.000000
vn 1.000000 -0.000000 -0.000000
vn 1.000000 -0.000000 0.000000
vn -0.014998 0.009589 -0.999842
vn -0.011572 0.794574 -0.607057
vn -0.005553 0.797673 -0.603064
vn -0.005621 0.011515 -0.999918
vn -0.011657 0.999914 -0.005982
vn -0.004340 0.999967 -0.006835
vn -0.014073 0.999877 -0.006945
vn -0.021669 0.828167 -0.560063
vn -0.019510 0.021175 -0.999585
vn -0.999953 0.007586 -0.006014
vn -0.923573 0.007632 -0.383345
vn -0.956898 0.000826 -0.290423
vn -0.999978 0.000000 -0.006637
vn -0.023827 0.002500 -0.999713
vn -0.037693 -0.002164 -0.999287
vn -0.982585 -0.005081 -0.185744
vn -0.999953 -0.007586 -0.006014
vn -0.832209 0.554433 -0.005651
vn -0.831861 0.554983 -0.000000
vn -0.012799 0.999918 -0.000000
vn -0.999965 0.008347 0.000000
vn -0.999953 0.007586 0.006014
vn -0.832236 0.554393 0.005651
vn -0.011659 0.999914 0.005982
vn -0.011518 0.794581 0.607049
vn -0.005536 0.797680 0.603056
vn -0.004375 0.999967 0.006826
vn -0.014951 0.009627 0.999842
vn -0.005563 0.011582 0.999917
vn -0.019389 0.021240 0.999586
vn -0.021856 0.828103 0.560150
vn -0.014278 0.999874 0.006910
vn -0.923562 0.007636 0.383373
vn -0.956861 0.000827 0.290545
vn -0.023834 0.002521 0.999713
vn -0.999978 -0.000000 0.006637
vn -0.999953 -0.007586 0.006014
vn -0.982516 -0.005076 0.186108
vn -0.037848 -0.002071 0.999281
vn 1.000000 0.000000 0.000000
vn 1.000000 -0.000000 0.000000
vn 1.000000 -0.000000 0.000000
vn 1.000000 -0.000000 -0.000000
vn 1.000000 0.000000 -0.000000
vn 1.000000 -0.000000 -0.000000
vn 1.000000 -0.000000 0.000000
vn 1.000000 0.000000 0.000000
vn 1.000000 -0.000000 0.000000
vn 1.000000 0.000000 -0.000000
vn 1.000000 -0.000000 -0.000000
vn 1.000000 0.000000 -0.000000
vn 1.000000 0.000000 -0.000000
vn 1.000000 -0.000000 -0.000000
vn 1.000000 0.000000 0.000000
vn 1.000000 0.000000 0.000000
vn 1.000000 0.000000 0.000000
vn 1.000000 -0.000000 -0.000000
vn 1.000000 -0.000000 -0.000000
vn 1.000000 -0.000000 -0.000000
vn 1.000000 -0.000000 0.000000
vn 1.000000 0.000000 0.000000
vn 1.000000 0.000000 0.000000
vn 1.000000 0.000000 -0.000000
vn 1.000000 0.000000 -0.000000
vn 1.000000 -0.000000 -0.000000
vn 1.000000 0.000000 -0.000000
vn 1.000000 -0.000000 0.000000
vn -0.014993 0.009586 -0.999842
vn -0.010138 0.964285 -0.264671
vn -0.004786 0.964808 -0.262913
vn -0.005633 0.011523 -0.999918
vn -0.011664 0.999930 -0.002107
vn -0.004329 0.999988 -0.002408
vn -0.013970 0.999899 -0.002462
vn -0.018068 0.970670 -0.239737
vn -0.019593 0.021231 -0.999583
vn -0.999969 0.007586 -0.002122
vn -0.988991 0.006306 -0.147839
vn -0.994083 0.000310 -0.108623
vn -0.999997 0.000000 -0.002338
vn -0.023867 0.002524 -0.999712
vn -0.038015 -0.001985 -0.999275
vn -0.997677 -0.005245 -0.067919
vn -0.999969 -0.007586 -0.002122
vn -0.832544 0.553956 -0.002006
vn -0.832079 0.554657 -0.000000
vn -0.012803 0.999918 -0.000000
vn -0.999965 0.008343 0.000000
vn -0.999969 0.007586 0.002122
vn -0.832571 0.553914 0.002006
vn -0.011666 0.999930 0.002107
vn -0.010116 0.964293 0.264645
vn -0.004814 0.964820 0.262868
vn -0.004364 0.999988 0.002405
vn -0.014954 0.009628 0.999842
vn -0.005627 0.011634 0.999916
vn -0.019768 0.021539 0.999573
vn -0.018350 0.970670 0.239715
vn -0.014178 0.999897 0.002450
vn -0.988994 0.006307 0.147823
vn -0.994087 0.000310 0.108584
vn -0.023861 0.002531 0.999712
vn -0.999997 -0.000000 0.002338
vn -0.999969 -0.007586 0.002122
vn -0.997684 -0.005245 0.067814
vn -0.038071 -0.001989 0.999273
vn 1.000000 0.000000 0.000000
vn 1.000000 0.000000 0.000000
vn 1.000000 -0.000000 0.000000
vn 1.000000 0.000000 -0.000000
vn 1.000000 0.000000 -0.000000
vn 1.000000 -0.000000 0.000000
vn 1.000000 0.000000 0.000000
vn -0.011659 0.999915 0.005846
vn -0.011501 0.801027 0.598518
vn -0.005527 0.804034 0.594558
vn -0.004375 0.999968 0.006672
vn -0.014952 0.009627 0.999842
vn -0.005563 0.011583 0.999917
vn -0.019391 0.021241 0.999586
vn -0.021792 0.833681 0.551817
vn -0.014274 0.999875 0.006755
vn -0.999954 0.007585 0.005878
vn -0.832248 0.554377 0.005524
vn -0.831869 0.554972 -0.000000
vn -0.999965 0.008346 0.000000
vn -0.012799 0.999918 -0.000000
vn -0.011658 0.999915 -0.005847
vn -0.832221 0.554417 -0.005524
vn -0.999954 0.007586 -0.005878
vn -0.926518 0.007600 0.376174
vn -0.958617 0.000811 0.284698
vn -0.023835 0.002521 0.999713
vn -0.999979 -0.000000 0.006486
vn -0.999954 -0.007586 0.005878
vn -0.983254 -0.005083 0.182167
vn -0.037849 -0.002071 0.999281
vn -0.014998 0.009588 -0.999842
vn -0.011555 0.801021 -0.598525
vn -0.005542 0.804029 -0.594564
vn -0.005620 0.011515 -0.999918
vn -0.004340 0.999968 -0.006680
vn -0.014069 0.999878 -0.006789
vn -0.021601 0.833745 -0.551727
vn -0.019508 0.021174 -0.999585
vn -0.926528 0.007597 -0.376149
vn -0.958652 0.000809 -0.284580
vn -0.999979 0.000000 -0.006486
vn -0.023827 0.002499 -0.999713
vn -0.037694 -0.002163 -0.999287
vn -0.983320 -0.005088 -0.181812
vn -0.999954 -0.007586 -0.005878
vn 0.000000 0.000000 1.000000
vn -0.012118 0.002950 0.999922
vn -0.006293 0.002440 0.999977
vn 0.000000 -0.000000 1.000000
vn -0.005368 -0.001103 0.999985
vn -0.027458 -0.005252 0.999609
vn -0.061292 0.019423 0.997931
vn -0.033761 0.016528 0.999293
vn 0.000000 0.000000 1.000000
vn -0.000000 0.000000 1.000000
vn 0.003281 0.000000 0.999995
vn 0.003281 0.000000 0.999995
vn 0.003281 -0.000000 0.999995
vn 0.019450 0.000001 0.999811
vn 0.019449 0.000000 0.999811
vn -0.000000 -0.000000 1.000000
vn 0.000002 0.004018 0.999992
vn 0.000012 0.004017 0.999992
vn -0.000000 0.004019 0.999992
vn 0.000000 0.023760 0.999718
vn 0.000003 0.023760 0.999718
vn 0.000025 0.023778 0.999717
vn 0.651359 -0.000000 0.758770
vn 0.651317 0.003183 0.758799
vn 0.018648 0.003347 0.999820
vn 0.999735 -0.000000 0.023024
vn 0.999751 0.003345 0.022072
vn 0.999622 0.019826 0.019022
vn 0.653524 0.018594 0.756677
vn 0.016165 0.019789 0.999673
vn 0.999735 0.000000 0.023024
vn 0.999992 0.000000 0.003892
vn 0.999992 -0.000000 0.003892
vn 0.999992 0.000000 0.003892
vn 1.000000 0.000000 -0.000000
vn 1.000000 -0.000000 0.000000
vn 1.000000 -0.000000 0.000000
vn 0.999997 0.002434 0.000323
vn 0.999992 0.003997 0.000011
vn 1.000000 -0.000000 0.000000
vn 0.999997 0.002398 0.000521
vn 0.999905 0.013291 0.003524
vn 0.999902 0.013831 0.002309
vn 0.999722 0.023557 0.000085
vn 1.000000 0.000000 -0.000000
vn 1.000000 -0.000000 -0.000000
vn 1.000000 0.000000 -0.000000
vn 1.000000 -0.000000 -0.000000
vn 1.000000 0.000000 -0.000000
vn 1.000000 0.000000 0.000000
vn -0.131668 -0.991276 -0.005929
vn -0.098061 -0.615950 -0.781658
vn -0.030533 -0.598839 -0.800287
vn -0.024737 -0.999670 -0.006990
vn -0.013622 -0.001579 -0.999906
vn -0.036790 0.012869 -0.999240
vn -0.067101 -0.587516 -0.806426
vn -0.005471 -0.999959 -0.007185
vn -0.995697 -0.092570 -0.004387
vn -0.995454 -0.095244 0.000000
vn -0.999965 -0.008347 0.000000
vn -0.144346 -0.989527 -0.000007
vn -0.132189 -0.991207 0.005869
vn -0.995683 -0.092712 0.004387
vn -0.100432 -0.623679 0.775202
vn -0.032500 -0.607413 0.793721
vn -0.013747 -0.001446 0.999904
vn -0.132192 -0.991208 0.005736
vn -0.025492 -0.999653 0.006699
vn -0.005565 -0.999961 0.006830
vn -0.066293 -0.596803 0.799645
vn -0.036396 0.012787 0.999256
vn -0.995684 -0.092704 0.004289
vn -0.995454 -0.095240 0.000000
vn -0.144351 -0.989527 -0.000007
vn -0.999965 -0.008347 0.000000
vn -0.995698 -0.092563 -0.004289
vn -0.131672 -0.991276 -0.005795
vn 1.000000 -0.000000 -0.000000
vn 1.000000 -0.000000 -0.000000
vn 0.999997 0.002416 -0.000328
vn 0.999997 0.002410 -0.000511
vn 1.000000 -0.000000 -0.000000
vn 0.999992 0.003996 -0.000011
vn 0.999723 0.023547 -0.000091
vn 0.999903 0.013707 -0.002318
vn 0.999905 0.013342 -0.003458
vn 1.000000 -0.000000 0.000000
vn 1.000000 -0.000000 -0.000000
vn 1.000000 -0.000000 -0.000000
vn 1.000000 0.000000 -0.000000
vn 1.000000 0.000000 -0.000000
vn 1.000000 0.000000 0.000000
vn 1.000000 0.000000 0.000000
vn 0.999991 0.000000 -0.004258
vn 0.999991 -0.000000 -0.004258
vn 0.999991 -0.000000 -0.004258
vn 0.999684 0.000000 -0.025155
vn 0.999684 -0.000000 -0.025155
vn 0.621434 0.000000 -0.783466
vn 0.621273 0.003166 -0.783588
vn 0.999704 0.003345 -0.024115
vn 0.019449 0.000000 -0.999811
vn 0.018648 0.003347 -0.999821
vn 0.016165 0.019789 -0.999673
vn 0.623440 0.018488 -0.781653
vn 0.999588 0.019824 -0.020773
vn 0.019449 0.000000 -0.999811
vn 0.003280 -0.000000 -0.999995
vn 0.003280 -0.000000 -0.999995
vn 0.003280 0.000000 -0.999995
vn -0.000000 0.000000 -1.000000
vn 0.000000 0.000000 -1.000000
vn 0.000000 -0.000000 -1.000000
vn 0.000000 0.000001 -1.000000
vn -0.012469 0.003010 -0.999918
vn -0.005498 -0.001134 -0.999984
vn -0.006478 0.002515 -0.999976
vn -0.034686 0.016987 -0.999254
vn -0.062958 0.019856 -0.997819
vn -0.028100 -0.005413 -0.999591
vn 0.000004 -0.000000 -1.000000
vn 0.000003 0.004017 -0.999992
vn -0.000000 0.004019 -0.999992
vn 0.000011 0.004017 -0.999992
vn 0.000022 0.023779 -0.999717
vn 0.000004 0.023759 -0.999718
vn 0.000000 0.023760 -0.999718
vn 1.000000 0.000000 0.000000
vn 0.999996 0.002953 0.000304
vn 0.999996 0.002768 0.000604
vn 1.000000 0.000000 -0.000000
vn 0.999997 0.002520 -0.000557
vn 0.999853 0.016494 -0.004753
vn 0.999728 0.023090 0.003197
vn 0.999826 0.017918 0.005115
vn 1.000000 0.000000 0.000000
vn 1.000000 -0.000000 -0.000000
vn 1.000000 -0.000000 -0.000000
vn 1.000000 -0.000000 -0.000000
vn 1.000000 0.000000 0.000000
vn 1.000000 -0.000000 -0.000000
vn -0.099999 -0.615357 0.781880
vn -0.032492 -0.598962 0.800118
vn -0.013746 -0.001446 0.999904
vn -0.025495 -0.999652 0.006854
vn -0.005578 -0.999960 0.006988
vn -0.066653 -0.588028 0.806089
vn -0.036397 0.012787 0.999256
vn -0.142299 -0.989821 -0.002100
vn -0.113504 -0.896101 -0.429092
vn -0.061613 -0.881042 -0.469008
vn -0.063849 -0.997956 -0.002506
vn -0.014187 -0.001087 -0.999899
vn -0.039613 0.015127 -0.999101
vn -0.216920 -0.833475 -0.508197
vn -0.197793 -0.980240 -0.002859
vn -0.996057 -0.088697 -0.001556
vn -0.995843 -0.091087 0.000000
vn -0.999965 -0.008343 0.000000
vn -0.155994 -0.987758 0.000003
vn -0.141674 -0.989911 0.002117
vn -0.996060 -0.088671 0.001556
vn 1.000000 -0.000000 0.000000
vn 0.999997 0.002237 -0.000031
vn 0.999998 0.001709 -0.000371
vn 1.000000 -0.000000 -0.000000
vn 0.999997 0.002363 -0.000001
vn 0.999901 0.014049 -0.000005
vn 0.999914 0.013102 -0.000262
vn 0.999950 0.009673 -0.002576
vn 1.000000 0.000000 0.000000
vn 1.000000 -0.000000 -0.000000
vn 1.000000 0.000000 -0.000000
vn 1.000000 0.000000 -0.000000
vn 1.000000 0.000000 -0.000000
vn 1.000000 0.000000 0.000000
vn 1.000000 -0.000000 0.000000
vn 0.999997 0.002238 0.000030
vn 0.999997 0.002362 0.000001
vn 1.000000 -0.000000 0.000000
vn 0.999999 0.001694 0.000385
vn 0.999950 0.009619 0.002675
vn 0.999914 0.013119 0.000261
vn 0.999901 0.014045 0.000006
vn 1.000000 0.000000 -0.000000
vn 1.000000 -0.000000 -0.000000
vn 1.000000 0.000000 -0.000000
vn 1.000000 -0.000000 -0.000000
vn 1.000000 0.000000 -0.000000
vn 1.000000 -0.000000 0.000000
vn -0.112050 -0.896541 0.428554
vn -0.060246 -0.881064 0.469145
vn -0.014365 -0.001017 0.999896
vn -0.063149 -0.998001 0.002544
vn -0.197468 -0.980305 0.002913
vn -0.217328 -0.832943 0.508895
vn -0.040595 0.015634 0.999053
vn 1.000000 0.000000 0.000000
vn 0.999996 0.002951 -0.000305
vn 0.999997 0.002528 0.000583
vn 0.999996 0.002765 -0.000590
vn 0.999827 0.017898 -0.004996
vn 0.999729 0.023061 -0.003182
vn 0.999851 0.016539 0.004972
vn -0.098487 -0.624267 -0.774978
vn -0.030530 -0.607278 -0.793902
vn -0.024735 -0.999671 -0.006832
vn -0.013623 -0.001578 -0.999906
vn -0.036790 0.012869 -0.999240
vn -0.066729 -0.596286 -0.799994
vn -0.005458 -0.999960 -0.007022
vn 0.000018 0.717161 0.696908
vn 0.000050 0.717344 0.696719
vn 0.000046 0.023785 0.999717
vn 0.000000 0.999735 0.023028
vn 0.000003 0.999735 0.023028
vn -0.000000 0.999735 0.023023
vn 0.000107 0.717621 0.696434
vn 0.000115 0.023774 0.999717
vn 0.000000 0.999735 0.023023
vn 0.000000 0.716978 0.697096
vn 0.002597 0.717413 0.696643
vn 0.002734 0.999753 0.022061
vn 0.002732 0.022785 0.999737
vn 0.015233 0.719836 0.693977
vn 0.016218 0.999687 0.019072
vn 0.000001 0.999735 0.023018
vn 0.000001 0.999989 0.004737
vn 0.000000 0.999989 0.004737
vn -0.000001 0.999989 0.004740
vn -0.000001 0.999988 0.004962
vn 0.000002 0.999988 0.004962
vn 0.000000 0.999988 0.004959
vn 0.637399 0.770334 0.017564
vn 0.641091 0.767456 0.003664
vn 0.018707 0.999817 0.004059
vn 0.999736 0.022729 0.003251
vn 0.644665 0.764457 0.003552
vn 0.019600 0.999796 0.004849
vn 0.019588 0.953066 0.302127
vn 0.806695 0.563585 0.177805
vn 0.786089 0.589255 0.186663
vn 0.019422 0.952843 0.302841
vn 0.999880 0.014902 0.004151
vn 0.690942 0.689560 0.217040
vn 0.019219 0.953523 0.300707
vn 0.019842 0.972170 0.233433
vn 0.003279 0.972404 0.233280
vn 0.003302 0.999982 0.004935
vn 0.003259 0.953237 0.302205
vn 0.000000 0.953240 0.302214
vn 0.000000 0.972444 0.233137
vn 0.000001 0.972445 0.233134
vn -0.000076 0.972447 0.233125
vn -0.000003 0.999988 0.004959
vn -0.000000 0.953242 0.302209
vn -0.000043 0.953241 0.302211
vn -0.000001 0.953240 0.302214
vn -0.000001 0.972441 0.233150
vn -0.000000 0.999988 0.004961
vn 0.000022 0.953240 0.302213
vn 0.000004 0.953019 0.302911
vn -0.000000 0.953019 0.302910
vn -0.000001 0.953019 0.302911
vn -0.000003 0.953689 0.300794
vn -0.000006 0.953690 0.300791
vn 0.000000 0.953689 0.300796
vn 0.806602 0.564839 -0.174213
vn 0.786505 0.589947 -0.182681
vn 0.999880 0.014925 -0.004062
vn 0.019598 0.954998 -0.295966
vn 0.019448 0.954789 -0.296646
vn 0.019299 0.955441 -0.294550
vn 0.692914 0.689142 -0.212024
vn 0.019581 0.999795 -0.005174
vn 0.644858 0.764293 -0.003798
vn 0.641104 0.767443 -0.004001
vn 0.018696 0.999815 -0.004424
vn 0.999735 0.022728 -0.003556
vn 0.637189 0.770470 -0.019140
vn 0.016211 0.999651 -0.020836
vn 0.019833 0.972071 -0.233848
vn 0.003281 0.972302 -0.233706
vn 0.003263 0.955170 -0.296038
vn 0.003297 0.999981 -0.005250
vn -0.000001 0.999986 -0.005270
vn 0.000000 0.972333 -0.233601
vn 0.000000 0.955174 -0.296044
vn -0.000001 0.955174 -0.296045
vn -0.000000 0.972335 -0.233589
vn -0.000013 0.972340 -0.233572
vn -0.000000 0.955174 -0.296044
vn 0.000005 0.999986 -0.005278
vn -0.000032 0.999986 -0.005270
vn -0.000005 0.999986 -0.005264
vn -0.000001 0.972338 -0.233579
vn -0.000001 0.955174 -0.296044
vn -0.000001 0.955174 -0.296044
vn -0.000042 0.954964 -0.296722
vn -0.000002 0.954963 -0.296723
vn -0.000001 0.954965 -0.296718
vn 0.000000 0.955604 -0.294654
vn -0.000170 0.955595 -0.294682
vn -0.000007 0.955593 -0.294691
vn 0.000016 0.999986 -0.005270
vn 0.000004 0.999987 -0.005160
vn 0.000002 0.999987 -0.005163
vn -0.000000 0.999987 -0.005161
vn 0.000000 0.999683 -0.025162
vn 0.000000 0.999684 -0.025157
vn 0.000000 0.999683 -0.025161
vn 0.015197 0.691542 -0.722176
vn 0.002590 0.689187 -0.724579
vn 0.002733 0.999706 -0.024107
vn 0.002731 0.022785 -0.999737
vn 0.000000 0.688784 -0.724967
vn 0.000015 0.689067 -0.724698
vn 0.000042 0.689221 -0.724551
vn -0.000000 0.999683 -0.025165
vn 0.000042 0.023786 -0.999717
vn 0.000118 0.023777 -0.999717
vn 0.000124 0.689475 -0.724309
vn -0.000000 0.999683 -0.025161
vn 0.019312 0.953510 -0.300740
vn 0.712923 0.668863 -0.210624
vn 0.823254 0.540443 -0.173707
vn 0.019445 0.951553 -0.306870
vn 0.999915 0.012549 -0.003554
vn 0.875843 0.459868 -0.146361
vn 0.019595 0.952247 -0.304700
vn 0.019706 0.988646 0.148964
vn 0.003429 0.988837 0.148963
vn 0.003281 0.953687 0.300783
vn 0.003327 0.953638 -0.300936
vn -0.000006 0.953619 -0.301016
vn -0.000010 0.988835 0.149015
vn 0.000002 0.988762 0.149495
vn -0.000341 0.988735 0.149673
vn 0.000009 0.953689 0.300794
vn 0.000001 0.953678 -0.300830
vn -0.007868 0.953412 -0.301569
vn -0.042041 0.951648 -0.304301
vn -0.002844 0.988737 0.149638
vn -0.000000 0.953691 0.300788
vn -0.000162 0.953631 -0.300978
vn -0.000041 0.951715 -0.306982
vn 0.000001 0.951723 -0.306959
vn -0.000002 0.951714 -0.306987
vn -0.000000 0.952406 -0.304831
vn -0.000002 0.952404 -0.304839
vn 0.000003 0.952393 -0.304873
vn 0.019593 0.999808 -0.000550
vn 0.803773 0.594936 -0.000315
vn 0.803581 0.595196 0.000002
vn 0.019559 0.999809 0.000003
vn 0.999901 0.014052 0.000000
vn 0.803800 0.594900 0.000327
vn 0.019616 0.999807 0.000574
vn 0.019803 0.999134 -0.036605
vn 0.003319 0.999329 -0.036475
vn 0.003264 0.952406 -0.304816
vn 0.003299 0.999994 -0.000557
vn -0.000001 1.000000 -0.000559
vn -0.000002 0.999338 -0.036393
vn 0.000122 0.999333 -0.036523
vn -0.036457 0.998623 -0.037710
vn -0.026264 0.951742 -0.305774
vn 0.000057 1.000000 -0.000562
vn -0.036381 0.999338 -0.000558
vn -0.198594 0.980082 -0.000531
vn -0.201593 0.978692 -0.039003
vn -0.146398 0.940378 -0.307013
vn 0.000024 1.000000 -0.000559
vn 0.000005 1.000000 0.000005
vn 0.000023 1.000000 0.000004
vn -0.000001 1.000000 0.000005
vn -0.000001 1.000000 0.000586
vn 0.000001 1.000000 0.000586
vn 0.000029 1.000000 0.000586
vn 0.019583 0.948333 0.316671
vn 0.875698 0.458245 0.152200
vn 0.822259 0.539542 0.181066
vn 0.019420 0.947548 0.319024
vn 0.999915 0.012531 0.003711
vn 0.709564 0.669415 0.220007
vn 0.019239 0.949705 0.312553
vn 0.019849 0.999123 0.036865
vn 0.003336 0.999319 0.036747
vn 0.003308 0.999994 0.000583
vn 0.003258 0.948483 0.316812
vn -0.000000 0.948479 0.316841
vn -0.000002 0.999327 0.036670
vn 0.000080 0.999323 0.036791
vn -0.036508 0.998611 0.037999
vn -0.036409 0.999337 0.000582
vn 0.000070 0.948476 0.316848
vn -0.026226 0.947798 0.317791
vn -0.146367 0.936345 0.319116
vn -0.201869 0.978623 0.039319
vn -0.198741 0.980052 0.000550
vn 0.000029 0.948478 0.316843
vn 0.000002 0.947714 0.319121
vn 0.000018 0.947719 0.319107
vn -0.000001 0.947713 0.319123
vn -0.000004 0.949860 0.312675
vn -0.000018 0.949866 0.312657
vn 0.000004 0.949885 0.312598
vn 0.019794 0.988803 -0.147906
vn 0.003484 0.988976 -0.148035
vn 0.003284 0.949862 0.312653
vn 0.003326 0.955597 -0.294659
vn -0.000015 0.988986 -0.148012
vn 0.000002 0.988916 -0.148480
vn 0.000063 0.988911 -0.148507
vn -0.008125 0.949618 0.313304
vn 0.000296 0.955599 -0.294671
vn 0.000001 0.955594 -0.294687
vn -0.002714 0.988869 -0.148763
vn -0.041981 0.947811 0.316056
vn -0.769125 -0.638806 0.019362
vn -0.679239 -0.561328 0.472806
vn -0.607651 -0.498134 0.618565
vn -0.772058 -0.635177 0.021843
vn -0.023402 -0.017803 0.999568
vn -0.589638 -0.480026 0.649539
vn -0.774889 -0.631728 0.021596
vn -0.728384 -0.685020 0.014274
vn -0.727803 -0.685786 0.000063
vn -0.083360 -0.996520 0.000042
vn -0.768848 -0.639432 0.000058
vn -0.769120 -0.638817 -0.019164
vn -0.728674 -0.684714 -0.014128
vn -0.680129 -0.562178 -0.470511
vn -0.610032 -0.502324 -0.612806
vn -0.023498 -0.020880 -0.999506
vn -0.771987 -0.635288 -0.021093
vn -0.774581 -0.632173 -0.019525
vn -0.598763 -0.499859 -0.625799
vn -0.999297 -0.028471 0.024406
vn -0.530196 -0.017692 0.847691
vn -0.531965 -0.003044 0.846761
vn -0.999714 -0.004993 0.023375
vn -0.013900 -0.000064 0.999903
vn -0.530965 0.000019 0.847394
vn -0.999733 -0.000026 0.023107
vn -0.837656 -0.545765 0.021751
vn -0.837556 -0.546350 0.000769
vn -0.775099 -0.631840 0.000260
vn -0.999560 -0.029507 0.003152
vn -0.999229 -0.038843 -0.005750
vn -0.835535 -0.549181 -0.016756
vn -0.290469 -0.956868 -0.005616
vn -0.286317 -0.958135 -0.000054
vn -0.014012 -0.999902 -0.000017
vn -0.998154 -0.060732 0.000587
vn -0.998312 -0.058086 0.000001
vn -0.998160 -0.060628 -0.000615
vn -0.291648 -0.956509 0.005606
vn -0.997756 -0.066890 -0.002788
vn -0.999990 -0.004229 -0.001546
vn -0.999999 -0.001594 0.000080
vn -0.999985 -0.004862 -0.002441
vn -0.999927 0.011079 -0.004874
vn -0.999087 0.042475 -0.004629
vn -0.998664 0.051667 -0.000567
vn -0.769082 -0.638802 0.021091
vn -0.667503 -0.551634 0.500139
vn -0.591405 -0.486896 0.642785
vn -0.771956 -0.635250 0.023259
vn -0.023881 -0.021121 0.999492
vn -0.580522 -0.485434 0.653719
vn -0.774533 -0.632169 0.021473
vn -0.728511 -0.684859 0.015497
vn -0.727766 -0.685826 0.000044
vn -0.083311 -0.996524 -0.000028
vn -0.768851 -0.639428 -0.000003
vn -0.769120 -0.638754 -0.021153
vn -0.728424 -0.684952 -0.015472
vn -0.666512 -0.550655 -0.502535
vn -0.588444 -0.482236 -0.648985
vn -0.023446 -0.017818 -0.999566
vn -0.772026 -0.635140 -0.023918
vn -0.774857 -0.631696 -0.023621
vn -0.569706 -0.463706 -0.678536
vn -0.998119 -0.061309 -0.000597
vn -0.289694 -0.957103 0.005478
vn -0.284937 -0.958546 0.000012
vn -0.998283 -0.058583 -0.000004
vn -0.013734 -0.999906 0.000013
vn -0.289780 -0.957078 -0.005414
vn -0.998139 -0.060971 0.000567
vn -0.999193 -0.039664 0.006345
vn -0.997684 -0.067972 0.002753
vn -0.999990 -0.004267 0.001554
vn -0.999984 -0.004961 0.002690
vn -0.999999 -0.001638 -0.000088
vn -0.998650 0.051940 0.000534
vn -0.999052 0.043288 0.004706
vn -0.999922 0.011271 0.005403
vn -0.835402 -0.549330 0.018443
vn -0.837572 -0.546326 -0.000804
vn -0.775098 -0.631841 -0.000261
vn -0.999544 -0.030016 -0.003399
vn -0.999231 -0.028769 -0.026633
vn -0.837733 -0.545564 -0.023738
vn -0.500210 -0.016862 -0.865740
vn -0.502002 -0.002901 -0.864861
vn -0.013902 -0.000070 -0.999903
vn -0.999661 -0.005049 -0.025533
vn -0.999681 -0.000029 -0.025253
vn -0.500967 0.000020 -0.865467
vn -0.769129 -0.638841 0.017970
vn -0.690683 -0.570779 0.444036
vn -0.624749 -0.514271 0.587549
vn -0.772022 -0.635287 0.019812
vn -0.023980 -0.021120 0.999489
vn -0.613077 -0.511182 0.602353
vn -0.774625 -0.632153 0.018402
vn -0.735763 -0.677108 0.013280
vn -0.735504 -0.677521 0.000050
vn -0.112551 -0.993646 0.000011
vn -0.768845 -0.639436 0.000034
vn -0.769138 -0.638833 -0.017856
vn -0.735854 -0.677012 -0.013190
vn -0.690623 -0.570791 -0.444115
vn -0.624476 -0.514181 -0.587918
vn -0.023590 -0.020911 -0.999503
vn -0.772018 -0.635297 -0.019660
vn -0.774645 -0.632133 -0.018268
vn -0.612697 -0.510920 -0.602961
vn -0.999209 -0.039404 0.005417
vn -0.997746 -0.067047 0.002663
vn -0.999990 -0.004232 0.001511
vn -0.999985 -0.004940 0.002289
vn -0.999999 -0.001518 -0.000090
vn -0.998646 0.052022 0.000547
vn -0.999078 0.042676 0.004614
vn -0.999927 0.011176 0.004579
vn -0.835356 -0.549482 0.015783
vn -0.837014 -0.547182 0.000033
vn -0.775074 -0.631871 0.000026
vn -0.999478 -0.032295 0.000042
vn -0.999225 -0.038985 -0.005354
vn -0.835561 -0.549174 -0.015677
vn -0.998147 -0.060839 0.000208
vn -0.997700 -0.067776 -0.001193
vn -0.999992 -0.004012 -0.000657
vn -0.999999 -0.001578 0.000028
vn -0.999985 -0.004902 -0.002264
vn -0.999929 0.011036 -0.004513
vn -0.998988 0.044931 -0.001954
vn -0.998652 0.051905 -0.000202
vn -0.289039 -0.957315 -0.002017
vn -0.285511 -0.958375 0.000008
vn -0.014227 -0.999899 0.000005
vn -0.998305 -0.058204 0.000004
vn -0.998149 -0.060810 -0.000215
vn -0.289025 -0.957319 0.002044
vn -0.769118 -0.638831 0.018784
vn -0.685082 -0.566124 0.458439
vn -0.615985 -0.507071 0.602861
vn -0.772008 -0.635276 0.020707
vn -0.023980 -0.021120 0.999489
vn -0.604415 -0.504326 0.616715
vn -0.774614 -0.632143 0.019189
vn -0.735738 -0.677125 0.013858
vn -0.735491 -0.677535 0.000052
vn -0.112534 -0.993648 0.000011
vn -0.768845 -0.639436 0.000036
vn -0.769127 -0.638823 -0.018666
vn -0.735829 -0.677027 -0.013764
vn -0.685013 -0.566130 -0.458534
vn -0.615693 -0.506960 -0.603253
vn -0.023609 -0.020916 -0.999502
vn -0.772002 -0.635288 -0.020533
vn -0.774623 -0.632138 -0.018985
vn -0.604107 -0.504080 -0.617218
vn -0.999206 -0.039435 0.005657
vn -0.997675 -0.068136 0.001158
vn -0.999992 -0.003971 0.000656
vn -0.999985 -0.004941 0.002390
vn -0.999999 -0.001508 -0.000031
vn -0.998634 0.052243 0.000195
vn -0.998963 0.045482 0.001992
vn -0.999926 0.011198 0.004784
vn -0.835388 -0.549415 0.016450
vn -0.837072 -0.547093 0.000050
vn -0.775077 -0.631867 0.000033
vn -0.999479 -0.032283 0.000046
vn -0.999226 -0.038932 -0.005549
vn -0.835614 -0.549078 -0.016188
vn -0.997758 -0.066867 -0.002719
vn -0.999990 -0.004227 -0.001509
vn -0.999999 -0.001633 0.000075
vn -0.999985 -0.004883 -0.002361
vn -0.999928 0.011057 -0.004721
vn -0.999088 0.042452 -0.004521
vn -0.998665 0.051645 -0.000556
vn -0.999733 -0.000006 0.023125
vn -0.530755 -0.000004 0.847525
vn -0.530347 0.000000 0.847781
vn -0.999732 0.000000 0.023153
vn -0.013886 0.000000 0.999904
vn -0.530749 0.000004 0.847529
vn -0.999733 0.000006 0.023125
vn -0.999734 -0.000030 0.023069
vn -0.999998 0.001599 0.000818
vn -0.999992 0.002658 0.003082
vn -1.000000 0.000139 0.000295
vn -0.999777 0.000681 -0.021092
vn -0.999815 0.006905 -0.017960
vn -0.546326 0.009442 -0.837519
vn -0.534253 -0.000040 -0.845325
vn -0.013586 -0.000022 -0.999908
vn -0.999760 -0.000017 -0.021905
vn -0.999779 -0.000678 -0.021010
vn -0.545881 -0.009543 -0.837808
vn -0.291921 0.956417 -0.006929
vn -0.286666 0.958030 -0.000087
vn -0.998559 0.053660 -0.000021
vn -0.013854 0.999904 -0.000033
vn -0.292679 0.956186 0.006841
vn -0.999731 0.000710 0.023196
vn -0.516961 0.009903 0.855951
vn -0.504791 0.000119 0.863241
vn -0.999708 0.000007 0.024170
vn -0.013852 0.000053 0.999904
vn -0.516847 -0.009723 0.856022
vn -0.999730 -0.000700 0.023210
vn -0.999780 0.006985 0.019788
vn -0.999998 0.001606 -0.000868
vn -0.999991 0.002687 -0.003364
vn -1.000000 0.000142 -0.000294
vn -0.999680 -0.000009 -0.025280
vn -0.999682 -0.000034 -0.025212
vn -0.292914 0.956115 0.006685
vn -0.286848 0.957976 -0.000086
vn -0.013853 0.999904 -0.000032
vn -0.998562 0.053601 -0.000022
vn -0.291960 0.956407 -0.006773
vn -0.500662 -0.000006 -0.865643
vn -0.500095 -0.000001 -0.865971
vn -0.013886 -0.000000 -0.999904
vn -0.999679 -0.000001 -0.025324
vn -0.999679 0.000007 -0.025320
vn -0.500142 0.000005 -0.865943
vn -0.999804 0.000678 0.019774
vn -0.571069 0.009594 0.820846
vn -0.559400 0.000113 0.828897
vn -0.999788 0.000002 0.020577
vn -0.013840 0.000068 0.999904
vn -0.570781 -0.009429 0.821048
vn -0.999805 -0.000691 0.019749
vn -0.999835 0.006872 0.016822
vn -0.999995 0.003214 0.000022
vn -0.999986 0.005336 0.000008
vn -1.000000 0.000281 0.000025
vn -0.999807 0.000664 -0.019632
vn -0.999837 0.006847 -0.016671
vn -0.570846 0.009298 -0.821004
vn -0.558730 -0.000053 -0.829350
vn -0.013576 -0.000028 -0.999908
vn -0.999792 -0.000018 -0.020403
vn -0.999808 -0.000664 -0.019587
vn -0.569853 -0.009472 -0.821692
vn -0.289211 0.957262 -0.002443
vn -0.284970 0.958537 -0.000031
vn -0.998549 0.053843 -0.000008
vn -0.013840 0.999904 -0.000011
vn -0.290054 0.957007 0.002412
vn -0.999786 0.000685 0.020653
vn -0.556127 0.009684 0.831041
vn -0.544181 0.000114 0.838968
vn -0.999769 0.000002 0.021505
vn -0.013840 0.000068 0.999904
vn -0.555832 -0.009515 0.831240
vn -0.999787 -0.000697 0.020629
vn -0.999822 0.006896 0.017569
vn -0.999995 0.003216 0.000023
vn -0.999986 0.005338 0.000008
vn -1.000000 0.000281 0.000026
vn -0.999789 0.000670 -0.020506
vn -0.999825 0.006869 -0.017411
vn -0.555893 0.009383 -0.831201
vn -0.543480 -0.000041 -0.839422
vn -0.013587 -0.000022 -0.999908
vn -0.999773 -0.000018 -0.021324
vn -0.999790 -0.000669 -0.020455
vn -0.555000 -0.009488 -0.831796
vn -0.999733 0.000017 0.023101
vn -0.531066 -0.000024 0.847331
vn -0.531876 0.001624 0.846821
vn -0.999726 0.002799 0.023223
vn -0.013882 0.000030 0.999904
vn -0.530634 0.009611 0.847546
vn -0.999586 0.016180 0.023789
vn -0.999734 0.000028 0.023073
vn -0.999998 -0.001499 0.000893
vn -1.000000 -0.000139 0.000313
vn -0.999993 -0.001991 0.003098
vn -0.999954 -0.008302 -0.004769
vn -0.999825 -0.006471 -0.017541
vn -0.360413 -0.932768 -0.006761
vn -0.355444 -0.934698 -0.000044
vn -0.013841 -0.999904 -0.000013
vn -0.999256 -0.038577 -0.000510
vn -0.999209 -0.039766 0.000007
vn -0.999264 -0.038364 0.000506
vn -0.361699 -0.932270 0.006800
vn -0.999481 -0.031897 -0.004483
vn -0.999996 0.002196 -0.001625
vn -1.000000 0.000776 0.000006
vn -0.999994 0.002731 -0.002330
vn -0.999696 0.024091 -0.005202
vn -0.998993 0.044760 -0.002960
vn -0.999073 0.043038 0.000302
vn -0.999244 -0.038862 0.000500
vn -0.359772 -0.933016 0.006637
vn -0.354115 -0.935202 0.000018
vn -0.999194 -0.040134 -0.000001
vn -0.013566 -0.999908 0.000017
vn -0.359781 -0.933014 -0.006534
vn -0.999248 -0.038757 -0.000509
vn -0.999951 -0.008425 0.005260
vn -0.999464 -0.032436 0.004511
vn -0.999996 0.002197 0.001646
vn -0.999993 0.002744 0.002569
vn -1.000000 0.000767 -0.000009
vn -0.999065 0.043241 -0.000313
vn -0.998971 0.045245 0.003033
vn -0.999689 0.024263 0.005765
vn -0.999790 -0.006630 0.019381
vn -0.999998 -0.001525 -0.000943
vn -1.000000 -0.000141 -0.000304
vn -0.999992 -0.002006 -0.003384
vn -0.999681 0.000039 -0.025259
vn -0.999681 0.000039 -0.025247
vn -0.501081 0.000014 -0.865400
vn -0.501877 0.001561 -0.864938
vn -0.013893 0.000035 -0.999904
vn -0.999673 0.002813 -0.025409
vn -0.999530 0.016178 -0.026044
vn -0.500570 0.009072 -0.865649
vn -0.999956 -0.008304 0.004444
vn -0.999492 -0.031561 0.004366
vn -0.999996 0.002291 0.001599
vn -0.999994 0.002729 0.002179
vn -1.000000 0.000857 -0.000011
vn -0.999062 0.043292 -0.000320
vn -0.998984 0.044957 0.002977
vn -0.999698 0.024095 0.004912
vn -0.999844 -0.006514 0.016415
vn -0.999995 -0.003029 0.000012
vn -1.000000 -0.000285 0.000027
vn -0.999992 -0.003979 -0.000000
vn -0.999956 -0.008291 -0.004445
vn -0.999846 -0.006409 -0.016335
vn -0.999252 -0.038681 -0.000182
vn -0.999431 -0.033683 -0.001898
vn -0.999998 0.002063 -0.000690
vn -1.000000 0.000773 0.000002
vn -0.999994 0.002705 -0.002168
vn -0.999701 0.023973 -0.004842
vn -0.998955 0.045693 -0.001253
vn -0.999067 0.043195 0.000107
vn -0.359112 -0.933291 -0.002389
vn -0.354726 -0.934970 0.000011
vn -0.014102 -0.999901 0.000006
vn -0.999206 -0.039854 0.000005
vn -0.999258 -0.038513 0.000183
vn -0.359177 -0.933266 0.002431
vn -0.999955 -0.008320 0.004643
vn -0.999433 -0.033605 0.001887
vn -0.999997 0.002149 0.000694
vn -0.999994 0.002729 0.002276
vn -1.000000 0.000849 -0.000004
vn -0.999056 0.043445 -0.000114
vn -0.998937 0.046074 0.001288
vn -0.999696 0.024114 0.005131
vn -0.999832 -0.006536 0.017144
vn -0.999995 -0.003032 0.000014
vn -1.000000 -0.000285 0.000028
vn -0.999992 -0.003978 0.000001
vn -0.999955 -0.008280 -0.004623
vn -0.999834 -0.006436 -0.017028
vn -0.999482 -0.031892 -0.004386
vn -0.999996 0.002195 -0.001589
vn -1.000000 0.000746 0.000002
vn -0.999994 0.002716 -0.002266
vn -0.999699 0.023992 -0.005065
vn -0.998994 0.044738 -0.002897
vn -0.999074 0.043025 0.000294
vn -0.861596 0.507116 0.022040
vn -0.617568 0.362517 0.697991
vn -0.652860 0.383068 0.653477
vn -0.861192 0.507776 0.022621
vn -0.023298 0.011872 0.999658
vn -0.721289 0.413213 0.555875
vn -0.864859 0.501479 0.023200
vn -0.902741 0.429613 0.022162
vn -0.902724 0.430220 0.000741
vn -0.999842 0.017482 0.003148
vn -0.861791 0.507264 0.000175
vn -0.861363 0.507578 -0.020449
vn -0.901348 0.432752 -0.017239
vn -0.628564 0.378188 -0.679619
vn -0.655960 0.386398 -0.648393
vn -0.023970 0.013476 -0.999622
vn -0.861068 0.507973 -0.022897
vn -0.864661 0.501750 -0.024685
vn -0.735559 0.421358 -0.530482
vn -0.359794 0.933013 -0.005823
vn -0.355223 0.934781 -0.000088
vn -0.999113 0.042114 -0.000019
vn -0.013960 0.999903 -0.000033
vn -0.360515 0.932736 0.005728
vn -0.861370 0.507497 0.022118
vn -0.606176 0.365224 0.706514
vn -0.633760 0.373184 0.677556
vn -0.861057 0.507915 0.024558
vn -0.023764 0.013399 0.999628
vn -0.717681 0.410641 0.562413
vn -0.864636 0.501704 0.026407
vn -0.901391 0.432591 0.018971
vn -0.902768 0.430127 -0.000797
vn -0.999841 0.017511 -0.003442
vn -0.861797 0.507254 -0.000295
vn -0.861520 0.507135 -0.024436
vn -0.902729 0.429525 -0.024265
vn -0.360693 0.932668 0.005600
vn -0.355364 0.934728 -0.000087
vn -0.013958 0.999903 -0.000032
vn -0.999114 0.042080 -0.000020
vn -0.359792 0.933015 -0.005694
vn -0.593678 0.348602 -0.725275
vn -0.629544 0.369413 -0.683526
vn -0.023800 0.012180 -0.999643
vn -0.861103 0.507793 -0.025462
vn -0.864764 0.501480 -0.026469
vn -0.700535 0.400916 -0.590354
vn -0.861456 0.507479 0.018939
vn -0.645936 0.388161 0.657342
vn -0.673722 0.396934 0.623332
vn -0.860969 0.508255 0.020218
vn -0.023764 0.013398 0.999628
vn -0.752637 0.432575 0.496404
vn -0.863668 0.503701 0.019030
vn -0.901336 0.432822 0.016097
vn -0.902361 0.430981 0.000030
vn -0.999814 0.019264 0.000010
vn -0.861781 0.507281 0.000034
vn -0.861430 0.507529 -0.018804
vn -0.901273 0.432960 -0.015889
vn -0.645753 0.387980 -0.657628
vn -0.676366 0.399478 -0.618827
vn -0.024362 0.013784 -0.999608
vn -0.860657 0.508743 -0.021193
vn -0.861922 0.506492 -0.023576
vn -0.765168 0.446597 -0.463755
vn -0.356119 0.934438 -0.002078
vn -0.352796 0.935700 -0.000031
vn -0.999107 0.042243 -0.000007
vn -0.013916 0.999903 -0.000011
vn -0.356894 0.934143 0.002045
vn -0.861408 0.507524 0.019893
vn -0.634777 0.381877 0.671735
vn -0.665845 0.393361 0.633970
vn -0.860619 0.508751 0.022518
vn -0.024843 0.014109 0.999592
vn -0.758211 0.442309 0.479039
vn -0.861897 0.506461 0.025130
vn -0.901282 0.432905 0.016839
vn -0.902384 0.430933 0.000044
vn -0.999814 0.019267 0.000009
vn -0.861772 0.507296 -0.000012
vn -0.861401 0.507536 -0.019898
vn -0.901340 0.432794 -0.016621
vn -0.634854 0.381802 -0.671706
vn -0.662598 0.390426 -0.639165
vn -0.023969 0.013475 -0.999622
vn -0.860922 0.508279 -0.021563
vn -0.863637 0.503695 -0.020537
vn -0.744543 0.427673 -0.512593
vn -0.162366 -0.986302 0.029091
vn -0.112846 -0.638150 0.761598
vn -0.044160 -0.693730 0.718881
vn -0.053069 -0.998326 0.022980
vn -0.008883 -0.020596 0.999748
vn -0.023025 -0.021484 0.999504
vn -0.113966 -0.018953 0.993304
vn -0.112194 -0.715281 0.689772
vn -0.122636 -0.992272 0.018902
vn -0.905276 0.423988 0.026634
vn -0.904834 0.425764 -0.000348
vn -0.864975 0.501816 -0.000310
vn -0.167119 -0.985929 0.003873
vn -0.156145 -0.987723 -0.004706
vn -0.906300 0.421719 -0.027823
vn -0.038177 -0.015556 0.999150
vn -0.008629 0.001359 0.999962
vn -0.001875 0.000457 0.999998
vn -0.006802 0.003051 0.999972
vn 0.000203 0.023828 0.999716
vn 0.000093 0.023922 0.999714
vn -0.012683 -0.999919 -0.000919
vn -0.073286 -0.997292 -0.006129
vn -0.030329 -0.999539 0.001223
vn -0.010207 -0.999947 0.001547
vn -0.056414 -0.998407 -0.000694
vn -0.144557 -0.989496 0.000271
vn -0.079680 -0.996730 0.013468
vn -0.043072 -0.999015 0.010712
vn -0.025185 -0.999674 -0.004105
vn -0.009476 -0.999955 0.000344
vn -0.002579 -0.999997 -0.000032
vn -0.004247 -0.999991 0.000203
vn -0.006711 -0.999976 0.001498
vn -0.015548 -0.999867 0.004963
vn -0.155715 -0.987787 0.005362
vn -0.070273 -0.997510 0.006027
vn -0.029593 -0.999561 -0.001241
vn -0.056350 -0.998411 0.000819
vn -0.012308 -0.999924 0.000870
vn -0.010181 -0.999947 -0.001522
vn -0.043232 -0.999010 -0.010523
vn -0.079015 -0.996782 -0.013477
vn -0.144540 -0.989499 -0.000285
vn -0.906238 0.421711 0.029871
vn -0.904760 0.425922 0.000175
vn -0.864968 0.501828 0.000080
vn -0.169517 -0.985519 -0.003994
vn -0.166911 -0.985455 -0.031928
vn -0.905143 0.424020 -0.030388
vn -0.024324 -0.999696 0.003884
vn -0.009483 -0.999955 -0.000381
vn -0.004262 -0.999991 -0.000210
vn -0.002578 -0.999997 -0.000031
vn -0.016101 -0.999858 -0.004999
vn -0.006911 -0.999975 -0.001500
vn -0.008379 -0.020714 -0.999750
vn -0.110595 -0.605402 -0.788198
vn -0.043830 -0.664074 -0.746381
vn -0.022921 -0.021507 -0.999506
vn -0.053919 -0.998230 -0.025103
vn -0.122622 -0.992239 -0.020636
vn -0.111837 -0.687405 -0.717612
vn -0.113964 -0.018953 -0.993304
vn -0.038236 -0.015876 -0.999143
vn -0.008618 0.001313 -0.999962
vn -0.006957 0.003028 -0.999971
vn -0.001743 0.000434 -0.999998
vn 0.000091 0.023921 -0.999714
vn 0.000208 0.023826 -0.999716
vn -0.198419 -0.961992 -0.187619
vn -0.023554 -0.999089 -0.035578
vn -0.017127 -0.996627 -0.080258
vn -0.163241 -0.922614 -0.349480
vn -0.007196 -0.999974 0.000553
vn -0.032826 -0.999442 0.006169
vn -0.044002 -0.993515 -0.104841
vn -0.151404 -0.871945 -0.465607
vn -0.973037 0.230651 -0.000256
vn -0.942256 0.334047 -0.023798
vn -0.862969 0.505249 -0.002867
vn -0.533728 -0.802179 -0.267661
vn -0.893051 -0.303011 -0.332632
vn -0.912648 0.406558 -0.042246
vn -0.946874 0.321604 -0.000650
vn -0.949924 0.310183 -0.037830
vn -0.939539 0.336265 -0.064748
vn -0.935642 0.352951 -0.000708
vn -0.781320 -0.252212 -0.570901
vn -0.689800 -0.169956 -0.703769
vn -0.939004 0.336313 -0.071873
vn -0.936281 0.351250 -0.000957
vn -0.999789 -0.020481 -0.001744
vn -0.999599 -0.028305 0.000001
vn -0.199102 -0.979979 0.000008
vn -0.947163 0.320754 0.000002
vn -0.946982 0.321285 0.000667
vn -0.999771 -0.021348 0.001757
vn -0.888135 -0.302984 0.345568
vn -0.950043 0.309763 0.038274
vn -0.939539 0.336168 0.065243
vn -0.770070 -0.249607 0.587102
vn -0.935710 0.352770 0.000750
vn -0.936310 0.351172 0.001026
vn -0.938948 0.336352 0.072419
vn -0.675275 -0.166469 0.718534
vn -0.912720 0.406136 0.044676
vn -0.942261 0.333954 0.024867
vn -0.862968 0.505250 0.002980
vn -0.532702 -0.799192 0.278425
vn -0.198601 -0.960365 0.195595
vn -0.973153 0.230157 -0.000477
vn -0.023508 -0.999093 0.035492
vn -0.016825 -0.996664 0.079859
vn -0.007246 -0.999974 -0.000512
vn -0.162280 -0.917776 0.362426
vn -0.150093 -0.863759 0.481032
vn -0.043414 -0.993654 0.103761
vn -0.032776 -0.999445 -0.005937
vn 0.000086 0.718631 0.695392
vn -0.019410 0.722028 0.691591
vn -0.020418 0.022968 0.999528
vn 0.000002 0.999735 0.023026
vn -0.020449 0.999549 0.021978
vn -0.112741 0.993449 0.018687
vn -0.105839 0.725481 0.680055
vn -0.112009 0.019614 0.993514
vn -0.000004 0.999735 0.023018
vn 0.000003 0.999989 0.004736
vn 0.000005 0.999989 0.004738
vn 0.000000 0.999989 0.004738
vn 0.000015 0.999988 0.004970
vn 0.000019 0.999988 0.004978
vn 0.000049 0.969274 0.245985
vn -0.016504 0.967704 0.251549
vn -0.024368 0.999690 0.005067
vn 0.000012 0.953122 0.302587
vn -0.008629 0.952566 0.304210
vn -0.048403 0.948334 0.313560
vn -0.094652 0.958215 0.269936
vn -0.133484 0.991036 0.005510
vn 0.000051 0.953168 0.302442
vn -0.000191 0.953037 0.302852
vn -0.000285 0.953060 0.302782
vn -0.000001 0.953019 0.302911
vn -0.000656 0.953804 0.300427
vn -0.000858 0.953916 0.300073
vn -0.000004 0.955060 -0.296412
vn 0.000012 0.969428 -0.245377
vn -0.016359 0.967937 -0.250661
vn -0.008636 0.954525 -0.298005
vn 0.000056 0.999986 -0.005309
vn -0.024329 0.999689 -0.005411
vn -0.133287 0.991060 -0.005890
vn -0.094014 0.958655 -0.268591
vn -0.048448 0.950413 -0.307193
vn -0.000004 0.955104 -0.296269
vn -0.000282 0.954983 -0.296661
vn -0.000000 0.954964 -0.296723
vn -0.000312 0.955006 -0.296585
vn -0.000929 0.955832 -0.293913
vn -0.000912 0.955712 -0.294301
vn 0.000080 0.999986 -0.005283
vn 0.000022 0.999987 -0.005159
vn 0.000014 0.999987 -0.005164
vn -0.000002 0.999987 -0.005160
vn -0.000000 0.999684 -0.025147
vn -0.000001 0.999684 -0.025157
vn 0.000082 0.690609 -0.723229
vn -0.019377 0.694078 -0.719639
vn -0.020437 0.999503 -0.024011
vn -0.020411 0.022967 -0.999528
vn -0.112007 0.019614 -0.993514
vn -0.105586 0.697849 -0.708419
vn -0.112639 0.993426 -0.020418
vn -0.010798 0.994134 0.107611
vn -0.014685 0.996933 0.076868
vn -0.005364 0.953795 0.300410
vn -0.147397 0.885496 -0.440649
vn -0.136363 0.820794 -0.554710
vn -0.134077 0.757896 -0.638449
vn -0.037520 0.997095 0.066281
vn -0.027961 0.951994 0.304836
vn -0.139749 0.930544 -0.338464
vn -0.313983 0.885099 -0.343532
vn -0.384856 0.790443 -0.476535
vn -0.085611 0.946813 -0.310186
vn -0.725372 0.626243 -0.285754
vn -0.794303 0.400160 -0.457116
vn -0.954938 -0.294720 -0.035116
vn -0.940755 -0.333432 -0.061672
vn -0.723240 0.260282 -0.639669
vn -0.949149 -0.314828 -0.000167
vn -0.936108 -0.351713 -0.000500
vn -0.936242 -0.351356 -0.000844
vn -0.939288 -0.337244 -0.063288
vn -0.665439 0.149713 -0.731284
vn -0.998512 0.054537 -0.000089
vn -0.998594 0.053010 -0.000003
vn -0.948663 -0.316288 -0.000001
vn -0.198145 0.980173 0.000003
vn -0.998506 0.054638 0.000081
vn -0.949186 -0.314715 0.000165
vn -0.954863 -0.294918 0.035490
vn -0.940669 -0.333603 0.062062
vn -0.936159 -0.351576 0.000512
vn -0.786362 0.397058 0.473265
vn -0.710175 0.255759 0.655926
vn -0.649801 0.146740 0.745806
vn -0.939410 -0.336850 0.063571
vn -0.936393 -0.350953 0.000872
vn -0.722677 0.623893 0.297482
vn -0.312228 0.880426 0.356881
vn -0.380928 0.782448 0.492614
vn -0.085486 0.942718 0.322453
vn -0.138890 0.925892 0.351331
vn -0.146070 0.877939 0.455945
vn -0.010492 0.994226 -0.106796
vn -0.014297 0.996996 -0.076115
vn -0.134485 0.809802 0.571082
vn -0.005365 0.955721 -0.294226
vn -0.027880 0.953986 -0.298553
vn -0.036863 0.997157 -0.065718
vn -0.131660 0.744625 0.654369
vn 0.999942 -0.010574 -0.002121
vn 0.999624 -0.007503 -0.026356
vn 0.999638 -0.000000 -0.026897
vn 0.999997 0.000000 -0.002338
vn 0.151141 -0.000020 -0.988512
vn 0.999627 0.007501 -0.026271
vn 0.999942 0.010574 -0.002121
vn 0.992078 -0.125612 -0.001580
vn 0.991600 -0.129346 -0.000000
vn 0.146173 -0.989259 0.000000
vn 0.999932 -0.011629 -0.000000
vn 0.999942 -0.010574 0.002121
vn 0.992078 -0.125612 0.001580
vn 0.999624 -0.007503 0.026356
vn 0.999638 -0.000000 0.026897
vn 0.151141 -0.000019 0.988512
vn 0.999997 -0.000000 0.002338
vn 0.999942 0.010574 0.002121
vn 0.999627 0.007501 0.026271
vn 0.992381 0.123196 -0.001579
vn 0.991932 0.126773 -0.000000
vn 0.999932 0.011629 0.000000
vn 0.151360 0.988479 -0.000000
vn 0.992381 0.123195 0.001579
vn -0.862662 -0.438957 0.251257
vn -0.852329 -0.460284 0.248342
vn -0.033608 -0.999401 0.008243
vn -0.959551 -0.019930 0.280829
vn -0.959575 -0.016002 0.280997
vn -0.960913 -0.013571 0.276517
vn -0.886007 -0.389138 0.252117
vn -0.999700 -0.024081 0.004502
vn -0.969162 -0.246389 0.004142
vn -0.970150 -0.242484 0.003269
vn -0.999727 -0.023019 0.004003
vn -0.140188 -0.990120 0.003276
vn -0.971579 -0.236270 0.014553
vn -0.999620 -0.019982 0.019012
vn -0.975973 -0.024661 0.216492
vn -0.975545 -0.002131 0.219791
vn -0.959464 -0.001248 0.281827
vn -0.999989 -0.000074 0.004609
vn -0.999709 0.023656 0.004779
vn -0.972330 0.015044 0.233127
vn -0.958341 0.013690 0.285300
vn -0.971612 -0.015347 0.236082
vn -0.970249 0.000011 0.242108
vn -0.999777 -0.000007 0.021116
vn -0.124258 0.000103 0.992250
vn -0.971260 0.015428 0.237522
vn -0.999620 0.019939 0.019032
vn -0.968779 0.247493 0.014663
vn -0.967360 0.253379 0.003588
vn -0.999731 0.022841 0.004054
vn -0.128482 0.991703 0.004150
vn -0.967050 0.254519 0.005810
vn -0.888069 0.294325 0.353137
vn -0.841232 0.393987 0.370274
vn -0.958370 0.014438 0.285163
vn -0.032917 0.950148 0.310058
vn -0.781425 0.498577 0.375228
vn -0.959964 0.016604 0.279630
vn -0.966962 -0.015418 -0.254454
vn -0.965374 0.000013 -0.260871
vn -0.124254 0.000103 -0.992251
vn -0.999585 -0.019986 -0.020759
vn -0.999734 -0.000006 -0.023069
vn -0.999585 0.019950 -0.020775
vn -0.966560 0.015506 -0.255972
vn -0.971505 -0.236490 -0.015843
vn -0.970120 -0.242601 -0.003554
vn -0.999725 -0.023029 -0.004359
vn -0.140163 -0.990122 -0.003580
vn -0.969138 -0.246480 -0.004431
vn -0.999698 -0.024090 -0.004812
vn -0.961225 -0.019822 -0.275053
vn -0.864560 -0.438070 -0.246232
vn -0.854035 -0.459831 -0.243267
vn -0.961261 -0.015874 -0.275181
vn -0.033653 -0.999401 -0.008058
vn -0.887066 -0.390251 -0.246612
vn -0.962563 -0.013490 -0.270722
vn -0.975881 -0.024621 -0.216911
vn -0.975500 -0.002152 -0.219990
vn -0.999988 -0.000071 -0.004925
vn -0.961152 -0.001214 -0.276018
vn -0.960070 0.013740 -0.279422
vn -0.972500 0.014926 -0.232422
vn -0.999706 0.023683 -0.005110
vn -0.890427 0.295402 -0.346233
vn -0.843700 0.395395 -0.363089
vn -0.032900 0.952193 -0.303721
vn -0.960105 0.014476 -0.279266
vn -0.961635 0.016652 -0.273828
vn -0.783959 0.500049 -0.367913
vn -0.967019 0.254628 -0.006218
vn -0.967314 0.253553 -0.003889
vn -0.999729 0.022866 -0.004410
vn -0.128316 0.991723 -0.004522
vn -0.968691 0.247757 -0.015955
vn -0.565293 -0.264507 -0.781332
vn -0.589902 -0.181960 -0.786706
vn -0.393439 -0.687139 -0.610775
vn -0.640143 -0.008621 -0.768208
vn -0.633553 -0.005155 -0.773682
vn -0.636144 -0.001092 -0.771570
vn -0.639033 -0.028271 -0.768660
vn -0.998725 -0.013820 -0.048552
vn -0.995536 0.001127 -0.094381
vn -0.639595 -0.000073 -0.768712
vn -0.960759 0.000564 0.277384
vn -0.993501 0.021142 -0.111847
vn -0.640069 0.007855 -0.768277
vn -0.521401 0.267846 -0.810185
vn -0.572036 0.157107 -0.805042
vn -0.633152 0.003629 -0.774019
vn -0.348905 0.591963 -0.726529
vn -0.638789 0.013392 -0.769265
vn -0.635695 -0.000065 -0.771940
vn -0.622978 -0.027050 0.781772
vn -0.574273 -0.176977 0.799306
vn -0.386962 -0.676201 0.626907
vn -0.619881 -0.001046 0.784695
vn -0.617179 -0.005005 0.786807
vn -0.624046 -0.008401 0.781342
vn -0.550730 -0.257436 0.793992
vn -0.999934 0.011379 0.001591
vn -0.983414 0.181370 0.001486
vn -0.983409 0.181405 0.000020
vn -0.999941 0.010862 0.000024
vn -0.935881 0.352317 0.000009
vn -0.983460 0.181123 -0.001357
vn -0.999938 0.011009 -0.001453
vn -0.985979 0.011445 0.166476
vn -0.988217 0.000446 0.153057
vn -0.619954 -0.000359 0.784638
vn -0.999999 0.000228 0.001543
vn -0.999936 -0.011207 0.001545
vn -0.984217 -0.011126 0.176613
vn -0.619536 -0.000020 0.784968
vn -0.986252 0.010812 -0.164893
vn -0.988408 -0.000127 -0.151818
vn -0.999999 -0.000116 -0.001442
vn -0.636093 -0.000204 -0.771612
vn -0.984459 -0.011768 -0.175220
vn -0.999931 -0.011647 -0.001483
vn -0.983306 -0.181957 -0.001349
vn -0.983369 -0.181620 0.000010
vn -0.999939 -0.011017 0.000009
vn -0.935868 -0.352350 0.000009
vn -0.983460 -0.181122 0.001391
vn -0.622400 0.013725 0.782579
vn -0.555972 0.152958 0.817006
vn -0.616767 0.003591 0.787138
vn -0.340774 0.578476 0.741106
vn -0.506915 0.260560 0.821672
vn -0.623997 0.007725 0.781389
vn -0.998729 -0.013753 0.048489
vn -0.995575 0.001135 0.093963
vn -0.962410 0.000571 -0.271600
vn -0.623464 -0.000064 0.781852
vn -0.993614 0.021297 0.110800
vn -0.001047 -0.001034 0.999999
vn 0.003145 -0.001169 0.999994
vn -0.181626 0.983368 0.000006
vn 0.003152 0.999985 0.004571
vn -0.001047 -0.001034 -0.999999
vn 0.001875 -0.001156 -0.999998
vn -0.001057 -0.999992 0.003755
vn 0.003144 -0.999988 0.003730
vn 0.999992 -0.001169 0.003730
vn -0.973468 0.228793 0.003591
vn -0.181621 0.983369 -0.000132
vn -0.973467 0.228794 -0.003932
vn -0.001057 -0.999991 -0.004109
vn 0.002332 -0.999985 -0.004939
vn 0.778998 -0.000933 -0.627026
vn 0.003150 0.999983 -0.004978
vn -0.002333 0.999997 -0.000187
vn -0.973292 0.229570 -0.000290
vn -0.001105 -0.999999 -0.000000
vn 0.003280 -0.999995 0.000000
vn 0.999999 -0.001117 -0.000271
vn 0.003274 0.953015 0.302906
vn -0.002413 0.999997 -0.000001
vn -0.973226 0.229852 -0.000000
vn -0.001105 -0.999999 -0.000000
vn 0.003631 -0.999993 0.000001
vn 0.974893 0.222674 0.000134
vn 0.003297 0.999995 0.000004
vn 0.003461 -0.999994 -0.000079
vn -0.001105 -0.999999 -0.000000
vn -0.973241 0.229789 -0.000000
vn -0.438402 0.898534 0.021009
vn -0.438410 0.898775 -0.000146
vn -0.438250 0.898586 -0.021899
vn 0.003286 0.951714 -0.306968
vn 0.936264 0.112661 -0.332742
vn -0.973241 0.229789 -0.000000
vn -0.001105 -0.999999 -0.000000
vn 0.002635 -0.999996 0.001368
vn 0.675286 0.081283 0.733064
vn 0.003273 0.947712 0.319111
vn -0.438396 0.898514 0.021958
vn -0.438410 0.898775 -0.000153
vn -0.438242 0.898566 -0.022886
vn -0.973289 0.229582 0.000279
vn -0.001105 -0.999999 -0.000000
vn 0.002000 -0.999998 -0.000000
vn 1.000000 -0.000647 0.000104
vn 0.003286 0.954960 -0.296715
vn -0.002343 0.999997 0.000175
vn -0.001753 0.005176 0.999985
vn -0.003511 0.010679 -0.999937
vn -0.738072 0.674722 0.000120
vn 0.003150 0.000151 0.999995
vn 0.999992 -0.000000 0.003892
vn -0.003490 0.010711 0.999937
vn -0.001761 0.005217 -0.999985
vn -0.738075 0.674719 -0.000139
vn 0.878494 0.317218 -0.357240
vn 0.002505 0.000436 -0.999997
vn 1.000000 -0.000319 -0.000272
vn -0.999995 0.003071 0.000110
vn 0.619247 -0.785196 0.000030
vn -0.999996 0.002723 -0.000021
vn -0.005713 0.016558 0.999847
vn -0.009479 0.063821 0.997916
vn -0.018321 0.037544 0.999127
vn -0.044216 0.101020 0.993901
vn -0.029608 0.078192 0.996499
vn -0.000276 0.000000 1.000000
vn 0.007204 -0.006724 -0.999951
vn -0.006791 0.110551 -0.993847
vn -0.005791 0.016828 -0.999842
vn -0.009495 0.063974 -0.997906
vn -0.007074 0.112843 0.993588
vn 0.007190 -0.006619 0.999952
vn -0.000130 0.000000 -1.000000
vn -0.030016 0.079874 -0.996353
vn -0.045172 0.103912 -0.993560
vn -0.019027 0.039528 -0.999037
vn -0.125054 0.992150 -0.000000
vn -0.124404 0.992098 -0.016297
vn -0.124398 0.992098 0.016310
vn 0.830821 -0.402055 -0.384822
vn 0.796284 -0.032458 0.604051
vn -0.005713 0.016558 0.999847
vn -0.009479 0.063822 0.997916
vn -0.018320 0.037544 0.999127
vn -0.044212 0.101017 0.993902
vn -0.029614 0.078197 0.996498
vn -0.000176 0.000015 1.000000
vn 0.007202 -0.006717 -0.999952
vn -0.006792 0.110551 -0.993847
vn -0.005791 0.016829 -0.999842
vn -0.009494 0.063980 -0.997906
vn -0.007074 0.112854 0.993586
vn 0.007190 -0.006613 0.999952
vn 0.000109 0.000000 -1.000000
vn -0.030008 0.079871 -0.996353
vn -0.045172 0.103913 -0.993560
vn -0.019030 0.039532 -0.999037
vn -0.125060 0.992149 -0.000000
vn -0.124397 0.992087 -0.017021
vn -0.124391 0.992087 0.017034
vn 0.812877 0.582436 0.000079
vn -0.999995 0.003004 -0.000176
vn 0.003150 -0.000085 0.999995
vn 0.999992 0.000000 0.003892
vn -0.772163 -0.635424 0.000116
vn 0.999989 0.000438 -0.004591
vn 0.003149 -0.000085 -0.999995
vn -0.772166 -0.635420 -0.000090
vn 1.000000 -0.000000 0.000000
vn -0.999999 -0.001720 0.000120
vn 1.000000 -0.000000 0.000000
vn -0.999999 -0.001544 -0.000004
vn 0.999995 -0.000656 0.002973
vn -0.772156 -0.635433 0.000030
vn 0.999996 -0.000215 -0.002794
vn -0.772157 -0.635432 0.000033
vn 1.000000 0.000896 0.000003
vn -0.999999 -0.001703 -0.000128
vn 0.003281 -0.000000 0.999995
vn 0.999992 -0.000000 0.003892
vn -0.999983 -0.004702 0.003540
vn 0.999991 -0.000000 -0.004258
vn 0.003280 0.000000 -0.999995
vn -0.999981 -0.004787 -0.003859
vn 1.000000 0.000000 -0.000000
vn -1.000000 -0.000772 -0.000003
vn 0.999959 0.009097 0.000001
vn -1.000000 -0.000771 -0.000001
vn 1.000000 0.000462 0.000175
vn -0.999989 -0.004722 0.000012
vn 1.000000 0.000462 -0.000183
vn -0.999989 -0.004719 0.000013
vn 1.000000 0.000000 -0.000000
vn -1.000000 -0.000859 -0.000005
vn 0.003281 -0.000000 0.999995
vn 0.999992 -0.000000 0.003892
vn -1.000000 -0.000004 0.000205
vn 0.999991 -0.000000 -0.004258
vn 0.003280 -0.000000 -0.999995
vn -1.000000 0.000000 -0.000186
vn 1.000000 -0.000000 -0.000000
vn -1.000000 0.000000 0.000000
vn 1.000000 0.000000 -0.000000
vn -1.000000 0.000000 0.000000
vn 1.000000 -0.000000 -0.000000
vn -1.000000 -0.000005 0.000031
vn 1.000000 -0.000000 -0.000000
vn -1.000000 -0.000005 0.000032
vn 1.000000 0.000000 -0.000000
vn -1.000000 -0.000000 0.000000
vn 0.003281 -0.000000 0.999995
vn 0.999992 -0.000000 0.003892
vn -0.999990 0.002680 0.003533
vn 0.999991 -0.000000 -0.004258
vn 0.003279 -0.000000 -0.999995
vn -0.999989 0.002684 -0.003867
vn 1.000000 0.000000 -0.000000
vn -1.000000 0.000405 -0.000002
vn 1.000000 0.000000 -0.000000
vn -1.000000 0.000405 -0.000000
vn 1.000000 0.000000 -0.000000
vn -0.999996 0.002642 0.000002
vn 1.000000 0.000000 -0.000000
vn -0.999996 0.002644 0.000002
vn 1.000000 0.000000 -0.000000
vn -1.000000 0.000341 -0.000004
vn 0.003282 -0.000000 0.999995
vn 0.999992 -0.000000 0.003892
vn -0.861371 0.507977 -0.000073
vn 0.999991 -0.000000 -0.004258
vn 0.003280 0.000000 -0.999995
vn -0.861369 0.507980 -0.000131
vn 1.000000 0.000000 -0.000000
vn -1.000000 0.000000 0.000000
vn 1.000000 0.000000 -0.000000
vn -1.000000 0.000000 0.000000
vn 1.000000 0.000000 -0.000000
vn -0.861028 0.508558 -0.000648
vn 1.000000 -0.000000 -0.000000
vn -0.861019 0.508572 0.000667
vn 1.000000 0.000000 -0.000000
vn -1.000000 -0.000000 0.000000
vn 0.003145 0.003852 0.999988
vn 0.999986 0.003843 0.003732
vn -0.999991 -0.000031 0.004356
vn 0.999984 0.003843 -0.004084
vn 0.003144 0.003852 -0.999988
vn -0.999989 -0.000029 -0.004746
vn 0.999996 0.002616 0.000573
vn -0.959442 -0.000177 0.281907
vn 0.999997 0.002363 0.000000
vn -1.000000 0.000021 0.000017
vn 0.999998 0.002134 -0.000476
vn -0.633451 -0.000320 -0.773783
vn 0.999998 0.002132 0.000498
vn -0.617081 -0.000336 0.786900
vn 0.999996 0.002619 -0.000560
vn -0.961139 -0.000150 -0.276066
vn -0.025381 -0.999678 0.000066
vn -0.004258 -0.003728 0.999984
vn -0.008398 -0.007484 -0.999937
vn -0.025407 -0.999677 -0.000059
vn -0.008508 -0.007528 0.999936
vn -0.004258 -0.003718 -0.999984
vn -0.074892 -0.997192 0.000112
vn -0.008624 -0.007462 0.999935
vn -0.008492 -0.007437 -0.999936
vn -0.074887 -0.997192 0.000117
vn -0.008623 -0.007462 0.999935
vn -0.008495 -0.007438 -0.999936
vn -0.002335 -0.000006 0.999997
vn -0.002336 -0.000009 -0.999997
vn -0.004515 -0.999990 0.000002
vn -0.004492 0.999990 -0.000008
vn -0.004560 -0.999990 0.000003
vn -0.004491 0.999990 -0.000003
vn -0.004469 -0.999990 0.000009
vn -0.004492 0.999990 -0.000008
vn -0.002334 0.000000 0.999997
vn -0.004453 -0.000016 -0.999990
vn -0.004491 0.000013 0.999990
vn -0.002334 -0.000000 -0.999997
vn -0.004496 0.000027 0.999990
vn -0.004452 -0.000018 -0.999990
vn -0.004496 0.000027 0.999990
vn -0.004454 -0.000017 -0.999990
vn -0.002332 0.000003 0.999997
vn -0.002335 0.000004 -0.999997
vn -0.004497 -0.999990 0.000004
vn -0.004503 0.999990 -0.000008
vn -0.004542 -0.999990 0.000004
vn -0.004502 0.999990 -0.000003
vn -0.004452 -0.999990 0.000011
vn -0.004504 0.999990 -0.000008
vn -0.004084 0.001623 0.999990
vn -0.008242 0.003324 -0.999961
vn -0.008218 0.003346 0.999961
vn -0.004177 0.001671 -0.999990
vn -0.008219 0.003346 0.999961
vn -0.008342 0.003405 -0.999960
vn -0.008417 0.003465 0.999959
vn -0.008242 0.003323 -0.999961
vn -0.001291 0.003820 0.999992
vn 0.000000 0.999989 0.004738
vn -0.000009 0.999987 -0.005163
vn -0.001322 0.003816 -0.999992
vn -0.027089 -0.999633 -0.000021
vn -0.000011 0.953019 0.302911
vn -0.066690 -0.997774 0.000006
vn -0.036311 0.999341 0.000004
vn -0.016692 0.951323 -0.307745
vn -0.016741 0.947298 0.319916
vn -0.027089 -0.999633 -0.000020
vn 0.000073 0.954964 -0.296720
vn 0.042006 -0.999117 -0.000001
vn 0.059223 -0.000038 -0.998245
vn 0.059559 0.998225 0.000003
vn 0.059306 -0.000063 0.998240
vn -0.057061 -0.998364 0.003721
vn -0.023090 0.000208 0.999733
vn -0.023453 0.999714 0.004594
vn -0.057501 -0.998337 -0.004018
vn -0.023428 0.999713 -0.005008
vn -0.023057 0.000203 -0.999734
vn -0.007089 -0.999974 0.001193
vn -0.006089 0.952726 0.303771
vn -0.935310 0.353829 0.000006
vn -0.935606 -0.353045 0.000003
vn -0.450497 -0.763086 -0.463412
vn -0.377000 0.686376 -0.621899
vn -0.445885 -0.756311 0.478728
vn -0.370515 0.674740 0.638314
vn -0.007106 -0.999974 -0.001163
vn -0.006090 0.954686 -0.297552
vn -0.296237 -0.282682 0.912324
vn 0.000010 -0.324572 0.945861
vn -0.000002 -0.000000 1.000000
vn -0.301698 0.107817 0.947288
vn 0.650056 -0.245306 0.719202
vn 0.651367 0.000000 0.758763
vn -0.277211 0.805790 0.523314
vn -0.089294 0.308825 0.946918
vn -0.939277 0.225958 -0.258266
vn -0.277291 0.807850 -0.520084
vn -0.000002 -0.000001 1.000000
vn 0.651384 0.000002 0.758748
vn 1.000000 0.000000 0.000000
vn -0.280468 0.100411 -0.954597
vn -0.000002 -0.000000 -1.000000
vn -0.000039 -0.304502 -0.952512
vn -0.277890 -0.264555 -0.923465
vn 0.434072 0.006318 -0.900856
vn 0.412382 -0.291871 -0.862990
vn -0.713951 -0.700195 -0.000049
vn 0.000000 -1.000000 0.000000
vn 0.929629 -0.368496 -0.000000
vn 1.000000 0.000000 0.000000
vn -0.684505 0.724868 -0.077583
vn -0.944947 0.204495 0.255454
vn -0.271618 0.789092 0.550961
vn -0.083544 0.283468 -0.955336
vn -0.271170 0.787490 -0.553467
vn -0.713917 -0.700231 0.000048
vn -0.678119 0.730847 0.077569
vn 0.000000 -1.000000 0.000000
vn 0.869959 -0.466086 -0.161042
vn 0.971384 0.168453 -0.167440
vn 1.000000 0.000000 0.000000
vn 0.621447 0.000000 -0.783456
vn 0.000003 0.000000 -1.000000
vn -0.313919 0.904210 -0.289586
vn -0.321440 0.907011 0.272044
vn -0.556179 0.830993 0.010763
vn -0.118976 0.972927 0.198135
vn -0.713720 -0.700431 -0.000001
vn 0.000000 -1.000000 0.000000
vn 0.931675 -0.363088 -0.012171
vn 0.979314 0.002424 -0.202334
vn 1.000000 0.000001 0.000000
vn -0.698737 -0.627577 -0.343385
vn -0.698774 -0.627593 0.343281
vn -0.581406 0.813605 -0.003764
vn -0.118994 0.972951 -0.198006
vn -0.330115 0.938474 -0.101441
vn -0.330373 0.938362 0.101637
vn -0.580787 0.814046 0.003805
vn -0.118612 0.971498 0.205236
vn -0.713716 -0.700435 0.000000
vn -0.713699 -0.700452 -0.000001
vn 0.000000 -1.000000 0.000000
vn 0.000000 -1.000000 0.000000
vn 0.984153 -0.155066 0.086010
vn 0.991687 -0.128575 -0.005082
vn 0.998349 -0.018683 -0.054321
vn 0.993470 -0.011711 0.113486
vn 0.959855 0.276325 0.048200
vn 0.958901 0.279589 -0.048366
vn -0.735353 -0.664830 -0.131364
vn -0.735318 -0.664875 0.131336
vn -0.977633 0.112992 0.177390
vn -0.396547 0.759789 0.515239
vn -0.996619 0.045081 -0.068696
vn -0.396577 0.759483 -0.515667
vn -0.713726 -0.700425 0.000001
vn -0.554984 0.831795 -0.010486
vn -0.118632 0.971524 -0.205103
vn 0.000000 -1.000000 0.000000
vn 0.874220 -0.455243 0.168801
vn 0.928508 0.154293 0.337737
vn 1.000000 -0.000000 -0.000000
vn -0.996813 0.041128 0.068361
vn -0.392424 0.750916 0.531158
vn -0.978547 0.107753 -0.175601
vn -0.392502 0.750708 -0.531394
vn -0.700485 -0.629236 0.336724
vn -0.700467 -0.629236 -0.336761
vn -0.321698 0.908689 -0.266074
vn -0.314474 0.905825 0.283877
vn 0.651506 -0.000001 0.758644
vn 1.000000 0.000000 -0.000000
vn 0.613779 0.011846 -0.789389
vn 0.968363 0.249494 -0.005162
vn 0.999964 -0.006146 -0.005863
vn 0.665870 -0.745614 -0.026027
vn 0.666758 -0.744735 0.028330
vn 0.969369 0.245448 0.008885
vn -0.000000 -0.000001 1.000000
vn 0.651361 0.000001 0.758768
vn 1.000000 0.000000 0.000000
vn 1.000000 -0.000001 0.000000
vn 0.621434 0.000000 -0.783467
vn 0.000002 0.000000 -1.000000
vn 1.000000 0.000000 0.000000
vn -0.725298 0.573709 -0.380527
vn -0.725322 0.573687 0.380515
vn 1.000000 0.000000 0.000000
vn 1.000000 0.000000 0.000000
vn -0.773715 0.616102 -0.147595
vn -0.773754 0.616054 0.147589
vn 1.000000 -0.000000 0.000000
vn -0.727521 0.575555 0.373430
vn -0.727497 0.575577 -0.373443
vn -0.000002 -0.000000 1.000000
vn 0.651361 0.000001 0.758768
vn 1.000000 -0.000000 0.000000
vn -0.725305 -0.573676 -0.380564
vn -0.727527 -0.575544 0.373435
vn 1.000000 -0.000000 0.000000
vn 0.621431 -0.000000 -0.783469
vn 0.000002 0.000000 -1.000000
vn 1.000000 0.000000 0.000000
vn -0.725302 -0.573709 0.380519
vn -0.773748 -0.616056 -0.147611
vn 1.000000 -0.000000 0.000000
vn 1.000000 -0.000000 0.000000
vn -0.773716 -0.616100 0.147591
vn 1.000000 0.000000 0.000000
vn -0.727510 -0.575535 -0.373482
vn -0.000000 -0.000000 1.000000
vn 0.651361 0.000001 0.758768
vn 1.000000 0.000000 0.000000
vn 1.000000 -0.000000 0.000000
vn 0.621433 0.000000 -0.783467
vn -0.000000 0.000000 -1.000000
vn 1.000000 -0.000000 0.000000
vn -0.773643 0.506081 -0.381259
vn -0.773655 0.506055 0.381269
vn 1.000000 0.000000 0.000000
vn 1.000000 -0.000000 0.000000
vn -0.825958 0.543953 -0.148014
vn -0.825991 0.543906 0.148005
vn 1.000000 -0.000000 0.000000
vn -0.776022 0.507719 0.374182
vn -0.776009 0.507745 -0.374172
vn 0.000000 -0.000000 1.000000
vn 0.651358 0.000000 0.758771
vn 1.000000 -0.000000 0.000000
vn -0.991191 -0.083086 -0.103134
vn -0.991364 -0.083327 0.101266
vn 1.000000 -0.000000 0.000000
vn 0.621430 -0.000000 -0.783470
vn 0.000001 0.000000 -1.000000
vn 1.000000 -0.000000 0.000000
vn -0.991139 -0.083281 0.103478
vn -0.995975 -0.081409 -0.037488
vn 1.000000 -0.000000 0.000000
vn 1.000000 -0.000000 0.000000
vn -0.995983 -0.081356 0.037396
vn 1.000000 -0.000000 0.000000
vn -0.991414 -0.083131 -0.100929
vn -0.000001 0.717041 0.697031
vn 0.525948 0.616788 0.585620
vn 0.787250 0.599990 0.142300
vn 0.000041 0.972439 0.233159
vn 0.789139 0.597560 -0.142063
vn 0.000005 0.972328 -0.233618
vn 0.512104 0.599134 -0.615457
vn 0.000004 0.688861 -0.724893
vn 0.461087 0.877467 0.132102
vn -0.000121 0.988833 0.149026
vn 0.823086 0.567556 -0.020249
vn 0.000056 0.999337 -0.036414
vn 0.822652 0.568179 0.020402
vn 0.000013 0.999326 0.036696
vn 0.462824 0.876735 -0.130876
vn -0.000340 0.988968 -0.148131
vn -0.706485 -0.654873 0.268366
vn -0.707776 -0.655068 -0.264460
vn -0.601515 -0.402123 0.690273
vn -0.478561 -0.845422 -0.237153
vn -0.703701 -0.651281 0.283969
vn -0.702623 -0.650631 -0.288098
vn -0.464812 -0.852428 0.239408
vn -0.579007 -0.387457 -0.717376
vn -0.717211 -0.653713 0.241387
vn -0.717344 -0.653581 -0.241349
vn -0.488055 -0.841281 0.232483
vn -0.390721 -0.913893 -0.110170
vn -0.715602 -0.652129 0.250283
vn -0.715735 -0.651996 -0.250249
vn -0.387304 -0.915260 0.110879
vn -0.479870 -0.846095 -0.232051
vn -0.531531 -0.000016 0.847039
vn -0.561037 0.693507 -0.451979
vn -0.539761 0.709955 0.452352
vn -0.501510 -0.000016 -0.865152
vn -0.577200 0.684504 0.445303
vn -0.441851 0.873027 -0.206376
vn -0.437021 0.875359 0.206784
vn -0.565036 0.695703 -0.443544
vn -0.531482 0.000011 0.847069
vn -0.605352 -0.666620 -0.434933
vn -0.585545 -0.683057 0.436543
vn -0.501053 0.000024 -0.865416
vn -0.620635 -0.656768 0.428332
vn -0.501160 -0.842117 -0.199190
vn -0.496293 -0.844775 0.200122
vn -0.609098 -0.668543 -0.426673
vn -0.602256 0.290930 0.743403
vn -0.568979 0.756327 -0.322850
vn -0.554501 0.765251 0.326986
vn -0.576348 0.278696 -0.768213
vn -0.579993 0.750996 0.315616
vn -0.479540 0.863254 -0.157590
vn -0.476081 0.864996 0.158522
vn -0.571247 0.757491 -0.316047
vn -0.751445 0.312507 0.581094
vn -0.901780 -0.169818 -0.397436
vn -0.878633 -0.229267 0.418856
vn -0.724435 0.297663 -0.621764
vn -0.617606 -0.750967 0.233689
vn -0.978977 0.177262 -0.100903
vn -0.979844 0.170991 0.103285
vn -0.593523 -0.769835 -0.234701
vn 0.000175 0.718008 0.696035
vn 0.000136 0.970988 0.239129
vn 0.000026 0.971007 -0.239049
vn 0.000200 0.689950 -0.723857
vn -0.010052 0.990150 0.139648
vn -0.998148 0.058925 -0.015115
vn -0.998120 0.059357 0.015274
vn -0.009952 0.990221 -0.139153
vn 0.993121 -0.114246 -0.025652
vn 0.993122 -0.114244 0.025652
vn 0.993347 0.112308 -0.025474
vn 0.993347 0.112308 0.025474
vn -0.918076 -0.339629 0.204422
vn -0.953585 -0.208354 0.217404
vn -0.950952 0.217002 0.220454
vn -0.933810 0.217899 0.283760
vn -0.949986 -0.206921 -0.233901
vn -0.917600 -0.340829 -0.204561
vn -0.934296 0.217768 -0.282255
vn -0.947277 0.215478 -0.237139
vn -0.952510 -0.303481 -0.024973
vn -0.753461 0.655565 -0.050318
vn -0.976805 0.167975 0.132804
vn -0.977133 0.167136 -0.131440
vn -0.976624 -0.167721 -0.134444
vn -0.976637 -0.167000 0.135246
vn -0.951899 -0.305384 0.025070
vn -0.752813 0.656432 0.048683
vn -0.121030 0.967373 0.222577
vn -0.124889 0.991731 0.029551
vn -0.388017 0.795572 0.465304
vn -0.419769 0.873675 0.245939
vn -0.067625 0.199933 0.977473
vn -0.147414 0.462940 0.874046
vn -0.307359 0.943040 0.127301
vn -0.387457 0.795549 -0.465810
vn -0.419140 0.873571 -0.247378
vn -0.121030 0.967326 -0.222781
vn -0.124942 0.991698 -0.030417
vn -0.068224 0.202720 -0.976857
vn -0.148120 0.466170 -0.872208
vn -0.307074 0.943098 -0.127559
vn -0.120828 0.965373 0.231204
vn -0.124858 0.991700 0.030670
vn -0.384567 0.788502 0.479972
vn -0.418685 0.871485 0.255377
vn -0.067649 0.199958 0.977466
vn -0.147408 0.462927 0.874053
vn -0.306934 0.942461 0.132512
vn -0.384021 0.788528 -0.480367
vn -0.418047 0.871370 -0.256810
vn -0.120828 0.965323 -0.231413
vn -0.124910 0.991666 -0.031573
vn -0.068217 0.202718 -0.976858
vn -0.148136 0.466187 -0.872196
vn -0.306655 0.942515 -0.132768
s 1
g pCube1
usemtl initialShadingGroup
f 1/1/1 1951/2470/2 2925/1496/3 1954/2475/4
f 1951/2470/2 3/4/5 1952/2472/6 2925/1496/3
f 2925/1496/3 1952/2472/6 77/111/7 1953/2474/8
f 1954/2475/4 2925/1496/3 1953/2474/8 76/110/9
f 2/3/10 1955/2476/11 2926/1497/12 1958/2480/13
f 1955/2476/11 1/2/1 1956/2477/14 2926/1497/12
f 2926/1497/12 1956/2477/14 7/11/15 1957/2479/16
f 1958/2480/13 2926/1497/12 1957/2479/16 6/10/17
f 3/5/5 1959/2481/18 2927/1498/19 1962/2484/20
f 1959/2481/18 2/3/10 1960/2482/21 2927/1498/19
f 2927/1498/19 1960/2482/21 14/20/22 1961/2483/23
f 1962/2484/20 2927/1498/19 1961/2483/23 13/19/24
f 4/6/25 1963/2485/26 2928/1499/27 1966/2489/28
f 1963/2485/26 7/12/15 1964/2487/29 2928/1499/27
f 2928/1499/27 1964/2487/29 81/117/30 1965/2488/31
f 1966/2489/28 2928/1499/27 1965/2488/31 80/116/32
f 5/9/33 1967/2490/34 2929/1500/35 1970/2495/36
f 1967/2490/34 4/7/25 1968/2492/37 2929/1500/35
f 2929/1500/35 1968/2492/37 18/25/38 1969/2494/39
f 1970/2495/36 2929/1500/35 1969/2494/39 17/24/40
f 6/10/17 1971/2496/41 2930/1501/42 1974/2499/43
f 1971/2496/41 5/9/33 1972/2497/44 2930/1501/42
f 2930/1501/42 1972/2497/44 10/15/45 1973/2498/46
f 1974/2499/43 2930/1501/42 1973/2498/46 9/14/47
f 8/13/48 1975/2500/49 2931/1502/50 1978/2503/51
f 1975/2500/49 11/16/52 1976/2501/53 2931/1502/50
f 2931/1502/50 1976/2501/53 29/40/54 1977/2502/55
f 1978/2503/51 2931/1502/50 1977/2502/55 28/39/56
f 9/14/47 1979/2504/57 2932/1503/58 1982/2507/59
f 1979/2504/57 8/13/48 1980/2505/60 2932/1503/58
f 2932/1503/58 1980/2505/60 15/21/61 1981/2506/62
f 1982/2507/59 2932/1503/58 1981/2506/62 14/20/22
f 11/16/52 1983/2508/63 2933/1504/64 1986/2511/65
f 1983/2508/63 10/15/45 1984/2509/66 2933/1504/64
f 2933/1504/64 1984/2509/66 20/28/67 1985/2510/68
f 1986/2511/65 2933/1504/64 1985/2510/68 19/27/69
f 12/17/70 1987/2512/71 2934/1505/72 1990/2515/73
f 1987/2512/71 15/21/61 1988/2513/74 2934/1505/72
f 2934/1505/72 1988/2513/74 23/33/75 1989/2514/76
f 1990/2515/73 2934/1505/72 1989/2514/76 25/35/77
f 13/19/24 1991/2516/78 2935/1506/79 1994/2521/80
f 1991/2516/78 12/18/70 1992/2518/81 2935/1506/79
f 2935/1506/79 1992/2518/81 95/140/82 1993/2520/83
f 1994/2521/80 2935/1506/79 1993/2520/83 94/139/84
f 16/22/85 1995/2522/86 2936/1507/87 1998/2526/88
f 1995/2522/86 18/26/38 1996/2524/89 2936/1507/87
f 2936/1507/87 1996/2524/89 85/124/90 1997/2525/91
f 1998/2526/88 2936/1507/87 1997/2525/91 84/122/92
f 17/24/40 1999/2528/93 2937/1508/94 2002/2531/95
f 1999/2528/93 16/23/85 2000/2529/96 2937/1508/94
f 2937/1508/94 2000/2529/96 21/29/97 2001/2530/98
f 2002/2531/95 2937/1508/94 2001/2530/98 20/28/67
f 19/27/69 2003/2532/99 2938/1509/100 2006/2536/101
f 2003/2532/99 22/30/102 2004/2534/103 2938/1509/100
f 2938/1509/100 2004/2534/103 323/491/104 2005/2535/105
f 2006/2536/101 2938/1509/100 2005/2535/105 322/490/106
f 22/32/102 2007/2537/107 2939/1510/108 2010/2541/109
f 2007/2537/107 21/29/97 2008/2539/110 2939/1510/108
f 2939/1510/108 2008/2539/110 88/128/111 2009/2540/112
f 2010/2541/109 2939/1510/108 2009/2540/112 87/126/113
f 24/34/114 2011/2543/115 2940/1511/116 2014/2546/117
f 2011/2543/115 23/33/75 2012/2544/118 2940/1511/116
f 2940/1511/116 2012/2544/118 28/39/56 2013/2545/119
f 2014/2546/117 2940/1511/116 2013/2545/119 27/38/120
f 25/35/77 2015/2547/121 2941/1512/122 2018/2550/123
f 2015/2547/121 24/34/114 2016/2548/124 2941/1512/122
f 2941/1512/122 2016/2548/124 39/57/125 2017/2549/126
f 2018/2550/123 2941/1512/122 2017/2549/126 38/56/127
f 26/36/128 2019/2551/129 2942/1513/130 2022/2555/131
f 2019/2551/129 31/44/132 2020/2553/133 2942/1513/130
f 2942/1513/130 2020/2553/133 651/974/134 2021/2554/135
f 2022/2555/131 2942/1513/130 2021/2554/135 650/973/136
f 27/38/120 2023/2556/137 2943/1514/138 2026/2560/139
f 2023/2556/137 26/37/128 2024/2557/140 2943/1514/138
f 2943/1514/138 2024/2557/140 37/54/141 2025/2559/142
f 2026/2560/139 2943/1514/138 2025/2559/142 36/53/143
f 30/41/144 2027/2561/145 2944/1515/146 2030/2565/147
f 2027/2561/145 29/40/54 2028/2563/148 2944/1515/146
f 2944/1515/146 2028/2563/148 322/490/106 2029/2564/149
f 2030/2565/147 2944/1515/146 2029/2564/149 321/488/150
f 31/44/132 2031/2567/151 2945/1516/152 2034/2571/153
f 2031/2567/151 30/42/144 2032/2569/154 2945/1516/152
f 2945/1516/152 2032/2569/154 42/60/155 2033/2570/156
f 2034/2571/153 2945/1516/152 2033/2570/156 41/59/157
f 32/46/158 2035/2572/159 2946/1517/160 2038/2576/161
f 2035/2572/159 37/55/141 2036/2574/162 2946/1517/160
f 2946/1517/160 2036/2574/162 653/976/163 2037/2575/164
f 2038/2576/161 2946/1517/160 2037/2575/164 652/975/165
f 33/48/166 2039/2577/167 2947/1518/168 2042/2581/169
f 2039/2577/167 32/46/158 2040/2579/170 2947/1518/168
f 2947/1518/168 2040/2579/170 180/268/171 2041/2580/172
f 2042/2581/169 2947/1518/168 2041/2580/172 179/267/173
f 34/51/174 2043/2582/175 2948/1519/176 2046/2588/177
f 2043/2582/175 33/49/166 2044/2584/178 2948/1519/176
f 2948/1519/176 2044/2584/178 252/383/179 2045/2586/180
f 2046/2588/177 2948/1519/176 2045/2586/180 251/382/181
f 35/52/182 2047/2589/183 2949/1520/184 2050/2592/185
f 2047/2589/183 34/51/174 2048/2590/186 2949/1520/184
f 2949/1520/184 2048/2590/186 147/221/187 2049/2591/188
f 2050/2592/185 2949/1520/184 2049/2591/188 149/223/189
f 36/53/143 2051/2593/190 2950/1521/191 2054/2596/192
f 2051/2593/190 35/52/182 2052/2594/193 2950/1521/191
f 2950/1521/191 2052/2594/193 40/58/194 2053/2595/195
f 2054/2596/192 2950/1521/191 2053/2595/195 39/57/125
f 38/56/127 2055/2597/196 2951/1522/197 2058/2601/198
f 2055/2597/196 40/58/194 2056/2598/199 2951/1522/197
f 2951/1522/197 2056/2598/199 91/133/200 2057/2599/201
f 2058/2601/198 2951/1522/197 2057/2599/201 95/141/82
f 41/59/157 2059/2602/202 2952/1523/203 2062/2605/204
f 2059/2602/202 44/63/205 2060/2603/206 2952/1523/203
f 2952/1523/203 2060/2603/206 658/982/207 2061/2604/208
f 2062/2605/204 2952/1523/203 2061/2604/208 657/981/209
f 43/61/210 2063/2606/211 2953/1524/212 2066/2609/213
f 2063/2606/211 42/60/155 2064/2607/214 2953/1524/212
f 2953/1524/212 2064/2607/214 46/67/215 2065/2608/216
f 2066/2609/213 2953/1524/212 2065/2608/216 45/65/217
f 44/64/205 2067/2611/218 2954/1525/219 2070/2615/220
f 2067/2611/218 43/62/210 2068/2613/221 2954/1525/219
f 2954/1525/219 2068/2613/221 356/554/222 2069/2614/223
f 2070/2615/220 2954/1525/219 2069/2614/223 355/552/224
f 45/66/217 2071/2617/225 2955/1526/226 2074/2621/227
f 2071/2617/225 48/69/228 2072/2619/229 2955/1526/226
f 2955/1526/226 2072/2619/229 361/561/230 2073/2620/231
f 2074/2621/227 2955/1526/226 2073/2620/231 360/560/232
f 47/68/233 2075/2622/234 2956/1527/235 2078/2626/236
f 2075/2622/234 46/67/215 2076/2623/237 2956/1527/235
f 2956/1527/235 2076/2623/237 321/489/150 2077/2624/238
f 2078/2626/236 2956/1527/235 2077/2624/238 324/492/239
f 48/70/228 2079/2627/240 2957/1528/241 2082/2630/242
f 2079/2627/240 47/68/233 2080/2628/243 2957/1528/241
f 2957/1528/241 2080/2628/243 50/73/244 2081/2629/245
f 2082/2630/242 2957/1528/241 2081/2629/245 49/71/246
f 49/72/246 2083/2632/247 2958/1529/248 2086/2636/249
f 2083/2632/247 52/75/250 2084/2634/251 2958/1529/248
f 2958/1529/248 2084/2634/251 365/565/252 2085/2635/253
f 2086/2636/249 2958/1529/248 2085/2635/253 364/564/254
f 51/74/255 2087/2637/256 2959/1530/257 2090/2641/258
f 2087/2637/256 50/73/244 2088/2638/259 2959/1530/257
f 2959/1530/257 2088/2638/259 325/495/260 2089/2639/261
f 2090/2641/258 2959/1530/257 2089/2639/261 328/499/262
f 52/76/250 2091/2642/263 2960/1531/264 2094/2645/265
f 2091/2642/263 51/74/255 2092/2643/266 2960/1531/264
f 2960/1531/264 2092/2643/266 175/262/267 2093/2644/268
f 2094/2645/265 2960/1531/264 2093/2644/268 174/260/269
f 53/77/270 2095/2647/271 2961/1532/272 2098/2651/273
f 2095/2647/271 56/81/274 2096/2649/275 2961/1532/272
f 2961/1532/272 2096/2649/275 111/165/276 2097/2650/277
f 2098/2651/273 2961/1532/272 2097/2650/277 113/167/278
f 54/78/279 2099/2652/280 2962/1533/281 2102/2655/282
f 2099/2652/280 53/77/270 2100/2653/283 2962/1533/281
f 2962/1533/281 2100/2653/283 60/87/284 2101/2654/285
f 2102/2655/282 2962/1533/281 2101/2654/285 59/86/286
f 55/79/287 2103/2656/288 2963/1534/289 2106/2659/290
f 2103/2656/288 54/78/279 2104/2657/291 2963/1534/289
f 2963/1534/289 2104/2657/291 66/94/292 2105/2658/293
f 2106/2659/290 2963/1534/289 2105/2658/293 65/92/294
f 56/83/274 2107/2661/295 2964/1535/296 2110/2665/297
f 2107/2661/295 55/80/287 2108/2663/298 2964/1535/296
f 2964/1535/296 2108/2663/298 119/177/299 2109/2664/300
f 2110/2665/297 2964/1535/296 2109/2664/300 118/175/301
f 57/84/302 2111/2667/303 2965/1536/304 2114/2670/305
f 2111/2667/303 60/87/284 2112/2668/306 2965/1536/304
f 2965/1536/304 2112/2668/306 108/161/307 2113/2669/308
f 2114/2670/305 2965/1536/304 2113/2669/308 107/160/309
f 58/85/310 2115/2671/311 2966/1537/312 2118/2674/313
f 2115/2671/311 57/84/302 2116/2672/314 2966/1537/312
f 2966/1537/312 2116/2672/314 71/102/315 2117/2673/316
f 2118/2674/313 2966/1537/312 2117/2673/316 70/101/317
f 59/86/286 2119/2675/318 2967/1538/319 2122/2678/320
f 2119/2675/318 58/85/310 2120/2676/321 2967/1538/319
f 2967/1538/319 2120/2676/321 63/90/322 2121/2677/323
f 2122/2678/320 2967/1538/319 2121/2677/323 62/89/324
f 61/88/325 2123/2679/326 2968/1539/327 2126/2682/328
f 2123/2679/326 64/91/329 2124/2680/330 2968/1539/327
f 2968/1539/327 2124/2680/330 125/186/331 2125/2681/332
f 2126/2682/328 2968/1539/327 2125/2681/332 124/185/333
f 62/89/324 2127/2683/334 2969/1540/335 2130/2686/336
f 2127/2683/334 61/88/325 2128/2684/337 2969/1540/335
f 2969/1540/335 2128/2684/337 67/95/338 2129/2685/339
f 2130/2686/336 2969/1540/335 2129/2685/339 66/94/292
f 64/91/329 2131/2687/340 2970/1541/341 2134/2690/342
f 2131/2687/340 63/90/322 2132/2688/343 2970/1541/341
f 2970/1541/341 2132/2688/343 73/104/344 2133/2689/345
f 2134/2690/342 2970/1541/341 2133/2689/345 72/103/346
f 65/93/294 2135/2691/347 2971/1542/348 2138/2696/349
f 2135/2691/347 67/96/338 2136/2693/350 2971/1542/348
f 2971/1542/348 2136/2693/350 116/170/351 2137/2695/352
f 2138/2696/349 2971/1542/348 2137/2695/352 115/169/353
f 68/97/354 2139/2697/355 2972/1543/356 2142/2700/357
f 2139/2697/355 71/102/315 2140/2698/358 2972/1543/356
f 2972/1543/356 2140/2698/358 331/505/359 2141/2699/360
f 2142/2700/357 2972/1543/356 2141/2699/360 330/504/361
f 69/99/362 2143/2701/363 2973/1544/364 2146/2706/365
f 2143/2701/363 68/98/354 2144/2703/366 2973/1544/364
f 2973/1544/364 2144/2703/366 134/200/367 2145/2705/368
f 2146/2706/365 2973/1544/364 2145/2705/368 133/199/369
f 70/101/317 2147/2707/370 2974/1545/371 2150/2711/372
f 2147/2707/370 69/100/362 2148/2708/373 2974/1545/371
f 2974/1545/371 2148/2708/373 74/105/374 2149/2710/375
f 2150/2711/372 2974/1545/371 2149/2710/375 73/104/344
f 72/103/346 2151/2712/376 2975/1546/377 2154/2717/378
f 2151/2712/376 74/107/374 2152/2714/379 2975/1546/377
f 2975/1546/377 2152/2714/379 129/190/380 2153/2716/381
f 2154/2717/378 2975/1546/377 2153/2716/381 128/189/382
f 75/108/383 2155/2718/384 2976/1547/385 2158/2722/386
f 2155/2718/384 78/113/387 2156/2720/388 2976/1547/385
f 2976/1547/385 2156/2720/388 160/239/389 2157/2721/390
f 2158/2722/386 2976/1547/385 2157/2721/390 159/237/391
f 76/110/9 2159/2724/392 2977/1548/393 2162/2727/394
f 2159/2724/392 75/109/383 2160/2725/395 2977/1548/393
f 2977/1548/393 2160/2725/395 82/118/396 2161/2726/397
f 2162/2727/394 2977/1548/393 2161/2726/397 81/117/30
f 78/113/387 2163/2728/398 2978/1549/399 2166/2732/400
f 2163/2728/398 77/112/7 2164/2730/401 2978/1549/399
f 2978/1549/399 2164/2730/401 94/139/84 2165/2731/402
f 2166/2732/400 2978/1549/399 2165/2731/402 93/137/403
f 79/115/404 2167/2733/405 2979/1550/406 2170/2736/407
f 2167/2733/405 82/118/396 2168/2734/408 2979/1550/406
f 2979/1550/406 2168/2734/408 164/244/409 2169/2735/410
f 2170/2736/407 2979/1550/406 2169/2735/410 163/243/411
f 80/116/32 2171/2737/412 2980/1551/413 2174/2740/414
f 2171/2737/412 79/115/404 2172/2738/415 2980/1551/413
f 2980/1551/413 2172/2738/415 86/125/416 2173/2739/417
f 2174/2740/414 2980/1551/413 2173/2739/417 85/124/90
f 83/119/418 2175/2741/419 2981/1552/420 2178/2745/421
f 2175/2741/419 86/125/416 2176/2743/422 2981/1552/420
f 2981/1552/420 2176/2743/422 168/251/423 2177/2744/424
f 2178/2745/421 2981/1552/420 2177/2744/424 167/249/425
f 84/123/92 2179/2747/426 2982/1553/427 2182/2751/428
f 2179/2747/426 83/120/418 2180/2749/429 2982/1553/427
f 2982/1553/427 2180/2749/429 89/129/430 2181/2750/431
f 2182/2751/428 2982/1553/427 2181/2750/431 88/128/111
f 87/127/113 2183/2752/432 2983/1554/433 2186/2756/434
f 2183/2752/432 90/130/435 2184/2754/436 2983/1554/433
f 2983/1554/433 2184/2754/436 327/498/437 2185/2755/438
f 2186/2756/434 2983/1554/433 2185/2755/438 326/497/439
f 90/132/435 2187/2757/440 2984/1555/441 2190/2761/442
f 2187/2757/440 89/129/430 2188/2759/443 2984/1555/441
f 2984/1555/441 2188/2759/443 171/255/444 2189/2760/445
f 2190/2761/442 2984/1555/441 2189/2760/445 170/253/446
f 92/135/447 2191/2763/448 2985/1556/449 2194/2767/450
f 2191/2763/448 91/133/200 2192/2765/451 2985/1556/449
f 2985/1556/449 2192/2765/451 149/223/189 2193/2766/452
f 2194/2767/450 2985/1556/449 2193/2766/452 148/222/453
f 93/138/403 2195/2768/454 2986/1557/455 2198/2772/456
f 2195/2768/454 92/135/447 2196/2770/457 2986/1557/455
f 2986/1557/455 2196/2770/457 156/233/458 2197/2771/459
f 2198/2772/456 2986/1557/455 2197/2771/459 155/231/460
f 96/142/461 2199/2774/462 2987/1558/463 2202/2778/464
f 2199/2774/462 101/150/465 2200/2776/466 2987/1558/463
f 2987/1558/463 2200/2776/466 666/994/467 2201/2777/468
f 2202/2778/464 2987/1558/463 2201/2777/468 665/993/469
f 97/144/470 2203/2779/471 2988/1559/472 2206/2783/473
f 2203/2779/471 96/143/461 2204/2780/474 2988/1559/472
f 2988/1559/472 2204/2780/474 110/163/475 2205/2782/476
f 2206/2783/473 2988/1559/472 2205/2782/476 109/162/477
f 98/145/478 2207/2784/479 2989/1560/480 2210/2787/481
f 2207/2784/479 97/144/470 2208/2785/482 2989/1560/480
f 2989/1560/480 2208/2785/482 103/153/483 2209/2786/484
f 2210/2787/481 2989/1560/480 2209/2786/484 102/152/485
f 99/146/486 2211/2788/487 2990/1561/488 2214/2791/489
f 2211/2788/487 98/145/478 2212/2789/490 2990/1561/488
f 2990/1561/488 2212/2789/490 318/485/491 2213/2790/492
f 2214/2791/489 2990/1561/488 2213/2790/492 320/487/493
f 100/147/494 2215/2792/495 2991/1562/496 2218/2797/497
f 2215/2792/495 99/146/486 2216/2794/498 2991/1562/496
f 2991/1562/496 2216/2794/498 302/466/499 2217/2795/500
f 2218/2797/497 2991/1562/496 2217/2795/500 301/463/501
f 101/150/465 2219/2799/502 2992/1563/503 2222/2803/504
f 2219/2799/502 100/148/494 2220/2801/505 2992/1563/503
f 2992/1563/503 2220/2801/505 310/475/506 2221/2802/507
f 2222/2803/504 2992/1563/503 2221/2802/507 309/474/508
f 102/152/485 2223/2804/509 2993/1564/510 2226/2808/511
f 2223/2804/509 104/154/512 2224/2805/513 2993/1564/510
f 2993/1564/510 2224/2805/513 118/176/301 2225/2806/514
f 2226/2808/511 2993/1564/510 2225/2806/514 122/182/515
f 104/154/512 2227/2809/516 2994/1565/517 2230/2812/518
f 2227/2809/516 103/153/483 2228/2810/519 2994/1565/517
f 2994/1565/517 2228/2810/519 112/166/520 2229/2811/521
f 2230/2812/518 2994/1565/517 2229/2811/521 111/165/276
f 105/155/522 2231/2813/523 2995/1566/524 2234/2817/525
f 2231/2813/523 110/164/475 2232/2815/526 2995/1566/524
f 2995/1566/524 2232/2815/526 668/996/527 2233/2816/528
f 2234/2817/525 2995/1566/524 2233/2816/528 667/995/529
f 106/157/530 2235/2818/531 2996/1567/532 2238/2822/533
f 2235/2818/531 105/155/522 2236/2820/534 2996/1567/532
f 2996/1567/532 2236/2820/534 146/220/535 2237/2821/536
f 2238/2822/533 2996/1567/532 2237/2821/536 145/219/537
f 107/160/309 2239/2823/538 2997/1568/539 2242/2829/540
f 2239/2823/538 106/158/530 2240/2825/541 2997/1568/539
f 2997/1568/539 2240/2825/541 332/506/542 2241/2827/543
f 2242/2829/540 2997/1568/539 2241/2827/543 331/505/359
f 109/162/477 2243/2830/544 2998/1569/545 2246/2833/546
f 2243/2830/544 108/161/307 2244/2831/547 2998/1569/545
f 2998/1569/545 2244/2831/547 113/167/278 2245/2832/548
f 2246/2833/546 2998/1569/545 2245/2832/548 112/166/520
f 114/168/549 2247/2834/550 2999/1570/551 2250/2840/552
f 2247/2834/550 117/172/553 2248/2836/554 2999/1570/551
f 2999/1570/551 2248/2836/554 266/406/555 2249/2838/556
f 2250/2840/552 2999/1570/551 2249/2838/556 269/412/557
f 115/169/353 2251/2841/558 3000/1571/559 2254/2844/560
f 2251/2841/558 114/168/549 2252/2842/561 3000/1571/559
f 3000/1571/559 2252/2842/561 120/178/562 2253/2843/563
f 2254/2844/560 3000/1571/559 2253/2843/563 119/177/299
f 117/174/553 2255/2845/564 3001/1572/565 2258/2849/566
f 2255/2845/564 116/171/351 2256/2847/567 3001/1572/565
f 3001/1572/565 2256/2847/567 124/185/333 2257/2848/568
f 2258/2849/566 3001/1572/565 2257/2848/568 123/184/569
f 121/179/570 2259/2850/571 3002/1573/572 2262/2855/573
f 2259/2850/571 120/178/562 2260/2852/574 3002/1573/572
f 3002/1573/572 2260/2852/574 272/418/575 2261/2853/576
f 2262/2855/573 3002/1573/572 2261/2853/576 271/415/577
f 122/182/515 2263/2857/578 3003/1574/579 2266/2861/580
f 2263/2857/578 121/180/570 2264/2859/581 3003/1574/579
f 3003/1574/579 2264/2859/581 319/486/582 2265/2860/583
f 2266/2861/580 3003/1574/579 2265/2860/583 318/485/491
f 123/184/569 2267/2862/584 3004/1575/585 2270/2865/586
f 2267/2862/584 126/187/587 2268/2863/588 3004/1575/585
f 3004/1575/585 2268/2863/588 275/422/589 2269/2864/590
f 2270/2865/586 3004/1575/585 2269/2864/590 278/425/591
f 126/187/587 2271/2866/592 3005/1576/593 2274/2869/594
f 2271/2866/592 125/186/331 2272/2867/595 3005/1576/593
f 3005/1576/593 2272/2867/595 128/189/382 2273/2868/596
f 2274/2869/594 3005/1576/593 2273/2868/596 127/188/597
f 127/188/597 2275/2870/598 3006/1577/599 2278/2876/600
f 2275/2870/598 130/192/601 2276/2872/602 3006/1577/599
f 3006/1577/599 2276/2872/602 279/426/603 2277/2874/604
f 2278/2876/600 3006/1577/599 2277/2874/604 282/432/605
f 130/194/601 2279/2877/606 3007/1578/607 2282/2881/608
f 2279/2877/606 129/191/380 2280/2879/609 3007/1578/607
f 3007/1578/607 2280/2879/609 133/199/369 2281/2880/610
f 2282/2881/608 3007/1578/607 2281/2880/610 132/198/611
f 131/195/612 2283/2882/613 3008/1579/614 2286/2886/615
f 2283/2882/613 134/201/367 2284/2884/616 3008/1579/614
f 3008/1579/614 2284/2884/616 335/513/617 2285/2885/618
f 2286/2886/615 3008/1579/614 2285/2885/618 334/512/619
f 132/198/611 2287/2887/620 3009/1580/621 2290/2893/622
f 2287/2887/620 131/196/612 2288/2889/623 3009/1580/621
f 3009/1580/621 2288/2889/623 286/437/624 2289/2891/625
f 2290/2893/622 3009/1580/621 2289/2891/625 285/436/626
f 135/202/627 2291/2894/628 3010/1581/629 2294/2898/630
f 2291/2894/628 138/206/631 2292/2896/632 3010/1581/629
f 3010/1581/629 2292/2896/632 369/569/633 2293/2897/634
f 2294/2898/630 3010/1581/629 2293/2897/634 368/568/635
f 136/204/636 2295/2899/637 3011/1582/638 2298/2903/639
f 2295/2899/637 135/203/627 2296/2900/640 3011/1582/638
f 3011/1582/638 2296/2900/640 290/444/641 2297/2902/642
f 2298/2903/639 3011/1582/638 2297/2902/642 289/443/643
f 137/205/644 2299/2904/645 3012/1583/646 2302/2908/647
f 2299/2904/645 136/204/636 2300/2905/648 3012/1583/646
f 3012/1583/646 2300/2905/648 333/509/649 2301/2906/650
f 2302/2908/647 3012/1583/646 2301/2906/650 336/514/651
f 138/207/631 2303/2909/652 3013/1584/653 2306/2912/654
f 2303/2909/652 137/205/644 2304/2910/655 3013/1584/653
f 3013/1584/653 2304/2910/655 140/210/656 2305/2911/657
f 2306/2912/654 3013/1584/653 2305/2911/657 139/208/658
f 139/209/658 2307/2914/659 3014/1585/660 2310/2918/661
f 2307/2914/659 142/212/662 2308/2916/663 3014/1585/660
f 3014/1585/660 2308/2916/663 373/573/664 2309/2917/665
f 2310/2918/661 3014/1585/660 2309/2917/665 372/572/666
f 141/211/667 2311/2919/668 3015/1586/669 2314/2923/670
f 2311/2919/668 140/210/656 2312/2920/671 3015/1586/669
f 3015/1586/669 2312/2920/671 329/502/672 2313/2921/673
f 2314/2923/670 3015/1586/669 2313/2921/673 332/507/542
f 142/214/662 2315/2924/674 3016/1587/675 2318/2928/676
f 2315/2924/674 141/211/667 2316/2926/677 3016/1587/675
f 3016/1587/675 2316/2926/677 145/219/537 2317/2927/678
f 2318/2928/676 3016/1587/675 2317/2927/678 144/217/679
f 143/215/680 2319/2930/681 3017/1588/682 2322/2933/683
f 2319/2930/681 146/220/535 2320/2931/684 3017/1588/682
f 3017/1588/682 2320/2931/684 676/1009/685 2321/2932/686
f 2322/2933/683 3017/1588/682 2321/2932/686 675/1007/687
f 144/218/679 2323/2934/688 3018/1589/689 2326/2939/690
f 2323/2934/688 143/216/680 2324/2936/691 3018/1589/689
f 3018/1589/689 2324/2936/691 378/581/692 2325/2938/693
f 2326/2939/690 3018/1589/689 2325/2938/693 377/580/694
f 148/222/453 2327/2940/695 3019/1590/696 2330/2943/697
f 2327/2940/695 147/221/187 2328/2941/698 3019/1590/696
f 3019/1590/696 2328/2941/698 152/226/699 2329/2942/700
f 2330/2943/697 3019/1590/696 2329/2942/700 151/225/701
f 150/224/702 2331/2944/703 3020/1591/704 2334/2947/705
f 2331/2944/703 152/226/699 2332/2945/706 3020/1591/704
f 3020/1591/704 2332/2945/706 251/382/181 2333/2946/707
f 2334/2947/705 3020/1591/704 2333/2946/707 250/381/708
f 151/225/701 2335/2948/709 3021/1592/710 2338/2951/711
f 2335/2948/709 150/224/702 2336/2949/712 3021/1592/710
f 3021/1592/710 2336/2949/712 157/234/713 2337/2950/714
f 2338/2951/711 3021/1592/710 2337/2950/714 156/233/458
f 154/229/715 2339/2952/716 3022/1593/717 2342/2958/718
f 2339/2952/716 153/227/719 2340/2954/720 3022/1593/717
f 3022/1593/717 2340/2954/720 188/280/721 2341/2956/722
f 2342/2958/718 3022/1593/717 2341/2956/722 187/278/723
f 155/232/460 2343/2959/724 3023/1594/725 2346/2963/726
f 2343/2959/724 154/229/715 2344/2961/727 3023/1594/725
f 3023/1594/725 2344/2961/727 161/240/728 2345/2962/729
f 2346/2963/726 3023/1594/725 2345/2962/729 160/239/389
f 158/235/730 2347/2964/731 3024/1595/732 2350/2970/733
f 2347/2964/731 161/241/728 2348/2966/734 3024/1595/732
f 3024/1595/732 2348/2966/734 200/296/735 2349/2968/736
f 2350/2970/733 3024/1595/732 2349/2968/736 203/301/737
f 159/238/391 2351/2971/738 3025/1596/739 2354/2975/740
f 2351/2971/738 158/235/730 2352/2973/741 3025/1596/739
f 3025/1596/739 2352/2973/741 165/245/742 2353/2974/743
f 2354/2975/740 3025/1596/739 2353/2974/743 164/244/409
f 162/242/744 2355/2976/745 3026/1597/746 2358/2979/747
f 2355/2976/745 165/245/742 2356/2977/748 3026/1597/746
f 3026/1597/746 2356/2977/748 212/314/749 2357/2978/750
f 2358/2979/747 3026/1597/746 2357/2978/750 215/317/751
f 163/243/411 2359/2980/752 3027/1598/753 2362/2983/754
f 2359/2980/752 162/242/744 2360/2981/755 3027/1598/753
f 3027/1598/753 2360/2981/755 169/252/756 2361/2982/757
f 2362/2983/754 3027/1598/753 2361/2982/757 168/251/423
f 166/246/758 2363/2984/759 3028/1599/760 2366/2989/761
f 2363/2984/759 169/252/756 2364/2986/762 3028/1599/760
f 3028/1599/760 2364/2986/762 220/325/763 2365/2987/764
f 2366/2989/761 3028/1599/760 2365/2987/764 223/329/765
f 167/250/425 2367/2991/766 3029/1600/767 2370/2995/768
f 2367/2991/766 166/247/758 2368/2993/769 3029/1600/767
f 3029/1600/767 2368/2993/769 172/256/770 2369/2994/771
f 2370/2995/768 3029/1600/767 2369/2994/771 171/255/444
f 170/254/446 2371/2996/772 3030/1601/773 2374/3000/774
f 2371/2996/772 173/257/775 2372/2998/776 3030/1601/773
f 3030/1601/773 2372/2998/776 339/519/777 2373/2999/778
f 2374/3000/774 3030/1601/773 2373/2999/778 338/518/779
f 173/259/775 2375/3001/780 3031/1602/781 2378/3006/782
f 2375/3001/780 172/256/770 2376/3003/783 3031/1602/781
f 3031/1602/781 2376/3003/783 225/335/784 2377/3004/785
f 2378/3006/782 3031/1602/781 2377/3004/785 224/332/786
f 174/261/269 2379/3008/787 3032/1603/788 2382/3012/789
f 2379/3008/787 177/264/790 2380/3010/791 3032/1603/788
f 3032/1603/788 2380/3010/791 381/585/792 2381/3011/793
f 2382/3012/789 3032/1603/788 2381/3011/793 380/584/794
f 176/263/795 2383/3013/796 3033/1604/797 2386/3017/798
f 2383/3013/796 175/262/267 2384/3014/799 3033/1604/797
f 3033/1604/797 2384/3014/799 337/516/800 2385/3015/801
f 2386/3017/798 3033/1604/797 2385/3015/801 340/520/802
f 177/265/790 2387/3018/803 3034/1605/804 2390/3021/805
f 2387/3018/803 176/263/795 2388/3019/806 3034/1605/804
f 3034/1605/804 2388/3019/806 235/353/807 2389/3020/808
f 2390/3021/805 3034/1605/804 2389/3020/808 234/351/809
f 178/266/810 2391/3023/811 3035/1606/812 2394/3026/813
f 2391/3023/811 180/268/171 2392/3024/814 3035/1606/812
f 3035/1606/812 2392/3024/814 660/986/815 2393/3025/816
f 2394/3026/813 3035/1606/812 2393/3025/816 659/984/817
f 179/267/173 2395/3027/818 3036/1607/819 2398/3030/820
f 2395/3027/818 178/266/810 2396/3028/821 3036/1607/819
f 3036/1607/819 2396/3028/821 183/272/822 2397/3029/823
f 2398/3030/820 3036/1607/819 2397/3029/823 182/271/824
f 181/269/825 2399/3031/826 3037/1608/827 2402/3037/828
f 2399/3031/826 183/273/822 2400/3033/829 3037/1608/827
f 3037/1608/827 2400/3033/829 688/1028/830 2401/3035/831
f 2402/3037/828 3037/1608/827 2401/3035/831 687/1026/832
f 182/271/824 2403/3038/833 3038/1609/834 2406/3043/835
f 2403/3038/833 181/270/825 2404/3039/836 3038/1609/834
f 3038/1609/834 2404/3039/836 253/386/837 2405/3041/838
f 2406/3043/835 3038/1609/834 2405/3041/838 252/384/179
f 185/275/839 2407/3044/840 3039/1610/841 2410/3047/842
f 2407/3044/840 184/274/843 2408/3045/844 3039/1610/841
f 3039/1610/841 2408/3045/844 191/284/845 2409/3046/846
f 2410/3047/842 3039/1610/841 2409/3046/846 190/283/847
f 186/276/848 2411/3048/849 3040/1611/850 2414/3051/851
f 2411/3048/849 185/275/839 2412/3049/852 3040/1611/850
f 3040/1611/850 2412/3049/852 198/294/853 2413/3050/854
f 2414/3051/851 3040/1611/850 2413/3050/854 197/292/855
f 187/278/723 2415/3053/856 3041/1612/857 2418/3057/858
f 2415/3053/856 186/277/848 2416/3055/859 3041/1612/857
f 3041/1612/857 2416/3055/859 201/298/860 2417/3056/861
f 2418/3057/858 3041/1612/857 2417/3056/861 200/297/735
f 189/282/862 2419/3058/863 3042/1613/864 2422/3061/865
f 2419/3058/863 191/284/845 2420/3059/866 3042/1613/864
f 3042/1613/864 2420/3059/866 260/399/867 2421/3060/868
f 2422/3061/865 3042/1613/864 2421/3060/868 259/398/869
f 190/283/847 2423/3062/870 3043/1614/871 2426/3065/872
f 2423/3062/870 189/282/862 2424/3063/873 3043/1614/871
f 3043/1614/871 2424/3063/873 194/287/874 2425/3064/875
f 2426/3065/872 3043/1614/871 2425/3064/875 193/286/876
f 192/285/877 2427/3066/878 3044/1615/879 2430/3069/880
f 2427/3066/878 194/287/874 2428/3067/881 3044/1615/879
f 3044/1615/879 2428/3067/881 294/450/882 2429/3068/883
f 2430/3069/880 3044/1615/879 2429/3068/883 293/449/884
f 193/286/876 2431/3070/885 3045/1616/886 2434/3073/887
f 2431/3070/885 192/285/877 2432/3071/888 3045/1616/886
f 3045/1616/886 2432/3071/888 199/295/889 2433/3072/890
f 2434/3073/887 3045/1616/886 2433/3072/890 198/294/853
f 196/290/891 2435/3074/892 3046/1617/893 2438/3079/894
f 2435/3074/892 195/288/895 2436/3076/896 3046/1617/893
f 3046/1617/893 2436/3076/896 274/420/897 2437/3078/898
f 2438/3079/894 3046/1617/893 2437/3078/898 273/419/899
f 197/293/855 2439/3080/900 3047/1618/901 2442/3084/902
f 2439/3080/900 196/290/891 2440/3082/903 3047/1618/901
f 3047/1618/901 2440/3082/903 207/309/904 2441/3083/905
f 2442/3084/902 3047/1618/901 2441/3083/905 206/308/906
f 202/299/907 2443/3085/908 3048/1619/909 2446/3088/910
f 2443/3085/908 201/298/860 2444/3086/911 3048/1619/909
f 3048/1619/909 2444/3086/911 206/308/906 2445/3087/912
f 2446/3088/910 3048/1619/909 2445/3087/912 205/306/913
f 203/301/737 2447/3090/914 3049/1620/915 2450/3094/916
f 2447/3090/914 202/300/907 2448/3092/917 3049/1620/915
f 3049/1620/915 2448/3092/917 213/315/918 2449/3093/919
f 2450/3094/916 3049/1620/915 2449/3093/919 212/314/749
f 204/303/920 2451/3095/921 3050/1621/922 2454/3099/923
f 2451/3095/921 207/309/904 2452/3097/924 3050/1621/922
f 3050/1621/922 2452/3097/924 268/411/925 2453/3098/926
f 2454/3099/923 3050/1621/922 2453/3098/926 267/409/927
f 205/307/913 2455/3101/928 3051/1622/929 2458/3105/930
f 2455/3101/928 204/304/920 2456/3103/931 3051/1622/929
f 3051/1622/929 2456/3103/931 211/313/932 2457/3104/933
f 2458/3105/930 3051/1622/929 2457/3104/933 210/312/934
f 208/310/935 2459/3106/936 3052/1623/937 2462/3109/938
f 2459/3106/936 211/313/932 2460/3107/939 3052/1623/937
f 3052/1623/937 2460/3107/939 277/424/940 2461/3108/941
f 2462/3109/938 3052/1623/937 2461/3108/941 276/423/942
f 209/311/943 2463/3110/944 3053/1624/945 2466/3113/946
f 2463/3110/944 208/310/935 2464/3111/947 3053/1624/945
f 3053/1624/945 2464/3111/947 219/324/948 2465/3112/949
f 2466/3113/946 3053/1624/945 2465/3112/949 218/323/950
f 210/312/934 2467/3114/951 3054/1625/952 2470/3117/953
f 2467/3114/951 209/311/943 2468/3115/954 3054/1625/952
f 3054/1625/952 2468/3115/954 214/316/955 2469/3116/956
f 2470/3117/953 3054/1625/952 2469/3116/956 213/315/918
f 215/317/751 2471/3118/957 3055/1626/958 2474/3121/959
f 2471/3118/957 214/316/955 2472/3119/960 3055/1626/958
f 3055/1626/958 2472/3119/960 221/326/961 2473/3120/962
f 2474/3121/959 3055/1626/958 2473/3120/962 220/325/763
f 216/318/963 2475/3122/964 3056/1627/965 2478/3126/966
f 2475/3122/964 219/324/948 2476/3124/967 3056/1627/965
f 3056/1627/965 2476/3124/967 281/431/968 2477/3125/969
f 2478/3126/966 3056/1627/965 2477/3125/969 280/429/970
f 217/321/971 2479/3128/972 3057/1628/973 2482/3132/974
f 2479/3128/972 216/319/963 2480/3130/975 3057/1628/973
f 3057/1628/973 2480/3130/975 230/342/976 2481/3131/977
f 2482/3132/974 3057/1628/973 2481/3131/977 229/341/978
f 218/323/950 2483/3133/979 3058/1629/980 2486/3137/981
f 2483/3133/979 217/322/971 2484/3134/982 3058/1629/980
f 3058/1629/980 2484/3134/982 222/327/983 2485/3136/984
f 2486/3137/981 3058/1629/980 2485/3136/984 221/326/961
f 223/331/765 2487/3138/985 3059/1630/986 2490/3142/987
f 2487/3138/985 222/328/983 2488/3140/988 3059/1630/986
f 3059/1630/986 2488/3140/988 226/336/989 2489/3141/990
f 2490/3142/987 3059/1630/986 2489/3141/990 225/335/784
f 224/334/786 2491/3143/991 3060/1631/992 2494/3147/993
f 2491/3143/991 227/337/994 2492/3145/995 3060/1631/992
f 3060/1631/992 2492/3145/995 349/542/996 2493/3146/997
f 2494/3147/993 3060/1631/992 2493/3146/997 348/541/998
f 227/338/994 2495/3148/999 3061/1632/1000 2498/3151/1001
f 2495/3148/999 226/336/989 2496/3149/1002 3061/1632/1000
f 3061/1632/1000 2496/3149/1002 229/341/978 2497/3150/1003
f 2498/3151/1001 3061/1632/1000 2497/3150/1003 228/339/1004
f 228/340/1004 2499/3153/1005 3062/1633/1006 2502/3157/1007
f 2499/3153/1005 231/343/1008 2500/3155/1009 3062/1633/1006
f 3062/1633/1006 2500/3155/1009 343/526/1010 2501/3156/1011
f 2502/3157/1007 3062/1633/1006 2501/3156/1011 342/525/1012
f 231/345/1008 2503/3158/1013 3063/1634/1014 2506/3162/1015
f 2503/3158/1013 230/342/976 2504/3160/1016 3063/1634/1014
f 3063/1634/1014 2504/3160/1016 284/435/1017 2505/3161/1018
f 2506/3162/1015 3063/1634/1014 2505/3161/1018 283/433/1019
f 232/346/1020 2507/3164/1021 3064/1635/1022 2510/3170/1023
f 2507/3164/1021 236/354/1024 2508/3166/1025 3064/1635/1022
f 3064/1635/1022 2508/3166/1025 908/1425/1026 2509/3168/1027
f 2510/3170/1023 3064/1635/1022 2509/3168/1027 907/1423/1028
f 233/349/1029 2511/3171/1030 3065/1636/1031 2514/3177/1032
f 2511/3171/1030 232/347/1020 2512/3173/1033 3065/1636/1031
f 3065/1636/1031 2512/3173/1033 241/364/1034 2513/3175/1035
f 2514/3177/1032 3065/1636/1031 2513/3175/1035 240/362/1036
f 234/352/809 2515/3178/1037 3066/1637/1038 2518/3182/1039
f 2515/3178/1037 233/349/1029 2516/3180/1040 3066/1637/1038
f 3066/1637/1038 2516/3180/1040 391/601/1041 2517/3181/1042
f 2518/3182/1039 3066/1637/1038 2517/3181/1042 390/600/1043
f 236/355/1024 2519/3183/1044 3067/1638/1045 2522/3187/1046
f 2519/3183/1044 235/353/807 2520/3184/1047 3067/1638/1045
f 3067/1638/1045 2520/3184/1047 347/538/1048 2521/3185/1049
f 2522/3187/1046 3067/1638/1045 2521/3185/1049 346/534/1050
f 237/357/1051 2523/3189/1052 3068/1639/1053 2526/3195/1054
f 2523/3189/1052 241/366/1034 2524/3191/1055 3068/1639/1053
f 3068/1639/1053 2524/3191/1055 905/1419/1056 2525/3193/1057
f 2526/3195/1054 3068/1639/1053 2525/3193/1057 904/1417/1058
f 238/359/1059 2527/3196/1060 3069/1640/1061 2530/3201/1062
f 2527/3196/1060 237/358/1051 2528/3197/1063 3069/1640/1061
f 3069/1640/1061 2528/3197/1063 345/530/1064 2529/3199/1065
f 2530/3201/1062 3069/1640/1061 2529/3199/1065 344/527/1066
f 239/360/1067 2531/3202/1068 3070/1641/1069 2534/3205/1070
f 2531/3202/1068 238/359/1059 2532/3203/1071 3070/1641/1069
f 3070/1641/1069 2532/3203/1071 288/442/1072 2533/3204/1073
f 2534/3205/1070 3070/1641/1069 2533/3204/1073 287/440/1074
f 240/362/1036 2535/3207/1075 3071/1642/1076 2538/3211/1077
f 2535/3207/1075 239/361/1067 2536/3209/1078 3071/1642/1076
f 3071/1642/1076 2536/3209/1078 395/605/1079 2537/3210/1080
f 2538/3211/1077 3071/1642/1076 2537/3210/1080 394/604/1081
f 242/368/1082 2539/3212/1083 3072/1643/1084 2542/3217/1085
f 2539/3212/1083 244/372/1086 2540/3214/1087 3072/1643/1084
f 3072/1643/1084 2540/3214/1087 692/1039/1088 2541/3215/1089
f 2542/3217/1085 3072/1643/1084 2541/3215/1089 691/1035/1090
f 243/371/1091 2543/3219/1092 3073/1644/1093 2546/3223/1094
f 2543/3219/1092 242/370/1082 2544/3220/1095 3073/1644/1093
f 3073/1644/1093 2544/3220/1095 247/376/1096 2545/3222/1097
f 2546/3223/1094 3073/1644/1093 2545/3222/1097 246/375/1098
f 244/373/1086 2547/3224/1099 3074/1645/1100 2550/3228/1101
f 2547/3224/1099 243/371/1091 2548/3225/1102 3074/1645/1100
f 3074/1645/1100 2548/3225/1102 258/395/1103 2549/3226/1104
f 2550/3228/1101 3074/1645/1100 2549/3226/1104 257/392/1105
f 245/374/1106 2551/3230/1107 3075/1646/1108 2554/3234/1109
f 2551/3230/1107 247/376/1096 2552/3231/1110 3075/1646/1108
f 3075/1646/1108 2552/3231/1110 704/1058/1111 2553/3233/1112
f 2554/3234/1109 3075/1646/1108 2553/3233/1112 703/1057/1113
f 246/375/1098 2555/3235/1114 3076/1647/1115 2558/3239/1116
f 2555/3235/1114 245/374/1106 2556/3236/1117 3076/1647/1115
f 3076/1647/1115 2556/3236/1117 296/454/1118 2557/3237/1119
f 2558/3239/1116 3076/1647/1115 2557/3237/1119 295/451/1120
f 248/378/1121 2559/3240/1122 3077/1648/1123 2562/3245/1124
f 2559/3240/1122 253/387/837 2560/3242/1125 3077/1648/1123
f 3077/1648/1123 2560/3242/1125 681/1016/1126 2561/3243/1127
f 2562/3245/1124 3077/1648/1123 2561/3243/1127 680/1014/1128
f 249/380/1129 2563/3246/1130 3078/1649/1131 2566/3250/1132
f 2563/3246/1130 248/379/1121 2564/3247/1133 3078/1649/1131
f 3078/1649/1131 2564/3247/1133 262/401/1134 2565/3249/1135
f 2566/3250/1132 3078/1649/1131 2565/3249/1135 261/400/1136
f 256/391/1137 2567/3251/1138 3079/1650/1139 2570/3254/1140
f 2567/3251/1138 255/390/1141 2568/3252/1142 3079/1650/1139
f 3079/1650/1139 2568/3252/1142 264/404/1143 2569/3253/1144
f 2570/3254/1140 3079/1650/1139 2569/3253/1144 263/403/1145
f 257/394/1105 2571/3255/1146 3080/1651/1147 2574/3260/1148
f 2571/3255/1146 262/402/1134 2572/3257/1149 3080/1651/1147
f 3080/1651/1147 2572/3257/1149 683/1020/1150 2573/3258/1151
f 2574/3260/1148 3080/1651/1147 2573/3258/1151 682/1018/1152
f 259/398/869 2575/3261/1153 3081/1652/1154 2578/3267/1155
f 2575/3261/1153 258/396/1103 2576/3263/1156 3081/1652/1154
f 3081/1652/1154 2576/3263/1156 295/453/1120 2577/3265/1157
f 2578/3267/1155 3081/1652/1154 2577/3265/1157 294/450/882
f 267/410/927 2579/3268/1158 3082/1653/1159 2582/3272/1160
f 2579/3268/1158 266/407/555 2580/3270/1161 3082/1653/1159
f 3082/1653/1159 2580/3270/1161 278/425/591 2581/3271/1162
f 2582/3272/1160 3082/1653/1159 2581/3271/1162 277/424/940
f 269/412/557 2583/3273/1163 3083/1654/1164 2586/3276/1165
f 2583/3273/1163 268/411/925 2584/3274/1166 3083/1654/1164
f 3083/1654/1164 2584/3274/1166 273/419/899 2585/3275/1167
f 2586/3276/1165 3083/1654/1164 2585/3275/1167 272/418/575
f 271/417/577 2587/3277/1168 3084/1655/1169 2590/3281/1170
f 2587/3277/1168 270/413/1171 2588/3279/1172 3084/1655/1169
f 3084/1655/1169 2588/3279/1172 317/484/1173 2589/3280/1174
f 2590/3281/1170 3084/1655/1169 2589/3280/1174 316/483/1175
f 276/423/942 2591/3282/1176 3085/1656/1177 2594/3285/1178
f 2591/3282/1176 275/422/589 2592/3283/1179 3085/1656/1177
f 3085/1656/1177 2592/3283/1179 282/432/605 2593/3284/1180
f 2594/3285/1178 3085/1656/1177 2593/3284/1180 281/431/968
f 280/430/970 2595/3286/1181 3086/1657/1182 2598/3290/1183
f 2595/3286/1181 279/427/603 2596/3288/1184 3086/1657/1182
f 3086/1657/1182 2596/3288/1184 285/436/626 2597/3289/1185
f 2598/3290/1183 3086/1657/1182 2597/3289/1185 284/435/1017
f 283/434/1019 2599/3291/1186 3087/1658/1187 2602/3295/1188
f 2599/3291/1186 286/438/624 2600/3293/1189 3087/1658/1187
f 3087/1658/1187 2600/3293/1189 353/548/1190 2601/3294/1191
f 2602/3295/1188 3087/1658/1187 2601/3294/1191 352/547/1192
f 287/441/1074 2603/3296/1193 3088/1659/1194 2606/3300/1195
f 2603/3296/1193 290/445/641 2604/3298/1196 3088/1659/1194
f 3088/1659/1194 2604/3298/1196 405/621/1197 2605/3299/1198
f 2606/3300/1195 3088/1659/1194 2605/3299/1198 404/620/1199
f 289/443/643 2607/3301/1200 3089/1660/1201 2610/3305/1202
f 2607/3301/1200 288/442/1072 2608/3302/1203 3089/1660/1201
f 3089/1660/1201 2608/3302/1203 351/545/1204 2609/3303/1205
f 2610/3305/1202 3089/1660/1201 2609/3303/1205 354/549/1206
f 291/446/1207 2611/3306/1208 3090/1661/1209 2614/3312/1210
f 2611/3306/1208 296/455/1118 2612/3308/1211 3090/1661/1209
f 3090/1661/1209 2612/3308/1211 697/1047/1212 2613/3310/1213
f 2614/3312/1210 3090/1661/1209 2613/3310/1213 696/1045/1214
f 292/448/1215 2615/3313/1216 3091/1662/1217 2618/3317/1218
f 2615/3313/1216 291/447/1207 2616/3314/1219 3091/1662/1217
f 3091/1662/1217 2616/3314/1219 305/469/1220 2617/3316/1221
f 2618/3317/1218 3091/1662/1217 2617/3316/1221 304/468/1222
f 299/459/1223 2619/3318/1224 3092/1663/1225 2622/3321/1226
f 2619/3318/1224 298/458/1227 2620/3319/1228 3092/1663/1225
f 3092/1663/1225 2620/3319/1228 307/472/1229 2621/3320/1230
f 2622/3321/1226 3092/1663/1225 2621/3320/1230 306/471/1231
f 300/460/1232 2623/3322/1233 3093/1664/1234 2626/3327/1235
f 2623/3322/1233 305/470/1220 2624/3324/1236 3093/1664/1234
f 3093/1664/1234 2624/3324/1236 699/1051/1237 2625/3325/1238
f 2626/3327/1235 3093/1664/1234 2625/3325/1238 698/1049/1239
f 301/465/501 2627/3329/1240 3094/1665/1241 2630/3333/1242
f 2627/3329/1240 300/461/1232 2628/3331/1243 3094/1665/1241
f 3094/1665/1241 2628/3331/1243 314/481/1244 2629/3332/1245
f 2630/3333/1242 3094/1665/1241 2629/3332/1245 313/480/1246
f 303/467/1247 2631/3334/1248 3095/1666/1249 2634/3337/1250
f 2631/3334/1248 302/466/499 2632/3335/1251 3095/1666/1249
f 3095/1666/1249 2632/3335/1251 315/482/1252 2633/3336/1253
f 2634/3337/1250 3095/1666/1249 2633/3336/1253 317/484/1173
f 309/474/508 2635/3338/1254 3096/1667/1255 2638/3342/1256
f 2635/3338/1254 311/476/1257 2636/3339/1258 3096/1667/1255
f 3096/1667/1255 2636/3339/1258 674/1004/1259 2637/3341/1260
f 2638/3342/1256 3096/1667/1255 2637/3341/1260 673/1003/1261
f 311/476/1257 2639/3343/1262 3097/1668/1263 2642/3346/1264
f 2639/3343/1262 310/475/506 2640/3344/1265 3097/1668/1263
f 3097/1668/1263 2640/3344/1265 313/480/1246 2641/3345/1266
f 2642/3346/1264 3097/1668/1263 2641/3345/1266 312/478/1267
f 312/478/1267 2643/3348/1268 3098/1669/1269 2646/3351/1270
f 2643/3348/1268 314/481/1244 2644/3349/1271 3098/1669/1269
f 3098/1669/1269 2644/3349/1271 707/1066/1272 2645/3350/1273
f 2646/3351/1270 3098/1669/1269 2645/3350/1273 706/1063/1274
f 316/483/1175 2647/3353/1275 3099/1670/1276 2650/3356/1277
f 2647/3353/1275 315/482/1252 2648/3354/1278 3099/1670/1276
f 3099/1670/1276 2648/3354/1278 320/487/493 2649/3355/1279
f 2650/3356/1277 3099/1670/1276 2649/3355/1279 319/486/582
f 324/494/239 2651/3357/1280 3100/1671/1281 2654/3361/1282
f 2651/3357/1280 323/491/104 2652/3359/1283 3100/1671/1281
f 3100/1671/1281 2652/3359/1283 326/497/439 2653/3360/1284
f 2654/3361/1282 3100/1671/1281 2653/3360/1284 325/496/260
f 328/501/262 2655/3363/1285 3101/1672/1286 2658/3367/1287
f 2655/3363/1285 327/498/437 2656/3365/1288 3101/1672/1286
f 3101/1672/1286 2656/3365/1288 338/518/779 2657/3366/1289
f 2658/3367/1287 3101/1672/1286 2657/3366/1289 337/517/800
f 330/504/361 2659/3369/1290 3102/1673/1291 2662/3373/1292
f 2659/3369/1290 329/503/672 2660/3370/1293 3102/1673/1291
f 3102/1673/1291 2660/3370/1293 336/515/651 2661/3372/1294
f 2662/3373/1292 3102/1673/1291 2661/3372/1294 335/513/617
f 334/512/619 2663/3374/1295 3103/1674/1296 2666/3380/1297
f 2663/3374/1295 333/510/649 2664/3376/1298 3103/1674/1296
f 3103/1674/1296 2664/3376/1298 354/551/1206 2665/3378/1299
f 2666/3380/1297 3103/1674/1296 2665/3378/1299 353/548/1190
f 340/522/802 2667/3381/1300 3104/1675/1301 2670/3386/1302
f 2667/3381/1300 339/519/777 2668/3383/1303 3104/1675/1301
f 3104/1675/1301 2668/3383/1303 348/541/998 2669/3384/1304
f 2670/3386/1302 3104/1675/1301 2669/3384/1304 347/539/1048
f 341/523/1305 2671/3388/1306 3105/1676/1307 2674/3394/1308
f 2671/3388/1306 345/532/1064 2672/3390/1309 3105/1676/1307
f 3105/1676/1307 2672/3390/1309 899/1407/1310 2673/3392/1311
f 2674/3394/1308 3105/1676/1307 2673/3392/1311 898/1405/1312
f 342/525/1012 2675/3395/1313 3106/1677/1314 2678/3399/1315
f 2675/3395/1313 341/524/1305 2676/3396/1316 3106/1677/1314
f 3106/1677/1314 2676/3396/1316 350/543/1317 2677/3398/1318
f 2678/3399/1315 3106/1677/1314 2677/3398/1318 349/542/996
f 344/529/1066 2679/3400/1319 3107/1678/1320 2682/3404/1321
f 2679/3400/1319 343/526/1010 2680/3402/1322 3107/1678/1320
f 3107/1678/1320 2680/3402/1322 352/547/1192 2681/3403/1323
f 2682/3404/1321 3107/1678/1320 2681/3403/1323 351/546/1204
f 346/536/1050 2683/3406/1324 3108/1679/1325 2686/3411/1326
f 2683/3406/1324 350/544/1317 2684/3408/1327 3108/1679/1325
f 3108/1679/1325 2684/3408/1327 901/1413/1328 2685/3409/1329
f 2686/3411/1326 3108/1679/1325 2685/3409/1329 900/1410/1330
f 355/553/224 2687/3413/1331 3109/1680/1332 2690/3419/1333
f 2687/3413/1331 358/556/1334 2688/3415/1335 3109/1680/1332
f 3109/1680/1332 2688/3415/1335 714/1076/1336 2689/3417/1337
f 2690/3419/1333 3109/1680/1332 2689/3417/1337 713/1074/1338
f 357/555/1339 2691/3420/1340 3110/1681/1341 2694/3423/1342
f 2691/3420/1340 356/554/222 2692/3421/1343 3110/1681/1341
f 3110/1681/1341 2692/3421/1343 360/560/232 2693/3422/1344
f 2694/3423/1342 3110/1681/1341 2693/3422/1344 359/559/1345
f 358/557/1334 2695/3424/1346 3111/1682/1347 2698/3427/1348
f 2695/3424/1346 357/555/1339 2696/3425/1349 3111/1682/1347
f 3111/1682/1347 2696/3425/1349 414/637/1350 2697/3426/1351
f 2698/3427/1348 3111/1682/1347 2697/3426/1351 413/635/1352
f 359/559/1345 2699/3429/1353 3112/1683/1354 2702/3432/1355
f 2699/3429/1353 362/562/1356 2700/3430/1357 3112/1683/1354
f 3112/1683/1354 2700/3430/1357 419/644/1358 2701/3431/1359
f 2702/3432/1355 3112/1683/1354 2701/3431/1359 418/643/1360
f 362/562/1356 2703/3433/1361 3113/1684/1362 2706/3436/1363
f 2703/3433/1361 361/561/230 2704/3434/1364 3113/1684/1362
f 3113/1684/1362 2704/3434/1364 364/564/254 2705/3435/1365
f 2706/3436/1363 3113/1684/1362 2705/3435/1365 363/563/1366
f 363/563/1366 2707/3437/1367 3114/1685/1368 2710/3440/1369
f 2707/3437/1367 366/566/1370 2708/3438/1371 3114/1685/1368
f 3114/1685/1368 2708/3438/1371 423/648/1372 2709/3439/1373
f 2710/3440/1369 3114/1685/1368 2709/3439/1373 422/647/1374
f 366/566/1370 2711/3441/1375 3115/1686/1376 2714/3444/1377
f 2711/3441/1375 365/565/252 2712/3442/1378 3115/1686/1376
f 3115/1686/1376 2712/3442/1378 380/584/794 2713/3443/1379
f 2714/3444/1377 3115/1686/1376 2713/3443/1379 379/583/1380
f 367/567/1381 2715/3445/1382 3116/1687/1383 2718/3448/1384
f 2715/3445/1382 370/570/1385 2716/3446/1386 3116/1687/1383
f 3116/1687/1383 2716/3446/1386 433/664/1387 2717/3447/1388
f 2718/3448/1384 3116/1687/1383 2717/3447/1388 432/663/1389
f 368/568/635 2719/3449/1390 3117/1688/1391 2722/3452/1392
f 2719/3449/1390 367/567/1381 2720/3450/1393 3117/1688/1391
f 3117/1688/1391 2720/3450/1393 406/622/1394 2721/3451/1395
f 2722/3452/1392 3117/1688/1391 2721/3451/1395 405/621/1197
f 370/570/1385 2723/3453/1396 3118/1689/1397 2726/3456/1398
f 2723/3453/1396 369/569/633 2724/3454/1399 3118/1689/1397
f 3118/1689/1397 2724/3454/1399 372/572/666 2725/3455/1400
f 2726/3456/1398 3118/1689/1397 2725/3455/1400 371/571/1401
f 371/571/1401 2727/3457/1402 3119/1690/1403 2730/3460/1404
f 2727/3457/1402 374/574/1405 2728/3458/1406 3119/1690/1403
f 3119/1690/1403 2728/3458/1406 437/668/1407 2729/3459/1408
f 2730/3460/1404 3119/1690/1403 2729/3459/1408 436/667/1409
f 374/574/1405 2731/3461/1410 3120/1691/1411 2734/3464/1412
f 2731/3461/1410 373/573/664 2732/3462/1413 3120/1691/1411
f 3120/1691/1411 2732/3462/1413 377/580/694 2733/3463/1414
f 2734/3464/1412 3120/1691/1411 2733/3463/1414 376/579/1415
f 375/575/1416 2735/3465/1417 3121/1692/1418 2738/3470/1419
f 2735/3465/1417 378/582/692 2736/3467/1420 3121/1692/1418
f 3121/1692/1418 2736/3467/1420 726/1100/1421 2737/3468/1422
f 2738/3470/1419 3121/1692/1418 2737/3468/1422 725/1097/1423
f 376/579/1415 2739/3472/1424 3122/1693/1425 2742/3477/1426
f 2739/3472/1424 375/577/1416 2740/3474/1427 3122/1693/1425
f 3122/1693/1425 2740/3474/1427 442/675/1428 2741/3476/1429
f 2742/3477/1426 3122/1693/1425 2741/3476/1429 441/674/1430
f 379/583/1380 2743/3478/1431 3123/1694/1432 2746/3481/1433
f 2743/3478/1431 382/586/1434 2744/3479/1435 3123/1694/1432
f 3123/1694/1432 2744/3479/1435 445/679/1436 2745/3480/1437
f 2746/3481/1433 3123/1694/1432 2745/3480/1437 444/678/1438
f 382/586/1434 2747/3482/1439 3124/1695/1440 2750/3485/1441
f 2747/3482/1439 381/585/792 2748/3483/1442 3124/1695/1440
f 3124/1695/1440 2748/3483/1442 390/600/1043 2749/3484/1443
f 2750/3485/1441 3124/1695/1440 2749/3484/1443 389/599/1444
f 383/587/1445 2751/3486/1446 3125/1696/1447 2754/3491/1448
f 2751/3486/1446 385/591/1449 2752/3488/1450 3125/1696/1447
f 3125/1696/1447 2752/3488/1450 716/1082/1451 2753/3489/1452
f 2754/3491/1448 3125/1696/1447 2753/3489/1452 715/1079/1453
f 384/590/1454 2755/3493/1455 3126/1697/1456 2758/3497/1457
f 2755/3493/1455 383/589/1445 2756/3494/1458 3126/1697/1456
f 3126/1697/1456 2756/3494/1458 427/654/1459 2757/3496/1460
f 2758/3497/1457 3126/1697/1456 2757/3496/1460 426/653/1461
f 385/592/1449 2759/3498/1462 3127/1698/1463 2762/3501/1464
f 2759/3498/1462 384/590/1454 2760/3499/1465 3127/1698/1463
f 3127/1698/1463 2760/3499/1465 387/595/1466 2761/3500/1467
f 2762/3501/1464 3127/1698/1463 2761/3500/1467 386/593/1468
f 386/594/1468 2763/3503/1469 3128/1699/1470 2766/3509/1471
f 2763/3503/1469 388/596/1472 2764/3505/1473 3128/1699/1470
f 3128/1699/1470 2764/3505/1473 733/1109/1474 2765/3507/1475
f 2766/3509/1471 3128/1699/1470 2765/3507/1475 732/1107/1476
f 388/597/1472 2767/3510/1477 3129/1700/1478 2770/3513/1479
f 2767/3510/1477 387/595/1466 2768/3511/1480 3129/1700/1478
f 3129/1700/1478 2768/3511/1480 448/683/1481 2769/3512/1482
f 2770/3513/1479 3129/1700/1478 2769/3512/1482 447/681/1483
f 389/599/1444 2771/3515/1484 3130/1701/1485 2774/3518/1486
f 2771/3515/1484 392/602/1487 2772/3516/1488 3130/1701/1485
f 3130/1701/1485 2772/3516/1488 455/695/1489 2773/3517/1490
f 2774/3518/1486 3130/1701/1485 2773/3517/1490 454/694/1491
f 392/602/1487 2775/3519/1492 3131/1702/1493 2778/3522/1494
f 2775/3519/1492 391/601/1041 2776/3520/1495 3131/1702/1493
f 3131/1702/1493 2776/3520/1495 394/604/1081 2777/3521/1496
f 2778/3522/1494 3131/1702/1493 2777/3521/1496 393/603/1497
f 393/603/1497 2779/3523/1498 3132/1703/1499 2782/3526/1500
f 2779/3523/1498 396/606/1501 2780/3524/1502 3132/1703/1499
f 3132/1703/1499 2780/3524/1502 459/699/1503 2781/3525/1504
f 2782/3526/1500 3132/1703/1499 2781/3525/1504 458/698/1505
f 396/606/1501 2783/3527/1506 3133/1704/1507 2786/3530/1508
f 2783/3527/1506 395/605/1079 2784/3528/1509 3133/1704/1507
f 3133/1704/1507 2784/3528/1509 404/620/1199 2785/3529/1510
f 2786/3530/1508 3133/1704/1507 2785/3529/1510 403/619/1511
f 397/607/1512 2787/3531/1513 3134/1705/1514 2790/3536/1515
f 2787/3531/1513 399/611/1516 2788/3533/1517 3134/1705/1514
f 3134/1705/1514 2788/3533/1517 735/1115/1518 2789/3534/1519
f 2790/3536/1515 3134/1705/1514 2789/3534/1519 734/1112/1520
f 398/610/1521 2791/3538/1522 3135/1706/1523 2794/3542/1524
f 2791/3538/1522 397/609/1512 2792/3539/1525 3135/1706/1523
f 3135/1706/1523 2792/3539/1525 452/691/1526 2793/3541/1527
f 2794/3542/1524 3135/1706/1523 2793/3541/1527 451/690/1528
f 399/612/1516 2795/3543/1529 3136/1707/1530 2798/3546/1531
f 2795/3543/1529 398/610/1521 2796/3544/1532 3136/1707/1530
f 3136/1707/1530 2796/3544/1532 401/615/1533 2797/3545/1534
f 2798/3546/1531 3136/1707/1530 2797/3545/1534 400/613/1535
f 400/614/1535 2799/3548/1536 3137/1708/1537 2802/3554/1538
f 2799/3548/1536 402/616/1539 2800/3550/1540 3137/1708/1537
f 3137/1708/1537 2800/3550/1540 743/1125/1541 2801/3552/1542
f 2802/3554/1538 3137/1708/1537 2801/3552/1542 742/1123/1543
f 402/617/1539 2803/3555/1544 3138/1709/1545 2806/3558/1546
f 2803/3555/1544 401/615/1533 2804/3556/1547 3138/1709/1545
f 3138/1709/1545 2804/3556/1547 462/703/1548 2805/3557/1549
f 2806/3558/1546 3138/1709/1545 2805/3557/1549 461/701/1550
f 403/619/1511 2807/3560/1551 3139/1710/1552 2810/3563/1553
f 2807/3560/1551 406/622/1394 2808/3561/1554 3139/1710/1552
f 3139/1710/1552 2808/3561/1554 466/709/1555 2809/3562/1556
f 2810/3563/1553 3139/1710/1552 2809/3562/1556 465/708/1557
f 407/623/1558 2811/3564/1559 3140/1711/1560 2814/3570/1561
f 2811/3564/1559 409/626/1562 2812/3566/1563 3140/1711/1560
f 3140/1711/1560 2812/3566/1563 724/1094/1564 2813/3568/1565
f 2814/3570/1561 3140/1711/1560 2813/3568/1565 723/1091/1566
f 408/625/1567 2815/3571/1568 3141/1712/1569 2818/3575/1570
f 2815/3571/1568 407/624/1558 2816/3572/1571 3141/1712/1569
f 3141/1712/1569 2816/3572/1571 412/633/1572 2817/3574/1573
f 2818/3575/1570 3141/1712/1569 2817/3574/1573 411/632/1574
f 409/627/1562 2819/3576/1575 3142/1713/1576 2822/3579/1577
f 2819/3576/1575 408/625/1567 2820/3577/1578 3142/1713/1576
f 3142/1713/1576 2820/3577/1578 429/658/1579 2821/3578/1580
f 2822/3579/1577 3142/1713/1576 2821/3578/1580 428/656/1581
f 410/629/1582 2823/3581/1583 3143/1714/1584 2826/3586/1585
f 2823/3581/1583 412/634/1572 2824/3583/1586 3143/1714/1584
f 3143/1714/1584 2824/3583/1586 745/1131/1587 2825/3584/1588
f 2826/3586/1585 3143/1714/1584 2825/3584/1588 744/1128/1589
f 411/632/1574 2827/3588/1590 3144/1715/1591 2830/3592/1592
f 2827/3588/1590 410/631/1582 2828/3589/1593 3144/1715/1591
f 3144/1715/1591 2828/3589/1593 470/715/1594 2829/3591/1595
f 2830/3592/1592 3144/1715/1591 2829/3591/1595 469/714/1596
f 413/636/1352 2831/3593/1597 3145/1716/1598 2834/3599/1599
f 2831/3593/1597 416/639/1600 2832/3595/1601 3145/1716/1598
f 3145/1716/1598 2832/3595/1601 752/1141/1602 2833/3597/1603
f 2834/3599/1599 3145/1716/1598 2833/3597/1603 751/1139/1604
f 415/638/1605 2835/3600/1606 3146/1717/1607 2838/3603/1608
f 2835/3600/1606 414/637/1350 2836/3601/1609 3146/1717/1607
f 3146/1717/1607 2836/3601/1609 418/643/1360 2837/3602/1610
f 2838/3603/1608 3146/1717/1607 2837/3602/1610 417/642/1611
f 416/640/1600 2839/3604/1612 3147/1718/1613 2842/3607/1614
f 2839/3604/1612 415/638/1605 2840/3605/1615 3147/1718/1613
f 3147/1718/1613 2840/3605/1615 472/719/1616 2841/3606/1617
f 2842/3607/1614 3147/1718/1613 2841/3606/1617 471/717/1618
f 417/642/1611 2843/3609/1619 3148/1719/1620 2846/3612/1621
f 2843/3609/1619 420/645/1622 2844/3610/1623 3148/1719/1620
f 3148/1719/1620 2844/3610/1623 477/726/1624 2845/3611/1625
f 2846/3612/1621 3148/1719/1620 2845/3611/1625 476/725/1626
f 420/645/1622 2847/3613/1627 3149/1720/1628 2850/3616/1629
f 2847/3613/1627 419/644/1358 2848/3614/1630 3149/1720/1628
f 3149/1720/1628 2848/3614/1630 422/647/1374 2849/3615/1631
f 2850/3616/1629 3149/1720/1628 2849/3615/1631 421/646/1632
f 421/646/1632 2851/3617/1633 3150/1721/1634 2854/3620/1635
f 2851/3617/1633 424/649/1636 2852/3618/1637 3150/1721/1634
f 3150/1721/1634 2852/3618/1637 481/730/1638 2853/3619/1639
f 2854/3620/1635 3150/1721/1634 2853/3619/1639 480/729/1640
f 424/649/1636 2855/3621/1641 3151/1722/1642 2858/3624/1643
f 2855/3621/1641 423/648/1372 2856/3622/1644 3151/1722/1642
f 3151/1722/1642 2856/3622/1644 444/678/1438 2857/3623/1645
f 2858/3624/1643 3151/1722/1642 2857/3623/1645 443/677/1646
f 425/650/1647 2859/3625/1648 3152/1723/1649 2862/3630/1650
f 2859/3625/1648 427/655/1459 2860/3627/1651 3152/1723/1649
f 3152/1723/1649 2860/3627/1651 754/1148/1652 2861/3628/1653
f 2862/3630/1650 3152/1723/1649 2861/3628/1653 753/1144/1654
f 426/653/1461 2863/3632/1655 3153/1724/1656 2866/3636/1657
f 2863/3632/1655 425/652/1647 2864/3633/1658 3153/1724/1656
f 3153/1724/1656 2864/3633/1658 449/684/1659 2865/3635/1660
f 2866/3636/1657 3153/1724/1656 2865/3635/1660 448/683/1481
f 428/657/1581 2867/3637/1661 3154/1725/1662 2870/3643/1663
f 2867/3637/1661 430/659/1664 2868/3639/1665 3154/1725/1662
f 3154/1725/1662 2868/3639/1665 762/1158/1666 2869/3641/1667
f 2870/3643/1663 3154/1725/1662 2869/3641/1667 761/1156/1668
f 430/660/1664 2871/3644/1669 3155/1726/1670 2874/3647/1671
f 2871/3644/1669 429/658/1579 2872/3645/1672 3155/1726/1670
f 3155/1726/1670 2872/3645/1672 469/714/1596 2873/3646/1673
f 2874/3647/1671 3155/1726/1670 2873/3646/1673 468/711/1674
f 431/662/1675 2875/3649/1676 3156/1727/1677 2878/3652/1678
f 2875/3649/1676 434/665/1679 2876/3650/1680 3156/1727/1677
f 3156/1727/1677 2876/3650/1680 485/734/1681 2877/3651/1682
f 2878/3652/1678 3156/1727/1677 2877/3651/1682 484/733/1683
f 432/663/1389 2879/3653/1684 3157/1728/1685 2882/3656/1686
f 2879/3653/1684 431/662/1675 2880/3654/1687 3157/1728/1685
f 3157/1728/1685 2880/3654/1687 467/710/1688 2881/3655/1689
f 2882/3656/1686 3157/1728/1685 2881/3655/1689 466/709/1555
f 434/665/1679 2883/3657/1690 3158/1729/1691 2886/3660/1692
f 2883/3657/1690 433/664/1387 2884/3658/1693 3158/1729/1691
f 3158/1729/1691 2884/3658/1693 436/667/1409 2885/3659/1694
f 2886/3660/1692 3158/1729/1691 2885/3659/1694 435/666/1695
f 435/666/1695 2887/3661/1696 3159/1730/1697 2890/3664/1698
f 2887/3661/1696 438/669/1699 2888/3662/1700 3159/1730/1697
f 3159/1730/1697 2888/3662/1700 489/738/1701 2889/3663/1702
f 2890/3664/1698 3159/1730/1697 2889/3663/1702 488/737/1703
f 438/669/1699 2891/3665/1704 3160/1731/1705 2894/3668/1706
f 2891/3665/1704 437/668/1407 2892/3666/1707 3160/1731/1705
f 3160/1731/1705 2892/3666/1707 441/674/1430 2893/3667/1708
f 2894/3668/1706 3160/1731/1705 2893/3667/1708 440/673/1709
f 439/670/1710 2895/3669/1711 3161/1732/1712 2898/3674/1713
f 2895/3669/1711 442/676/1428 2896/3671/1714 3161/1732/1712
f 3161/1732/1712 2896/3671/1714 764/1165/1715 2897/3672/1716
f 2898/3674/1713 3161/1732/1712 2897/3672/1716 763/1162/1717
f 440/673/1709 2899/3676/1718 3162/1733/1719 2902/3680/1720
f 2899/3676/1718 439/672/1710 2900/3677/1721 3162/1733/1719
f 3162/1733/1719 2900/3677/1721 494/746/1722 2901/3679/1723
f 2902/3680/1720 3162/1733/1719 2901/3679/1723 493/745/1724
f 443/677/1646 2903/3681/1725 3163/1734/1726 2906/3684/1727
f 2903/3681/1725 446/680/1728 2904/3682/1729 3163/1734/1726
f 3163/1734/1726 2904/3682/1729 497/750/1730 2905/3683/1731
f 2906/3684/1727 3163/1734/1726 2905/3683/1731 496/749/1732
f 446/680/1728 2907/3685/1733 3164/1735/1734 2910/3688/1735
f 2907/3685/1733 445/679/1436 2908/3686/1736 3164/1735/1734
f 3164/1735/1734 2908/3686/1736 454/694/1491 2909/3687/1737
f 2910/3688/1735 3164/1735/1734 2909/3687/1737 453/693/1738
f 447/682/1483 2911/3689/1739 3165/1736/1740 2914/3695/1741
f 2911/3689/1739 449/686/1659 2912/3691/1742 3165/1736/1740
f 3165/1736/1740 2912/3691/1742 770/1173/1743 2913/3693/1744
f 2914/3695/1741 3165/1736/1740 2913/3693/1744 769/1171/1745
f 450/687/1746 2915/3696/1747 3166/1737/1748 2918/3701/1749
f 2915/3696/1747 452/692/1526 2916/3698/1750 3166/1737/1748
f 3166/1737/1748 2916/3698/1750 774/1183/1751 2917/3699/1752
f 2918/3701/1749 3166/1737/1748 2917/3699/1752 773/1179/1753
f 451/690/1528 2919/3703/1754 3167/1738/1755 2922/3707/1756
f 2919/3703/1754 450/689/1746 2920/3704/1757 3167/1738/1755
f 3167/1738/1755 2920/3704/1757 463/704/1758 2921/3706/1759
f 2922/3707/1756 3167/1738/1755 2921/3706/1759 462/703/1548
f 453/693/1738 2923/3708/1760 3168/1739/1761 978/3711/1762
f 2923/3708/1760 456/696/1763 2924/3709/1764 3168/1739/1761
f 3168/1739/1761 2924/3709/1764 507/766/1765 977/3710/1766
f 978/3711/1762 3168/1739/1761 977/3710/1766 506/765/1767
f 456/696/1763 979/3712/1768 3169/1740/1769 982/3715/1770
f 979/3712/1768 455/695/1489 980/3713/1771 3169/1740/1769
f 3169/1740/1769 980/3713/1771 458/698/1505 981/3714/1772
f 982/3715/1770 3169/1740/1769 981/3714/1772 457/697/1773
f 457/697/1773 983/3716/1774 3170/1741/1775 986/3719/1776
f 983/3716/1774 460/700/1777 984/3717/1778 3170/1741/1775
f 3170/1741/1775 984/3717/1778 511/770/1779 985/3718/1780
f 986/3719/1776 3170/1741/1775 985/3718/1780 510/769/1781
f 460/700/1777 987/3720/1782 3171/1742/1783 990/3723/1784
f 987/3720/1782 459/699/1503 988/3721/1785 3171/1742/1783
f 3171/1742/1783 988/3721/1785 465/708/1557 989/3722/1786
f 990/3723/1784 3171/1742/1783 989/3722/1786 464/707/1787
f 461/702/1550 991/3724/1788 3172/1743/1789 994/3730/1790
f 991/3724/1788 463/706/1758 992/3726/1791 3172/1743/1789
f 3172/1743/1789 992/3726/1791 780/1191/1792 993/3728/1793
f 994/3730/1790 3172/1743/1789 993/3728/1793 779/1189/1794
f 464/707/1787 995/3731/1795 3173/1744/1796 998/3734/1797
f 995/3731/1795 467/710/1688 996/3732/1798 3173/1744/1796
f 3173/1744/1796 996/3732/1798 521/786/1799 997/3733/1800
f 998/3734/1797 3173/1744/1796 997/3733/1800 520/785/1801
f 468/712/1674 999/3735/1802 3174/1745/1803 1002/3740/1804
f 999/3735/1802 470/716/1594 1000/3737/1805 3174/1745/1803
f 3174/1745/1803 1000/3737/1805 783/1200/1806 1001/3738/1807
f 1002/3740/1804 3174/1745/1803 1001/3738/1807 782/1196/1808
f 471/718/1618 1003/3742/1809 3175/1746/1810 1006/3748/1811
f 1003/3742/1809 474/721/1812 1004/3744/1813 3175/1746/1810
f 3175/1746/1810 1004/3744/1813 790/1209/1814 1005/3746/1815
f 1006/3748/1811 3175/1746/1810 1005/3746/1815 789/1207/1816
f 473/720/1817 1007/3749/1818 3176/1747/1819 1010/3752/1820
f 1007/3749/1818 472/719/1616 1008/3750/1821 3176/1747/1819
f 3176/1747/1819 1008/3750/1821 476/725/1626 1009/3751/1822
f 1010/3752/1820 3176/1747/1819 1009/3751/1822 475/724/1823
f 474/722/1812 1011/3753/1824 3177/1748/1825 1014/3756/1826
f 1011/3753/1824 473/720/1817 1012/3754/1827 3177/1748/1825
f 3177/1748/1825 1012/3754/1827 530/802/1828 1013/3755/1829
f 1014/3756/1826 3177/1748/1825 1013/3755/1829 529/800/1830
f 475/724/1823 1015/3758/1831 3178/1749/1832 1018/3761/1833
f 1015/3758/1831 478/727/1834 1016/3759/1835 3178/1749/1832
f 3178/1749/1832 1016/3759/1835 535/809/1836 1017/3760/1837
f 1018/3761/1833 3178/1749/1832 1017/3760/1837 534/808/1838
f 478/727/1834 1019/3762/1839 3179/1750/1840 1022/3765/1841
f 1019/3762/1839 477/726/1624 1020/3763/1842 3179/1750/1840
f 3179/1750/1840 1020/3763/1842 480/729/1640 1021/3764/1843
f 1022/3765/1841 3179/1750/1840 1021/3764/1843 479/728/1844
f 479/728/1844 1023/3766/1845 3180/1751/1846 1026/3769/1847
f 1023/3766/1845 482/731/1848 1024/3767/1849 3180/1751/1846
f 3180/1751/1846 1024/3767/1849 539/813/1850 1025/3768/1851
f 1026/3769/1847 3180/1751/1846 1025/3768/1851 538/812/1852
f 482/731/1848 1027/3770/1853 3181/1752/1854 1030/3773/1855
f 1027/3770/1853 481/730/1638 1028/3771/1856 3181/1752/1854
f 3181/1752/1854 1028/3771/1856 496/749/1732 1029/3772/1857
f 1030/3773/1855 3181/1752/1854 1029/3772/1857 495/748/1858
f 483/732/1859 1031/3774/1860 3182/1753/1861 1034/3777/1862
f 1031/3774/1860 486/735/1863 1032/3775/1864 3182/1753/1861
f 3182/1753/1861 1032/3775/1864 549/829/1865 1033/3776/1866
f 1034/3777/1862 3182/1753/1861 1033/3776/1866 548/828/1867
f 484/733/1683 1035/3778/1868 3183/1754/1869 1038/3781/1870
f 1035/3778/1868 483/732/1859 1036/3779/1871 3183/1754/1869
f 3183/1754/1869 1036/3779/1871 522/787/1872 1037/3780/1873
f 1038/3781/1870 3183/1754/1869 1037/3780/1873 521/786/1799
f 486/735/1863 1039/3782/1874 3184/1755/1875 1042/3785/1876
f 1039/3782/1874 485/734/1681 1040/3783/1877 3184/1755/1875
f 3184/1755/1875 1040/3783/1877 488/737/1703 1041/3784/1878
f 1042/3785/1876 3184/1755/1875 1041/3784/1878 487/736/1879
f 487/736/1879 1043/3786/1880 3185/1756/1881 1046/3789/1882
f 1043/3786/1880 490/739/1883 1044/3787/1884 3185/1756/1881
f 3185/1756/1881 1044/3787/1884 553/833/1885 1045/3788/1886
f 1046/3789/1882 3185/1756/1881 1045/3788/1886 552/832/1887
f 490/739/1883 1047/3790/1888 3186/1757/1889 1050/3793/1890
f 1047/3790/1888 489/738/1701 1048/3791/1891 3186/1757/1889
f 3186/1757/1889 1048/3791/1891 493/745/1724 1049/3792/1892
f 1050/3793/1890 3186/1757/1889 1049/3792/1892 492/744/1893
f 491/740/1894 1051/3794/1895 3187/1758/1896 1054/3799/1897
f 1051/3794/1895 494/747/1722 1052/3796/1898 3187/1758/1896
f 3187/1758/1896 1052/3796/1898 802/1233/1899 1053/3797/1900
f 1054/3799/1897 3187/1758/1896 1053/3797/1900 801/1230/1901
f 492/744/1893 1055/3801/1902 3188/1759/1903 1058/3806/1904
f 1055/3801/1902 491/742/1894 1056/3803/1905 3188/1759/1903
f 3188/1759/1903 1056/3803/1905 558/839/1906 1057/3805/1907
f 1058/3806/1904 3188/1759/1903 1057/3805/1907 557/838/1908
f 495/748/1858 1059/3807/1909 3189/1760/1910 1062/3810/1911
f 1059/3807/1909 498/751/1912 1060/3808/1913 3189/1760/1910
f 3189/1760/1910 1060/3808/1913 561/843/1914 1061/3809/1915
f 1062/3810/1911 3189/1760/1910 1061/3809/1915 560/842/1916
f 498/751/1912 1063/3811/1917 3190/1761/1918 1066/3814/1919
f 1063/3811/1917 497/750/1730 1064/3812/1920 3190/1761/1918
f 3190/1761/1918 1064/3812/1920 506/765/1767 1065/3813/1921
f 1066/3814/1919 3190/1761/1918 1065/3813/1921 505/764/1922
f 499/752/1923 1067/3815/1924 3191/1762/1925 1070/3820/1926
f 1067/3815/1924 501/756/1927 1068/3817/1928 3191/1762/1925
f 3191/1762/1925 1068/3817/1928 792/1215/1929 1069/3818/1930
f 1070/3820/1926 3191/1762/1925 1069/3818/1930 791/1212/1931
f 500/755/1932 1071/3822/1933 3192/1763/1934 1074/3826/1935
f 1071/3822/1933 499/754/1923 1072/3823/1936 3192/1763/1934
f 3192/1763/1934 1072/3823/1936 543/819/1937 1073/3825/1938
f 1074/3826/1935 3192/1763/1934 1073/3825/1938 542/818/1939
f 501/757/1927 1075/3827/1940 3193/1764/1941 1078/3830/1942
f 1075/3827/1940 500/755/1932 1076/3828/1943 3193/1764/1941
f 3193/1764/1941 1076/3828/1943 503/760/1944 1077/3829/1945
f 1078/3830/1942 3193/1764/1941 1077/3829/1945 502/758/1946
f 502/759/1946 1079/3832/1947 3194/1765/1948 1082/3838/1949
f 1079/3832/1947 504/761/1950 1080/3834/1951 3194/1765/1948
f 3194/1765/1948 1080/3834/1951 809/1242/1952 1081/3836/1953
f 1082/3838/1949 3194/1765/1948 1081/3836/1953 808/1240/1954
f 504/762/1950 1083/3839/1955 3195/1766/1956 1086/3842/1957
f 1083/3839/1955 503/760/1944 1084/3840/1958 3195/1766/1956
f 3195/1766/1956 1084/3840/1958 564/847/1959 1085/3841/1960
f 1086/3842/1957 3195/1766/1956 1085/3841/1960 563/845/1961
f 505/764/1922 1087/3844/1962 3196/1767/1963 1090/3847/1964
f 1087/3844/1962 508/767/1965 1088/3845/1966 3196/1767/1963
f 3196/1767/1963 1088/3845/1966 571/858/1967 1089/3846/1968
f 1090/3847/1964 3196/1767/1963 1089/3846/1968 570/857/1969
f 508/767/1965 1091/3848/1970 3197/1768/1971 1094/3851/1972
f 1091/3848/1970 507/766/1765 1092/3849/1973 3197/1768/1971
f 3197/1768/1971 1092/3849/1973 510/769/1781 1093/3850/1974
f 1094/3851/1972 3197/1768/1971 1093/3850/1974 509/768/1975
f 509/768/1975 1095/3852/1976 3198/1769/1977 1098/3855/1978
f 1095/3852/1976 512/771/1979 1096/3853/1980 3198/1769/1977
f 3198/1769/1977 1096/3853/1980 575/862/1981 1097/3854/1982
f 1098/3855/1978 3198/1769/1977 1097/3854/1982 574/861/1983
f 512/771/1979 1099/3856/1984 3199/1770/1985 1102/3859/1986
f 1099/3856/1984 511/770/1779 1100/3857/1987 3199/1770/1985
f 3199/1770/1985 1100/3857/1987 520/785/1801 1101/3858/1988
f 1102/3859/1986 3199/1770/1985 1101/3858/1988 519/784/1989
f 513/772/1990 1103/3860/1991 3200/1771/1992 1106/3865/1993
f 1103/3860/1991 515/776/1994 1104/3862/1995 3200/1771/1992
f 3200/1771/1992 1104/3862/1995 811/1248/1996 1105/3863/1997
f 1106/3865/1993 3200/1771/1992 1105/3863/1997 810/1245/1998
f 514/775/1999 1107/3867/2000 3201/1772/2001 1110/3871/2002
f 1107/3867/2000 513/774/1990 1108/3868/2003 3201/1772/2001
f 3201/1772/2001 1108/3868/2003 568/854/2004 1109/3870/2005
f 1110/3871/2002 3201/1772/2001 1109/3870/2005 567/853/2006
f 515/777/1994 1111/3872/2007 3202/1773/2008 1114/3875/2009
f 1111/3872/2007 514/775/1999 1112/3873/2010 3202/1773/2008
f 3202/1773/2008 1112/3873/2010 517/780/2011 1113/3874/2012
f 1114/3875/2009 3202/1773/2008 1113/3874/2012 516/778/2013
f 516/779/2013 1115/3877/2014 3203/1774/2015 1118/3883/2016
f 1115/3877/2014 518/781/2017 1116/3879/2018 3203/1774/2015
f 3203/1774/2015 1116/3879/2018 819/1258/2019 1117/3881/2020
f 1118/3883/2016 3203/1774/2015 1117/3881/2020 818/1256/2021
f 518/782/2017 1119/3884/2022 3204/1775/2023 1122/3887/2024
f 1119/3884/2022 517/780/2011 1120/3885/2025 3204/1775/2023
f 3204/1775/2023 1120/3885/2025 578/866/2026 1121/3886/2027
f 1122/3887/2024 3204/1775/2023 1121/3886/2027 577/864/2028
f 519/784/1989 1123/3889/2029 3205/1776/2030 1126/3892/2031
f 1123/3889/2029 522/787/1872 1124/3890/2032 3205/1776/2030
f 3205/1776/2030 1124/3890/2032 582/872/2033 1125/3891/2034
f 1126/3892/2031 3205/1776/2030 1125/3891/2034 581/871/2035
f 523/788/2036 1127/3893/2037 3206/1777/2038 1130/3899/2039
f 1127/3893/2037 525/791/2040 1128/3895/2041 3206/1777/2038
f 3206/1777/2038 1128/3895/2041 800/1227/2042 1129/3897/2043
f 1130/3899/2039 3206/1777/2038 1129/3897/2043 799/1224/2044
f 524/790/2045 1131/3900/2046 3207/1778/2047 1134/3904/2048
f 1131/3900/2046 523/789/2036 1132/3901/2049 3207/1778/2047
f 3207/1778/2047 1132/3901/2049 528/798/2050 1133/3903/2051
f 1134/3904/2048 3207/1778/2047 1133/3903/2051 527/797/2052
f 525/792/2040 1135/3905/2053 3208/1779/2054 1138/3908/2055
f 1135/3905/2053 524/790/2045 1136/3906/2056 3208/1779/2054
f 3208/1779/2054 1136/3906/2056 545/823/2057 1137/3907/2058
f 1138/3908/2055 3208/1779/2054 1137/3907/2058 544/821/2059
f 526/794/2060 1139/3910/2061 3209/1780/2062 1142/3915/2063
f 1139/3910/2061 528/799/2050 1140/3912/2064 3209/1780/2062
f 3209/1780/2062 1140/3912/2064 821/1264/2065 1141/3913/2066
f 1142/3915/2063 3209/1780/2062 1141/3913/2066 820/1261/2067
f 527/797/2052 1143/3917/2068 3210/1781/2069 1146/3921/2070
f 1143/3917/2068 526/796/2060 1144/3918/2071 3210/1781/2069
f 3210/1781/2069 1144/3918/2071 586/878/2072 1145/3920/2073
f 1146/3921/2070 3210/1781/2069 1145/3920/2073 585/877/2074
f 529/801/1830 1147/3922/2075 3211/1782/2076 1150/3928/2077
f 1147/3922/2075 532/804/2078 1148/3924/2079 3211/1782/2076
f 3211/1782/2076 1148/3924/2079 828/1274/2080 1149/3926/2081
f 1150/3928/2077 3211/1782/2076 1149/3926/2081 827/1272/2082
f 531/803/2083 1151/3929/2084 3212/1783/2085 1154/3932/2086
f 1151/3929/2084 530/802/1828 1152/3930/2087 3212/1783/2085
f 3212/1783/2085 1152/3930/2087 534/808/1838 1153/3931/2088
f 1154/3932/2086 3212/1783/2085 1153/3931/2088 533/807/2089
f 532/805/2078 1155/3933/2090 3213/1784/2091 1158/3936/2092
f 1155/3933/2090 531/803/2083 1156/3934/2093 3213/1784/2091
f 3213/1784/2091 1156/3934/2093 588/882/2094 1157/3935/2095
f 1158/3936/2092 3213/1784/2091 1157/3935/2095 587/880/2096
f 533/807/2089 1159/3938/2097 3214/1785/2098 1162/3941/2099
f 1159/3938/2097 536/810/2100 1160/3939/2101 3214/1785/2098
f 3214/1785/2098 1160/3939/2101 593/889/2102 1161/3940/2103
f 1162/3941/2099 3214/1785/2098 1161/3940/2103 592/888/2104
f 536/810/2100 1163/3942/2105 3215/1786/2106 1166/3945/2107
f 1163/3942/2105 535/809/1836 1164/3943/2108 3215/1786/2106
f 3215/1786/2106 1164/3943/2108 538/812/1852 1165/3944/2109
f 1166/3945/2107 3215/1786/2106 1165/3944/2109 537/811/2110
f 537/811/2110 1167/3946/2111 3216/1787/2112 1170/3949/2113
f 1167/3946/2111 540/814/2114 1168/3947/2115 3216/1787/2112
f 3216/1787/2112 1168/3947/2115 597/893/2116 1169/3948/2117
f 1170/3949/2113 3216/1787/2112 1169/3948/2117 596/892/2118
f 540/814/2114 1171/3950/2119 3217/1788/2120 1174/3953/2121
f 1171/3950/2119 539/813/1850 1172/3951/2122 3217/1788/2120
f 3217/1788/2120 1172/3951/2122 560/842/1916 1173/3952/2123
f 1174/3953/2121 3217/1788/2120 1173/3952/2123 559/841/2124
f 541/815/2125 1175/3954/2126 3218/1789/2127 1178/3959/2128
f 1175/3954/2126 543/820/1937 1176/3956/2129 3218/1789/2127
f 3218/1789/2127 1176/3956/2129 832/1284/2130 1177/3957/2131
f 1178/3959/2128 3218/1789/2127 1177/3957/2131 831/1281/2132
f 542/818/1939 1179/3961/2133 3219/1790/2134 1182/3965/2135
f 1179/3961/2133 541/817/2125 1180/3962/2136 3219/1790/2134
f 3219/1790/2134 1180/3962/2136 565/848/2137 1181/3964/2138
f 1182/3965/2135 3219/1790/2134 1181/3964/2138 564/847/1959
f 544/822/2059 1183/3966/2139 3220/1791/2140 1186/3972/2141
f 1183/3966/2139 546/824/2142 1184/3968/2143 3220/1791/2140
f 3220/1791/2140 1184/3968/2143 838/1292/2144 1185/3970/2145
f 1186/3972/2141 3220/1791/2140 1185/3970/2145 837/1290/2146
f 546/825/2142 1187/3973/2147 3221/1792/2148 1190/3976/2149
f 1187/3973/2147 545/823/2057 1188/3974/2150 3221/1792/2148
f 3221/1792/2148 1188/3974/2150 585/877/2074 1189/3975/2151
f 1190/3976/2149 3221/1792/2148 1189/3975/2151 584/874/2152
f 547/827/2153 1191/3978/2154 3222/1793/2155 1194/3981/2156
f 1191/3978/2154 550/830/2157 1192/3979/2158 3222/1793/2155
f 3222/1793/2155 1192/3979/2158 603/903/2159 1193/3980/2160
f 1194/3981/2156 3222/1793/2155 1193/3980/2160 602/902/2161
f 548/828/1867 1195/3982/2162 3223/1794/2163 1198/3985/2164
f 1195/3982/2162 547/827/2153 1196/3983/2165 3223/1794/2163
f 3223/1794/2163 1196/3983/2165 583/873/2166 1197/3984/2167
f 1198/3985/2164 3223/1794/2163 1197/3984/2167 582/872/2033
f 550/830/2157 1199/3986/2168 3224/1795/2169 1202/3989/2170
f 1199/3986/2168 549/829/1865 1200/3987/2171 3224/1795/2169
f 3224/1795/2169 1200/3987/2171 552/832/1887 1201/3988/2172
f 1202/3989/2170 3224/1795/2169 1201/3988/2172 551/831/2173
f 551/831/2173 1203/3990/2174 3225/1796/2175 1206/3993/2176
f 1203/3990/2174 554/834/2177 1204/3991/2178 3225/1796/2175
f 3225/1796/2175 1204/3991/2178 612/916/2179 1205/3992/2180
f 1206/3993/2176 3225/1796/2175 1205/3992/2180 611/915/2181
f 554/834/2177 1207/3994/2182 3226/1797/2183 1210/3997/2184
f 1207/3994/2182 553/833/1885 1208/3995/2185 3226/1797/2183
f 3226/1797/2183 1208/3995/2185 557/838/1908 1209/3996/2186
f 1210/3997/2184 3226/1797/2183 1209/3996/2186 556/837/2187
f 555/835/2188 1211/3998/2189 3227/1798/2190 1214/4003/2191
f 1211/3998/2189 558/840/1906 1212/4000/2192 3227/1798/2190
f 3227/1798/2190 1212/4000/2192 842/1301/2193 1213/4001/2194
f 1214/4003/2191 3227/1798/2190 1213/4001/2194 841/1299/2195
f 556/837/2187 1215/4004/2196 3228/1799/2197 1218/4008/2198
f 1215/4004/2196 555/836/2188 1216/4005/2199 3228/1799/2197
f 3228/1799/2197 1216/4005/2199 616/921/2200 1217/4007/2201
f 1218/4008/2198 3228/1799/2197 1217/4007/2201 615/920/2202
f 559/841/2124 1219/4009/2203 3229/1800/2204 1222/4012/2205
f 1219/4009/2203 562/844/2206 1220/4010/2207 3229/1800/2204
f 3229/1800/2204 1220/4010/2207 620/927/2208 1221/4011/2209
f 1222/4012/2205 3229/1800/2204 1221/4011/2209 619/926/2210
f 562/844/2206 1223/4013/2211 3230/1801/2212 1226/4016/2213
f 1223/4013/2211 561/843/1914 1224/4014/2214 3230/1801/2212
f 3230/1801/2212 1224/4014/2214 570/857/1969 1225/4015/2215
f 1226/4016/2213 3230/1801/2212 1225/4015/2215 569/856/2216
f 563/846/1961 1227/4017/2217 3231/1802/2218 1230/4022/2219
f 1227/4017/2217 565/849/2137 1228/4019/2220 3231/1802/2218
f 3231/1802/2218 1228/4019/2220 848/1309/2221 1229/4020/2222
f 1230/4022/2219 3231/1802/2218 1229/4020/2222 847/1307/2223
f 566/850/2224 1231/4023/2225 3232/1803/2226 1234/4028/2227
f 1231/4023/2225 568/855/2004 1232/4025/2228 3232/1803/2226
f 3232/1803/2226 1232/4025/2228 852/1318/2229 1233/4026/2230
f 1234/4028/2227 3232/1803/2226 1233/4026/2230 851/1315/2231
f 567/853/2006 1235/4030/2232 3233/1804/2233 1238/4034/2234
f 1235/4030/2232 566/852/2224 1236/4031/2235 3233/1804/2233
f 3233/1804/2233 1236/4031/2235 579/867/2236 1237/4033/2237
f 1238/4034/2234 3233/1804/2233 1237/4033/2237 578/866/2026
f 569/856/2216 1239/4035/2238 3234/1805/2239 1242/4038/2240
f 1239/4035/2238 572/859/2241 1240/4036/2242 3234/1805/2239
f 3234/1805/2239 1240/4036/2242 626/937/2243 1241/4037/2244
f 1242/4038/2240 3234/1805/2239 1241/4037/2244 625/936/2245
f 572/859/2241 1243/4039/2246 3235/1806/2247 1246/4042/2248
f 1243/4039/2246 571/858/1967 1244/4040/2249 3235/1806/2247
f 3235/1806/2247 1244/4040/2249 574/861/1983 1245/4041/2250
f 1246/4042/2248 3235/1806/2247 1245/4041/2250 573/860/2251
f 573/860/2251 1247/4043/2252 3236/1807/2253 1250/4046/2254
f 1247/4043/2252 576/863/2255 1248/4044/2256 3236/1807/2253
f 3236/1807/2253 1248/4044/2256 636/951/2257 1249/4045/2258
f 1250/4046/2254 3236/1807/2253 1249/4045/2258 635/950/2259
f 576/863/2255 1251/4047/2260 3237/1808/2261 1254/4050/2262
f 1251/4047/2260 575/862/1981 1252/4048/2263 3237/1808/2261
f 3237/1808/2261 1252/4048/2263 581/871/2035 1253/4049/2264
f 1254/4050/2262 3237/1808/2261 1253/4049/2264 580/870/2265
f 577/865/2028 1255/4051/2266 3238/1809/2267 1258/4057/2268
f 1255/4051/2266 579/869/2236 1256/4053/2269 3238/1809/2267
f 3238/1809/2267 1256/4053/2269 858/1326/2270 1257/4055/2271
f 1258/4057/2268 3238/1809/2267 1257/4055/2271 857/1324/2272
f 580/870/2265 1259/4058/2273 3239/1810/2274 1262/4061/2275
f 1259/4058/2273 583/873/2166 1260/4059/2276 3239/1810/2274
f 3239/1810/2274 1260/4059/2276 644/963/2277 1261/4060/2278
f 1262/4061/2275 3239/1810/2274 1261/4060/2278 643/962/2279
f 584/875/2152 1263/4062/2280 3240/1811/2281 1266/4067/2282
f 1263/4062/2280 586/879/2072 1264/4064/2283 3240/1811/2281
f 3240/1811/2281 1264/4064/2283 862/1336/2284 1265/4065/2285
f 1266/4067/2282 3240/1811/2281 1265/4065/2285 861/1333/2286
f 587/881/2096 1267/4069/2287 3241/1812/2288 1270/4074/2289
f 1267/4069/2287 590/884/2290 1268/4071/2291 3241/1812/2288
f 3241/1812/2288 1268/4071/2291 867/1343/2292 1269/4073/2293
f 1270/4074/2289 3241/1812/2288 1269/4073/2293 866/1342/2294
f 589/883/2295 1271/4075/2296 3242/1813/2297 1274/4078/2298
f 1271/4075/2296 588/882/2094 1272/4076/2299 3242/1813/2297
f 3242/1813/2297 1272/4076/2299 592/888/2104 1273/4077/2300
f 1274/4078/2298 3242/1813/2297 1273/4077/2300 591/887/2301
f 590/885/2290 1275/4079/2302 3243/1814/2303 1278/4082/2304
f 1275/4079/2302 589/883/2295 1276/4080/2305 3243/1814/2303
f 3243/1814/2303 1276/4080/2305 599/896/2306 1277/4081/2307
f 1278/4082/2304 3243/1814/2303 1277/4081/2307 598/894/2308
f 591/887/2301 1279/4084/2309 3244/1815/2310 1282/4087/2311
f 1279/4084/2309 593/889/2102 1280/4085/2312 3244/1815/2310
f 3244/1815/2310 1280/4085/2312 596/892/2118 1281/4086/2313
f 1282/4087/2311 3244/1815/2310 1281/4086/2313 595/891/2314
f 594/890/2315 1283/4088/2316 3245/1816/2317 1286/4091/2318
f 1283/4088/2316 597/893/2116 1284/4089/2319 3245/1816/2317
f 3245/1816/2317 1284/4089/2319 619/926/2210 1285/4090/2320
f 1286/4091/2318 3245/1816/2317 1285/4090/2320 618/925/2321
f 595/891/2314 1287/4092/2322 3246/1817/2323 1290/4095/2324
f 1287/4092/2322 594/890/2315 1288/4093/2325 3246/1817/2323
f 3246/1817/2323 1288/4093/2325 600/897/2326 1289/4094/2327
f 1290/4095/2324 3246/1817/2323 1289/4094/2327 599/896/2306
f 598/895/2308 1291/4096/2328 3247/1818/2329 1294/4101/2330
f 1291/4096/2328 601/898/2331 1292/4098/2332 3247/1818/2329
f 3247/1818/2329 1292/4098/2332 871/1351/2333 1293/4100/2334
f 1294/4101/2330 3247/1818/2329 1293/4100/2334 870/1350/2335
f 601/900/2331 1295/4102/2336 3248/1819/2337 1298/4106/2338
f 1295/4102/2336 600/897/2326 1296/4104/2339 3248/1819/2337
f 3248/1819/2337 1296/4104/2339 622/930/2340 1297/4105/2341
f 1298/4106/2338 3248/1819/2337 1297/4105/2341 621/928/2342
f 602/902/2161 1299/4108/2343 3249/1820/2344 1302/4111/2345
f 1299/4108/2343 605/905/2346 1300/4109/2347 3249/1820/2344
f 3249/1820/2344 1300/4109/2347 641/960/2348 1301/4110/2349
f 1302/4111/2345 3249/1820/2344 1301/4110/2349 644/963/2277
f 604/904/2350 1303/4112/2351 3250/1821/2352 1306/4115/2353
f 1303/4112/2351 603/903/2159 1304/4113/2354 3250/1821/2352
f 3250/1821/2352 1304/4113/2354 611/915/2181 1305/4114/2355
f 1306/4115/2353 3250/1821/2352 1305/4114/2355 610/914/2356
f 605/905/2346 1307/4116/2357 3251/1822/2358 1310/4119/2359
f 1307/4116/2357 604/904/2350 1308/4117/2360 3251/1822/2358
f 3251/1822/2358 1308/4117/2360 608/911/2361 1309/4118/2362
f 1310/4119/2359 3251/1822/2358 1309/4118/2362 607/910/2363
f 606/906/2364 1311/4120/2365 3252/1823/2366 1314/4124/2367
f 1311/4120/2365 609/912/2368 1312/4122/2369 3252/1823/2366
f 3252/1823/2366 1312/4122/2369 875/1361/2370 1313/4123/2371
f 1314/4124/2367 3252/1823/2366 1313/4123/2371 874/1359/2372
f 607/910/2363 1315/4126/2373 3253/1824/2374 1318/4132/2375
f 1315/4126/2373 606/908/2364 1316/4128/2376 3253/1824/2374
f 3253/1824/2374 1316/4128/2376 648/968/2377 1317/4130/2378
f 1318/4132/2375 3253/1824/2374 1317/4130/2378 647/967/2379
f 609/913/2368 1319/4133/2380 3254/1825/2381 1322/4136/2382
f 1319/4133/2380 608/911/2361 1320/4134/2383 3254/1825/2381
f 3254/1825/2381 1320/4134/2383 614/919/2384 1321/4135/2385
f 1322/4136/2382 3254/1825/2381 1321/4135/2385 613/917/2386
f 610/914/2356 1323/4138/2387 3255/1826/2388 1326/4141/2389
f 1323/4138/2387 612/916/2179 1324/4139/2390 3255/1826/2388
f 3255/1826/2388 1324/4139/2390 615/920/2202 1325/4140/2391
f 1326/4141/2389 3255/1826/2388 1325/4140/2391 614/919/2384
f 613/918/2386 1327/4142/2392 3256/1827/2393 1330/4147/2394
f 1327/4142/2392 616/923/2200 1328/4144/2395 3256/1827/2393
f 3256/1827/2393 1328/4144/2395 879/1367/2396 1329/4146/2397
f 1330/4147/2394 3256/1827/2393 1329/4146/2397 878/1366/2398
f 617/924/2399 1331/4148/2400 3257/1828/2401 1334/4151/2402
f 1331/4148/2400 620/927/2208 1332/4149/2403 3257/1828/2401
f 3257/1828/2401 1332/4149/2403 625/936/2245 1333/4150/2404
f 1334/4151/2402 3257/1828/2401 1333/4150/2404 628/939/2405
f 618/925/2321 1335/4152/2406 3258/1829/2407 1338/4155/2408
f 1335/4152/2406 617/924/2399 1336/4153/2409 3258/1829/2407
f 3258/1829/2407 1336/4153/2409 623/931/2410 1337/4154/2411
f 1338/4155/2408 3258/1829/2407 1337/4154/2411 622/930/2340
f 621/929/2342 1339/4156/2412 3259/1830/2413 1342/4161/2414
f 1339/4156/2412 624/932/2415 1340/4158/2416 3259/1830/2413
f 3259/1830/2413 1340/4158/2416 883/1375/2417 1341/4160/2418
f 1342/4161/2414 3259/1830/2413 1341/4160/2418 882/1374/2419
f 624/934/2415 1343/4162/2420 3260/1831/2421 1346/4167/2422
f 1343/4162/2420 623/931/2410 1344/4164/2423 3260/1831/2421
f 3260/1831/2421 1344/4164/2423 630/944/2424 1345/4165/2425
f 1346/4167/2422 3260/1831/2421 1345/4165/2425 629/940/2426
f 627/938/2427 1347/4169/2428 3261/1832/2429 1350/4172/2430
f 1347/4169/2428 626/937/2243 1348/4170/2431 3261/1832/2429
f 3261/1832/2429 1348/4170/2431 635/950/2259 1349/4171/2432
f 1350/4172/2430 3261/1832/2429 1349/4171/2432 634/949/2433
f 628/939/2405 1351/4173/2434 3262/1833/2435 1354/4176/2436
f 1351/4173/2434 627/938/2427 1352/4174/2437 3262/1833/2435
f 3262/1833/2435 1352/4174/2437 631/945/2438 1353/4175/2439
f 1354/4176/2436 3262/1833/2435 1353/4175/2439 630/944/2424
f 629/942/2426 1355/4177/2440 3263/1834/2441 1358/4181/2442
f 1355/4177/2440 632/946/2443 1356/4179/2444 3263/1834/2441
f 3263/1834/2441 1356/4179/2444 887/1385/2445 1357/4180/2446
f 1358/4181/2442 3263/1834/2441 1357/4180/2446 886/1383/2447
f 632/947/2443 1359/4183/2448 3264/1835/2449 1362/4186/2450
f 1359/4183/2448 631/945/2438 1360/4184/2451 3264/1835/2449
f 3264/1835/2449 1360/4184/2451 638/954/2452 1361/4185/2453
f 1362/4186/2450 3264/1835/2449 1361/4185/2453 637/952/2454
f 633/948/2455 1363/4188/2456 3265/1836/2457 1366/4191/2458
f 1363/4188/2456 636/951/2257 1364/4189/2459 3265/1836/2457
f 3265/1836/2457 1364/4189/2459 643/962/2279 1365/4190/2460
f 1366/4191/2458 3265/1836/2457 1365/4190/2460 642/961/2461
f 634/949/2433 1367/4192/2462 3266/1837/2463 1370/4195/2464
f 1367/4192/2462 633/948/2455 1368/4193/2465 3266/1837/2463
f 3266/1837/2463 1368/4193/2465 639/955/2466 1369/4194/2467
f 1370/4195/2464 3266/1837/2463 1369/4194/2467 638/954/2452
f 637/953/2454 1371/4196/2468 3267/1838/2469 1374/4201/2470
f 1371/4196/2468 640/956/2471 1372/4198/2472 3267/1838/2469
f 3267/1838/2469 1372/4198/2472 891/1391/2473 1373/4200/2474
f 1374/4201/2470 3267/1838/2469 1373/4200/2474 890/1390/2475
f 640/958/2471 1375/4202/2476 3268/1839/2477 1378/4206/2478
f 1375/4202/2476 639/955/2466 1376/4204/2479 3268/1839/2477
f 3268/1839/2477 1376/4204/2479 646/966/2480 1377/4205/2481
f 1378/4206/2478 3268/1839/2477 1377/4205/2481 645/964/2482
f 642/961/2461 1379/4208/2483 3269/1840/2484 1382/4211/2485
f 1379/4208/2483 641/960/2348 1380/4209/2486 3269/1840/2484
f 3269/1840/2484 1380/4209/2486 647/967/2379 1381/4210/2487
f 1382/4211/2485 3269/1840/2484 1381/4210/2487 646/966/2480
f 645/965/2482 1383/4212/2488 3270/1841/2489 1386/4217/2490
f 1383/4212/2488 648/970/2377 1384/4214/2491 3270/1841/2489
f 3270/1841/2489 1384/4214/2491 895/1399/2492 1385/4216/2493
f 1386/4217/2490 3270/1841/2489 1385/4216/2493 894/1398/2494
f 649/972/2495 1387/4218/2496 3271/1842/2497 1390/4221/2498
f 1387/4218/2496 651/974/134 1388/4219/2499 3271/1842/2497
f 3271/1842/2497 1388/4219/2499 657/981/209 1389/4220/2500
f 1390/4221/2498 3271/1842/2497 1389/4220/2500 656/980/2501
f 650/973/136 1391/4222/2502 3272/1843/2503 1394/4225/2504
f 1391/4222/2502 649/972/2495 1392/4223/2505 3272/1843/2503
f 3272/1843/2503 1392/4223/2505 654/977/2506 1393/4224/2507
f 1394/4225/2504 3272/1843/2503 1393/4224/2507 653/976/163
f 652/975/165 1395/4226/2508 3273/1844/2509 1398/4229/2510
f 1395/4226/2508 654/977/2506 1396/4227/2511 3273/1844/2509
f 3273/1844/2509 1396/4227/2511 661/987/2512 1397/4228/2513
f 1398/4229/2510 3273/1844/2509 1397/4228/2513 660/986/815
f 655/978/2514 1399/4230/2515 3274/1845/2516 1402/4235/2517
f 1399/4230/2515 658/983/207 1400/4232/2518 3274/1845/2516
f 3274/1845/2516 1400/4232/2518 713/1075/1338 1401/4234/2519
f 1402/4235/2517 3274/1845/2516 1401/4234/2519 712/1073/2520
f 656/980/2501 1403/4236/2521 3275/1846/2522 1406/4240/2523
f 1403/4236/2521 655/979/2514 1404/4237/2524 3275/1846/2522
f 3275/1846/2522 1404/4237/2524 662/988/2525 1405/4239/2526
f 1406/4240/2523 3275/1846/2522 1405/4239/2526 661/987/2512
f 659/985/817 1407/4241/2527 3276/1847/2528 1410/4246/2529
f 1407/4241/2527 663/990/2530 1408/4243/2531 3276/1847/2528
f 3276/1847/2528 1408/4243/2531 689/1031/2532 1409/4244/2533
f 1410/4246/2529 3276/1847/2528 1409/4244/2533 688/1030/830
f 663/990/2530 1411/4248/2534 3277/1848/2535 1414/4252/2536
f 1411/4248/2534 662/989/2525 1412/4250/2537 3277/1848/2535
f 3277/1848/2535 1412/4250/2537 718/1086/2538 1413/4251/2539
f 1414/4252/2536 3277/1848/2535 1413/4251/2539 717/1085/2540
f 664/992/2541 1415/4253/2542 3278/1849/2543 1418/4256/2544
f 1415/4253/2542 666/994/467 1416/4254/2545 3278/1849/2543
f 3278/1849/2543 1416/4254/2545 673/1003/1261 1417/4255/2546
f 1418/4256/2544 3278/1849/2543 1417/4255/2546 672/1002/2547
f 665/993/469 1419/4257/2548 3279/1850/2549 1422/4260/2550
f 1419/4257/2548 664/992/2541 1420/4258/2551 3279/1850/2549
f 3279/1850/2549 1420/4258/2551 669/997/2552 1421/4259/2553
f 1422/4260/2550 3279/1850/2549 1421/4259/2553 668/996/527
f 667/995/529 1423/4261/2554 3280/1851/2555 1426/4264/2556
f 1423/4261/2554 669/997/2552 1424/4262/2557 3280/1851/2555
f 3280/1851/2555 1424/4262/2557 677/1010/2558 1425/4263/2559
f 1426/4264/2556 3280/1851/2555 1425/4263/2559 676/1009/685
f 670/998/2560 1427/4265/2561 3281/1852/2562 1430/4271/2563
f 1427/4265/2561 674/1006/1259 1428/4267/2564 3281/1852/2562
f 3281/1852/2562 1428/4267/2564 706/1064/1274 1429/4269/2565
f 1430/4271/2563 3281/1852/2562 1429/4269/2565 710/1070/2566
f 671/1000/2567 1431/4272/2568 3282/1853/2569 1434/4276/2570
f 1431/4272/2568 670/998/2560 1432/4274/2571 3282/1853/2569
f 3282/1853/2569 1432/4274/2571 722/1090/2572 1433/4275/2573
f 1434/4276/2570 3282/1853/2569 1433/4275/2573 721/1089/2574
f 672/1002/2547 1435/4277/2575 3283/1854/2576 1438/4281/2577
f 1435/4277/2575 671/1001/2567 1436/4278/2578 3283/1854/2576
f 3283/1854/2576 1436/4278/2578 678/1011/2579 1437/4280/2580
f 1438/4281/2577 3283/1854/2576 1437/4280/2580 677/1010/2558
f 675/1008/687 1439/4282/2581 3284/1855/2582 1442/4286/2583
f 1439/4282/2581 678/1012/2579 1440/4284/2584 3284/1855/2582
f 3284/1855/2582 1440/4284/2584 727/1102/2585 1441/4285/2586
f 1442/4286/2583 3284/1855/2582 1441/4285/2586 726/1101/1421
f 679/1013/2587 1443/4288/2588 3285/1856/2589 1446/4292/2590
f 1443/4288/2588 681/1017/1126 1444/4289/2591 3285/1856/2589
f 3285/1856/2589 1444/4289/2591 687/1027/832 1445/4291/2592
f 1446/4292/2590 3285/1856/2589 1445/4291/2592 686/1025/2593
f 680/1015/1128 1447/4293/2594 3286/1857/2595 1450/4296/2596
f 1447/4293/2594 679/1013/2587 1448/4294/2597 3286/1857/2595
f 3286/1857/2595 1448/4294/2597 684/1022/2598 1449/4295/2599
f 1450/4296/2596 3286/1857/2595 1449/4295/2599 683/1021/1150
f 682/1019/1152 1451/4298/2600 3287/1858/2601 1454/4301/2602
f 1451/4298/2600 684/1022/2598 1452/4299/2603 3287/1858/2601
f 3287/1858/2601 1452/4299/2603 693/1041/2604 1453/4300/2605
f 1454/4301/2602 3287/1858/2601 1453/4300/2605 692/1040/1088
f 685/1023/2606 1455/4303/2607 3288/1859/2608 1458/4307/2609
f 1455/4303/2607 689/1031/2532 1456/4305/2610 3288/1859/2608
f 3288/1859/2608 1456/4305/2610 731/1106/2611 1457/4306/2612
f 1458/4307/2609 3288/1859/2608 1457/4306/2612 730/1105/2613
f 686/1025/2593 1459/4308/2614 3289/1860/2615 1462/4312/2616
f 1459/4308/2614 685/1024/2606 1460/4309/2617 3289/1860/2615
f 3289/1860/2615 1460/4309/2617 694/1042/2618 1461/4311/2619
f 1462/4312/2616 3289/1860/2615 1461/4311/2619 693/1041/2604
f 690/1033/2620 1463/4313/2621 3290/1861/2622 1466/4317/2623
f 1463/4313/2621 694/1043/2618 1464/4315/2624 3290/1861/2622
f 3290/1861/2622 1464/4315/2624 737/1118/2625 1465/4316/2626
f 1466/4317/2623 3290/1861/2622 1465/4316/2626 736/1117/2627
f 691/1037/1090 1467/4318/2628 3291/1862/2629 1470/4323/2630
f 1467/4318/2628 690/1033/2620 1468/4320/2631 3291/1862/2629
f 3291/1862/2629 1468/4320/2631 705/1061/2632 1469/4321/2633
f 1470/4323/2630 3291/1862/2629 1469/4321/2633 704/1060/1111
f 695/1044/2634 1471/4325/2635 3292/1863/2636 1474/4328/2637
f 1471/4325/2635 697/1048/1212 1472/4326/2638 3292/1863/2636
f 3292/1863/2636 1472/4326/2638 703/1057/1113 1473/4327/2639
f 1474/4328/2637 3292/1863/2636 1473/4327/2639 702/1056/2640
f 696/1046/1214 1475/4329/2641 3293/1864/2642 1478/4332/2643
f 1475/4329/2641 695/1044/2634 1476/4330/2644 3293/1864/2642
f 3293/1864/2642 1476/4330/2644 700/1053/2645 1477/4331/2646
f 1478/4332/2643 3293/1864/2642 1477/4331/2646 699/1052/1237
f 698/1050/1239 1479/4334/2647 3294/1865/2648 1482/4337/2649
f 1479/4334/2647 700/1053/2645 1480/4335/2650 3294/1865/2648
f 3294/1865/2648 1480/4335/2650 708/1067/2651 1481/4336/2652
f 1482/4337/2649 3294/1865/2648 1481/4336/2652 707/1066/1272
f 701/1054/2653 1483/4338/2654 3295/1866/2655 1486/4342/2656
f 1483/4338/2654 705/1061/2632 1484/4340/2657 3295/1866/2655
f 3295/1866/2655 1484/4340/2657 741/1122/2658 1485/4341/2659
f 1486/4342/2656 3295/1866/2655 1485/4341/2659 740/1121/2660
f 702/1056/2640 1487/4343/2661 3296/1867/2662 1490/4347/2663
f 1487/4343/2661 701/1055/2653 1488/4344/2664 3296/1867/2662
f 3296/1867/2662 1488/4344/2664 709/1068/2665 1489/4346/2666
f 1490/4347/2663 3296/1867/2662 1489/4346/2666 708/1067/2651
f 710/1070/2566 1491/4348/2667 3297/1868/2668 1494/4352/2669
f 1491/4348/2667 709/1069/2665 1492/4350/2670 3297/1868/2668
f 3297/1868/2668 1492/4350/2670 747/1135/2671 1493/4351/2672
f 1494/4352/2669 3297/1868/2668 1493/4351/2672 746/1134/2673
f 711/1072/2674 1495/4353/2675 3298/1869/2676 1498/4357/2677
f 1495/4353/2675 714/1078/1336 1496/4354/2678 3298/1869/2676
f 3298/1869/2676 1496/4354/2678 751/1140/1604 1497/4356/2679
f 1498/4357/2677 3298/1869/2676 1497/4356/2679 750/1138/2680
f 712/1073/2520 1499/4358/2681 3299/1870/2682 1502/4361/2683
f 1499/4358/2681 711/1072/2674 1500/4359/2684 3299/1870/2682
f 3299/1870/2682 1500/4359/2684 719/1087/2685 1501/4360/2686
f 1502/4361/2683 3299/1870/2682 1501/4360/2686 718/1086/2538
f 715/1080/1453 1503/4362/2687 3300/1871/2688 1506/4365/2689
f 1503/4362/2687 719/1087/2685 1504/4363/2690 3300/1871/2688
f 3300/1871/2688 1504/4363/2690 755/1150/2691 1505/4364/2692
f 1506/4365/2689 3300/1871/2688 1505/4364/2692 754/1149/1652
f 717/1085/2540 1507/4367/2693 3301/1872/2694 1510/4372/2695
f 1507/4367/2693 716/1083/1451 1508/4369/2696 3301/1872/2694
f 3301/1872/2694 1508/4369/2696 732/1108/1476 1509/4371/2697
f 1510/4372/2695 3301/1872/2694 1509/4371/2697 731/1106/2611
f 720/1088/2698 1511/4373/2699 3302/1873/2700 1514/4377/2701
f 1511/4373/2699 724/1096/1564 1512/4374/2702 3302/1873/2700
f 3302/1873/2700 1512/4374/2702 761/1157/1668 1513/4376/2703
f 1514/4377/2701 3302/1873/2700 1513/4376/2703 760/1155/2704
f 721/1089/2574 1515/4378/2705 3303/1874/2706 1518/4381/2707
f 1515/4378/2705 720/1088/2698 1516/4379/2708 3303/1874/2706
f 3303/1874/2706 1516/4379/2708 728/1103/2709 1517/4380/2710
f 1518/4381/2707 3303/1874/2706 1517/4380/2710 727/1102/2585
f 723/1093/1566 1519/4382/2711 3304/1875/2712 1522/4387/2713
f 1519/4382/2711 722/1090/2572 1520/4384/2714 3304/1875/2712
f 3304/1875/2712 1520/4384/2714 746/1134/2673 1521/4385/2715
f 1522/4387/2713 3304/1875/2712 1521/4385/2715 745/1132/1587
f 725/1098/1423 1523/4389/2716 3305/1876/2717 1526/4392/2718
f 1523/4389/2716 728/1103/2709 1524/4390/2719 3305/1876/2717
f 3305/1876/2717 1524/4390/2719 765/1167/2720 1525/4391/2721
f 1526/4392/2718 3305/1876/2717 1525/4391/2721 764/1166/1715
f 729/1104/2722 1527/4394/2723 3306/1877/2724 1530/4398/2725
f 1527/4394/2723 733/1111/1474 1528/4395/2726 3306/1877/2724
f 3306/1877/2724 1528/4395/2726 769/1172/1745 1529/4397/2727
f 1530/4398/2725 3306/1877/2724 1529/4397/2727 768/1170/2728
f 730/1105/2613 1531/4399/2729 3307/1878/2730 1534/4402/2731
f 1531/4399/2729 729/1104/2722 1532/4400/2732 3307/1878/2730
f 3307/1878/2730 1532/4400/2732 738/1119/2733 1533/4401/2734
f 1534/4402/2731 3307/1878/2730 1533/4401/2734 737/1118/2625
f 734/1113/1520 1535/4403/2735 3308/1879/2736 1538/4406/2737
f 1535/4403/2735 738/1119/2733 1536/4404/2738 3308/1879/2736
f 3308/1879/2736 1536/4404/2738 775/1185/2739 1537/4405/2740
f 1538/4406/2737 3308/1879/2736 1537/4405/2740 774/1184/1751
f 736/1117/2627 1539/4408/2741 3309/1880/2742 1542/4412/2743
f 1539/4408/2741 735/1116/1518 1540/4409/2744 3309/1880/2742
f 3309/1880/2742 1540/4409/2744 742/1124/1543 1541/4411/2745
f 1542/4412/2743 3309/1880/2742 1541/4411/2745 741/1122/2658
f 739/1120/2746 1543/4413/2747 3310/1881/2748 1546/4417/2749
f 1543/4413/2747 743/1127/1541 1544/4414/2750 3310/1881/2748
f 3310/1881/2748 1544/4414/2750 779/1190/1794 1545/4416/2751
f 1546/4417/2749 3310/1881/2748 1545/4416/2751 778/1188/2752
f 740/1121/2660 1547/4418/2753 3311/1882/2754 1550/4421/2755
f 1547/4418/2753 739/1120/2746 1548/4419/2756 3311/1882/2754
f 3311/1882/2754 1548/4419/2756 748/1136/2757 1549/4420/2758
f 1550/4421/2755 3311/1882/2754 1549/4420/2758 747/1135/2671
f 744/1129/1589 1551/4422/2759 3312/1883/2760 1554/4425/2761
f 1551/4422/2759 748/1136/2757 1552/4423/2762 3312/1883/2760
f 3312/1883/2760 1552/4423/2762 784/1202/2763 1553/4424/2764
f 1554/4425/2761 3312/1883/2760 1553/4424/2764 783/1201/1806
f 749/1137/2765 1555/4427/2766 3313/1884/2767 1558/4431/2768
f 1555/4427/2766 752/1143/1602 1556/4428/2769 3313/1884/2767
f 3313/1884/2767 1556/4428/2769 789/1208/1816 1557/4430/2770
f 1558/4431/2768 3313/1884/2767 1557/4430/2770 788/1206/2771
f 750/1138/2680 1559/4432/2772 3314/1885/2773 1562/4435/2774
f 1559/4432/2772 749/1137/2765 1560/4433/2775 3314/1885/2773
f 3314/1885/2773 1560/4433/2775 756/1151/2776 1561/4434/2777
f 1562/4435/2774 3314/1885/2773 1561/4434/2777 755/1150/2691
f 753/1146/1654 1563/4436/2778 3315/1886/2779 1566/4441/2780
f 1563/4436/2778 757/1152/2781 1564/4438/2782 3315/1886/2779
f 3315/1886/2779 1564/4438/2782 771/1177/2783 1565/4439/2784
f 1566/4441/2780 3315/1886/2779 1565/4439/2784 770/1175/1743
f 757/1152/2781 1567/4443/2785 3316/1887/2786 1570/4446/2787
f 1567/4443/2785 756/1151/2776 1568/4444/2788 3316/1887/2786
f 3316/1887/2786 1568/4444/2788 794/1219/2789 1569/4445/2790
f 1570/4446/2787 3316/1887/2786 1569/4445/2790 793/1218/2791
f 758/1153/2792 1571/4447/2793 3317/1888/2794 1574/4453/2795
f 1571/4447/2793 762/1160/1666 1572/4449/2796 3317/1888/2794
f 3317/1888/2794 1572/4449/2796 782/1198/1808 1573/4451/2797
f 1574/4453/2795 3317/1888/2794 1573/4451/2797 786/1204/2798
f 759/1154/2799 1575/4454/2800 3318/1889/2801 1578/4457/2802
f 1575/4454/2800 758/1153/2792 1576/4455/2803 3318/1889/2801
f 3318/1889/2801 1576/4455/2803 798/1223/2804 1577/4456/2805
f 1578/4457/2802 3318/1889/2801 1577/4456/2805 797/1222/2806
f 760/1155/2704 1579/4458/2807 3319/1890/2808 1582/4461/2809
f 1579/4458/2807 759/1154/2799 1580/4459/2810 3319/1890/2808
f 3319/1890/2808 1580/4459/2810 766/1168/2811 1581/4460/2812
f 1582/4461/2809 3319/1890/2808 1581/4460/2812 765/1167/2720
f 763/1163/1717 1583/4462/2813 3320/1891/2814 1586/4465/2815
f 1583/4462/2813 766/1168/2811 1584/4463/2816 3320/1891/2814
f 3320/1891/2814 1584/4463/2816 803/1235/2817 1585/4464/2818
f 1586/4465/2815 3320/1891/2814 1585/4464/2818 802/1234/1899
f 767/1169/2819 1587/4467/2820 3321/1892/2821 1590/4470/2822
f 1587/4467/2820 771/1177/2783 1588/4468/2823 3321/1892/2821
f 3321/1892/2821 1588/4468/2823 807/1239/2824 1589/4469/2825
f 1590/4470/2822 3321/1892/2821 1589/4469/2825 806/1238/2826
f 768/1170/2728 1591/4471/2827 3322/1893/2828 1594/4474/2829
f 1591/4471/2827 767/1169/2819 1592/4472/2830 3322/1893/2828
f 3322/1893/2828 1592/4472/2830 776/1186/2831 1593/4473/2832
f 1594/4474/2829 3322/1893/2828 1593/4473/2832 775/1185/2739
f 772/1178/2833 1595/4475/2834 3323/1894/2835 1598/4478/2836
f 1595/4475/2834 776/1186/2831 1596/4476/2837 3323/1894/2835
f 3323/1894/2835 1596/4476/2837 813/1251/2838 1597/4477/2839
f 1598/4478/2836 3323/1894/2835 1597/4477/2839 812/1250/2840
f 773/1181/1753 1599/4479/2841 3324/1895/2842 1602/4484/2843
f 1599/4479/2841 772/1178/2833 1600/4481/2844 3324/1895/2842
f 3324/1895/2842 1600/4481/2844 781/1195/2845 1601/4482/2846
f 1602/4484/2843 3324/1895/2842 1601/4482/2846 780/1193/1792
f 777/1187/2847 1603/4486/2848 3325/1896/2849 1606/4489/2850
f 1603/4486/2848 781/1195/2845 1604/4487/2851 3325/1896/2849
f 3325/1896/2849 1604/4487/2851 817/1255/2852 1605/4488/2853
f 1606/4489/2850 3325/1896/2849 1605/4488/2853 816/1254/2854
f 778/1188/2752 1607/4490/2855 3326/1897/2856 1610/4493/2857
f 1607/4490/2855 777/1187/2847 1608/4491/2858 3326/1897/2856
f 3326/1897/2856 1608/4491/2858 785/1203/2859 1609/4492/2860
f 1610/4493/2857 3326/1897/2856 1609/4492/2860 784/1202/2763
f 786/1204/2798 1611/4494/2861 3327/1898/2862 1614/4497/2863
f 1611/4494/2861 785/1203/2859 1612/4495/2864 3327/1898/2862
f 3327/1898/2862 1612/4495/2864 823/1268/2865 1613/4496/2866
f 1614/4497/2863 3327/1898/2862 1613/4496/2866 822/1267/2867
f 787/1205/2868 1615/4498/2869 3328/1899/2870 1618/4502/2871
f 1615/4498/2869 790/1211/1814 1616/4499/2872 3328/1899/2870
f 3328/1899/2870 1616/4499/2872 827/1273/2082 1617/4501/2873
f 1618/4502/2871 3328/1899/2870 1617/4501/2873 826/1271/2874
f 788/1206/2771 1619/4503/2875 3329/1900/2876 1622/4506/2877
f 1619/4503/2875 787/1205/2868 1620/4504/2878 3329/1900/2876
f 3329/1900/2876 1620/4504/2878 795/1220/2879 1621/4505/2880
f 1622/4506/2877 3329/1900/2876 1621/4505/2880 794/1219/2789
f 791/1213/1931 1623/4507/2881 3330/1901/2882 1626/4510/2883
f 1623/4507/2881 795/1220/2879 1624/4508/2884 3330/1901/2882
f 3330/1901/2882 1624/4508/2884 833/1286/2885 1625/4509/2886
f 1626/4510/2883 3330/1901/2882 1625/4509/2886 832/1285/2130
f 793/1218/2791 1627/4512/2887 3331/1902/2888 1630/4517/2889
f 1627/4512/2887 792/1216/1929 1628/4514/2890 3331/1902/2888
f 3331/1902/2888 1628/4514/2890 808/1241/1954 1629/4516/2891
f 1630/4517/2889 3331/1902/2888 1629/4516/2891 807/1239/2824
f 796/1221/2892 1631/4518/2893 3332/1903/2894 1634/4522/2895
f 1631/4518/2893 800/1229/2042 1632/4519/2896 3332/1903/2894
f 3332/1903/2894 1632/4519/2896 837/1291/2146 1633/4521/2897
f 1634/4522/2895 3332/1903/2894 1633/4521/2897 836/1289/2898
f 797/1222/2806 1635/4523/2899 3333/1904/2900 1638/4526/2901
f 1635/4523/2899 796/1221/2892 1636/4524/2902 3333/1904/2900
f 3333/1904/2900 1636/4524/2902 804/1236/2903 1637/4525/2904
f 1638/4526/2901 3333/1904/2900 1637/4525/2904 803/1235/2817
f 799/1226/2044 1639/4527/2905 3334/1905/2906 1642/4532/2907
f 1639/4527/2905 798/1223/2804 1640/4529/2908 3334/1905/2906
f 3334/1905/2906 1640/4529/2908 822/1267/2867 1641/4530/2909
f 1642/4532/2907 3334/1905/2906 1641/4530/2909 821/1265/2065
f 801/1231/1901 1643/4534/2910 3335/1906/2911 1646/4537/2912
f 1643/4534/2910 804/1236/2903 1644/4535/2913 3335/1906/2911
f 3335/1906/2911 1644/4535/2913 843/1303/2914 1645/4536/2915
f 1646/4537/2912 3335/1906/2911 1645/4536/2915 842/1302/2193
f 805/1237/2916 1647/4539/2917 3336/1907/2918 1650/4543/2919
f 1647/4539/2917 809/1244/1952 1648/4540/2920 3336/1907/2918
f 3336/1907/2918 1648/4540/2920 847/1308/2223 1649/4542/2921
f 1650/4543/2919 3336/1907/2918 1649/4542/2921 846/1306/2922
f 806/1238/2826 1651/4544/2923 3337/1908/2924 1654/4547/2925
f 1651/4544/2923 805/1237/2916 1652/4545/2926 3337/1908/2924
f 3337/1908/2924 1652/4545/2926 814/1252/2927 1653/4546/2928
f 1654/4547/2925 3337/1908/2924 1653/4546/2928 813/1251/2838
f 810/1246/1998 1655/4548/2929 3338/1909/2930 1658/4551/2931
f 1655/4548/2929 814/1252/2927 1656/4549/2932 3338/1909/2930
f 3338/1909/2930 1656/4549/2932 853/1320/2933 1657/4550/2934
f 1658/4551/2931 3338/1909/2930 1657/4550/2934 852/1319/2229
f 812/1250/2840 1659/4553/2935 3339/1910/2936 1662/4557/2937
f 1659/4553/2935 811/1249/1996 1660/4554/2938 3339/1910/2936
f 3339/1910/2936 1660/4554/2938 818/1257/2021 1661/4556/2939
f 1662/4557/2937 3339/1910/2936 1661/4556/2939 817/1255/2852
f 815/1253/2940 1663/4558/2941 3340/1911/2942 1666/4562/2943
f 1663/4558/2941 819/1260/2019 1664/4559/2944 3340/1911/2942
f 3340/1911/2942 1664/4559/2944 857/1325/2272 1665/4561/2945
f 1666/4562/2943 3340/1911/2942 1665/4561/2945 856/1323/2946
f 816/1254/2854 1667/4563/2947 3341/1912/2948 1670/4566/2949
f 1667/4563/2947 815/1253/2940 1668/4564/2950 3341/1912/2948
f 3341/1912/2948 1668/4564/2950 824/1269/2951 1669/4565/2952
f 1670/4566/2949 3341/1912/2948 1669/4565/2952 823/1268/2865
f 820/1262/2067 1671/4567/2953 3342/1913/2954 1674/4570/2955
f 1671/4567/2953 824/1269/2951 1672/4568/2956 3342/1913/2954
f 3342/1913/2954 1672/4568/2956 863/1338/2957 1673/4569/2958
f 1674/4570/2955 3342/1913/2954 1673/4569/2958 862/1337/2284
f 825/1270/2959 1675/4572/2960 3343/1914/2961 1678/4575/2962
f 1675/4572/2960 829/1277/2963 1676/4573/2964 3343/1914/2961
f 3343/1914/2961 1676/4573/2964 915/1434/2965 1677/4574/2966
f 1678/4575/2962 3343/1914/2961 1677/4574/2966 914/1433/2967
f 826/1271/2874 1679/4576/2968 3344/1915/2969 1682/4579/2970
f 1679/4576/2968 825/1270/2959 1680/4577/2971 3344/1915/2969
f 3344/1915/2969 1680/4577/2971 834/1287/2972 1681/4578/2973
f 1682/4579/2970 3344/1915/2969 1681/4578/2973 833/1286/2885
f 829/1278/2963 1683/4580/2974 3345/1916/2975 1686/4584/2976
f 1683/4580/2974 828/1275/2080 1684/4582/2977 3345/1916/2975
f 3345/1916/2975 1684/4582/2977 866/1342/2294 1685/4583/2978
f 1686/4584/2976 3345/1916/2975 1685/4583/2978 865/1340/2979
f 830/1279/2980 1687/4586/2981 3346/1917/2982 1690/4589/2983
f 1687/4586/2981 834/1287/2972 1688/4587/2984 3346/1917/2982
f 3346/1917/2982 1688/4587/2984 910/1429/2985 1689/4588/2986
f 1690/4589/2983 3346/1917/2982 1689/4588/2986 909/1428/2987
f 831/1283/2132 1691/4590/2988 3347/1918/2989 1694/4596/2990
f 1691/4590/2988 830/1280/2980 1692/4592/2991 3347/1918/2989
f 3347/1918/2989 1692/4592/2991 849/1311/2992 1693/4594/2993
f 1694/4596/2990 3347/1918/2989 1693/4594/2993 848/1309/2221
f 835/1288/2994 1695/4597/2995 3348/1919/2996 1698/4600/2997
f 1695/4597/2995 839/1295/2998 1696/4598/2999 3348/1919/2996
f 3348/1919/2996 1696/4598/2999 929/1448/3000 1697/4599/3001
f 1698/4600/2997 3348/1919/2996 1697/4599/3001 928/1447/3002
f 836/1289/2898 1699/4601/3003 3349/1920/3004 1702/4604/3005
f 1699/4601/3003 835/1288/2994 1700/4602/3006 3349/1920/3004
f 3349/1920/3004 1700/4602/3006 844/1304/3007 1701/4603/3008
f 1702/4604/3005 3349/1920/3004 1701/4603/3008 843/1303/2914
f 839/1296/2998 1703/4605/3009 3350/1921/3010 1706/4610/3011
f 1703/4605/3009 838/1293/2144 1704/4607/3012 3350/1921/3010
f 3350/1921/3010 1704/4607/3012 861/1335/2286 1705/4608/3013
f 1706/4610/3011 3350/1921/3010 1705/4608/3013 860/1331/3014
f 840/1297/3015 1707/4612/3016 3351/1922/3017 1710/4615/3018
f 1707/4612/3016 844/1304/3007 1708/4613/3019 3351/1922/3017
f 3351/1922/3017 1708/4613/3019 924/1443/3020 1709/4614/3021
f 1710/4615/3018 3351/1922/3017 1709/4614/3021 923/1442/3022
f 841/1299/2195 1711/4616/3023 3352/1923/3024 1714/4622/3025
f 1711/4616/3023 840/1298/3015 1712/4618/3026 3352/1923/3024
f 3352/1923/3024 1712/4618/3026 880/1369/3027 1713/4620/3028
f 1714/4622/3025 3352/1923/3024 1713/4620/3028 879/1368/2396
f 845/1305/3029 1715/4623/3030 3353/1924/3031 1718/4626/3032
f 1715/4623/3030 849/1312/2992 1716/4624/3033 3353/1924/3031
f 3353/1924/3031 1716/4624/3033 938/1457/3034 1717/4625/3035
f 1718/4626/3032 3353/1924/3031 1717/4625/3035 937/1456/3036
f 846/1306/2922 1719/4627/3037 3354/1925/3038 1722/4630/3039
f 1719/4627/3037 845/1305/3029 1720/4628/3040 3354/1925/3038
f 3354/1925/3038 1720/4628/3040 854/1321/3041 1721/4629/3042
f 1722/4630/3039 3354/1925/3038 1721/4629/3042 853/1320/2933
f 850/1313/3043 1723/4631/3044 3355/1926/3045 1726/4634/3046
f 1723/4631/3044 854/1321/3041 1724/4632/3047 3355/1926/3045
f 3355/1926/3045 1724/4632/3047 952/1471/3048 1725/4633/3049
f 1726/4634/3046 3355/1926/3045 1725/4633/3049 951/1470/3050
f 851/1317/2231 1727/4635/3051 3356/1927/3052 1730/4641/3053
f 1727/4635/3051 850/1314/3043 1728/4637/3054 3356/1927/3052
f 3356/1927/3052 1728/4637/3054 859/1329/3055 1729/4639/3056
f 1730/4641/3053 3356/1927/3052 1729/4639/3056 858/1327/2270
f 855/1322/3057 1731/4642/3058 3357/1928/3059 1734/4645/3060
f 1731/4642/3058 859/1330/3055 1732/4643/3061 3357/1928/3059
f 3357/1928/3059 1732/4643/3061 946/1465/3062 1733/4644/3063
f 1734/4645/3060 3357/1928/3059 1733/4644/3063 945/1464/3064
f 856/1323/2946 1735/4646/3065 3358/1929/3066 1738/4649/3067
f 1735/4646/3065 855/1322/3057 1736/4647/3068 3358/1929/3066
f 3358/1929/3066 1736/4647/3068 864/1339/3069 1737/4648/3070
f 1738/4649/3067 3358/1929/3066 1737/4648/3070 863/1338/2957
f 860/1332/3014 1739/4650/3071 3359/1930/3072 1742/4653/3073
f 1739/4650/3071 864/1339/3069 1740/4651/3074 3359/1930/3072
f 3359/1930/3072 1740/4651/3074 962/1481/3075 1741/4652/3076
f 1742/4653/3073 3359/1930/3072 1741/4652/3076 961/1480/3077
f 865/1341/2979 1743/4654/3078 3360/1931/3079 1746/4658/3080
f 1743/4654/3078 868/1345/3081 1744/4656/3082 3360/1931/3079
f 3360/1931/3079 1744/4656/3082 918/1437/3083 1745/4657/3084
f 1746/4658/3080 3360/1931/3079 1745/4657/3084 917/1436/3085
f 868/1347/3081 1747/4659/3086 3361/1932/3087 1750/4663/3088
f 1747/4659/3086 867/1344/2292 1748/4661/3089 3361/1932/3087
f 3361/1932/3087 1748/4661/3089 870/1350/2335 1749/4662/3090
f 1750/4663/3088 3361/1932/3087 1749/4662/3090 869/1348/3091
f 869/1349/3091 1751/4665/3092 3362/1933/3093 1754/4669/3094
f 1751/4665/3092 872/1353/3095 1752/4667/3096 3362/1933/3093
f 3362/1933/3093 1752/4667/3096 922/1441/3097 1753/4668/3098
f 1754/4669/3094 3362/1933/3093 1753/4668/3098 921/1440/3099
f 872/1355/3095 1755/4670/3100 3363/1934/3101 1758/4674/3102
f 1755/4670/3100 871/1352/2333 1756/4672/3103 3363/1934/3101
f 3363/1934/3101 1756/4672/3103 882/1374/2419 1757/4673/3104
f 1758/4674/3102 3363/1934/3101 1757/4673/3104 881/1372/3105
f 873/1356/3106 1759/4676/3107 3364/1935/3108 1762/4680/3109
f 1759/4676/3107 876/1362/3110 1760/4678/3111 3364/1935/3108
f 3364/1935/3108 1760/4678/3111 931/1450/3112 1761/4679/3113
f 1762/4680/3109 3364/1935/3108 1761/4679/3113 930/1449/3114
f 874/1360/2372 1763/4681/3115 3365/1936/3116 1766/4687/3117
f 1763/4681/3115 873/1357/3106 1764/4683/3118 3365/1936/3116
f 3365/1936/3116 1764/4683/3118 896/1401/3119 1765/4685/3120
f 1766/4687/3117 3365/1936/3116 1765/4685/3120 895/1400/2492
f 876/1363/3110 1767/4688/3121 3366/1937/3122 1770/4691/3123
f 1767/4688/3121 875/1361/2370 1768/4689/3124 3366/1937/3122
f 3366/1937/3122 1768/4689/3124 878/1366/2398 1769/4690/3125
f 1770/4691/3123 3366/1937/3122 1769/4690/3125 877/1364/3126
f 877/1365/3126 1771/4693/3127 3367/1938/3128 1774/4697/3129
f 1771/4693/3127 880/1370/3027 1772/4695/3130 3367/1938/3128
f 3367/1938/3128 1772/4695/3130 936/1455/3131 1773/4696/3132
f 1774/4697/3129 3367/1938/3128 1773/4696/3132 935/1454/3133
f 881/1373/3105 1775/4698/3134 3368/1939/3135 1778/4702/3136
f 1775/4698/3134 884/1377/3137 1776/4700/3138 3368/1939/3135
f 3368/1939/3135 1776/4700/3138 944/1463/3139 1777/4701/3140
f 1778/4702/3136 3368/1939/3135 1777/4701/3140 943/1462/3141
f 884/1379/3137 1779/4703/3142 3369/1940/3143 1782/4708/3144
f 1779/4703/3142 883/1376/2417 1780/4705/3145 3369/1940/3143
f 3369/1940/3143 1780/4705/3145 886/1384/2447 1781/4706/3146
f 1782/4708/3144 3369/1940/3143 1781/4706/3146 885/1380/3147
f 885/1382/3147 1783/4710/3148 3370/1941/3149 1786/4714/3150
f 1783/4710/3148 888/1386/3151 1784/4712/3152 3370/1941/3149
f 3370/1941/3149 1784/4712/3152 954/1473/3153 1785/4713/3154
f 1786/4714/3150 3370/1941/3149 1785/4713/3154 953/1472/3155
f 888/1387/3151 1787/4715/3156 3371/1942/3157 1790/4718/3158
f 1787/4715/3156 887/1385/2445 1788/4716/3159 3371/1942/3157
f 3371/1942/3157 1788/4716/3159 890/1390/2475 1789/4717/3160
f 1790/4718/3158 3371/1942/3157 1789/4717/3160 889/1388/3161
f 889/1389/3161 1791/4720/3162 3372/1943/3163 1794/4724/3164
f 1791/4720/3162 892/1393/3165 1792/4722/3166 3372/1943/3163
f 3372/1943/3163 1792/4722/3166 960/1479/3167 1793/4723/3168
f 1794/4724/3164 3372/1943/3163 1793/4723/3168 959/1478/3169
f 892/1395/3165 1795/4725/3170 3373/1944/3171 1798/4729/3172
f 1795/4725/3170 891/1392/2473 1796/4727/3173 3373/1944/3171
f 3373/1944/3171 1796/4727/3173 894/1398/2494 1797/4728/3174
f 1798/4729/3172 3373/1944/3171 1797/4728/3174 893/1396/3175
f 893/1397/3175 1799/4731/3176 3374/1945/3177 1802/4735/3178
f 1799/4731/3176 896/1402/3119 1800/4733/3179 3374/1945/3177
f 3374/1945/3177 1800/4733/3179 968/1487/3180 1801/4734/3181
f 1802/4735/3178 3374/1945/3177 1801/4734/3181 967/1486/3182
f 897/1404/3183 1803/4736/3184 3375/1946/3185 1806/4740/3186
f 1803/4736/3184 899/1409/1310 1804/4737/3187 3375/1946/3185
f 3375/1946/3185 1804/4737/3187 904/1418/1058 1805/4739/3188
f 1806/4740/3186 3375/1946/3185 1805/4739/3188 903/1416/3189
f 898/1406/1312 1807/4741/3190 3376/1947/3191 1810/4744/3192
f 1807/4741/3190 897/1404/3183 1808/4742/3193 3376/1947/3191
f 3376/1947/3191 1808/4742/3193 902/1415/3194 1809/4743/3195
f 1810/4744/3192 3376/1947/3191 1809/4743/3195 901/1414/1328
f 900/1411/1330 1811/4746/3196 3377/1948/3197 1814/4749/3198
f 1811/4746/3196 902/1415/3194 1812/4747/3199 3377/1948/3197
f 3377/1948/3197 1812/4747/3199 906/1422/3200 1813/4748/3201
f 1814/4749/3198 3377/1948/3197 1813/4748/3201 908/1427/1026
f 903/1416/3189 1815/4751/3202 3378/1949/3203 1818/4755/3204
f 1815/4751/3202 905/1421/1056 1816/4752/3205 3378/1949/3203
f 3378/1949/3203 1816/4752/3205 907/1424/1028 1817/4754/3206
f 1818/4755/3204 3378/1949/3203 1817/4754/3206 906/1422/3200
f 909/1428/2987 1819/4756/3207 3379/1950/3208 1822/4759/3209
f 1819/4756/3207 912/1431/3210 1820/4757/3211 3379/1950/3208
f 3379/1950/3208 1820/4757/3211 939/1458/3212 1821/4758/3213
f 1822/4759/3209 3379/1950/3208 1821/4758/3213 938/1457/3034
f 911/1430/3214 1823/4760/3215 3380/1951/3216 1826/4763/3217
f 1823/4760/3215 910/1429/2985 1824/4761/3218 3380/1951/3216
f 3380/1951/3216 1824/4761/3218 914/1433/2967 1825/4762/3219
f 1826/4763/3217 3380/1951/3216 1825/4762/3219 913/1432/3220
f 912/1431/3210 1827/4764/3221 3381/1952/3222 1830/4767/3223
f 1827/4764/3221 911/1430/3214 1828/4765/3224 3381/1952/3222
f 3381/1952/3222 1828/4765/3224 920/1439/3225 1829/4766/3226
f 1830/4767/3223 3381/1952/3222 1829/4766/3226 919/1438/3227
f 913/1432/3220 1831/4768/3228 3382/1953/3229 1834/4771/3230
f 1831/4768/3228 915/1434/2965 1832/4769/3231 3382/1953/3229
f 3382/1953/3229 1832/4769/3231 917/1436/3085 1833/4770/3232
f 1834/4771/3230 3382/1953/3229 1833/4770/3232 916/1435/3233
f 916/1435/3233 1835/4772/3234 3383/1954/3235 1838/4775/3236
f 1835/4772/3234 918/1437/3083 1836/4773/3237 3383/1954/3235
f 3383/1954/3235 1836/4773/3237 921/1440/3099 1837/4774/3238
f 1838/4775/3236 3383/1954/3235 1837/4774/3238 920/1439/3225
f 919/1438/3227 1839/4776/3239 3384/1955/3240 1842/4779/3241
f 1839/4776/3239 922/1441/3097 1840/4777/3242 3384/1955/3240
f 3384/1955/3240 1840/4777/3242 943/1462/3141 1841/4778/3243
f 1842/4779/3241 3384/1955/3240 1841/4778/3243 942/1461/3244
f 923/1442/3022 1843/4780/3245 3385/1956/3246 1846/4783/3247
f 1843/4780/3245 925/1444/3248 1844/4781/3249 3385/1956/3246
f 3385/1956/3246 1844/4781/3249 934/1453/3250 1845/4782/3251
f 1846/4783/3247 3385/1956/3246 1845/4782/3251 936/1455/3131
f 925/1444/3248 1847/4784/3252 3386/1957/3253 1850/4787/3254
f 1847/4784/3252 924/1443/3020 1848/4785/3255 3386/1957/3253
f 3386/1957/3253 1848/4785/3255 928/1447/3002 1849/4786/3256
f 1850/4787/3254 3386/1957/3253 1849/4786/3256 927/1446/3257
f 926/1445/3258 1851/4788/3259 3387/1958/3260 1854/4791/3261
f 1851/4788/3259 929/1448/3000 1852/4789/3262 3387/1958/3260
f 3387/1958/3260 1852/4789/3262 961/1480/3077 1853/4790/3263
f 1854/4791/3261 3387/1958/3260 1853/4790/3263 964/1483/3264
f 927/1446/3257 1855/4792/3265 3388/1959/3266 1858/4795/3267
f 1855/4792/3265 926/1445/3258 1856/4793/3268 3388/1959/3266
f 3388/1959/3266 1856/4793/3268 933/1452/3269 1857/4794/3270
f 1858/4795/3267 3388/1959/3266 1857/4794/3270 932/1451/3271
f 930/1449/3114 1859/4796/3272 3389/1960/3273 1862/4799/3274
f 1859/4796/3272 933/1452/3269 1860/4797/3275 3389/1960/3273
f 3389/1960/3273 1860/4797/3275 965/1484/3276 1861/4798/3277
f 1862/4799/3274 3389/1960/3273 1861/4798/3277 968/1487/3180
f 932/1451/3271 1863/4800/3278 3390/1961/3279 1866/4803/3280
f 1863/4800/3278 931/1450/3112 1864/4801/3281 3390/1961/3279
f 3390/1961/3279 1864/4801/3281 935/1454/3133 1865/4802/3282
f 1866/4803/3280 3390/1961/3279 1865/4802/3282 934/1453/3250
f 937/1456/3036 1867/4804/3283 3391/1962/3284 1870/4807/3285
f 1867/4804/3283 940/1459/3286 1868/4805/3287 3391/1962/3284
f 3391/1962/3284 1868/4805/3287 949/1468/3288 1869/4806/3289
f 1870/4807/3285 3391/1962/3284 1869/4806/3289 952/1471/3048
f 940/1459/3286 1871/4808/3290 3392/1963/3291 1874/4811/3292
f 1871/4808/3290 939/1458/3212 1872/4809/3293 3392/1963/3291
f 3392/1963/3291 1872/4809/3293 942/1461/3244 1873/4810/3294
f 1874/4811/3292 3392/1963/3291 1873/4810/3294 941/1460/3295
f 941/1460/3295 1875/4812/3296 3393/1964/3297 1878/4815/3298
f 1875/4812/3296 944/1463/3139 1876/4813/3299 3393/1964/3297
f 3393/1964/3297 1876/4813/3299 953/1472/3155 1877/4814/3300
f 1878/4815/3298 3393/1964/3297 1877/4814/3300 956/1475/3301
f 945/1464/3064 1879/4816/3302 3394/1965/3303 1882/4819/3304
f 1879/4816/3302 948/1467/3305 1880/4817/3306 3394/1965/3303
f 3394/1965/3303 1880/4817/3306 963/1482/3307 1881/4818/3308
f 1882/4819/3304 3394/1965/3303 1881/4818/3308 962/1481/3075
f 947/1466/3309 1883/4820/3310 3395/1966/3311 1886/4823/3312
f 1883/4820/3310 946/1465/3062 1884/4821/3313 3395/1966/3311
f 3395/1966/3311 1884/4821/3313 951/1470/3050 1885/4822/3314
f 1886/4823/3312 3395/1966/3311 1885/4822/3314 950/1469/3315
f 948/1467/3305 1887/4824/3316 3396/1967/3317 1890/4827/3318
f 1887/4824/3316 947/1466/3309 1888/4825/3319 3396/1967/3317
f 3396/1967/3317 1888/4825/3319 958/1477/3320 1889/4826/3321
f 1890/4827/3318 3396/1967/3317 1889/4826/3321 957/1476/3322
f 950/1469/3315 1891/4828/3323 3397/1968/3324 1894/4831/3325
f 1891/4828/3323 949/1468/3288 1892/4829/3326 3397/1968/3324
f 3397/1968/3324 1892/4829/3326 956/1475/3301 1893/4830/3327
f 1894/4831/3325 3397/1968/3324 1893/4830/3327 955/1474/3328
f 955/1474/3328 1895/4832/3329 3398/1969/3330 1898/4835/3331
f 1895/4832/3329 954/1473/3153 1896/4833/3332 3398/1969/3330
f 3398/1969/3330 1896/4833/3332 959/1478/3169 1897/4834/3333
f 1898/4835/3331 3398/1969/3330 1897/4834/3333 958/1477/3320
f 957/1476/3322 1899/4836/3334 3399/1970/3335 1902/4839/3336
f 1899/4836/3334 960/1479/3167 1900/4837/3337 3399/1970/3335
f 3399/1970/3335 1900/4837/3337 967/1486/3182 1901/4838/3338
f 1902/4839/3336 3399/1970/3335 1901/4838/3338 966/1485/3339
f 964/1483/3264 1903/4840/3340 3400/1971/3341 1906/4843/3342
f 1903/4840/3340 963/1482/3307 1904/4841/3343 3400/1971/3341
f 3400/1971/3341 1904/4841/3343 966/1485/3339 1905/4842/3344
f 1906/4843/3342 3400/1971/3341 1905/4842/3344 965/1484/3276
f 2/3/10 1958/2480/13 3401/1972/3345 1960/2482/21
f 1958/2480/13 6/10/17 1974/2499/43 3401/1972/3345
f 3401/1972/3345 1974/2499/43 9/14/47 1982/2507/59
f 1960/2482/21 3401/1972/3345 1982/2507/59 14/20/22
f 5/9/33 1970/2495/36 3402/1973/3346 1972/2497/44
f 1970/2495/36 17/24/40 2002/2531/95 3402/1973/3346
f 3402/1973/3346 2002/2531/95 20/28/67 1984/2509/66
f 1972/2497/44 3402/1973/3346 1984/2509/66 10/15/45
f 24/34/114 2014/2546/117 3403/1974/3347 2016/2548/124
f 2014/2546/117 27/38/120 2026/2560/139 3403/1974/3347
f 3403/1974/3347 2026/2560/139 36/53/143 2054/2596/192
f 2016/2548/124 3403/1974/3347 2054/2596/192 39/57/125
f 589/883/2295 1274/4078/2298 3404/1975/3348 1276/4080/2305
f 1274/4078/2298 591/887/2301 1282/4087/2311 3404/1975/3348
f 3404/1975/3348 1282/4087/2311 595/891/2314 1290/4095/2324
f 1276/4080/2305 3404/1975/3348 1290/4095/2324 599/896/2306
f 54/78/279 2102/2655/282 3405/1976/3349 2104/2657/291
f 2102/2655/282 59/86/286 2122/2678/320 3405/1976/3349
f 3405/1976/3349 2122/2678/320 62/89/324 2130/2686/336
f 2104/2657/291 3405/1976/3349 2130/2686/336 66/94/292
f 58/85/310 2118/2674/313 3406/1977/3350 2120/2676/321
f 2118/2674/313 70/101/317 2150/2711/372 3406/1977/3350
f 3406/1977/3350 2150/2711/372 73/104/344 2132/2688/343
f 2120/2676/321 3406/1977/3350 2132/2688/343 63/90/322
f 76/110/9 2162/2727/394 3407/1978/3351 1954/2475/4
f 2162/2727/394 81/117/30 1964/2487/29 3407/1978/3351
f 3407/1978/3351 1964/2487/29 7/12/15 1956/2478/14
f 1954/2475/4 3407/1978/3351 1956/2478/14 1/1/1
f 80/116/32 2174/2740/414 3408/1979/3352 1966/2489/28
f 2174/2740/414 85/124/90 1996/2524/89 3408/1979/3352
f 3408/1979/3352 1996/2524/89 18/26/38 1968/2493/37
f 1966/2489/28 3408/1979/3352 1968/2493/37 4/6/25
f 16/23/85 1998/2527/88 3409/1980/3353 2000/2529/96
f 1998/2527/88 84/123/92 2182/2751/428 3409/1980/3353
f 3409/1980/3353 2182/2751/428 88/128/111 2008/2539/110
f 2000/2529/96 3409/1980/3353 2008/2539/110 21/29/97
f 77/112/7 1952/2473/6 3410/1981/3354 2164/2730/401
f 1952/2473/6 3/5/5 1962/2484/20 3410/1981/3354
f 3410/1981/3354 1962/2484/20 13/19/24 1994/2521/80
f 2164/2730/401 3410/1981/3354 1994/2521/80 94/139/84
f 103/153/483 2208/2785/482 3411/1982/3355 2228/2810/519
f 2208/2785/482 97/144/470 2206/2783/473 3411/1982/3355
f 3411/1982/3355 2206/2783/473 109/162/477 2246/2833/546
f 2228/2810/519 3411/1982/3355 2246/2833/546 112/166/520
f 65/93/294 2138/2696/349 3412/1983/3356 2106/2660/290
f 2138/2696/349 115/169/353 2254/2844/560 3412/1983/3356
f 3412/1983/3356 2254/2844/560 119/177/299 2108/2663/298
f 2106/2660/290 3412/1983/3356 2108/2663/298 55/80/287
f 67/95/338 2128/2684/337 3413/1984/3357 2136/2694/350
f 2128/2684/337 61/88/325 2126/2682/328 3413/1984/3357
f 3413/1984/3357 2126/2682/328 124/185/333 2256/2847/567
f 2136/2694/350 3413/1984/3357 2256/2847/567 116/171/351
f 64/91/329 2134/2690/342 3414/1985/3358 2124/2680/330
f 2134/2690/342 72/103/346 2154/2717/378 3414/1985/3358
f 3414/1985/3358 2154/2717/378 128/189/382 2272/2867/595
f 2124/2680/330 3414/1985/3358 2272/2867/595 125/186/331
f 133/199/369 2280/2879/609 3415/1986/3359 2146/2706/365
f 2280/2879/609 129/191/380 2152/2715/379 3415/1986/3359
f 3415/1986/3359 2152/2715/379 74/106/374 2148/2709/373
f 2146/2706/365 3415/1986/3359 2148/2709/373 69/99/362
f 608/911/2361 1308/4117/2360 3416/1987/3360 1320/4134/2383
f 1308/4117/2360 604/904/2350 1306/4115/2353 3416/1987/3360
f 3416/1987/3360 1306/4115/2353 610/914/2356 1326/4141/2389
f 1320/4134/2383 3416/1987/3360 1326/4141/2389 614/919/2384
f 92/135/447 2194/2767/450 3417/1988/3361 2196/2770/457
f 2194/2767/450 148/222/453 2330/2943/697 3417/1988/3361
f 3417/1988/3361 2330/2943/697 151/225/701 2338/2951/711
f 2196/2770/457 3417/1988/3361 2338/2951/711 156/233/458
f 160/239/389 2156/2720/388 3418/1989/3362 2346/2963/726
f 2156/2720/388 78/113/387 2166/2732/400 3418/1989/3362
f 3418/1989/3362 2166/2732/400 93/137/403 2198/2773/456
f 2346/2963/726 3418/1989/3362 2198/2773/456 155/232/460
f 159/238/391 2354/2975/740 3419/1990/3363 2158/2723/386
f 2354/2975/740 164/244/409 2168/2734/408 3419/1990/3363
f 3419/1990/3363 2168/2734/408 82/118/396 2160/2725/395
f 2158/2723/386 3419/1990/3363 2160/2725/395 75/109/383
f 163/243/411 2362/2983/754 3420/1991/3364 2170/2736/407
f 2362/2983/754 168/251/423 2176/2743/422 3420/1991/3364
f 3420/1991/3364 2176/2743/422 86/125/416 2172/2738/415
f 2170/2736/407 3420/1991/3364 2172/2738/415 79/115/404
f 89/129/430 2180/2749/429 3421/1992/3365 2188/2759/443
f 2180/2749/429 83/120/418 2178/2746/421 3421/1992/3365
f 3421/1992/3365 2178/2746/421 167/250/425 2370/2995/768
f 2188/2759/443 3421/1992/3365 2370/2995/768 171/255/444
f 600/897/2326 1288/4093/2325 3422/1993/3366 1296/4104/2339
f 1288/4093/2325 594/890/2315 1286/4091/2318 3422/1993/3366
f 3422/1993/3366 1286/4091/2318 618/925/2321 1338/4155/2408
f 1296/4104/2339 3422/1993/3366 1338/4155/2408 622/930/2340
f 185/275/839 2410/3047/842 3423/1994/3367 2412/3049/852
f 2410/3047/842 190/283/847 2426/3065/872 3423/1994/3367
f 3423/1994/3367 2426/3065/872 193/286/876 2434/3073/887
f 2412/3049/852 3423/1994/3367 2434/3073/887 198/294/853
f 206/308/906 2444/3086/911 3424/1995/3368 2442/3084/902
f 2444/3086/911 201/298/860 2416/3055/859 3424/1995/3368
f 3424/1995/3368 2416/3055/859 186/277/848 2414/3052/851
f 2442/3084/902 3424/1995/3368 2414/3052/851 197/293/855
f 205/307/913 2458/3105/930 3425/1996/3369 2446/3089/910
f 2458/3105/930 210/312/934 2470/3117/953 3425/1996/3369
f 3425/1996/3369 2470/3117/953 213/315/918 2448/3092/917
f 2446/3089/910 3425/1996/3369 2448/3092/917 202/300/907
f 209/311/943 2466/3113/946 3426/1997/3370 2468/3115/954
f 2466/3113/946 218/323/950 2486/3137/981 3426/1997/3370
f 3426/1997/3370 2486/3137/981 221/326/961 2472/3119/960
f 2468/3115/954 3426/1997/3370 2472/3119/960 214/316/955
f 226/336/989 2488/3140/988 3427/1998/3371 2496/3149/1002
f 2488/3140/988 222/328/983 2484/3135/982 3427/1998/3371
f 3427/1998/3371 2484/3135/982 217/321/971 2482/3132/974
f 2496/3149/1002 3427/1998/3371 2482/3132/974 229/341/978
f 631/945/2438 1352/4174/2437 3428/1999/3372 1360/4184/2451
f 1352/4174/2437 627/938/2427 1350/4172/2430 3428/1999/3372
f 3428/1999/3372 1350/4172/2430 634/949/2433 1370/4195/2464
f 1360/4184/2451 3428/1999/3372 1370/4195/2464 638/954/2452
f 215/317/751 2474/3121/959 3429/2000/3373 2358/2979/747
f 2474/3121/959 220/325/763 2364/2986/762 3429/2000/3373
f 3429/2000/3373 2364/2986/762 169/252/756 2360/2981/755
f 2358/2979/747 3429/2000/3373 2360/2981/755 162/242/744
f 203/301/737 2450/3094/916 3430/2001/3374 2350/2970/733
f 2450/3094/916 212/314/749 2356/2977/748 3430/2001/3374
f 3430/2001/3374 2356/2977/748 165/245/742 2352/2973/741
f 2350/2970/733 3430/2001/3374 2352/2973/741 158/235/730
f 187/278/723 2418/3057/858 3431/2002/3375 2342/2958/718
f 2418/3057/858 200/297/735 2348/2967/734 3431/2002/3375
f 3431/2002/3375 2348/2967/734 161/240/728 2344/2961/727
f 2342/2958/718 3431/2002/3375 2344/2961/727 154/229/715
f 255/390/1141 1907/4844/3376 3432/2003/3377 2568/3252/1142
f 1907/4844/3376 249/380/1129 2566/3250/1132 3432/2003/3377
f 3432/2003/3377 2566/3250/1132 261/400/1136 1908/4845/3378
f 2568/3252/1142 3432/2003/3377 1908/4845/3378 264/404/1143
f 623/931/2410 1336/4153/2409 3433/2004/3379 1344/4164/2423
f 1336/4153/2409 617/924/2399 1334/4151/2402 3433/2004/3379
f 3433/2004/3379 1334/4151/2402 628/939/2405 1354/4176/2436
f 1344/4164/2423 3433/2004/3379 1354/4176/2436 630/944/2424
f 172/256/770 2368/2993/769 3434/2005/3380 2376/3003/783
f 2368/2993/769 166/247/758 2366/2990/761 3434/2005/3380
f 3434/2005/3380 2366/2990/761 223/331/765 2490/3142/987
f 2376/3003/783 3434/2005/3380 2490/3142/987 225/335/784
f 268/411/925 2452/3097/924 3435/2006/3381 2584/3274/1166
f 2452/3097/924 207/309/904 2440/3082/903 3435/2006/3381
f 3435/2006/3381 2440/3082/903 196/290/891 2438/3079/894
f 2584/3274/1166 3435/2006/3381 2438/3079/894 273/419/899
f 267/410/927 2582/3272/1160 3436/2007/3382 2454/3100/923
f 2582/3272/1160 277/424/940 2460/3107/939 3436/2007/3382
f 3436/2007/3382 2460/3107/939 211/313/932 2456/3103/931
f 2454/3100/923 3436/2007/3382 2456/3103/931 204/304/920
f 276/423/942 2594/3285/1178 3437/2008/3383 2462/3109/938
f 2594/3285/1178 281/431/968 2476/3124/967 3437/2008/3383
f 3437/2008/3383 2476/3124/967 219/324/948 2464/3111/947
f 2462/3109/938 3437/2008/3383 2464/3111/947 208/310/935
f 230/342/976 2480/3130/975 3438/2009/3384 2504/3160/1016
f 2480/3130/975 216/319/963 2478/3127/966 3438/2009/3384
f 3438/2009/3384 2478/3127/966 280/430/970 2598/3290/1183
f 2504/3160/1016 3438/2009/3384 2598/3290/1183 284/435/1017
f 639/955/2466 1368/4193/2465 3439/2010/3385 1376/4204/2479
f 1368/4193/2465 633/948/2455 1366/4191/2458 3439/2010/3385
f 3439/2010/3385 1366/4191/2458 642/961/2461 1382/4211/2485
f 1376/4204/2479 3439/2010/3385 1382/4211/2485 646/966/2480
f 298/458/1227 1909/4846/3386 3440/2011/3387 2620/3319/1228
f 1909/4846/3386 292/448/1215 2618/3317/1218 3440/2011/3387
f 3440/2011/3387 2618/3317/1218 304/468/1222 1910/4847/3388
f 2620/3319/1228 3440/2011/3387 1910/4847/3388 307/472/1229
f 114/168/549 2250/2840/552 3441/2012/3389 2252/2842/561
f 2250/2840/552 269/412/557 2586/3276/1165 3441/2012/3389
f 3441/2012/3389 2586/3276/1165 272/418/575 2260/2852/574
f 2252/2842/561 3441/2012/3389 2260/2852/574 120/178/562
f 117/174/553 2258/2849/566 3442/2013/3390 2248/2837/554
f 2258/2849/566 123/184/569 2270/2865/586 3442/2013/3390
f 3442/2013/3390 2270/2865/586 278/425/591 2580/3270/1161
f 2248/2837/554 3442/2013/3390 2580/3270/1161 266/407/555
f 126/187/587 2274/2869/594 3443/2014/3391 2268/2863/588
f 2274/2869/594 127/188/597 2278/2876/600 3443/2014/3391
f 3443/2014/3391 2278/2876/600 282/432/605 2592/3283/1179
f 2268/2863/588 3443/2014/3391 2592/3283/1179 275/422/589
f 285/436/626 2596/3288/1184 3444/2015/3392 2290/2893/622
f 2596/3288/1184 279/427/603 2276/2873/602 3444/2015/3392
f 3444/2015/3392 2276/2873/602 130/194/601 2282/2881/608
f 2290/2893/622 3444/2015/3392 2282/2881/608 132/198/611
f 647/967/2379 1380/4209/2486 3445/2016/3393 1318/4132/2375
f 1380/4209/2486 641/960/2348 1300/4109/2347 3445/2016/3393
f 3445/2016/3393 1300/4109/2347 605/905/2346 1310/4119/2359
f 1318/4132/2375 3445/2016/3393 1310/4119/2359 607/910/2363
f 271/417/577 2590/3281/1170 3446/2017/3394 2262/2856/573
f 2590/3281/1170 316/483/1175 2650/3356/1277 3446/2017/3394
f 3446/2017/3394 2650/3356/1277 319/486/582 2264/2859/581
f 2262/2856/573 3446/2017/3394 2264/2859/581 121/180/570
f 15/21/61 1980/2505/60 3447/2018/3395 1988/2513/74
f 1980/2505/60 8/13/48 1978/2503/51 3447/2018/3395
f 3447/2018/3395 1978/2503/51 28/39/56 2012/2544/118
f 1988/2513/74 3447/2018/3395 2012/2544/118 23/33/75
f 149/223/189 2192/2765/451 3448/2019/3396 2050/2592/185
f 2192/2765/451 91/133/200 2056/2598/199 3448/2019/3396
f 3448/2019/3396 2056/2598/199 40/58/194 2052/2594/193
f 2050/2592/185 3448/2019/3396 2052/2594/193 35/52/182
f 95/141/82 1992/2519/81 3449/2020/3397 2058/2601/198
f 1992/2519/81 12/17/70 1990/2515/73 3449/2020/3397
f 3449/2020/3397 1990/2515/73 25/35/77 2018/2550/123
f 2058/2601/198 3449/2020/3397 2018/2550/123 38/56/127
f 11/16/52 1986/2511/65 3450/2021/3398 1976/2501/53
f 1986/2511/65 19/27/69 2006/2536/101 3450/2021/3398
f 3450/2021/3398 2006/2536/101 322/490/106 2028/2563/148
f 1976/2501/53 3450/2021/3398 2028/2563/148 29/40/54
f 22/30/102 2010/2542/109 3451/2022/3399 2004/2534/103
f 2010/2542/109 87/127/113 2186/2756/434 3451/2022/3399
f 3451/2022/3399 2186/2756/434 326/497/439 2652/3359/1283
f 2004/2534/103 3451/2022/3399 2652/3359/1283 323/491/104
f 122/182/515 2266/2861/580 3452/2023/3400 2226/2808/511
f 2266/2861/580 318/485/491 2212/2789/490 3452/2023/3400
f 3452/2023/3400 2212/2789/490 98/145/478 2210/2787/481
f 2226/2808/511 3452/2023/3400 2210/2787/481 102/152/485
f 60/87/284 2100/2653/283 3453/2024/3401 2112/2668/306
f 2100/2653/283 53/77/270 2098/2651/273 3453/2024/3401
f 3453/2024/3401 2098/2651/273 113/167/278 2244/2831/547
f 2112/2668/306 3453/2024/3401 2244/2831/547 108/161/307
f 56/81/274 2110/2666/297 3454/2025/3402 2096/2649/275
f 2110/2666/297 118/176/301 2224/2805/513 3454/2025/3402
f 3454/2025/3402 2224/2805/513 104/154/512 2230/2812/518
f 2096/2649/275 3454/2025/3402 2230/2812/518 111/165/276
f 134/201/367 2144/2704/366 3455/2026/3403 2284/2884/616
f 2144/2704/366 68/97/354 2142/2700/357 3455/2026/3403
f 3455/2026/3403 2142/2700/357 330/504/361 2662/3373/1292
f 2284/2884/616 3455/2026/3403 2662/3373/1292 335/513/617
f 71/102/315 2116/2672/314 3456/2027/3404 2140/2698/358
f 2116/2672/314 57/84/302 2114/2670/305 3456/2027/3404
f 3456/2027/3404 2114/2670/305 107/160/309 2242/2829/540
f 2140/2698/358 3456/2027/3404 2242/2829/540 331/505/359
f 90/130/435 2190/2762/442 3457/2028/3405 2184/2754/436
f 2190/2762/442 170/254/446 2374/3000/774 3457/2028/3405
f 3457/2028/3405 2374/3000/774 338/518/779 2656/3365/1288
f 2184/2754/436 3457/2028/3405 2656/3365/1288 327/498/437
f 152/226/699 2328/2941/698 3458/2029/3406 2332/2945/706
f 2328/2941/698 147/221/187 2048/2590/186 3458/2029/3406
f 3458/2029/3406 2048/2590/186 34/51/174 2046/2588/177
f 2332/2945/706 3458/2029/3406 2046/2588/177 251/382/181
f 227/337/994 2498/3152/1001 3459/2030/3407 2492/3145/995
f 2498/3152/1001 228/340/1004 2502/3157/1007 3459/2030/3407
f 3459/2030/3407 2502/3157/1007 342/525/1012 2678/3399/1315
f 2492/3145/995 3459/2030/3407 2678/3399/1315 349/542/996
f 194/287/874 2424/3063/873 3460/2031/3408 2428/3067/881
f 2424/3063/873 189/282/862 2422/3061/865 3460/2031/3408
f 3460/2031/3408 2422/3061/865 259/398/869 2578/3267/1155
f 2428/3067/881 3460/2031/3408 2578/3267/1155 294/450/882
f 157/234/713 2336/2949/712 3461/2032/3409 1914/4851/3410
f 150/224/702 2334/2947/705 3461/2032/3409 2336/2949/712
f 250/381/708 1911/4848/3411 3461/2032/3409 2334/2947/705
f 970/1489/3412 1912/4849/3413 3461/2032/3409 1911/4848/3411
f 254/389/3414 1913/4850/3415 3461/2032/3409 1912/4849/3413
f 969/1488/3416 1914/4851/3410 3461/2032/3409 1913/4850/3415
f 191/284/845 2408/3045/844 3462/2033/3417 2420/3059/866
f 184/274/843 1915/4852/3418 3462/2033/3417 2408/3045/844
f 972/1491/3419 1916/4853/3420 3462/2033/3417 1915/4852/3418
f 265/405/3421 1917/4854/3422 3462/2033/3417 1916/4853/3420
f 971/1490/3423 1918/4855/3424 3462/2033/3417 1917/4854/3422
f 260/399/867 2420/3059/866 3462/2033/3417 1918/4855/3424
f 188/281/721 2340/2955/720 3463/2034/3425 1920/4857/3426
f 2340/2955/720 153/228/719 1919/4856/3427 3463/2034/3425
f 3463/2034/3425 1919/4856/3427 256/391/1137 2570/3254/1140
f 1920/4857/3426 3463/2034/3425 2570/3254/1140 263/403/1145
f 173/257/775 2378/3007/782 3464/2035/3428 2372/2998/776
f 2378/3007/782 224/334/786 2494/3147/993 3464/2035/3428
f 3464/2035/3428 2494/3147/993 348/541/998 2668/3383/1303
f 2372/2998/776 3464/2035/3428 2668/3383/1303 339/519/777
f 231/343/1008 2506/3163/1015 3465/2036/3429 2500/3155/1009
f 2506/3163/1015 283/434/1019 2602/3295/1188 3465/2036/3429
f 3465/2036/3429 2602/3295/1188 352/547/1192 2680/3402/1322
f 2500/3155/1009 3465/2036/3429 2680/3402/1322 343/526/1010
f 199/295/889 2432/3071/888 3466/2037/3430 1924/4861/3431
f 192/285/877 2430/3069/880 3466/2037/3430 2432/3071/888
f 293/449/884 1921/4858/3432 3466/2037/3430 2430/3069/880
f 974/1493/3433 1922/4859/3434 3466/2037/3430 1921/4858/3432
f 297/457/3435 1923/4860/3436 3466/2037/3430 1922/4859/3434
f 973/1492/3437 1924/4861/3431 3466/2037/3430 1923/4860/3436
f 317/484/1173 2588/3279/1172 3467/2038/3438 2634/3337/1250
f 270/413/1171 1925/4862/3439 3467/2038/3438 2588/3279/1172
f 976/1495/3440 1926/4863/3441 3467/2038/3438 1925/4862/3439
f 308/473/3442 1927/4864/3443 3467/2038/3438 1926/4863/3441
f 975/1494/3444 1928/4865/3445 3467/2038/3438 1927/4864/3443
f 303/467/1247 2634/3337/1250 3467/2038/3438 1928/4865/3445
f 274/421/897 2436/3077/896 3468/2039/3446 1930/4867/3447
f 2436/3077/896 195/289/895 1929/4866/3448 3468/2039/3446
f 3468/2039/3446 1929/4866/3448 299/459/1223 2622/3321/1226
f 1930/4867/3447 3468/2039/3446 2622/3321/1226 306/471/1231
f 286/438/624 2288/2890/623 3469/2040/3449 2600/3293/1189
f 2288/2890/623 131/195/612 2286/2886/615 3469/2040/3449
f 3469/2040/3449 2286/2886/615 334/512/619 2666/3380/1297
f 2600/3293/1189 3469/2040/3449 2666/3380/1297 353/548/1190
f 320/487/493 2648/3354/1278 3470/2041/3450 2214/2791/489
f 2648/3354/1278 315/482/1252 2632/3335/1251 3470/2041/3450
f 3470/2041/3450 2632/3335/1251 302/466/499 2216/2794/498
f 2214/2791/489 3470/2041/3450 2216/2794/498 99/146/486
f 30/42/144 2030/2566/147 3471/2042/3451 2032/2569/154
f 2030/2566/147 321/489/150 2076/2623/237 3471/2042/3451
f 3471/2042/3451 2076/2623/237 46/67/215 2064/2607/214
f 2032/2569/154 3471/2042/3451 2064/2607/214 42/60/155
f 324/492/239 2654/3362/1282 3472/2043/3452 2078/2626/236
f 2654/3362/1282 325/495/260 2088/2638/259 3472/2043/3452
f 3472/2043/3452 2088/2638/259 50/73/244 2080/2628/243
f 2078/2626/236 3472/2043/3452 2080/2628/243 47/68/233
f 654/977/2506 1392/4223/2505 3473/2044/3453 1396/4227/2511
f 1392/4223/2505 649/972/2495 1390/4221/2498 3473/2044/3453
f 3473/2044/3453 1390/4221/2498 656/980/2501 1406/4240/2523
f 1396/4227/2511 3473/2044/3453 1406/4240/2523 661/987/2512
f 336/514/651 2660/3371/1293 3474/2045/3454 2302/2908/647
f 2660/3371/1293 329/502/672 2312/2920/671 3474/2045/3454
f 3474/2045/3454 2312/2920/671 140/210/656 2304/2910/655
f 2302/2908/647 3474/2045/3454 2304/2910/655 137/205/644
f 332/507/542 2240/2826/541 3475/2046/3455 2314/2923/670
f 2240/2826/541 106/157/530 2238/2822/533 3475/2046/3455
f 3475/2046/3455 2238/2822/533 145/219/537 2316/2926/677
f 2314/2923/670 3475/2046/3455 2316/2926/677 141/211/667
f 669/997/2552 1420/4258/2551 3476/2047/3456 1424/4262/2557
f 1420/4258/2551 664/992/2541 1418/4256/2544 3476/2047/3456
f 3476/2047/3456 1418/4256/2544 672/1002/2547 1438/4281/2577
f 1424/4262/2557 3476/2047/3456 1438/4281/2577 677/1010/2558
f 328/499/262 2658/3368/1287 3477/2048/3457 2090/2641/258
f 2658/3368/1287 337/516/800 2384/3014/799 3477/2048/3457
f 3477/2048/3457 2384/3014/799 175/262/267 2092/2643/266
f 2090/2641/258 3477/2048/3457 2092/2643/266 51/74/255
f 252/384/179 2044/2585/178 3478/2049/3458 2406/3043/835
f 2044/2585/178 33/48/166 2042/2581/169 3478/2049/3458
f 3478/2049/3458 2042/2581/169 179/267/173 2398/3030/820
f 2406/3043/835 3478/2049/3458 2398/3030/820 182/271/824
f 902/1415/3194 1808/4742/3193 3479/2050/3459 1812/4747/3199
f 1808/4742/3193 897/1404/3183 1806/4740/3186 3479/2050/3459
f 3479/2050/3459 1806/4740/3186 903/1416/3189 1818/4755/3204
f 1812/4747/3199 3479/2050/3459 1818/4755/3204 906/1422/3200
f 295/451/1120 2576/3264/1156 3480/2051/3460 2558/3239/1116
f 2576/3264/1156 258/395/1103 2548/3225/1102 3480/2051/3460
f 3480/2051/3460 2548/3225/1102 243/371/1091 2546/3223/1094
f 2558/3239/1116 3480/2051/3460 2546/3223/1094 246/375/1098
f 340/520/802 2670/3387/1302 3481/2052/3461 2386/3017/798
f 2670/3387/1302 347/538/1048 2520/3184/1047 3481/2052/3461
f 3481/2052/3461 2520/3184/1047 235/353/807 2388/3019/806
f 2386/3017/798 3481/2052/3461 2388/3019/806 176/263/795
f 684/1022/2598 1448/4294/2597 3482/2053/3462 1452/4299/2603
f 1448/4294/2597 679/1013/2587 1446/4292/2590 3482/2053/3462
f 3482/2053/3462 1446/4292/2590 686/1025/2593 1462/4312/2616
f 1452/4299/2603 3482/2053/3462 1462/4312/2616 693/1041/2604
f 344/527/1066 2682/3405/1321 3483/2054/3463 2530/3201/1062
f 2682/3405/1321 351/545/1204 2608/3302/1203 3483/2054/3463
f 3483/2054/3463 2608/3302/1203 288/442/1072 2532/3203/1071
f 2530/3201/1062 3483/2054/3463 2532/3203/1071 238/359/1059
f 700/1053/2645 1476/4330/2644 3484/2055/3464 1480/4335/2650
f 1476/4330/2644 695/1044/2634 1474/4328/2637 3484/2055/3464
f 3484/2055/3464 1474/4328/2637 702/1056/2640 1490/4347/2663
f 1480/4335/2650 3484/2055/3464 1490/4347/2663 708/1067/2651
f 354/549/1206 2664/3377/1298 3485/2056/3465 2610/3305/1202
f 2664/3377/1298 333/509/649 2300/2905/648 3485/2056/3465
f 3485/2056/3465 2300/2905/648 136/204/636 2298/2903/639
f 2610/3305/1202 3485/2056/3465 2298/2903/639 289/443/643
f 100/148/494 2218/2798/497 3486/2057/3466 2220/2801/505
f 2218/2798/497 301/465/501 2630/3333/1242 3486/2057/3466
f 3486/2057/3466 2630/3333/1242 313/480/1246 2640/3344/1265
f 2220/2801/505 3486/2057/3466 2640/3344/1265 310/475/506
f 43/62/210 2066/2610/213 3487/2058/3467 2068/2613/221
f 2066/2610/213 45/66/217 2074/2621/227 3487/2058/3467
f 3487/2058/3467 2074/2621/227 360/560/232 2692/3421/1343
f 2068/2613/221 3487/2058/3467 2692/3421/1343 356/554/222
f 48/69/228 2082/2631/242 3488/2059/3468 2072/2619/229
f 2082/2631/242 49/72/246 2086/2636/249 3488/2059/3468
f 3488/2059/3468 2086/2636/249 364/564/254 2704/3434/1364
f 2072/2619/229 3488/2059/3468 2704/3434/1364 361/561/230
f 662/989/2525 1404/4238/2524 3489/2060/3469 1412/4250/2537
f 1404/4238/2524 655/978/2514 1402/4235/2517 3489/2060/3469
f 3489/2060/3469 1402/4235/2517 712/1073/2520 1502/4361/2683
f 1412/4250/2537 3489/2060/3469 1502/4361/2683 718/1086/2538
f 138/206/631 2306/2913/654 3490/2061/3470 2292/2896/632
f 2306/2913/654 139/209/658 2310/2918/661 3490/2061/3470
f 3490/2061/3470 2310/2918/661 372/572/666 2724/3454/1399
f 2292/2896/632 3490/2061/3470 2724/3454/1399 369/569/633
f 142/212/662 2318/2929/676 3491/2062/3471 2308/2916/663
f 2318/2929/676 144/218/679 2326/2939/690 3491/2062/3471
f 3491/2062/3471 2326/2939/690 377/580/694 2732/3462/1413
f 2308/2916/663 3491/2062/3471 2732/3462/1413 373/573/664
f 678/1012/2579 1436/4279/2578 3492/2063/3472 1440/4284/2584
f 1436/4279/2578 671/1000/2567 1434/4276/2570 3492/2063/3472
f 3492/2063/3472 1434/4276/2570 721/1089/2574 1518/4381/2707
f 1440/4284/2584 3492/2063/3472 1518/4381/2707 727/1102/2585
f 52/75/250 2094/2646/265 3493/2064/3473 2084/2634/251
f 2094/2646/265 174/261/269 2382/3012/789 3493/2064/3473
f 3493/2064/3473 2382/3012/789 380/584/794 2712/3442/1378
f 2084/2634/251 3493/2064/3473 2712/3442/1378 365/565/252
f 689/1031/2532 1408/4243/2531 3494/2065/3474 1456/4305/2610
f 1408/4243/2531 663/990/2530 1414/4252/2536 3494/2065/3474
f 3494/2065/3474 1414/4252/2536 717/1085/2540 1510/4372/2695
f 1456/4305/2610 3494/2065/3474 1510/4372/2695 731/1106/2611
f 233/349/1029 2514/3177/1032 3495/2066/3475 2516/3180/1040
f 2514/3177/1032 240/362/1036 2538/3211/1077 3495/2066/3475
f 3495/2066/3475 2538/3211/1077 394/604/1081 2776/3520/1495
f 2516/3180/1040 3495/2066/3475 2776/3520/1495 391/601/1041
f 705/1061/2632 1468/4320/2631 3496/2067/3476 1484/4340/2657
f 1468/4320/2631 690/1033/2620 1466/4317/2623 3496/2067/3476
f 3496/2067/3476 1466/4317/2623 736/1117/2627 1542/4412/2743
f 1484/4340/2657 3496/2067/3476 1542/4412/2743 741/1122/2658
f 177/264/790 2390/3022/805 3497/2068/3477 2380/3010/791
f 2390/3022/805 234/352/809 2518/3182/1039 3497/2068/3477
f 3497/2068/3477 2518/3182/1039 390/600/1043 2748/3483/1442
f 2380/3010/791 3497/2068/3477 2748/3483/1442 381/585/792
f 694/1043/2618 1460/4310/2617 3498/2069/3478 1464/4315/2624
f 1460/4310/2617 685/1023/2606 1458/4307/2609 3498/2069/3478
f 3498/2069/3478 1458/4307/2609 730/1105/2613 1534/4402/2731
f 1464/4315/2624 3498/2069/3478 1534/4402/2731 737/1118/2625
f 239/361/1067 2534/3206/1070 3499/2070/3479 2536/3209/1078
f 2534/3206/1070 287/441/1074 2606/3300/1195 3499/2070/3479
f 3499/2070/3479 2606/3300/1195 404/620/1199 2784/3528/1509
f 2536/3209/1078 3499/2070/3479 2784/3528/1509 395/605/1079
f 709/1069/2665 1488/4345/2664 3500/2071/3480 1492/4350/2670
f 1488/4345/2664 701/1054/2653 1486/4342/2656 3500/2071/3480
f 3500/2071/3480 1486/4342/2656 740/1121/2660 1550/4421/2755
f 1492/4350/2670 3500/2071/3480 1550/4421/2755 747/1135/2671
f 290/445/641 2296/2901/640 3501/2072/3481 2604/3298/1196
f 2296/2901/640 135/202/627 2294/2898/630 3501/2072/3481
f 3501/2072/3481 2294/2898/630 368/568/635 2722/3452/1392
f 2604/3298/1196 3501/2072/3481 2722/3452/1392 405/621/1197
f 670/998/2560 1430/4271/2563 3502/2073/3482 1432/4274/2571
f 1430/4271/2563 710/1070/2566 1494/4352/2669 3502/2073/3482
f 3502/2073/3482 1494/4352/2669 746/1134/2673 1520/4384/2714
f 1432/4274/2571 3502/2073/3482 1520/4384/2714 722/1090/2572
f 357/555/1339 2694/3423/1342 3503/2074/3483 2696/3425/1349
f 2694/3423/1342 359/559/1345 2702/3432/1355 3503/2074/3483
f 3503/2074/3483 2702/3432/1355 418/643/1360 2836/3601/1609
f 2696/3425/1349 3503/2074/3483 2836/3601/1609 414/637/1350
f 362/562/1356 2706/3436/1363 3504/2075/3484 2700/3430/1357
f 2706/3436/1363 363/563/1366 2710/3440/1369 3504/2075/3484
f 3504/2075/3484 2710/3440/1369 422/647/1374 2848/3614/1630
f 2700/3430/1357 3504/2075/3484 2848/3614/1630 419/644/1358
f 719/1087/2685 1500/4359/2684 3505/2076/3485 1504/4363/2690
f 1500/4359/2684 711/1072/2674 1498/4357/2677 3505/2076/3485
f 3505/2076/3485 1498/4357/2677 750/1138/2680 1562/4435/2774
f 1504/4363/2690 3505/2076/3485 1562/4435/2774 755/1150/2691
f 370/570/1385 2726/3456/1398 3506/2077/3486 2716/3446/1386
f 2726/3456/1398 371/571/1401 2730/3460/1404 3506/2077/3486
f 3506/2077/3486 2730/3460/1404 436/667/1409 2884/3658/1693
f 2716/3446/1386 3506/2077/3486 2884/3658/1693 433/664/1387
f 374/574/1405 2734/3464/1412 3507/2078/3487 2728/3458/1406
f 2734/3464/1412 376/579/1415 2742/3477/1426 3507/2078/3487
f 3507/2078/3487 2742/3477/1426 441/674/1430 2892/3666/1707
f 2728/3458/1406 3507/2078/3487 2892/3666/1707 437/668/1407
f 728/1103/2709 1516/4379/2708 3508/2079/3488 1524/4390/2719
f 1516/4379/2708 720/1088/2698 1514/4377/2701 3508/2079/3488
f 3508/2079/3488 1514/4377/2701 760/1155/2704 1582/4461/2809
f 1524/4390/2719 3508/2079/3488 1582/4461/2809 765/1167/2720
f 366/566/1370 2714/3444/1377 3509/2080/3489 2708/3438/1371
f 2714/3444/1377 379/583/1380 2746/3481/1433 3509/2080/3489
f 3509/2080/3489 2746/3481/1433 444/678/1438 2856/3622/1644
f 2708/3438/1371 3509/2080/3489 2856/3622/1644 423/648/1372
f 387/595/1466 2760/3499/1465 3510/2081/3490 2768/3511/1480
f 2760/3499/1465 384/590/1454 2758/3497/1457 3510/2081/3490
f 3510/2081/3490 2758/3497/1457 426/653/1461 2866/3636/1657
f 2768/3511/1480 3510/2081/3490 2866/3636/1657 448/683/1481
f 392/602/1487 2778/3522/1494 3511/2082/3491 2772/3516/1488
f 2778/3522/1494 393/603/1497 2782/3526/1500 3511/2082/3491
f 3511/2082/3491 2782/3526/1500 458/698/1505 980/3713/1771
f 2772/3516/1488 3511/2082/3491 980/3713/1771 455/695/1489
f 401/615/1533 2796/3544/1532 3512/2083/3492 2804/3556/1547
f 2796/3544/1532 398/610/1521 2794/3542/1524 3512/2083/3492
f 3512/2083/3492 2794/3542/1524 451/690/1528 2922/3707/1756
f 2804/3556/1547 3512/2083/3492 2922/3707/1756 462/703/1548
f 382/586/1434 2750/3485/1441 3513/2084/3493 2744/3479/1435
f 2750/3485/1441 389/599/1444 2774/3518/1486 3513/2084/3493
f 3513/2084/3493 2774/3518/1486 454/694/1491 2908/3686/1736
f 2744/3479/1435 3513/2084/3493 2908/3686/1736 445/679/1436
f 738/1119/2733 1532/4400/2732 3514/2085/3494 1536/4404/2738
f 1532/4400/2732 729/1104/2722 1530/4398/2725 3514/2085/3494
f 3514/2085/3494 1530/4398/2725 768/1170/2728 1594/4474/2829
f 1536/4404/2738 3514/2085/3494 1594/4474/2829 775/1185/2739
f 396/606/1501 2786/3530/1508 3515/2086/3495 2780/3524/1502
f 2786/3530/1508 403/619/1511 2810/3563/1553 3515/2086/3495
f 3515/2086/3495 2810/3563/1553 465/708/1557 988/3721/1785
f 2780/3524/1502 3515/2086/3495 988/3721/1785 459/699/1503
f 748/1136/2757 1548/4419/2756 3516/2087/3496 1552/4423/2762
f 1548/4419/2756 739/1120/2746 1546/4417/2749 3516/2087/3496
f 3516/2087/3496 1546/4417/2749 778/1188/2752 1610/4493/2857
f 1552/4423/2762 3516/2087/3496 1610/4493/2857 784/1202/2763
f 406/622/1394 2720/3450/1393 3517/2088/3497 2808/3561/1554
f 2720/3450/1393 367/567/1381 2718/3448/1384 3517/2088/3497
f 3517/2088/3497 2718/3448/1384 432/663/1389 2882/3656/1686
f 2808/3561/1554 3517/2088/3497 2882/3656/1686 466/709/1555
f 408/625/1567 2818/3575/1570 3518/2089/3498 2820/3577/1578
f 2818/3575/1570 411/632/1574 2830/3592/1592 3518/2089/3498
f 3518/2089/3498 2830/3592/1592 469/714/1596 2872/3645/1672
f 2820/3577/1578 3518/2089/3498 2872/3645/1672 429/658/1579
f 415/638/1605 2838/3603/1608 3519/2090/3499 2840/3605/1615
f 2838/3603/1608 417/642/1611 2846/3612/1621 3519/2090/3499
f 3519/2090/3499 2846/3612/1621 476/725/1626 1008/3750/1821
f 2840/3605/1615 3519/2090/3499 1008/3750/1821 472/719/1616
f 420/645/1622 2850/3616/1629 3520/2091/3500 2844/3610/1623
f 2850/3616/1629 421/646/1632 2854/3620/1635 3520/2091/3500
f 3520/2091/3500 2854/3620/1635 480/729/1640 1020/3763/1842
f 2844/3610/1623 3520/2091/3500 1020/3763/1842 477/726/1624
f 756/1151/2776 1560/4433/2775 3521/2092/3501 1568/4444/2788
f 1560/4433/2775 749/1137/2765 1558/4431/2768 3521/2092/3501
f 3521/2092/3501 1558/4431/2768 788/1206/2771 1622/4506/2877
f 1568/4444/2788 3521/2092/3501 1622/4506/2877 794/1219/2789
f 434/665/1679 2886/3660/1692 3522/2093/3502 2876/3650/1680
f 2886/3660/1692 435/666/1695 2890/3664/1698 3522/2093/3502
f 3522/2093/3502 2890/3664/1698 488/737/1703 1040/3783/1877
f 2876/3650/1680 3522/2093/3502 1040/3783/1877 485/734/1681
f 438/669/1699 2894/3668/1706 3523/2094/3503 2888/3662/1700
f 2894/3668/1706 440/673/1709 2902/3680/1720 3523/2094/3503
f 3523/2094/3503 2902/3680/1720 493/745/1724 1048/3791/1891
f 2888/3662/1700 3523/2094/3503 1048/3791/1891 489/738/1701
f 766/1168/2811 1580/4459/2810 3524/2095/3504 1584/4463/2816
f 1580/4459/2810 759/1154/2799 1578/4457/2802 3524/2095/3504
f 3524/2095/3504 1578/4457/2802 797/1222/2806 1638/4526/2901
f 1584/4463/2816 3524/2095/3504 1638/4526/2901 803/1235/2817
f 424/649/1636 2858/3624/1643 3525/2096/3505 2852/3618/1637
f 2858/3624/1643 443/677/1646 2906/3684/1727 3525/2096/3505
f 3525/2096/3505 2906/3684/1727 496/749/1732 1028/3771/1856
f 2852/3618/1637 3525/2096/3505 1028/3771/1856 481/730/1638
f 771/1177/2783 1564/4438/2782 3526/2097/3506 1588/4468/2823
f 1564/4438/2782 757/1152/2781 1570/4446/2787 3526/2097/3506
f 3526/2097/3506 1570/4446/2787 793/1218/2791 1630/4517/2889
f 1588/4468/2823 3526/2097/3506 1630/4517/2889 807/1239/2824
f 456/696/1763 982/3715/1770 3527/2098/3507 2924/3709/1764
f 982/3715/1770 457/697/1773 986/3719/1776 3527/2098/3507
f 3527/2098/3507 986/3719/1776 510/769/1781 1092/3849/1973
f 2924/3709/1764 3527/2098/3507 1092/3849/1973 507/766/1765
f 781/1195/2845 1600/4481/2844 3528/2099/3508 1604/4487/2851
f 1600/4481/2844 772/1178/2833 1598/4478/2836 3528/2099/3508
f 3528/2099/3508 1598/4478/2836 812/1250/2840 1662/4557/2937
f 1604/4487/2851 3528/2099/3508 1662/4557/2937 817/1255/2852
f 446/680/1728 2910/3688/1735 3529/2100/3509 2904/3682/1729
f 2910/3688/1735 453/693/1738 978/3711/1762 3529/2100/3509
f 3529/2100/3509 978/3711/1762 506/765/1767 1064/3812/1920
f 2904/3682/1729 3529/2100/3509 1064/3812/1920 497/750/1730
f 776/1186/2831 1592/4472/2830 3530/2101/3510 1596/4476/2837
f 1592/4472/2830 767/1169/2819 1590/4470/2822 3530/2101/3510
f 3530/2101/3510 1590/4470/2822 806/1238/2826 1654/4547/2925
f 1596/4476/2837 3530/2101/3510 1654/4547/2925 813/1251/2838
f 460/700/1777 990/3723/1784 3531/2102/3511 984/3717/1778
f 990/3723/1784 464/707/1787 998/3734/1797 3531/2102/3511
f 3531/2102/3511 998/3734/1797 520/785/1801 1100/3857/1987
f 984/3717/1778 3531/2102/3511 1100/3857/1987 511/770/1779
f 785/1203/2859 1608/4491/2858 3532/2103/3512 1612/4495/2864
f 1608/4491/2858 777/1187/2847 1606/4489/2850 3532/2103/3512
f 3532/2103/3512 1606/4489/2850 816/1254/2854 1670/4566/2949
f 1612/4495/2864 3532/2103/3512 1670/4566/2949 823/1268/2865
f 467/710/1688 2880/3654/1687 3533/2104/3513 996/3732/1798
f 2880/3654/1687 431/662/1675 2878/3652/1678 3533/2104/3513
f 3533/2104/3513 2878/3652/1678 484/733/1683 1038/3781/1870
f 996/3732/1798 3533/2104/3513 1038/3781/1870 521/786/1799
f 758/1153/2792 1574/4453/2795 3534/2105/3514 1576/4455/2803
f 1574/4453/2795 786/1204/2798 1614/4497/2863 3534/2105/3514
f 3534/2105/3514 1614/4497/2863 822/1267/2867 1640/4529/2908
f 1576/4455/2803 3534/2105/3514 1640/4529/2908 798/1223/2804
f 473/720/1817 1010/3752/1820 3535/2106/3515 1012/3754/1827
f 1010/3752/1820 475/724/1823 1018/3761/1833 3535/2106/3515
f 3535/2106/3515 1018/3761/1833 534/808/1838 1152/3930/2087
f 1012/3754/1827 3535/2106/3515 1152/3930/2087 530/802/1828
f 478/727/1834 1022/3765/1841 3536/2107/3516 1016/3759/1835
f 1022/3765/1841 479/728/1844 1026/3769/1847 3536/2107/3516
f 3536/2107/3516 1026/3769/1847 538/812/1852 1164/3943/2108
f 1016/3759/1835 3536/2107/3516 1164/3943/2108 535/809/1836
f 795/1220/2879 1620/4504/2878 3537/2108/3517 1624/4508/2884
f 1620/4504/2878 787/1205/2868 1618/4502/2871 3537/2108/3517
f 3537/2108/3517 1618/4502/2871 826/1271/2874 1682/4579/2970
f 1624/4508/2884 3537/2108/3517 1682/4579/2970 833/1286/2885
f 486/735/1863 1042/3785/1876 3538/2109/3518 1032/3775/1864
f 1042/3785/1876 487/736/1879 1046/3789/1882 3538/2109/3518
f 3538/2109/3518 1046/3789/1882 552/832/1887 1200/3987/2171
f 1032/3775/1864 3538/2109/3518 1200/3987/2171 549/829/1865
f 490/739/1883 1050/3793/1890 3539/2110/3519 1044/3787/1884
f 1050/3793/1890 492/744/1893 1058/3806/1904 3539/2110/3519
f 3539/2110/3519 1058/3806/1904 557/838/1908 1208/3995/2185
f 1044/3787/1884 3539/2110/3519 1208/3995/2185 553/833/1885
f 804/1236/2903 1636/4524/2902 3540/2111/3520 1644/4535/2913
f 1636/4524/2902 796/1221/2892 1634/4522/2895 3540/2111/3520
f 3540/2111/3520 1634/4522/2895 836/1289/2898 1702/4604/3005
f 1644/4535/2913 3540/2111/3520 1702/4604/3005 843/1303/2914
f 482/731/1848 1030/3773/1855 3541/2112/3521 1024/3767/1849
f 1030/3773/1855 495/748/1858 1062/3810/1911 3541/2112/3521
f 3541/2112/3521 1062/3810/1911 560/842/1916 1172/3951/2122
f 1024/3767/1849 3541/2112/3521 1172/3951/2122 539/813/1850
f 503/760/1944 1076/3828/1943 3542/2113/3522 1084/3840/1958
f 1076/3828/1943 500/755/1932 1074/3826/1935 3542/2113/3522
f 3542/2113/3522 1074/3826/1935 542/818/1939 1182/3965/2135
f 1084/3840/1958 3542/2113/3522 1182/3965/2135 564/847/1959
f 508/767/1965 1094/3851/1972 3543/2114/3523 1088/3845/1966
f 1094/3851/1972 509/768/1975 1098/3855/1978 3543/2114/3523
f 3543/2114/3523 1098/3855/1978 574/861/1983 1244/4040/2249
f 1088/3845/1966 3543/2114/3523 1244/4040/2249 571/858/1967
f 517/780/2011 1112/3873/2010 3544/2115/3524 1120/3885/2025
f 1112/3873/2010 514/775/1999 1110/3871/2002 3544/2115/3524
f 3544/2115/3524 1110/3871/2002 567/853/2006 1238/4034/2234
f 1120/3885/2025 3544/2115/3524 1238/4034/2234 578/866/2026
f 498/751/1912 1066/3814/1919 3545/2116/3525 1060/3808/1913
f 1066/3814/1919 505/764/1922 1090/3847/1964 3545/2116/3525
f 3545/2116/3525 1090/3847/1964 570/857/1969 1224/4014/2214
f 1060/3808/1913 3545/2116/3525 1224/4014/2214 561/843/1914
f 814/1252/2927 1652/4545/2926 3546/2117/3526 1656/4549/2932
f 1652/4545/2926 805/1237/2916 1650/4543/2919 3546/2117/3526
f 3546/2117/3526 1650/4543/2919 846/1306/2922 1722/4630/3039
f 1656/4549/2932 3546/2117/3526 1722/4630/3039 853/1320/2933
f 512/771/1979 1102/3859/1986 3547/2118/3527 1096/3853/1980
f 1102/3859/1986 519/784/1989 1126/3892/2031 3547/2118/3527
f 3547/2118/3527 1126/3892/2031 581/871/2035 1252/4048/2263
f 1096/3853/1980 3547/2118/3527 1252/4048/2263 575/862/1981
f 824/1269/2951 1668/4564/2950 3548/2119/3528 1672/4568/2956
f 1668/4564/2950 815/1253/2940 1666/4562/2943 3548/2119/3528
f 3548/2119/3528 1666/4562/2943 856/1323/2946 1738/4649/3067
f 1672/4568/2956 3548/2119/3528 1738/4649/3067 863/1338/2957
f 522/787/1872 1036/3779/1871 3549/2120/3529 1124/3890/2032
f 1036/3779/1871 483/732/1859 1034/3777/1862 3549/2120/3529
f 3549/2120/3529 1034/3777/1862 548/828/1867 1198/3985/2164
f 1124/3890/2032 3549/2120/3529 1198/3985/2164 582/872/2033
f 524/790/2045 1134/3904/2048 3550/2121/3530 1136/3906/2056
f 1134/3904/2048 527/797/2052 1146/3921/2070 3550/2121/3530
f 3550/2121/3530 1146/3921/2070 585/877/2074 1188/3974/2150
f 1136/3906/2056 3550/2121/3530 1188/3974/2150 545/823/2057
f 531/803/2083 1154/3932/2086 3551/2122/3531 1156/3934/2093
f 1154/3932/2086 533/807/2089 1162/3941/2099 3551/2122/3531
f 3551/2122/3531 1162/3941/2099 592/888/2104 1272/4076/2299
f 1156/3934/2093 3551/2122/3531 1272/4076/2299 588/882/2094
f 536/810/2100 1166/3945/2107 3552/2123/3532 1160/3939/2101
f 1166/3945/2107 537/811/2110 1170/3949/2113 3552/2123/3532
f 3552/2123/3532 1170/3949/2113 596/892/2118 1280/4085/2312
f 1160/3939/2101 3552/2123/3532 1280/4085/2312 593/889/2102
f 911/1430/3214 1826/4763/3217 3553/2124/3533 1828/4765/3224
f 1826/4763/3217 913/1432/3220 1834/4771/3230 3553/2124/3533
f 3553/2124/3533 1834/4771/3230 916/1435/3233 1838/4775/3236
f 1828/4765/3224 3553/2124/3533 1838/4775/3236 920/1439/3225
f 550/830/2157 1202/3989/2170 3554/2125/3534 1192/3979/2158
f 1202/3989/2170 551/831/2173 1206/3993/2176 3554/2125/3534
f 3554/2125/3534 1206/3993/2176 611/915/2181 1304/4113/2354
f 1192/3979/2158 3554/2125/3534 1304/4113/2354 603/903/2159
f 554/834/2177 1210/3997/2184 3555/2126/3535 1204/3991/2178
f 1210/3997/2184 556/837/2187 1218/4008/2198 3555/2126/3535
f 3555/2126/3535 1218/4008/2198 615/920/2202 1324/4139/2390
f 1204/3991/2178 3555/2126/3535 1324/4139/2390 612/916/2179
f 925/1444/3248 1850/4787/3254 3556/2127/3536 1844/4781/3249
f 1850/4787/3254 927/1446/3257 1858/4795/3267 3556/2127/3536
f 3556/2127/3536 1858/4795/3267 932/1451/3271 1866/4803/3280
f 1844/4781/3249 3556/2127/3536 1866/4803/3280 934/1453/3250
f 540/814/2114 1174/3953/2121 3557/2128/3537 1168/3947/2115
f 1174/3953/2121 559/841/2124 1222/4012/2205 3557/2128/3537
f 3557/2128/3537 1222/4012/2205 619/926/2210 1284/4089/2319
f 1168/3947/2115 3557/2128/3537 1284/4089/2319 597/893/2116
f 939/1458/3212 1820/4757/3211 3558/2129/3538 1872/4809/3293
f 1820/4757/3211 912/1431/3210 1830/4767/3223 3558/2129/3538
f 3558/2129/3538 1830/4767/3223 919/1438/3227 1842/4779/3241
f 1872/4809/3293 3558/2129/3538 1842/4779/3241 942/1461/3244
f 572/859/2241 1246/4042/2248 3559/2130/3539 1240/4036/2242
f 1246/4042/2248 573/860/2251 1250/4046/2254 3559/2130/3539
f 3559/2130/3539 1250/4046/2254 635/950/2259 1348/4170/2431
f 1240/4036/2242 3559/2130/3539 1348/4170/2431 626/937/2243
f 947/1466/3309 1886/4823/3312 3560/2131/3540 1888/4825/3319
f 1886/4823/3312 950/1469/3315 1894/4831/3325 3560/2131/3540
f 3560/2131/3540 1894/4831/3325 955/1474/3328 1898/4835/3331
f 1888/4825/3319 3560/2131/3540 1898/4835/3331 958/1477/3320
f 562/844/2206 1226/4016/2213 3561/2132/3541 1220/4010/2207
f 1226/4016/2213 569/856/2216 1242/4038/2240 3561/2132/3541
f 3561/2132/3541 1242/4038/2240 625/936/2245 1332/4149/2403
f 1220/4010/2207 3561/2132/3541 1332/4149/2403 620/927/2208
f 949/1468/3288 1868/4805/3287 3562/2133/3542 1892/4829/3326
f 1868/4805/3287 940/1459/3286 1874/4811/3292 3562/2133/3542
f 3562/2133/3542 1874/4811/3292 941/1460/3295 1878/4815/3298
f 1892/4829/3326 3562/2133/3542 1878/4815/3298 956/1475/3301
f 576/863/2255 1254/4050/2262 3563/2134/3543 1248/4044/2256
f 1254/4050/2262 580/870/2265 1262/4061/2275 3563/2134/3543
f 3563/2134/3543 1262/4061/2275 643/962/2279 1364/4189/2459
f 1248/4044/2256 3563/2134/3543 1364/4189/2459 636/951/2257
f 963/1482/3307 1880/4817/3306 3564/2135/3544 1904/4841/3343
f 1880/4817/3306 948/1467/3305 1890/4827/3318 3564/2135/3544
f 3564/2135/3544 1890/4827/3318 957/1476/3322 1902/4839/3336
f 1904/4841/3343 3564/2135/3544 1902/4839/3336 966/1485/3339
f 583/873/2166 1196/3983/2165 3565/2136/3545 1260/4059/2276
f 1196/3983/2165 547/827/2153 1194/3981/2156 3565/2136/3545
f 3565/2136/3545 1194/3981/2156 602/902/2161 1302/4111/2345
f 1260/4059/2276 3565/2136/3545 1302/4111/2345 644/963/2277
f 926/1445/3258 1854/4791/3261 3566/2137/3546 1856/4793/3268
f 1854/4791/3261 964/1483/3264 1906/4843/3342 3566/2137/3546
f 3566/2137/3546 1906/4843/3342 965/1484/3276 1860/4797/3275
f 1856/4793/3268 3566/2137/3546 1860/4797/3275 933/1452/3269
f 37/55/141 2024/2558/140 3567/2138/3547 2036/2574/162
f 2024/2558/140 26/36/128 2022/2555/131 3567/2138/3547
f 3567/2138/3547 2022/2555/131 650/973/136 1394/4225/2504
f 2036/2574/162 3567/2138/3547 1394/4225/2504 653/976/163
f 31/44/132 2034/2571/153 3568/2139/3548 2020/2553/133
f 2034/2571/153 41/59/157 2062/2605/204 3568/2139/3548
f 3568/2139/3548 2062/2605/204 657/981/209 1388/4219/2499
f 2020/2553/133 3568/2139/3548 1388/4219/2499 651/974/134
f 180/268/171 2040/2579/170 3569/2140/3549 2392/3024/814
f 2040/2579/170 32/46/158 2038/2576/161 3569/2140/3549
f 3569/2140/3549 2038/2576/161 652/975/165 1398/4229/2510
f 2392/3024/814 3569/2140/3549 1398/4229/2510 660/986/815
f 110/164/475 2204/2781/474 3570/2141/3550 2232/2815/526
f 2204/2781/474 96/142/461 2202/2778/464 3570/2141/3550
f 3570/2141/3550 2202/2778/464 665/993/469 1422/4260/2550
f 2232/2815/526 3570/2141/3550 1422/4260/2550 668/996/527
f 101/150/465 2222/2803/504 3571/2142/3551 2200/2776/466
f 2222/2803/504 309/474/508 2638/3342/1256 3571/2142/3551
f 3571/2142/3551 2638/3342/1256 673/1003/1261 1416/4254/2545
f 2200/2776/466 3571/2142/3551 1416/4254/2545 666/994/467
f 146/220/535 2236/2820/534 3572/2143/3552 2320/2931/684
f 2236/2820/534 105/155/522 2234/2817/525 3572/2143/3552
f 3572/2143/3552 2234/2817/525 667/995/529 1426/4264/2556
f 2320/2931/684 3572/2143/3552 1426/4264/2556 676/1009/685
f 262/402/1134 2564/3248/1133 3573/2144/3553 2572/3257/1149
f 2564/3248/1133 248/378/1121 2562/3245/1124 3573/2144/3553
f 3573/2144/3553 2562/3245/1124 680/1014/1128 1450/4297/2596
f 2572/3257/1149 3573/2144/3553 1450/4297/2596 683/1020/1150
f 253/387/837 2404/3040/836 3574/2145/3554 2560/3242/1125
f 2404/3040/836 181/269/825 2402/3037/828 3574/2145/3554
f 3574/2145/3554 2402/3037/828 687/1026/832 1444/4290/2591
f 2560/3242/1125 3574/2145/3554 1444/4290/2591 681/1016/1126
f 244/372/1086 2550/3229/1101 3575/2146/3555 2540/3214/1087
f 2550/3229/1101 257/394/1105 2574/3260/1148 3575/2146/3555
f 3575/2146/3555 2574/3260/1148 682/1018/1152 1454/4302/2602
f 2540/3214/1087 3575/2146/3555 1454/4302/2602 692/1039/1088
f 305/470/1220 2616/3315/1219 3576/2147/3556 2624/3324/1236
f 2616/3315/1219 291/446/1207 2614/3312/1210 3576/2147/3556
f 3576/2147/3556 2614/3312/1210 696/1045/1214 1478/4333/2643
f 2624/3324/1236 3576/2147/3556 1478/4333/2643 699/1051/1237
f 296/454/1118 2556/3236/1117 3577/2148/3557 2612/3309/1211
f 2556/3236/1117 245/374/1106 2554/3234/1109 3577/2148/3557
f 3577/2148/3557 2554/3234/1109 703/1057/1113 1472/4326/2638
f 2612/3309/1211 3577/2148/3557 1472/4326/2638 697/1048/1212
f 314/481/1244 2628/3331/1243 3578/2149/3558 2644/3349/1271
f 2628/3331/1243 300/461/1232 2626/3328/1235 3578/2149/3558
f 3578/2149/3558 2626/3328/1235 698/1050/1239 1482/4337/2649
f 2644/3349/1271 3578/2149/3558 1482/4337/2649 707/1066/1272
f 44/63/205 2070/2616/220 3579/2150/3559 2060/2603/206
f 2070/2616/220 355/553/224 2690/3419/1333 3579/2150/3559
f 3579/2150/3559 2690/3419/1333 713/1074/1338 1400/4233/2518
f 2060/2603/206 3579/2150/3559 1400/4233/2518 658/982/207
f 378/582/692 2324/2937/691 3580/2151/3560 2736/3467/1420
f 2324/2937/691 143/215/680 2322/2933/683 3580/2151/3560
f 3580/2151/3560 2322/2933/683 675/1007/687 1442/4287/2583
f 2736/3467/1420 3580/2151/3560 1442/4287/2583 726/1100/1421
f 183/272/822 2396/3028/821 3581/2152/3561 2400/3034/829
f 2396/3028/821 178/266/810 2394/3026/813 3581/2152/3561
f 3581/2152/3561 2394/3026/813 659/984/817 1410/4247/2529
f 2400/3034/829 3581/2152/3561 1410/4247/2529 688/1029/830
f 385/591/1449 2762/3502/1464 3582/2153/3562 2752/3488/1450
f 2762/3502/1464 386/594/1468 2766/3509/1471 3582/2153/3562
f 3582/2153/3562 2766/3509/1471 732/1107/1476 1508/4370/2696
f 2752/3488/1450 3582/2153/3562 1508/4370/2696 716/1082/1451
f 247/377/1096 2544/3221/1095 3583/2154/3563 2552/3232/1110
f 2544/3221/1095 242/369/1082 2542/3218/1085 3583/2154/3563
f 3583/2154/3563 2542/3218/1085 691/1038/1090 1470/4324/2630
f 2552/3232/1110 3583/2154/3563 1470/4324/2630 704/1059/1111
f 399/611/1516 2798/3547/1531 3584/2155/3564 2788/3533/1517
f 2798/3547/1531 400/614/1535 2802/3554/1538 3584/2155/3564
f 3584/2155/3564 2802/3554/1538 742/1123/1543 1540/4410/2744
f 2788/3533/1517 3584/2155/3564 1540/4410/2744 735/1115/1518
f 311/477/1257 2642/3347/1264 3585/2156/3565 2636/3340/1258
f 2642/3347/1264 312/479/1267 2646/3352/1270 3585/2156/3565
f 3585/2156/3565 2646/3352/1270 706/1065/1274 1428/4268/2564
f 2636/3340/1258 3585/2156/3565 1428/4268/2564 674/1005/1259
f 412/634/1572 2816/3573/1571 3586/2157/3566 2824/3583/1586
f 2816/3573/1571 407/623/1558 2814/3570/1561 3586/2157/3566
f 3586/2157/3566 2814/3570/1561 723/1091/1566 1522/4388/2713
f 2824/3583/1586 3586/2157/3566 1522/4388/2713 745/1131/1587
f 358/558/1334 2698/3428/1348 3587/2158/3567 2688/3416/1335
f 2698/3428/1348 413/636/1352 2834/3599/1599 3587/2158/3567
f 3587/2158/3567 2834/3599/1599 751/1139/1604 1496/4355/2678
f 2688/3416/1335 3587/2158/3567 1496/4355/2678 714/1077/1336
f 427/655/1459 2756/3495/1458 3588/2159/3568 2860/3627/1651
f 2756/3495/1458 383/588/1445 2754/3492/1448 3588/2159/3568
f 3588/2159/3568 2754/3492/1448 715/1081/1453 1506/4366/2689
f 2860/3627/1651 3588/2159/3568 1506/4366/2689 754/1148/1652
f 409/628/1562 2822/3580/1577 3589/2160/3569 2812/3567/1563
f 2822/3580/1577 428/657/1581 2870/3643/1663 3589/2160/3569
f 3589/2160/3569 2870/3643/1663 761/1156/1668 1512/4375/2702
f 2812/3567/1563 3589/2160/3569 1512/4375/2702 724/1095/1564
f 442/676/1428 2740/3475/1427 3590/2161/3570 2896/3671/1714
f 2740/3475/1427 375/576/1416 2738/3471/1419 3590/2161/3570
f 3590/2161/3570 2738/3471/1419 725/1099/1423 1526/4393/2718
f 2896/3671/1714 3590/2161/3570 1526/4393/2718 764/1165/1715
f 388/598/1472 2770/3514/1479 3591/2162/3571 2764/3506/1473
f 2770/3514/1479 447/682/1483 2914/3695/1741 3591/2162/3571
f 3591/2162/3571 2914/3695/1741 769/1171/1745 1528/4396/2726
f 2764/3506/1473 3591/2162/3571 1528/4396/2726 733/1110/1474
f 452/692/1526 2792/3540/1525 3592/2163/3572 2916/3698/1750
f 2792/3540/1525 397/608/1512 2790/3537/1515 3592/2163/3572
f 3592/2163/3572 2790/3537/1515 734/1114/1520 1538/4407/2737
f 2916/3698/1750 3592/2163/3572 1538/4407/2737 774/1183/1751
f 402/618/1539 2806/3559/1546 3593/2164/3573 2800/3551/1540
f 2806/3559/1546 461/702/1550 994/3730/1790 3593/2164/3573
f 3593/2164/3573 994/3730/1790 779/1189/1794 1544/4415/2750
f 2800/3551/1540 3593/2164/3573 1544/4415/2750 743/1126/1541
f 470/716/1594 2828/3590/1593 3594/2165/3574 1000/3737/1805
f 2828/3590/1593 410/630/1582 2826/3587/1585 3594/2165/3574
f 3594/2165/3574 2826/3587/1585 744/1130/1589 1554/4426/2761
f 1000/3737/1805 3594/2165/3574 1554/4426/2761 783/1200/1806
f 416/641/1600 2842/3608/1614 3595/2166/3575 2832/3596/1601
f 2842/3608/1614 471/718/1618 1006/3748/1811 3595/2166/3575
f 3595/2166/3575 1006/3748/1811 789/1207/1816 1556/4429/2769
f 2832/3596/1601 3595/2166/3575 1556/4429/2769 752/1142/1602
f 494/747/1722 2900/3678/1721 3596/2167/3576 1052/3796/1898
f 2900/3678/1721 439/671/1710 2898/3675/1713 3596/2167/3576
f 3596/2167/3576 2898/3675/1713 763/1164/1717 1586/4466/2815
f 1052/3796/1898 3596/2167/3576 1586/4466/2815 802/1233/1899
f 449/685/1659 2864/3634/1658 3597/2168/3577 2912/3692/1742
f 2864/3634/1658 425/651/1647 2862/3631/1650 3597/2168/3577
f 3597/2168/3577 2862/3631/1650 753/1147/1654 1566/4442/2780
f 2912/3692/1742 3597/2168/3577 1566/4442/2780 770/1174/1743
f 501/756/1927 1078/3831/1942 3598/2169/3578 1068/3817/1928
f 1078/3831/1942 502/759/1946 1082/3838/1949 3598/2169/3578
f 3598/2169/3578 1082/3838/1949 808/1240/1954 1628/4515/2890
f 1068/3817/1928 3598/2169/3578 1628/4515/2890 792/1215/1929
f 463/705/1758 2920/3705/1757 3599/2170/3579 992/3727/1791
f 2920/3705/1757 450/688/1746 2918/3702/1749 3599/2170/3579
f 3599/2170/3579 2918/3702/1749 773/1182/1753 1602/4485/2843
f 992/3727/1791 3599/2170/3579 1602/4485/2843 780/1192/1792
f 515/776/1994 1114/3876/2009 3600/2171/3580 1104/3862/1995
f 1114/3876/2009 516/779/2013 1118/3883/2016 3600/2171/3580
f 3600/2171/3580 1118/3883/2016 818/1256/2021 1660/4555/2938
f 1104/3862/1995 3600/2171/3580 1660/4555/2938 811/1248/1996
f 430/661/1664 2874/3648/1671 3601/2172/3581 2868/3640/1665
f 2874/3648/1671 468/713/1674 1002/3741/1804 3601/2172/3581
f 3601/2172/3581 1002/3741/1804 782/1199/1808 1572/4450/2796
f 2868/3640/1665 3601/2172/3581 1572/4450/2796 762/1159/1666
f 528/799/2050 1132/3902/2049 3602/2173/3582 1140/3912/2064
f 1132/3902/2049 523/788/2036 1130/3899/2039 3602/2173/3582
f 3602/2173/3582 1130/3899/2039 799/1224/2044 1642/4533/2907
f 1140/3912/2064 3602/2173/3582 1642/4533/2907 821/1264/2065
f 474/723/1812 1014/3757/1826 3603/2174/3583 1004/3745/1813
f 1014/3757/1826 529/801/1830 1150/3928/2077 3603/2174/3583
f 3603/2174/3583 1150/3928/2077 827/1272/2082 1616/4500/2872
f 1004/3745/1813 3603/2174/3583 1616/4500/2872 790/1210/1814
f 543/820/1937 1072/3824/1936 3604/2175/3584 1176/3956/2129
f 1072/3824/1936 499/753/1923 1070/3821/1926 3604/2175/3584
f 3604/2175/3584 1070/3821/1926 791/1214/1931 1626/4511/2883
f 1176/3956/2129 3604/2175/3584 1626/4511/2883 832/1284/2130
f 525/793/2040 1138/3909/2055 3605/2176/3585 1128/3896/2041
f 1138/3909/2055 544/822/2059 1186/3972/2141 3605/2176/3585
f 3605/2176/3585 1186/3972/2141 837/1290/2146 1632/4520/2896
f 1128/3896/2041 3605/2176/3585 1632/4520/2896 800/1228/2042
f 558/840/1906 1056/3804/1905 3606/2177/3586 1212/4000/2192
f 1056/3804/1905 491/741/1894 1054/3800/1897 3606/2177/3586
f 3606/2177/3586 1054/3800/1897 801/1232/1901 1646/4538/2912
f 1212/4000/2192 3606/2177/3586 1646/4538/2912 842/1301/2193
f 504/763/1950 1086/3843/1957 3607/2178/3587 1080/3835/1951
f 1086/3843/1957 563/846/1961 1230/4022/2219 3607/2178/3587
f 3607/2178/3587 1230/4022/2219 847/1307/2223 1648/4541/2920
f 1080/3835/1951 3607/2178/3587 1648/4541/2920 809/1243/1952
f 568/855/2004 1108/3869/2003 3608/2179/3588 1232/4025/2228
f 1108/3869/2003 513/773/1990 1106/3866/1993 3608/2179/3588
f 3608/2179/3588 1106/3866/1993 810/1247/1998 1658/4552/2931
f 1232/4025/2228 3608/2179/3588 1658/4552/2931 852/1318/2229
f 518/783/2017 1122/3888/2024 3609/2180/3589 1116/3880/2018
f 1122/3888/2024 577/865/2028 1258/4057/2268 3609/2180/3589
f 3609/2180/3589 1258/4057/2268 857/1324/2272 1664/4560/2944
f 1116/3880/2018 3609/2180/3589 1664/4560/2944 819/1259/2019
f 586/879/2072 1144/3919/2071 3610/2181/3590 1264/4064/2283
f 1144/3919/2071 526/795/2060 1142/3916/2063 3610/2181/3590
f 3610/2181/3590 1142/3916/2063 820/1263/2067 1674/4571/2955
f 1264/4064/2283 3610/2181/3590 1674/4571/2955 862/1336/2284
f 532/806/2078 1158/3937/2092 3611/2182/3591 1148/3925/2079
f 1158/3937/2092 587/881/2096 1270/4074/2289 3611/2182/3591
f 3611/2182/3591 1270/4074/2289 866/1342/2294 1684/4582/2977
f 1148/3925/2079 3611/2182/3591 1684/4582/2977 828/1275/2080
f 590/886/2290 1278/4083/2304 3612/2183/3592 1268/4072/2291
f 1278/4083/2304 598/895/2308 1294/4101/2330 3612/2183/3592
f 3612/2183/3592 1294/4101/2330 870/1350/2335 1748/4661/3089
f 1268/4072/2291 3612/2183/3592 1748/4661/3089 867/1344/2292
f 609/912/2368 1322/4137/2382 3613/2184/3593 1312/4122/2369
f 1322/4137/2382 613/918/2386 1330/4147/2394 3613/2184/3593
f 3613/2184/3593 1330/4147/2394 878/1366/2398 1768/4689/3124
f 1312/4122/2369 3613/2184/3593 1768/4689/3124 875/1361/2370
f 616/922/2200 1216/4006/2199 3614/2185/3594 1328/4145/2395
f 1216/4006/2199 555/835/2188 1214/4003/2191 3614/2185/3594
f 3614/2185/3594 1214/4003/2191 841/1299/2195 1714/4622/3025
f 1328/4145/2395 3614/2185/3594 1714/4622/3025 879/1368/2396
f 565/849/2137 1180/3963/2136 3615/2186/3595 1228/4019/2220
f 1180/3963/2136 541/816/2125 1178/3960/2128 3615/2186/3595
f 3615/2186/3595 1178/3960/2128 831/1283/2132 1694/4596/2990
f 1228/4019/2220 3615/2186/3595 1694/4596/2990 848/1309/2221
f 601/901/2331 1298/4107/2338 3616/2187/3596 1292/4099/2332
f 1298/4107/2338 621/929/2342 1342/4161/2414 3616/2187/3596
f 3616/2187/3596 1342/4161/2414 882/1374/2419 1756/4672/3103
f 1292/4099/2332 3616/2187/3596 1756/4672/3103 871/1352/2333
f 579/868/2236 1236/4032/2235 3617/2188/3597 1256/4054/2269
f 1236/4032/2235 566/851/2224 1234/4029/2227 3617/2188/3597
f 3617/2188/3597 1234/4029/2227 851/1317/2231 1730/4641/3053
f 1256/4054/2269 3617/2188/3597 1730/4641/3053 858/1327/2270
f 632/946/2443 1362/4187/2450 3618/2189/3598 1356/4179/2444
f 1362/4187/2450 637/953/2454 1374/4201/2470 3618/2189/3598
f 3618/2189/3598 1374/4201/2470 890/1390/2475 1788/4716/3159
f 1356/4179/2444 3618/2189/3598 1788/4716/3159 887/1385/2445
f 624/935/2415 1346/4168/2422 3619/2190/3599 1340/4159/2416
f 1346/4168/2422 629/943/2426 1358/4182/2442 3619/2190/3599
f 3619/2190/3599 1358/4182/2442 886/1384/2447 1780/4705/3145
f 1340/4159/2416 3619/2190/3599 1780/4705/3145 883/1376/2417
f 640/959/2471 1378/4207/2478 3620/2191/3600 1372/4199/2472
f 1378/4207/2478 645/965/2482 1386/4217/2490 3620/2191/3600
f 3620/2191/3600 1386/4217/2490 894/1398/2494 1796/4727/3173
f 1372/4199/2472 3620/2191/3600 1796/4727/3173 891/1392/2473
f 546/826/2142 1190/3977/2149 3621/2192/3601 1184/3969/2143
f 1190/3977/2149 584/876/2152 1266/4068/2282 3621/2192/3601
f 3621/2192/3601 1266/4068/2282 861/1335/2286 1704/4607/3012
f 1184/3969/2143 3621/2192/3601 1704/4607/3012 838/1293/2144
f 648/969/2377 1316/4129/2376 3622/2193/3602 1384/4215/2491
f 1316/4129/2376 606/907/2364 1314/4125/2367 3622/2193/3602
f 3622/2193/3602 1314/4125/2367 874/1360/2372 1766/4687/3117
f 1384/4215/2491 3622/2193/3602 1766/4687/3117 895/1400/2492
f 350/544/1317 2676/3397/1316 3623/2194/3603 2684/3408/1327
f 2676/3397/1316 341/523/1305 2674/3394/1308 3623/2194/3603
f 3623/2194/3603 2674/3394/1308 898/1405/1312 1810/4745/3192
f 2684/3408/1327 3623/2194/3603 1810/4745/3192 901/1413/1328
f 345/531/1064 2528/3198/1063 3624/2195/3604 2672/3391/1309
f 2528/3198/1063 237/357/1051 2526/3195/1054 3624/2195/3604
f 3624/2195/3604 2526/3195/1054 904/1417/1058 1804/4738/3187
f 2672/3391/1309 3624/2195/3604 1804/4738/3187 899/1408/1310
f 241/365/1034 2512/3174/1033 3625/2196/3605 2524/3192/1055
f 2512/3174/1033 232/346/1020 2510/3170/1023 3625/2196/3605
f 3625/2196/3605 2510/3170/1023 907/1423/1028 1816/4753/3205
f 2524/3192/1055 3625/2196/3605 1816/4753/3205 905/1420/1056
f 236/356/1024 2522/3188/1046 3626/2197/3606 2508/3167/1025
f 2522/3188/1046 346/537/1050 2686/3412/1326 3626/2197/3606
f 3626/2197/3606 2686/3412/1326 900/1412/1330 1814/4750/3198
f 2508/3167/1025 3626/2197/3606 1814/4750/3198 908/1426/1026
f 834/1287/2972 1680/4577/2971 3627/2198/3607 1688/4587/2984
f 1680/4577/2971 825/1270/2959 1678/4575/2962 3627/2198/3607
f 3627/2198/3607 1678/4575/2962 914/1433/2967 1824/4761/3218
f 1688/4587/2984 3627/2198/3607 1824/4761/3218 910/1429/2985
f 829/1277/2963 1686/4585/2976 3628/2199/3608 1676/4573/2964
f 1686/4585/2976 865/1341/2979 1746/4658/3080 3628/2199/3608
f 3628/2199/3608 1746/4658/3080 917/1436/3085 1832/4769/3231
f 1676/4573/2964 3628/2199/3608 1832/4769/3231 915/1434/2965
f 868/1345/3081 1750/4664/3088 3629/2200/3609 1744/4656/3082
f 1750/4664/3088 869/1349/3091 1754/4669/3094 3629/2200/3609
f 3629/2200/3609 1754/4669/3094 921/1440/3099 1836/4773/3237
f 1744/4656/3082 3629/2200/3609 1836/4773/3237 918/1437/3083
f 844/1304/3007 1700/4602/3006 3630/2201/3610 1708/4613/3019
f 1700/4602/3006 835/1288/2994 1698/4600/2997 3630/2201/3610
f 3630/2201/3610 1698/4600/2997 928/1447/3002 1848/4785/3255
f 1708/4613/3019 3630/2201/3610 1848/4785/3255 924/1443/3020
f 876/1362/3110 1770/4692/3123 3631/2202/3611 1760/4678/3111
f 1770/4692/3123 877/1365/3126 1774/4697/3129 3631/2202/3611
f 3631/2202/3611 1774/4697/3129 935/1454/3133 1864/4801/3281
f 1760/4678/3111 3631/2202/3611 1864/4801/3281 931/1450/3112
f 880/1370/3027 1712/4619/3026 3632/2203/3612 1772/4695/3130
f 1712/4619/3026 840/1297/3015 1710/4615/3018 3632/2203/3612
f 3632/2203/3612 1710/4615/3018 923/1442/3022 1846/4783/3247
f 1772/4695/3130 3632/2203/3612 1846/4783/3247 936/1455/3131
f 849/1312/2992 1692/4593/2991 3633/2204/3613 1716/4624/3033
f 1692/4593/2991 830/1279/2980 1690/4589/2983 3633/2204/3613
f 3633/2204/3613 1690/4589/2983 909/1428/2987 1822/4759/3209
f 1716/4624/3033 3633/2204/3613 1822/4759/3209 938/1457/3034
f 872/1353/3095 1758/4675/3102 3634/2205/3614 1752/4667/3096
f 1758/4675/3102 881/1373/3105 1778/4702/3136 3634/2205/3614
f 3634/2205/3614 1778/4702/3136 943/1462/3141 1840/4777/3242
f 1752/4667/3096 3634/2205/3614 1840/4777/3242 922/1441/3097
f 859/1330/3055 1728/4638/3054 3635/2206/3615 1732/4643/3061
f 1728/4638/3054 850/1313/3043 1726/4634/3046 3635/2206/3615
f 3635/2206/3615 1726/4634/3046 951/1470/3050 1884/4821/3313
f 1732/4643/3061 3635/2206/3615 1884/4821/3313 946/1465/3062
f 888/1386/3151 1790/4719/3158 3636/2207/3616 1784/4712/3152
f 1790/4719/3158 889/1389/3161 1794/4724/3164 3636/2207/3616
f 3636/2207/3616 1794/4724/3164 959/1478/3169 1896/4833/3332
f 1784/4712/3152 3636/2207/3616 1896/4833/3332 954/1473/3153
f 854/1321/3041 1720/4628/3040 3637/2208/3617 1724/4632/3047
f 1720/4628/3040 845/1305/3029 1718/4626/3032 3637/2208/3617
f 3637/2208/3617 1718/4626/3032 937/1456/3036 1870/4807/3285
f 1724/4632/3047 3637/2208/3617 1870/4807/3285 952/1471/3048
f 884/1377/3137 1782/4709/3144 3638/2209/3618 1776/4700/3138
f 1782/4709/3144 885/1382/3147 1786/4714/3150 3638/2209/3618
f 3638/2209/3618 1786/4714/3150 953/1472/3155 1876/4813/3299
f 1776/4700/3138 3638/2209/3618 1876/4813/3299 944/1463/3139
f 864/1339/3069 1736/4647/3068 3639/2210/3619 1740/4651/3074
f 1736/4647/3068 855/1322/3057 1734/4645/3060 3639/2210/3619
f 3639/2210/3619 1734/4645/3060 945/1464/3064 1882/4819/3304
f 1740/4651/3074 3639/2210/3619 1882/4819/3304 962/1481/3075
f 892/1393/3165 1798/4730/3172 3640/2211/3620 1792/4722/3166
f 1798/4730/3172 893/1397/3175 1802/4735/3178 3640/2211/3620
f 3640/2211/3620 1802/4735/3178 967/1486/3182 1900/4837/3337
f 1792/4722/3166 3640/2211/3620 1900/4837/3337 960/1479/3167
f 839/1295/2998 1706/4611/3011 3641/2212/3621 1696/4598/2999
f 1706/4611/3011 860/1332/3014 1742/4653/3073 3641/2212/3621
f 3641/2212/3621 1742/4653/3073 961/1480/3077 1852/4789/3262
f 1696/4598/2999 3641/2212/3621 1852/4789/3262 929/1448/3000
f 896/1402/3119 1764/4684/3118 3642/2213/3622 1800/4733/3179
f 1764/4684/3118 873/1356/3106 1762/4680/3109 3642/2213/3622
f 3642/2213/3622 1762/4680/3109 930/1449/3114 1862/4799/3274
f 1800/4733/3179 3642/2213/3622 1862/4799/3274 968/1487/3180
f 1/2/1 1955/2476/11 3643/2214/3623 1951/2471/2
f 2/3/10 1959/2481/18 3643/2214/3623 1955/2476/11
f 3/5/5 1951/2471/2 3643/2214/3623 1959/2481/18
f 4/8/25 1967/2491/34 3644/2215/3624 1963/2486/26
f 1967/2491/34 5/9/33 1971/2496/41 3644/2215/3624
f 3644/2215/3624 1971/2496/41 6/10/17 1957/2479/16
f 1963/2486/26 3644/2215/3624 1957/2479/16 7/11/15
f 8/13/48 1979/2504/57 3645/2216/3625 1975/2500/49
f 1979/2504/57 9/14/47 1973/2498/46 3645/2216/3625
f 3645/2216/3625 1973/2498/46 10/15/45 1983/2508/63
f 1975/2500/49 3645/2216/3625 1983/2508/63 11/16/52
f 12/17/70 1991/2517/78 3646/2217/3626 1987/2512/71
f 1991/2517/78 13/19/24 1961/2483/23 3646/2217/3626
f 3646/2217/3626 1961/2483/23 14/20/22 1981/2506/62
f 1987/2512/71 3646/2217/3626 1981/2506/62 15/21/61
f 16/23/85 1999/2528/93 3647/2218/3627 1995/2523/86
f 17/24/40 1969/2494/39 3647/2218/3627 1999/2528/93
f 18/25/38 1995/2523/86 3647/2218/3627 1969/2494/39
f 19/27/69 1985/2510/68 3648/2219/3628 2003/2533/99
f 1985/2510/68 20/28/67 2001/2530/98 3648/2219/3628
f 3648/2219/3628 2001/2530/98 21/29/97 2007/2538/107
f 2003/2533/99 3648/2219/3628 2007/2538/107 22/31/102
f 23/33/75 2011/2543/115 3649/2220/3629 1989/2514/76
f 24/34/114 2015/2547/121 3649/2220/3629 2011/2543/115
f 25/35/77 1989/2514/76 3649/2220/3629 2015/2547/121
f 26/37/128 2023/2556/137 3650/2221/3630 2019/2552/129
f 27/38/120 2013/2545/119 3650/2221/3630 2023/2556/137
f 28/39/56 1977/2502/55 3650/2221/3630 2013/2545/119
f 29/40/54 2027/2562/145 3650/2221/3630 1977/2502/55
f 30/43/144 2031/2568/151 3650/2221/3630 2027/2562/145
f 31/45/132 2019/2552/129 3650/2221/3630 2031/2568/151
f 32/47/158 2039/2578/167 3651/2222/3631 2035/2573/159
f 33/50/166 2043/2583/175 3651/2222/3631 2039/2578/167
f 34/51/174 2047/2589/183 3651/2222/3631 2043/2583/175
f 35/52/182 2051/2593/190 3651/2222/3631 2047/2589/183
f 36/53/143 2025/2559/142 3651/2222/3631 2051/2593/190
f 37/54/141 2035/2573/159 3651/2222/3631 2025/2559/142
f 38/56/127 2017/2549/126 3652/2223/3632 2055/2597/196
f 39/57/125 2053/2595/195 3652/2223/3632 2017/2549/126
f 40/58/194 2055/2597/196 3652/2223/3632 2053/2595/195
f 41/59/157 2033/2570/156 3653/2224/3633 2059/2602/202
f 2033/2570/156 42/60/155 2063/2606/211 3653/2224/3633
f 3653/2224/3633 2063/2606/211 43/61/210 2067/2612/218
f 2059/2602/202 3653/2224/3633 2067/2612/218 44/63/205
f 45/65/217 2065/2608/216 3654/2225/3634 2071/2618/225
f 2065/2608/216 46/67/215 2075/2622/234 3654/2225/3634
f 3654/2225/3634 2075/2622/234 47/68/233 2079/2627/240
f 2071/2618/225 3654/2225/3634 2079/2627/240 48/70/228
f 49/71/246 2081/2629/245 3655/2226/3635 2083/2633/247
f 2081/2629/245 50/73/244 2087/2637/256 3655/2226/3635
f 3655/2226/3635 2087/2637/256 51/74/255 2091/2642/263
f 2083/2633/247 3655/2226/3635 2091/2642/263 52/76/250
f 53/77/270 2099/2652/280 3656/2227/3636 2095/2648/271
f 2099/2652/280 54/78/279 2103/2656/288 3656/2227/3636
f 3656/2227/3636 2103/2656/288 55/79/287 2107/2662/295
f 2095/2648/271 3656/2227/3636 2107/2662/295 56/82/274
f 57/84/302 2115/2671/311 3657/2228/3637 2111/2667/303
f 2115/2671/311 58/85/310 2119/2675/318 3657/2228/3637
f 3657/2228/3637 2119/2675/318 59/86/286 2101/2654/285
f 2111/2667/303 3657/2228/3637 2101/2654/285 60/87/284
f 61/88/325 2127/2683/334 3658/2229/3638 2123/2679/326
f 2127/2683/334 62/89/324 2121/2677/323 3658/2229/3638
f 3658/2229/3638 2121/2677/323 63/90/322 2131/2687/340
f 2123/2679/326 3658/2229/3638 2131/2687/340 64/91/329
f 65/92/294 2105/2658/293 3659/2230/3639 2135/2692/347
f 66/94/292 2129/2685/339 3659/2230/3639 2105/2658/293
f 67/95/338 2135/2692/347 3659/2230/3639 2129/2685/339
f 68/97/354 2143/2702/363 3660/2231/3640 2139/2697/355
f 2143/2702/363 69/100/362 2147/2707/370 3660/2231/3640
f 3660/2231/3640 2147/2707/370 70/101/317 2117/2673/316
f 2139/2697/355 3660/2231/3640 2117/2673/316 71/102/315
f 72/103/346 2133/2689/345 3661/2232/3641 2151/2713/376
f 73/104/344 2149/2710/375 3661/2232/3641 2133/2689/345
f 74/105/374 2151/2713/376 3661/2232/3641 2149/2710/375
f 75/109/383 2159/2724/392 3662/2233/3642 2155/2719/384
f 2159/2724/392 76/110/9 1953/2474/8 3662/2233/3642
f 3662/2233/3642 1953/2474/8 77/111/7 2163/2729/398
f 2155/2719/384 3662/2233/3642 2163/2729/398 78/114/387
f 79/115/404 2171/2737/412 3663/2234/3643 2167/2733/405
f 2171/2737/412 80/116/32 1965/2488/31 3663/2234/3643
f 3663/2234/3643 1965/2488/31 81/117/30 2161/2726/397
f 2167/2733/405 3663/2234/3643 2161/2726/397 82/118/396
f 83/121/418 2179/2748/426 3664/2235/3644 2175/2742/419
f 2179/2748/426 84/122/92 1997/2525/91 3664/2235/3644
f 3664/2235/3644 1997/2525/91 85/124/90 2173/2739/417
f 2175/2742/419 3664/2235/3644 2173/2739/417 86/125/416
f 87/126/113 2009/2540/112 3665/2236/3645 2183/2753/432
f 2009/2540/112 88/128/111 2181/2750/431 3665/2236/3645
f 3665/2236/3645 2181/2750/431 89/129/430 2187/2758/440
f 2183/2753/432 3665/2236/3645 2187/2758/440 90/131/435
f 91/134/200 2191/2764/448 3666/2237/3646 2057/2600/201
f 92/136/447 2195/2769/454 3666/2237/3646 2191/2764/448
f 93/137/403 2165/2731/402 3666/2237/3646 2195/2769/454
f 94/139/84 1993/2520/83 3666/2237/3646 2165/2731/402
f 95/140/82 2057/2600/201 3666/2237/3646 1993/2520/83
f 96/143/461 2203/2779/471 3667/2238/3647 2199/2775/462
f 97/144/470 2207/2784/479 3667/2238/3647 2203/2779/471
f 98/145/478 2211/2788/487 3667/2238/3647 2207/2784/479
f 99/146/486 2215/2793/495 3667/2238/3647 2211/2788/487
f 100/149/494 2219/2800/502 3667/2238/3647 2215/2793/495
f 101/151/465 2199/2775/462 3667/2238/3647 2219/2800/502
f 102/152/485 2209/2786/484 3668/2239/3648 2223/2804/509
f 103/153/483 2227/2809/516 3668/2239/3648 2209/2786/484
f 104/154/512 2223/2804/509 3668/2239/3648 2227/2809/516
f 105/156/522 2235/2819/531 3669/2240/3649 2231/2814/523
f 106/159/530 2239/2824/538 3669/2240/3649 2235/2819/531
f 107/160/309 2113/2669/308 3669/2240/3649 2239/2824/538
f 108/161/307 2243/2830/544 3669/2240/3649 2113/2669/308
f 109/162/477 2205/2782/476 3669/2240/3649 2243/2830/544
f 110/163/475 2231/2814/523 3669/2240/3649 2205/2782/476
f 111/165/276 2229/2811/521 3670/2241/3650 2097/2650/277
f 112/166/520 2245/2832/548 3670/2241/3650 2229/2811/521
f 113/167/278 2097/2650/277 3670/2241/3650 2245/2832/548
f 114/168/549 2251/2841/558 3671/2242/3651 2247/2835/550
f 2251/2841/558 115/169/353 2137/2695/352 3671/2242/3651
f 3671/2242/3651 2137/2695/352 116/170/351 2255/2846/564
f 2247/2835/550 3671/2242/3651 2255/2846/564 117/173/553
f 118/175/301 2109/2664/300 3672/2243/3652 2225/2807/514
f 119/177/299 2253/2843/563 3672/2243/3652 2109/2664/300
f 120/178/562 2259/2851/571 3672/2243/3652 2253/2843/563
f 121/181/570 2263/2858/578 3672/2243/3652 2259/2851/571
f 122/183/515 2225/2807/514 3672/2243/3652 2263/2858/578
f 123/184/569 2257/2848/568 3673/2244/3653 2267/2862/584
f 2257/2848/568 124/185/333 2125/2681/332 3673/2244/3653
f 3673/2244/3653 2125/2681/332 125/186/331 2271/2866/592
f 2267/2862/584 3673/2244/3653 2271/2866/592 126/187/587
f 127/188/597 2273/2868/596 3674/2245/3654 2275/2871/598
f 2273/2868/596 128/189/382 2153/2716/381 3674/2245/3654
f 3674/2245/3654 2153/2716/381 129/190/380 2279/2878/606
f 2275/2871/598 3674/2245/3654 2279/2878/606 130/193/601
f 131/197/612 2287/2888/620 3675/2246/3655 2283/2883/613
f 2287/2888/620 132/198/611 2281/2880/610 3675/2246/3655
f 3675/2246/3655 2281/2880/610 133/199/369 2145/2705/368
f 2283/2883/613 3675/2246/3655 2145/2705/368 134/200/367
f 135/203/627 2295/2899/637 3676/2247/3656 2291/2895/628
f 2295/2899/637 136/204/636 2299/2904/645 3676/2247/3656
f 3676/2247/3656 2299/2904/645 137/205/644 2303/2909/652
f 2291/2895/628 3676/2247/3656 2303/2909/652 138/207/631
f 139/208/658 2305/2911/657 3677/2248/3657 2307/2915/659
f 2305/2911/657 140/210/656 2311/2919/668 3677/2248/3657
f 3677/2248/3657 2311/2919/668 141/211/667 2315/2925/674
f 2307/2915/659 3677/2248/3657 2315/2925/674 142/213/662
f 143/215/680 2323/2935/688 3678/2249/3658 2319/2930/681
f 2323/2935/688 144/217/679 2317/2927/678 3678/2249/3658
f 3678/2249/3658 2317/2927/678 145/219/537 2237/2821/536
f 2319/2930/681 3678/2249/3658 2237/2821/536 146/220/535
f 147/221/187 2327/2940/695 3679/2250/3659 2049/2591/188
f 148/222/453 2193/2766/452 3679/2250/3659 2327/2940/695
f 149/223/189 2049/2591/188 3679/2250/3659 2193/2766/452
f 150/224/702 2335/2948/709 3680/2251/3660 2331/2944/703
f 151/225/701 2329/2942/700 3680/2251/3660 2335/2948/709
f 152/226/699 2331/2944/703 3680/2251/3660 2329/2942/700
f 153/228/719 2339/2953/716 3681/2252/3661 1931/4868/3662
f 154/230/715 2343/2960/724 3681/2252/3661 2339/2953/716
f 155/231/460 2197/2771/459 3681/2252/3661 2343/2960/724
f 156/233/458 2337/2950/714 3681/2252/3661 2197/2771/459
f 157/234/713 1931/4868/3662 3681/2252/3661 2337/2950/714
f 158/236/730 2351/2972/738 3682/2253/3663 2347/2965/731
f 2351/2972/738 159/237/391 2157/2721/390 3682/2253/3663
f 3682/2253/3663 2157/2721/390 160/239/389 2345/2962/729
f 2347/2965/731 3682/2253/3663 2345/2962/729 161/240/728
f 162/242/744 2359/2980/752 3683/2254/3664 2355/2976/745
f 2359/2980/752 163/243/411 2169/2735/410 3683/2254/3664
f 3683/2254/3664 2169/2735/410 164/244/409 2353/2974/743
f 2355/2976/745 3683/2254/3664 2353/2974/743 165/245/742
f 166/248/758 2367/2992/766 3684/2255/3665 2363/2985/759
f 2367/2992/766 167/249/425 2177/2744/424 3684/2255/3665
f 3684/2255/3665 2177/2744/424 168/251/423 2361/2982/757
f 2363/2985/759 3684/2255/3665 2361/2982/757 169/252/756
f 170/253/446 2189/2760/445 3685/2256/3666 2371/2997/772
f 2189/2760/445 171/255/444 2369/2994/771 3685/2256/3666
f 3685/2256/3666 2369/2994/771 172/256/770 2375/3002/780
f 2371/2997/772 3685/2256/3666 2375/3002/780 173/258/775
f 174/260/269 2093/2644/268 3686/2257/3667 2379/3009/787
f 2093/2644/268 175/262/267 2383/3013/796 3686/2257/3667
f 3686/2257/3667 2383/3013/796 176/263/795 2387/3018/803
f 2379/3009/787 3686/2257/3667 2387/3018/803 177/265/790
f 178/266/810 2395/3027/818 3687/2258/3668 2391/3023/811
f 179/267/173 2041/2580/172 3687/2258/3668 2395/3027/818
f 180/268/171 2391/3023/811 3687/2258/3668 2041/2580/172
f 181/270/825 2403/3038/833 3688/2259/3669 2399/3032/826
f 182/271/824 2397/3029/823 3688/2259/3669 2403/3038/833
f 183/272/822 2399/3032/826 3688/2259/3669 2397/3029/823
f 184/274/843 2407/3044/840 3689/2260/3670 1932/4869/3671
f 185/275/839 2411/3048/849 3689/2260/3670 2407/3044/840
f 186/276/848 2415/3054/856 3689/2260/3670 2411/3048/849
f 187/279/723 2341/2957/722 3689/2260/3670 2415/3054/856
f 188/281/721 1932/4869/3671 3689/2260/3670 2341/2957/722
f 189/282/862 2423/3062/870 3690/2261/3672 2419/3058/863
f 190/283/847 2409/3046/846 3690/2261/3672 2423/3062/870
f 191/284/845 2419/3058/863 3690/2261/3672 2409/3046/846
f 192/285/877 2431/3070/885 3691/2262/3673 2427/3066/878
f 193/286/876 2425/3064/875 3691/2262/3673 2431/3070/885
f 194/287/874 2427/3066/878 3691/2262/3673 2425/3064/875
f 195/289/895 2435/3075/892 3692/2263/3674 1933/4870/3675
f 196/291/891 2439/3081/900 3692/2263/3674 2435/3075/892
f 197/292/855 2413/3050/854 3692/2263/3674 2439/3081/900
f 198/294/853 2433/3072/890 3692/2263/3674 2413/3050/854
f 199/295/889 1933/4870/3675 3692/2263/3674 2433/3072/890
f 200/297/735 2417/3056/861 3693/2264/3676 2349/2969/736
f 2417/3056/861 201/298/860 2443/3085/908 3693/2264/3676
f 3693/2264/3676 2443/3085/908 202/299/907 2447/3091/914
f 2349/2969/736 3693/2264/3676 2447/3091/914 203/302/737
f 204/305/920 2455/3102/928 3694/2265/3677 2451/3096/921
f 2455/3102/928 205/306/913 2445/3087/912 3694/2265/3677
f 3694/2265/3677 2445/3087/912 206/308/906 2441/3083/905
f 2451/3096/921 3694/2265/3677 2441/3083/905 207/309/904
f 208/310/935 2463/3110/944 3695/2266/3678 2459/3106/936
f 2463/3110/944 209/311/943 2467/3114/951 3695/2266/3678
f 3695/2266/3678 2467/3114/951 210/312/934 2457/3104/933
f 2459/3106/936 3695/2266/3678 2457/3104/933 211/313/932
f 212/314/749 2449/3093/919 3696/2267/3679 2357/2978/750
f 2449/3093/919 213/315/918 2469/3116/956 3696/2267/3679
f 3696/2267/3679 2469/3116/956 214/316/955 2471/3118/957
f 2357/2978/750 3696/2267/3679 2471/3118/957 215/317/751
f 216/320/963 2479/3129/972 3697/2268/3680 2475/3123/964
f 2479/3129/972 217/322/971 2483/3133/979 3697/2268/3680
f 3697/2268/3680 2483/3133/979 218/323/950 2465/3112/949
f 2475/3123/964 3697/2268/3680 2465/3112/949 219/324/948
f 220/325/763 2473/3120/962 3698/2269/3681 2365/2988/764
f 2473/3120/962 221/326/961 2485/3136/984 3698/2269/3681
f 3698/2269/3681 2485/3136/984 222/327/983 2487/3139/985
f 2365/2988/764 3698/2269/3681 2487/3139/985 223/330/765
f 224/333/786 2377/3005/785 3699/2270/3682 2491/3144/991
f 2377/3005/785 225/335/784 2489/3141/990 3699/2270/3682
f 3699/2270/3682 2489/3141/990 226/336/989 2495/3148/999
f 2491/3144/991 3699/2270/3682 2495/3148/999 227/338/994
f 228/339/1004 2497/3150/1003 3700/2271/3683 2499/3154/1005
f 2497/3150/1003 229/341/978 2481/3131/977 3700/2271/3683
f 3700/2271/3683 2481/3131/977 230/342/976 2503/3159/1013
f 2499/3154/1005 3700/2271/3683 2503/3159/1013 231/344/1008
f 232/348/1020 2511/3172/1030 3701/2272/3684 2507/3165/1021
f 233/350/1029 2515/3179/1037 3701/2272/3684 2511/3172/1030
f 234/351/809 2389/3020/808 3701/2272/3684 2515/3179/1037
f 235/353/807 2519/3183/1044 3701/2272/3684 2389/3020/808
f 236/355/1024 2507/3165/1021 3701/2272/3684 2519/3183/1044
f 237/358/1051 2527/3196/1060 3702/2273/3685 2523/3190/1052
f 238/359/1059 2531/3202/1068 3702/2273/3685 2527/3196/1060
f 239/360/1067 2535/3208/1075 3702/2273/3685 2531/3202/1068
f 240/363/1036 2513/3176/1035 3702/2273/3685 2535/3208/1075
f 241/367/1034 2523/3190/1052 3702/2273/3685 2513/3176/1035
f 242/370/1082 2543/3219/1092 3703/2274/3686 2539/3213/1083
f 243/371/1091 2547/3224/1099 3703/2274/3686 2543/3219/1092
f 244/373/1086 2539/3213/1083 3703/2274/3686 2547/3224/1099
f 245/374/1106 2555/3235/1114 3704/2275/3687 2551/3230/1107
f 246/375/1098 2545/3222/1097 3704/2275/3687 2555/3235/1114
f 247/376/1096 2551/3230/1107 3704/2275/3687 2545/3222/1097
f 248/379/1121 2563/3246/1130 3705/2276/3688 2559/3241/1122
f 249/380/1129 1934/4871/3689 3705/2276/3688 2563/3246/1130
f 250/381/708 2333/2946/707 3705/2276/3688 1934/4871/3689
f 251/382/181 2045/2587/180 3705/2276/3688 2333/2946/707
f 252/385/179 2405/3042/838 3705/2276/3688 2045/2587/180
f 253/388/837 2559/3241/1122 3705/2276/3688 2405/3042/838
f 257/393/1105 2549/3227/1104 3706/2277/3690 2571/3256/1146
f 258/397/1103 2575/3262/1153 3706/2277/3690 2549/3227/1104
f 259/398/869 2421/3060/868 3706/2277/3690 2575/3262/1153
f 260/399/867 1935/4872/3691 3706/2277/3690 2421/3060/868
f 261/400/1136 2565/3249/1135 3706/2277/3690 1935/4872/3691
f 262/401/1134 2571/3256/1146 3706/2277/3690 2565/3249/1135
f 266/408/555 2579/3269/1158 3707/2278/3692 2249/2839/556
f 2579/3269/1158 267/409/927 2453/3098/926 3707/2278/3692
f 3707/2278/3692 2453/3098/926 268/411/925 2583/3273/1163
f 2249/2839/556 3707/2278/3692 2583/3273/1163 269/412/557
f 270/414/1171 2587/3278/1168 3708/2279/3693 1936/4873/3694
f 271/416/577 2261/2854/576 3708/2279/3693 2587/3278/1168
f 272/418/575 2585/3275/1167 3708/2279/3693 2261/2854/576
f 273/419/899 2437/3078/898 3708/2279/3693 2585/3275/1167
f 274/420/897 1936/4873/3694 3708/2279/3693 2437/3078/898
f 275/422/589 2591/3282/1176 3709/2280/3695 2269/2864/590
f 2591/3282/1176 276/423/942 2461/3108/941 3709/2280/3695
f 3709/2280/3695 2461/3108/941 277/424/940 2581/3271/1162
f 2269/2864/590 3709/2280/3695 2581/3271/1162 278/425/591
f 279/428/603 2595/3287/1181 3710/2281/3696 2277/2875/604
f 2595/3287/1181 280/429/970 2477/3125/969 3710/2281/3696
f 3710/2281/3696 2477/3125/969 281/431/968 2593/3284/1180
f 2277/2875/604 3710/2281/3696 2593/3284/1180 282/432/605
f 283/433/1019 2505/3161/1018 3711/2282/3697 2599/3292/1186
f 2505/3161/1018 284/435/1017 2597/3289/1185 3711/2282/3697
f 3711/2282/3697 2597/3289/1185 285/436/626 2289/2892/625
f 2599/3292/1186 3711/2282/3697 2289/2892/625 286/439/624
f 287/440/1074 2533/3204/1073 3712/2283/3698 2603/3297/1193
f 2533/3204/1073 288/442/1072 2607/3301/1200 3712/2283/3698
f 3712/2283/3698 2607/3301/1200 289/443/643 2297/2902/642
f 2603/3297/1193 3712/2283/3698 2297/2902/642 290/444/641
f 291/447/1207 2615/3313/1216 3713/2284/3699 2611/3307/1208
f 292/448/1215 1937/4875/3700 3713/2284/3699 2615/3313/1216
f 293/449/884 2429/3068/883 3713/2284/3699 1937/4875/3700
f 294/450/882 2577/3266/1157 3713/2284/3699 2429/3068/883
f 295/452/1120 2557/3238/1119 3713/2284/3699 2577/3266/1157
f 296/456/1118 2611/3307/1208 3713/2284/3699 2557/3238/1119
f 300/462/1232 2627/3330/1240 3714/2285/3701 2623/3323/1233
f 301/464/501 2217/2796/500 3714/2285/3701 2627/3330/1240
f 302/466/499 2631/3334/1248 3714/2285/3701 2217/2796/500
f 303/467/1247 1938/4876/3702 3714/2285/3701 2631/3334/1248
f 304/468/1222 2617/3316/1221 3714/2285/3701 1938/4876/3702
f 305/469/1220 2623/3323/1233 3714/2285/3701 2617/3316/1221
f 309/474/508 2221/2802/507 3715/2286/3703 2635/3338/1254
f 310/475/506 2639/3343/1262 3715/2286/3703 2221/2802/507
f 311/476/1257 2635/3338/1254 3715/2286/3703 2639/3343/1262
f 312/478/1267 2641/3345/1266 3716/2287/3704 2643/3348/1268
f 313/480/1246 2629/3332/1245 3716/2287/3704 2641/3345/1266
f 314/481/1244 2643/3348/1268 3716/2287/3704 2629/3332/1245
f 315/482/1252 2647/3353/1275 3717/2288/3705 2633/3336/1253
f 316/483/1175 2589/3280/1174 3717/2288/3705 2647/3353/1275
f 317/484/1173 2633/3336/1253 3717/2288/3705 2589/3280/1174
f 318/485/491 2265/2860/583 3718/2289/3706 2213/2790/492
f 319/486/582 2649/3355/1279 3718/2289/3706 2265/2860/583
f 320/487/493 2213/2790/492 3718/2289/3706 2649/3355/1279
f 321/488/150 2029/2564/149 3719/2290/3707 2077/2625/238
f 2029/2564/149 322/490/106 2005/2535/105 3719/2290/3707
f 3719/2290/3707 2005/2535/105 323/491/104 2651/3358/1280
f 2077/2625/238 3719/2290/3707 2651/3358/1280 324/493/239
f 325/496/260 2653/3360/1284 3720/2291/3708 2089/2640/261
f 2653/3360/1284 326/497/439 2185/2755/438 3720/2291/3708
f 3720/2291/3708 2185/2755/438 327/498/437 2655/3364/1285
f 2089/2640/261 3720/2291/3708 2655/3364/1285 328/500/262
f 329/503/672 2659/3369/1290 3721/2292/3709 2313/2922/673
f 2659/3369/1290 330/504/361 2141/2699/360 3721/2292/3709
f 3721/2292/3709 2141/2699/360 331/505/359 2241/2828/543
f 2313/2922/673 3721/2292/3709 2241/2828/543 332/508/542
f 333/511/649 2663/3375/1295 3722/2293/3710 2301/2907/650
f 2663/3375/1295 334/512/619 2285/2885/618 3722/2293/3710
f 3722/2293/3710 2285/2885/618 335/513/617 2661/3372/1294
f 2301/2907/650 3722/2293/3710 2661/3372/1294 336/515/651
f 337/517/800 2657/3366/1289 3723/2294/3711 2385/3016/801
f 2657/3366/1289 338/518/779 2373/2999/778 3723/2294/3711
f 3723/2294/3711 2373/2999/778 339/519/777 2667/3382/1300
f 2385/3016/801 3723/2294/3711 2667/3382/1300 340/521/802
f 341/524/1305 2675/3395/1313 3724/2295/3712 2671/3389/1306
f 342/525/1012 2501/3156/1011 3724/2295/3712 2675/3395/1313
f 343/526/1010 2679/3401/1319 3724/2295/3712 2501/3156/1011
f 344/528/1066 2529/3200/1065 3724/2295/3712 2679/3401/1319
f 345/533/1064 2671/3389/1306 3724/2295/3712 2529/3200/1065
f 346/535/1050 2521/3186/1049 3725/2296/3713 2683/3407/1324
f 347/540/1048 2669/3385/1304 3725/2296/3713 2521/3186/1049
f 348/541/998 2493/3146/997 3725/2296/3713 2669/3385/1304
f 349/542/996 2677/3398/1318 3725/2296/3713 2493/3146/997
f 350/543/1317 2683/3407/1324 3725/2296/3713 2677/3398/1318
f 351/546/1204 2681/3403/1323 3726/2297/3714 2609/3304/1205
f 2681/3403/1323 352/547/1192 2601/3294/1191 3726/2297/3714
f 3726/2297/3714 2601/3294/1191 353/548/1190 2665/3379/1299
f 2609/3304/1205 3726/2297/3714 2665/3379/1299 354/550/1206
f 355/552/224 2069/2614/223 3727/2298/3715 2687/3414/1331
f 2069/2614/223 356/554/222 2691/3420/1340 3727/2298/3715
f 3727/2298/3715 2691/3420/1340 357/555/1339 2695/3424/1346
f 2687/3414/1331 3727/2298/3715 2695/3424/1346 358/557/1334
f 359/559/1345 2693/3422/1344 3728/2299/3716 2699/3429/1353
f 2693/3422/1344 360/560/232 2073/2620/231 3728/2299/3716
f 3728/2299/3716 2073/2620/231 361/561/230 2703/3433/1361
f 2699/3429/1353 3728/2299/3716 2703/3433/1361 362/562/1356
f 363/563/1366 2705/3435/1365 3729/2300/3717 2707/3437/1367
f 2705/3435/1365 364/564/254 2085/2635/253 3729/2300/3717
f 3729/2300/3717 2085/2635/253 365/565/252 2711/3441/1375
f 2707/3437/1367 3729/2300/3717 2711/3441/1375 366/566/1370
f 367/567/1381 2719/3449/1390 3730/2301/3718 2715/3445/1382
f 2719/3449/1390 368/568/635 2293/2897/634 3730/2301/3718
f 3730/2301/3718 2293/2897/634 369/569/633 2723/3453/1396
f 2715/3445/1382 3730/2301/3718 2723/3453/1396 370/570/1385
f 371/571/1401 2725/3455/1400 3731/2302/3719 2727/3457/1402
f 2725/3455/1400 372/572/666 2309/2917/665 3731/2302/3719
f 3731/2302/3719 2309/2917/665 373/573/664 2731/3461/1410
f 2727/3457/1402 3731/2302/3719 2731/3461/1410 374/574/1405
f 375/578/1416 2739/3473/1424 3732/2303/3720 2735/3466/1417
f 2739/3473/1424 376/579/1415 2733/3463/1414 3732/2303/3720
f 3732/2303/3720 2733/3463/1414 377/580/694 2325/2938/693
f 2735/3466/1417 3732/2303/3720 2325/2938/693 378/581/692
f 379/583/1380 2713/3443/1379 3733/2304/3721 2743/3478/1431
f 2713/3443/1379 380/584/794 2381/3011/793 3733/2304/3721
f 3733/2304/3721 2381/3011/793 381/585/792 2747/3482/1439
f 2743/3478/1431 3733/2304/3721 2747/3482/1439 382/586/1434
f 383/589/1445 2755/3493/1455 3734/2305/3722 2751/3487/1446
f 384/590/1454 2759/3498/1462 3734/2305/3722 2755/3493/1455
f 385/592/1449 2751/3487/1446 3734/2305/3722 2759/3498/1462
f 386/593/1468 2761/3500/1467 3735/2306/3723 2763/3504/1469
f 387/595/1466 2767/3510/1477 3735/2306/3723 2761/3500/1467
f 388/597/1472 2763/3504/1469 3735/2306/3723 2767/3510/1477
f 389/599/1444 2749/3484/1443 3736/2307/3724 2771/3515/1484
f 2749/3484/1443 390/600/1043 2517/3181/1042 3736/2307/3724
f 3736/2307/3724 2517/3181/1042 391/601/1041 2775/3519/1492
f 2771/3515/1484 3736/2307/3724 2775/3519/1492 392/602/1487
f 393/603/1497 2777/3521/1496 3737/2308/3725 2779/3523/1498
f 2777/3521/1496 394/604/1081 2537/3210/1080 3737/2308/3725
f 3737/2308/3725 2537/3210/1080 395/605/1079 2783/3527/1506
f 2779/3523/1498 3737/2308/3725 2783/3527/1506 396/606/1501
f 397/609/1512 2791/3538/1522 3738/2309/3726 2787/3532/1513
f 398/610/1521 2795/3543/1529 3738/2309/3726 2791/3538/1522
f 399/612/1516 2787/3532/1513 3738/2309/3726 2795/3543/1529
f 400/613/1535 2797/3545/1534 3739/2310/3727 2799/3549/1536
f 401/615/1533 2803/3555/1544 3739/2310/3727 2797/3545/1534
f 402/617/1539 2799/3549/1536 3739/2310/3727 2803/3555/1544
f 403/619/1511 2785/3529/1510 3740/2311/3728 2807/3560/1551
f 2785/3529/1510 404/620/1199 2605/3299/1198 3740/2311/3728
f 3740/2311/3728 2605/3299/1198 405/621/1197 2721/3451/1395
f 2807/3560/1551 3740/2311/3728 2721/3451/1395 406/622/1394
f 407/624/1558 2815/3571/1568 3741/2312/3729 2811/3565/1559
f 408/625/1567 2819/3576/1575 3741/2312/3729 2815/3571/1568
f 409/627/1562 2811/3565/1559 3741/2312/3729 2819/3576/1575
f 410/631/1582 2827/3588/1590 3742/2313/3730 2823/3582/1583
f 411/632/1574 2817/3574/1573 3742/2313/3730 2827/3588/1590
f 412/633/1572 2823/3582/1583 3742/2313/3730 2817/3574/1573
f 413/635/1352 2697/3426/1351 3743/2314/3731 2831/3594/1597
f 2697/3426/1351 414/637/1350 2835/3600/1606 3743/2314/3731
f 3743/2314/3731 2835/3600/1606 415/638/1605 2839/3604/1612
f 2831/3594/1597 3743/2314/3731 2839/3604/1612 416/640/1600
f 417/642/1611 2837/3602/1610 3744/2315/3732 2843/3609/1619
f 2837/3602/1610 418/643/1360 2701/3431/1359 3744/2315/3732
f 3744/2315/3732 2701/3431/1359 419/644/1358 2847/3613/1627
f 2843/3609/1619 3744/2315/3732 2847/3613/1627 420/645/1622
f 421/646/1632 2849/3615/1631 3745/2316/3733 2851/3617/1633
f 2849/3615/1631 422/647/1374 2709/3439/1373 3745/2316/3733
f 3745/2316/3733 2709/3439/1373 423/648/1372 2855/3621/1641
f 2851/3617/1633 3745/2316/3733 2855/3621/1641 424/649/1636
f 425/652/1647 2863/3632/1655 3746/2317/3734 2859/3626/1648
f 426/653/1461 2757/3496/1460 3746/2317/3734 2863/3632/1655
f 427/654/1459 2859/3626/1648 3746/2317/3734 2757/3496/1460
f 428/656/1581 2821/3578/1580 3747/2318/3735 2867/3638/1661
f 429/658/1579 2871/3644/1669 3747/2318/3735 2821/3578/1580
f 430/660/1664 2867/3638/1661 3747/2318/3735 2871/3644/1669
f 431/662/1675 2879/3653/1684 3748/2319/3736 2875/3649/1676
f 2879/3653/1684 432/663/1389 2717/3447/1388 3748/2319/3736
f 3748/2319/3736 2717/3447/1388 433/664/1387 2883/3657/1690
f 2875/3649/1676 3748/2319/3736 2883/3657/1690 434/665/1679
f 435/666/1695 2885/3659/1694 3749/2320/3737 2887/3661/1696
f 2885/3659/1694 436/667/1409 2729/3459/1408 3749/2320/3737
f 3749/2320/3737 2729/3459/1408 437/668/1407 2891/3665/1704
f 2887/3661/1696 3749/2320/3737 2891/3665/1704 438/669/1699
f 439/672/1710 2899/3676/1718 3750/2321/3738 2895/3670/1711
f 2899/3676/1718 440/673/1709 2893/3667/1708 3750/2321/3738
f 3750/2321/3738 2893/3667/1708 441/674/1430 2741/3476/1429
f 2895/3670/1711 3750/2321/3738 2741/3476/1429 442/675/1428
f 443/677/1646 2857/3623/1645 3751/2322/3739 2903/3681/1725
f 2857/3623/1645 444/678/1438 2745/3480/1437 3751/2322/3739
f 3751/2322/3739 2745/3480/1437 445/679/1436 2907/3685/1733
f 2903/3681/1725 3751/2322/3739 2907/3685/1733 446/680/1728
f 447/681/1483 2769/3512/1482 3752/2323/3740 2911/3690/1739
f 448/683/1481 2865/3635/1660 3752/2323/3740 2769/3512/1482
f 449/684/1659 2911/3690/1739 3752/2323/3740 2865/3635/1660
f 450/689/1746 2919/3703/1754 3753/2324/3741 2915/3697/1747
f 451/690/1528 2793/3541/1527 3753/2324/3741 2919/3703/1754
f 452/691/1526 2915/3697/1747 3753/2324/3741 2793/3541/1527
f 453/693/1738 2909/3687/1737 3754/2325/3742 2923/3708/1760
f 2909/3687/1737 454/694/1491 2773/3517/1490 3754/2325/3742
f 3754/2325/3742 2773/3517/1490 455/695/1489 979/3712/1768
f 2923/3708/1760 3754/2325/3742 979/3712/1768 456/696/1763
f 457/697/1773 981/3714/1772 3755/2326/3743 983/3716/1774
f 981/3714/1772 458/698/1505 2781/3525/1504 3755/2326/3743
f 3755/2326/3743 2781/3525/1504 459/699/1503 987/3720/1782
f 983/3716/1774 3755/2326/3743 987/3720/1782 460/700/1777
f 461/701/1550 2805/3557/1549 3756/2327/3744 991/3725/1788
f 462/703/1548 2921/3706/1759 3756/2327/3744 2805/3557/1549
f 463/704/1758 991/3725/1788 3756/2327/3744 2921/3706/1759
f 464/707/1787 989/3722/1786 3757/2328/3745 995/3731/1795
f 989/3722/1786 465/708/1557 2809/3562/1556 3757/2328/3745
f 3757/2328/3745 2809/3562/1556 466/709/1555 2881/3655/1689
f 995/3731/1795 3757/2328/3745 2881/3655/1689 467/710/1688
f 468/711/1674 2873/3646/1673 3758/2329/3746 999/3736/1802
f 469/714/1596 2829/3591/1595 3758/2329/3746 2873/3646/1673
f 470/715/1594 999/3736/1802 3758/2329/3746 2829/3591/1595
f 471/717/1618 2841/3606/1617 3759/2330/3747 1003/3743/1809
f 2841/3606/1617 472/719/1616 1007/3749/1818 3759/2330/3747
f 3759/2330/3747 1007/3749/1818 473/720/1817 1011/3753/1824
f 1003/3743/1809 3759/2330/3747 1011/3753/1824 474/722/1812
f 475/724/1823 1009/3751/1822 3760/2331/3748 1015/3758/1831
f 1009/3751/1822 476/725/1626 2845/3611/1625 3760/2331/3748
f 3760/2331/3748 2845/3611/1625 477/726/1624 1019/3762/1839
f 1015/3758/1831 3760/2331/3748 1019/3762/1839 478/727/1834
f 479/728/1844 1021/3764/1843 3761/2332/3749 1023/3766/1845
f 1021/3764/1843 480/729/1640 2853/3619/1639 3761/2332/3749
f 3761/2332/3749 2853/3619/1639 481/730/1638 1027/3770/1853
f 1023/3766/1845 3761/2332/3749 1027/3770/1853 482/731/1848
f 483/732/1859 1035/3778/1868 3762/2333/3750 1031/3774/1860
f 1035/3778/1868 484/733/1683 2877/3651/1682 3762/2333/3750
f 3762/2333/3750 2877/3651/1682 485/734/1681 1039/3782/1874
f 1031/3774/1860 3762/2333/3750 1039/3782/1874 486/735/1863
f 487/736/1879 1041/3784/1878 3763/2334/3751 1043/3786/1880
f 1041/3784/1878 488/737/1703 2889/3663/1702 3763/2334/3751
f 3763/2334/3751 2889/3663/1702 489/738/1701 1047/3790/1888
f 1043/3786/1880 3763/2334/3751 1047/3790/1888 490/739/1883
f 491/743/1894 1055/3802/1902 3764/2335/3752 1051/3795/1895
f 1055/3802/1902 492/744/1893 1049/3792/1892 3764/2335/3752
f 3764/2335/3752 1049/3792/1892 493/745/1724 2901/3679/1723
f 1051/3795/1895 3764/2335/3752 2901/3679/1723 494/746/1722
f 495/748/1858 1029/3772/1857 3765/2336/3753 1059/3807/1909
f 1029/3772/1857 496/749/1732 2905/3683/1731 3765/2336/3753
f 3765/2336/3753 2905/3683/1731 497/750/1730 1063/3811/1917
f 1059/3807/1909 3765/2336/3753 1063/3811/1917 498/751/1912
f 499/754/1923 1071/3822/1933 3766/2337/3754 1067/3816/1924
f 500/755/1932 1075/3827/1940 3766/2337/3754 1071/3822/1933
f 501/757/1927 1067/3816/1924 3766/2337/3754 1075/3827/1940
f 502/758/1946 1077/3829/1945 3767/2338/3755 1079/3833/1947
f 503/760/1944 1083/3839/1955 3767/2338/3755 1077/3829/1945
f 504/762/1950 1079/3833/1947 3767/2338/3755 1083/3839/1955
f 505/764/1922 1065/3813/1921 3768/2339/3756 1087/3844/1962
f 1065/3813/1921 506/765/1767 977/3710/1766 3768/2339/3756
f 3768/2339/3756 977/3710/1766 507/766/1765 1091/3848/1970
f 1087/3844/1962 3768/2339/3756 1091/3848/1970 508/767/1965
f 509/768/1975 1093/3850/1974 3769/2340/3757 1095/3852/1976
f 1093/3850/1974 510/769/1781 985/3718/1780 3769/2340/3757
f 3769/2340/3757 985/3718/1780 511/770/1779 1099/3856/1984
f 1095/3852/1976 3769/2340/3757 1099/3856/1984 512/771/1979
f 513/774/1990 1107/3867/2000 3770/2341/3758 1103/3861/1991
f 514/775/1999 1111/3872/2007 3770/2341/3758 1107/3867/2000
f 515/777/1994 1103/3861/1991 3770/2341/3758 1111/3872/2007
f 516/778/2013 1113/3874/2012 3771/2342/3759 1115/3878/2014
f 517/780/2011 1119/3884/2022 3771/2342/3759 1113/3874/2012
f 518/782/2017 1115/3878/2014 3771/2342/3759 1119/3884/2022
f 519/784/1989 1101/3858/1988 3772/2343/3760 1123/3889/2029
f 1101/3858/1988 520/785/1801 997/3733/1800 3772/2343/3760
f 3772/2343/3760 997/3733/1800 521/786/1799 1037/3780/1873
f 1123/3889/2029 3772/2343/3760 1037/3780/1873 522/787/1872
f 523/789/2036 1131/3900/2046 3773/2344/3761 1127/3894/2037
f 524/790/2045 1135/3905/2053 3773/2344/3761 1131/3900/2046
f 525/792/2040 1127/3894/2037 3773/2344/3761 1135/3905/2053
f 526/796/2060 1143/3917/2068 3774/2345/3762 1139/3911/2061
f 527/797/2052 1133/3903/2051 3774/2345/3762 1143/3917/2068
f 528/798/2050 1139/3911/2061 3774/2345/3762 1133/3903/2051
f 529/800/1830 1013/3755/1829 3775/2346/3763 1147/3923/2075
f 1013/3755/1829 530/802/1828 1151/3929/2084 3775/2346/3763
f 3775/2346/3763 1151/3929/2084 531/803/2083 1155/3933/2090
f 1147/3923/2075 3775/2346/3763 1155/3933/2090 532/805/2078
f 533/807/2089 1153/3931/2088 3776/2347/3764 1159/3938/2097
f 1153/3931/2088 534/808/1838 1017/3760/1837 3776/2347/3764
f 3776/2347/3764 1017/3760/1837 535/809/1836 1163/3942/2105
f 1159/3938/2097 3776/2347/3764 1163/3942/2105 536/810/2100
f 537/811/2110 1165/3944/2109 3777/2348/3765 1167/3946/2111
f 1165/3944/2109 538/812/1852 1025/3768/1851 3777/2348/3765
f 3777/2348/3765 1025/3768/1851 539/813/1850 1171/3950/2119
f 1167/3946/2111 3777/2348/3765 1171/3950/2119 540/814/2114
f 541/817/2125 1179/3961/2133 3778/2349/3766 1175/3955/2126
f 542/818/1939 1073/3825/1938 3778/2349/3766 1179/3961/2133
f 543/819/1937 1175/3955/2126 3778/2349/3766 1073/3825/1938
f 544/821/2059 1137/3907/2058 3779/2350/3767 1183/3967/2139
f 545/823/2057 1187/3973/2147 3779/2350/3767 1137/3907/2058
f 546/825/2142 1183/3967/2139 3779/2350/3767 1187/3973/2147
f 547/827/2153 1195/3982/2162 3780/2351/3768 1191/3978/2154
f 1195/3982/2162 548/828/1867 1033/3776/1866 3780/2351/3768
f 3780/2351/3768 1033/3776/1866 549/829/1865 1199/3986/2168
f 1191/3978/2154 3780/2351/3768 1199/3986/2168 550/830/2157
f 551/831/2173 1201/3988/2172 3781/2352/3769 1203/3990/2174
f 1201/3988/2172 552/832/1887 1045/3788/1886 3781/2352/3769
f 3781/2352/3769 1045/3788/1886 553/833/1885 1207/3994/2182
f 1203/3990/2174 3781/2352/3769 1207/3994/2182 554/834/2177
f 555/836/2188 1215/4004/2196 3782/2353/3770 1211/3999/2189
f 1215/4004/2196 556/837/2187 1209/3996/2186 3782/2353/3770
f 3782/2353/3770 1209/3996/2186 557/838/1908 1057/3805/1907
f 1211/3999/2189 3782/2353/3770 1057/3805/1907 558/839/1906
f 559/841/2124 1173/3952/2123 3783/2354/3771 1219/4009/2203
f 1173/3952/2123 560/842/1916 1061/3809/1915 3783/2354/3771
f 3783/2354/3771 1061/3809/1915 561/843/1914 1223/4013/2211
f 1219/4009/2203 3783/2354/3771 1223/4013/2211 562/844/2206
f 563/845/1961 1085/3841/1960 3784/2355/3772 1227/4018/2217
f 564/847/1959 1181/3964/2138 3784/2355/3772 1085/3841/1960
f 565/848/2137 1227/4018/2217 3784/2355/3772 1181/3964/2138
f 566/852/2224 1235/4030/2232 3785/2356/3773 1231/4024/2225
f 567/853/2006 1109/3870/2005 3785/2356/3773 1235/4030/2232
f 568/854/2004 1231/4024/2225 3785/2356/3773 1109/3870/2005
f 569/856/2216 1225/4015/2215 3786/2357/3774 1239/4035/2238
f 1225/4015/2215 570/857/1969 1089/3846/1968 3786/2357/3774
f 3786/2357/3774 1089/3846/1968 571/858/1967 1243/4039/2246
f 1239/4035/2238 3786/2357/3774 1243/4039/2246 572/859/2241
f 573/860/2251 1245/4041/2250 3787/2358/3775 1247/4043/2252
f 1245/4041/2250 574/861/1983 1097/3854/1982 3787/2358/3775
f 3787/2358/3775 1097/3854/1982 575/862/1981 1251/4047/2260
f 1247/4043/2252 3787/2358/3775 1251/4047/2260 576/863/2255
f 577/864/2028 1121/3886/2027 3788/2359/3776 1255/4052/2266
f 578/866/2026 1237/4033/2237 3788/2359/3776 1121/3886/2027
f 579/867/2236 1255/4052/2266 3788/2359/3776 1237/4033/2237
f 580/870/2265 1253/4049/2264 3789/2360/3777 1259/4058/2273
f 1253/4049/2264 581/871/2035 1125/3891/2034 3789/2360/3777
f 3789/2360/3777 1125/3891/2034 582/872/2033 1197/3984/2167
f 1259/4058/2273 3789/2360/3777 1197/3984/2167 583/873/2166
f 584/874/2152 1189/3975/2151 3790/2361/3778 1263/4063/2280
f 585/877/2074 1145/3920/2073 3790/2361/3778 1189/3975/2151
f 586/878/2072 1263/4063/2280 3790/2361/3778 1145/3920/2073
f 587/880/2096 1157/3935/2095 3791/2362/3779 1267/4070/2287
f 1157/3935/2095 588/882/2094 1271/4075/2296 3791/2362/3779
f 3791/2362/3779 1271/4075/2296 589/883/2295 1275/4079/2302
f 1267/4070/2287 3791/2362/3779 1275/4079/2302 590/885/2290
f 591/887/2301 1273/4077/2300 3792/2363/3780 1279/4084/2309
f 592/888/2104 1161/3940/2103 3792/2363/3780 1273/4077/2300
f 593/889/2102 1279/4084/2309 3792/2363/3780 1161/3940/2103
f 594/890/2315 1287/4092/2322 3793/2364/3781 1283/4088/2316
f 1287/4092/2322 595/891/2314 1281/4086/2313 3793/2364/3781
f 3793/2364/3781 1281/4086/2313 596/892/2118 1169/3948/2117
f 1283/4088/2316 3793/2364/3781 1169/3948/2117 597/893/2116
f 598/894/2308 1277/4081/2307 3794/2365/3782 1291/4097/2328
f 1277/4081/2307 599/896/2306 1289/4094/2327 3794/2365/3782
f 3794/2365/3782 1289/4094/2327 600/897/2326 1295/4103/2336
f 1291/4097/2328 3794/2365/3782 1295/4103/2336 601/899/2331
f 602/902/2161 1193/3980/2160 3795/2366/3783 1299/4108/2343
f 1193/3980/2160 603/903/2159 1303/4112/2351 3795/2366/3783
f 3795/2366/3783 1303/4112/2351 604/904/2350 1307/4116/2357
f 1299/4108/2343 3795/2366/3783 1307/4116/2357 605/905/2346
f 606/909/2364 1315/4127/2373 3796/2367/3784 1311/4121/2365
f 1315/4127/2373 607/910/2363 1309/4118/2362 3796/2367/3784
f 3796/2367/3784 1309/4118/2362 608/911/2361 1319/4133/2380
f 1311/4121/2365 3796/2367/3784 1319/4133/2380 609/913/2368
f 610/914/2356 1305/4114/2355 3797/2368/3785 1323/4138/2387
f 611/915/2181 1205/3992/2180 3797/2368/3785 1305/4114/2355
f 612/916/2179 1323/4138/2387 3797/2368/3785 1205/3992/2180
f 613/917/2386 1321/4135/2385 3798/2369/3786 1327/4143/2392
f 1321/4135/2385 614/919/2384 1325/4140/2391 3798/2369/3786
f 3798/2369/3786 1325/4140/2391 615/920/2202 1217/4007/2201
f 1327/4143/2392 3798/2369/3786 1217/4007/2201 616/921/2200
f 617/924/2399 1335/4152/2406 3799/2370/3787 1331/4148/2400
f 1335/4152/2406 618/925/2321 1285/4090/2320 3799/2370/3787
f 3799/2370/3787 1285/4090/2320 619/926/2210 1221/4011/2209
f 1331/4148/2400 3799/2370/3787 1221/4011/2209 620/927/2208
f 621/928/2342 1297/4105/2341 3800/2371/3788 1339/4157/2412
f 1297/4105/2341 622/930/2340 1337/4154/2411 3800/2371/3788
f 3800/2371/3788 1337/4154/2411 623/931/2410 1343/4163/2420
f 1339/4157/2412 3800/2371/3788 1343/4163/2420 624/933/2415
f 625/936/2245 1241/4037/2244 3801/2372/3789 1333/4150/2404
f 1241/4037/2244 626/937/2243 1347/4169/2428 3801/2372/3789
f 3801/2372/3789 1347/4169/2428 627/938/2427 1351/4173/2434
f 1333/4150/2404 3801/2372/3789 1351/4173/2434 628/939/2405
f 629/941/2426 1345/4166/2425 3802/2373/3790 1355/4178/2440
f 1345/4166/2425 630/944/2424 1353/4175/2439 3802/2373/3790
f 3802/2373/3790 1353/4175/2439 631/945/2438 1359/4183/2448
f 1355/4178/2440 3802/2373/3790 1359/4183/2448 632/947/2443
f 633/948/2455 1367/4192/2462 3803/2374/3791 1363/4188/2456
f 1367/4192/2462 634/949/2433 1349/4171/2432 3803/2374/3791
f 3803/2374/3791 1349/4171/2432 635/950/2259 1249/4045/2258
f 1363/4188/2456 3803/2374/3791 1249/4045/2258 636/951/2257
f 637/952/2454 1361/4185/2453 3804/2375/3792 1371/4197/2468
f 1361/4185/2453 638/954/2452 1369/4194/2467 3804/2375/3792
f 3804/2375/3792 1369/4194/2467 639/955/2466 1375/4203/2476
f 1371/4197/2468 3804/2375/3792 1375/4203/2476 640/957/2471
f 641/960/2348 1379/4208/2483 3805/2376/3793 1301/4110/2349
f 1379/4208/2483 642/961/2461 1365/4190/2460 3805/2376/3793
f 3805/2376/3793 1365/4190/2460 643/962/2279 1261/4060/2278
f 1301/4110/2349 3805/2376/3793 1261/4060/2278 644/963/2277
f 645/964/2482 1377/4205/2481 3806/2377/3794 1383/4213/2488
f 1377/4205/2481 646/966/2480 1381/4210/2487 3806/2377/3794
f 3806/2377/3794 1381/4210/2487 647/967/2379 1317/4131/2378
f 1383/4213/2488 3806/2377/3794 1317/4131/2378 648/971/2377
f 649/972/2495 1391/4222/2502 3807/2378/3795 1387/4218/2496
f 650/973/136 2021/2554/135 3807/2378/3795 1391/4222/2502
f 651/974/134 1387/4218/2496 3807/2378/3795 2021/2554/135
f 652/975/165 2037/2575/164 3808/2379/3796 1395/4226/2508
f 653/976/163 1393/4224/2507 3808/2379/3796 2037/2575/164
f 654/977/2506 1395/4226/2508 3808/2379/3796 1393/4224/2507
f 655/979/2514 1403/4236/2521 3809/2380/3797 1399/4231/2515
f 1403/4236/2521 656/980/2501 1389/4220/2500 3809/2380/3797
f 3809/2380/3797 1389/4220/2500 657/981/209 2061/2604/208
f 1399/4231/2515 3809/2380/3797 2061/2604/208 658/982/207
f 659/984/817 2393/3025/816 3810/2381/3798 1407/4242/2527
f 660/986/815 1397/4228/2513 3810/2381/3798 2393/3025/816
f 661/987/2512 1405/4239/2526 3810/2381/3798 1397/4228/2513
f 662/988/2525 1411/4249/2534 3810/2381/3798 1405/4239/2526
f 663/991/2530 1407/4242/2527 3810/2381/3798 1411/4249/2534
f 664/992/2541 1419/4257/2548 3811/2382/3799 1415/4253/2542
f 665/993/469 2201/2777/468 3811/2382/3799 1419/4257/2548
f 666/994/467 1415/4253/2542 3811/2382/3799 2201/2777/468
f 667/995/529 2233/2816/528 3812/2383/3800 1423/4261/2554
f 668/996/527 1421/4259/2553 3812/2383/3800 2233/2816/528
f 669/997/2552 1423/4261/2554 3812/2383/3800 1421/4259/2553
f 670/999/2560 1431/4273/2568 3813/2384/3801 1427/4266/2561
f 671/1001/2567 1435/4277/2575 3813/2384/3801 1431/4273/2568
f 672/1002/2547 1417/4255/2546 3813/2384/3801 1435/4277/2575
f 673/1003/1261 2637/3341/1260 3813/2384/3801 1417/4255/2546
f 674/1004/1259 1427/4266/2561 3813/2384/3801 2637/3341/1260
f 675/1007/687 2321/2932/686 3814/2385/3802 1439/4283/2581
f 2321/2932/686 676/1009/685 1425/4263/2559 3814/2385/3802
f 3814/2385/3802 1425/4263/2559 677/1010/2558 1437/4280/2580
f 1439/4283/2581 3814/2385/3802 1437/4280/2580 678/1011/2579
f 679/1013/2587 1447/4293/2594 3815/2386/3803 1443/4288/2588
f 680/1015/1128 2561/3244/1127 3815/2386/3803 1447/4293/2594
f 681/1017/1126 1443/4288/2588 3815/2386/3803 2561/3244/1127
f 682/1019/1152 2573/3259/1151 3816/2387/3804 1451/4298/2600
f 683/1021/1150 1449/4295/2599 3816/2387/3804 2573/3259/1151
f 684/1022/2598 1451/4298/2600 3816/2387/3804 1449/4295/2599
f 685/1024/2606 1459/4308/2614 3817/2388/3805 1455/4304/2607
f 686/1025/2593 1445/4291/2592 3817/2388/3805 1459/4308/2614
f 687/1027/832 2401/3036/831 3817/2388/3805 1445/4291/2592
f 688/1029/830 1409/4245/2533 3817/2388/3805 2401/3036/831
f 689/1032/2532 1455/4304/2607 3817/2388/3805 1409/4245/2533
f 690/1034/2620 1467/4319/2628 3818/2389/3806 1463/4314/2621
f 691/1036/1090 2541/3216/1089 3818/2389/3806 1467/4319/2628
f 692/1040/1088 1453/4300/2605 3818/2389/3806 2541/3216/1089
f 693/1041/2604 1461/4311/2619 3818/2389/3806 1453/4300/2605
f 694/1042/2618 1463/4314/2621 3818/2389/3806 1461/4311/2619
f 695/1044/2634 1475/4329/2641 3819/2390/3807 1471/4325/2635
f 696/1046/1214 2613/3311/1213 3819/2390/3807 1475/4329/2641
f 697/1048/1212 1471/4325/2635 3819/2390/3807 2613/3311/1213
f 698/1050/1239 2625/3326/1238 3820/2391/3808 1479/4334/2647
f 699/1052/1237 1477/4331/2646 3820/2391/3808 2625/3326/1238
f 700/1053/2645 1479/4334/2647 3820/2391/3808 1477/4331/2646
f 701/1055/2653 1487/4343/2661 3821/2392/3809 1483/4339/2654
f 702/1056/2640 1473/4327/2639 3821/2392/3809 1487/4343/2661
f 703/1057/1113 2553/3233/1112 3821/2392/3809 1473/4327/2639
f 704/1058/1111 1469/4322/2633 3821/2392/3809 2553/3233/1112
f 705/1062/2632 1483/4339/2654 3821/2392/3809 1469/4322/2633
f 706/1063/1274 2645/3350/1273 3822/2393/3810 1429/4270/2565
f 707/1066/1272 1481/4336/2652 3822/2393/3810 2645/3350/1273
f 708/1067/2651 1489/4346/2666 3822/2393/3810 1481/4336/2652
f 709/1068/2665 1491/4349/2667 3822/2393/3810 1489/4346/2666
f 710/1071/2566 1429/4270/2565 3822/2393/3810 1491/4349/2667
f 711/1072/2674 1499/4358/2681 3823/2394/3811 1495/4353/2675
f 1499/4358/2681 712/1073/2520 1401/4234/2519 3823/2394/3811
f 3823/2394/3811 1401/4234/2519 713/1075/1338 2689/3418/1337
f 1495/4353/2675 3823/2394/3811 2689/3418/1337 714/1078/1336
f 715/1080/1453 2753/3490/1452 3824/2395/3812 1503/4362/2687
f 716/1084/1451 1507/4368/2693 3824/2395/3812 2753/3490/1452
f 717/1085/2540 1413/4251/2539 3824/2395/3812 1507/4368/2693
f 718/1086/2538 1501/4360/2686 3824/2395/3812 1413/4251/2539
f 719/1087/2685 1503/4362/2687 3824/2395/3812 1501/4360/2686
f 720/1088/2698 1515/4378/2705 3825/2396/3813 1511/4373/2699
f 721/1089/2574 1433/4275/2573 3825/2396/3813 1515/4378/2705
f 722/1090/2572 1519/4383/2711 3825/2396/3813 1433/4275/2573
f 723/1092/1566 2813/3569/1565 3825/2396/3813 1519/4383/2711
f 724/1096/1564 1511/4373/2699 3825/2396/3813 2813/3569/1565
f 725/1098/1423 2737/3469/1422 3826/2397/3814 1523/4389/2716
f 2737/3469/1422 726/1101/1421 1441/4285/2586 3826/2397/3814
f 3826/2397/3814 1441/4285/2586 727/1102/2585 1517/4380/2710
f 1523/4389/2716 3826/2397/3814 1517/4380/2710 728/1103/2709
f 729/1104/2722 1531/4399/2729 3827/2398/3815 1527/4394/2723
f 730/1105/2613 1457/4306/2612 3827/2398/3815 1531/4399/2729
f 731/1106/2611 1509/4371/2697 3827/2398/3815 1457/4306/2612
f 732/1108/1476 2765/3508/1475 3827/2398/3815 1509/4371/2697
f 733/1111/1474 1527/4394/2723 3827/2398/3815 2765/3508/1475
f 734/1113/1520 2789/3535/1519 3828/2399/3816 1535/4403/2735
f 735/1116/1518 1539/4408/2741 3828/2399/3816 2789/3535/1519
f 736/1117/2627 1465/4316/2626 3828/2399/3816 1539/4408/2741
f 737/1118/2625 1533/4401/2734 3828/2399/3816 1465/4316/2626
f 738/1119/2733 1535/4403/2735 3828/2399/3816 1533/4401/2734
f 739/1120/2746 1547/4418/2753 3829/2400/3817 1543/4413/2747
f 740/1121/2660 1485/4341/2659 3829/2400/3817 1547/4418/2753
f 741/1122/2658 1541/4411/2745 3829/2400/3817 1485/4341/2659
f 742/1124/1543 2801/3553/1542 3829/2400/3817 1541/4411/2745
f 743/1127/1541 1543/4413/2747 3829/2400/3817 2801/3553/1542
f 744/1129/1589 2825/3585/1588 3830/2401/3818 1551/4422/2759
f 745/1133/1587 1521/4386/2715 3830/2401/3818 2825/3585/1588
f 746/1134/2673 1493/4351/2672 3830/2401/3818 1521/4386/2715
f 747/1135/2671 1549/4420/2758 3830/2401/3818 1493/4351/2672
f 748/1136/2757 1551/4422/2759 3830/2401/3818 1549/4420/2758
f 749/1137/2765 1559/4432/2772 3831/2402/3819 1555/4427/2766
f 1559/4432/2772 750/1138/2680 1497/4356/2679 3831/2402/3819
f 3831/2402/3819 1497/4356/2679 751/1140/1604 2833/3598/1603
f 1555/4427/2766 3831/2402/3819 2833/3598/1603 752/1143/1602
f 753/1145/1654 2861/3629/1653 3832/2403/3820 1563/4437/2778
f 754/1149/1652 1505/4364/2692 3832/2403/3820 2861/3629/1653
f 755/1150/2691 1561/4434/2777 3832/2403/3820 1505/4364/2692
f 756/1151/2776 1567/4443/2785 3832/2403/3820 1561/4434/2777
f 757/1152/2781 1563/4437/2778 3832/2403/3820 1567/4443/2785
f 758/1153/2792 1575/4454/2800 3833/2404/3821 1571/4448/2793
f 759/1154/2799 1579/4458/2807 3833/2404/3821 1575/4454/2800
f 760/1155/2704 1513/4376/2703 3833/2404/3821 1579/4458/2807
f 761/1157/1668 2869/3642/1667 3833/2404/3821 1513/4376/2703
f 762/1161/1666 1571/4448/2793 3833/2404/3821 2869/3642/1667
f 763/1163/1717 2897/3673/1716 3834/2405/3822 1583/4462/2813
f 2897/3673/1716 764/1166/1715 1525/4391/2721 3834/2405/3822
f 3834/2405/3822 1525/4391/2721 765/1167/2720 1581/4460/2812
f 1583/4462/2813 3834/2405/3822 1581/4460/2812 766/1168/2811
f 767/1169/2819 1591/4471/2827 3835/2406/3823 1587/4467/2820
f 768/1170/2728 1529/4397/2727 3835/2406/3823 1591/4471/2827
f 769/1172/1745 2913/3694/1744 3835/2406/3823 1529/4397/2727
f 770/1176/1743 1565/4440/2784 3835/2406/3823 2913/3694/1744
f 771/1177/2783 1587/4467/2820 3835/2406/3823 1565/4440/2784
f 772/1178/2833 1599/4480/2841 3836/2407/3824 1595/4475/2834
f 773/1180/1753 2917/3700/1752 3836/2407/3824 1599/4480/2841
f 774/1184/1751 1537/4405/2740 3836/2407/3824 2917/3700/1752
f 775/1185/2739 1593/4473/2832 3836/2407/3824 1537/4405/2740
f 776/1186/2831 1595/4475/2834 3836/2407/3824 1593/4473/2832
f 777/1187/2847 1607/4490/2855 3837/2408/3825 1603/4486/2848
f 778/1188/2752 1545/4416/2751 3837/2408/3825 1607/4490/2855
f 779/1190/1794 993/3729/1793 3837/2408/3825 1545/4416/2751
f 780/1194/1792 1601/4483/2846 3837/2408/3825 993/3729/1793
f 781/1195/2845 1603/4486/2848 3837/2408/3825 1601/4483/2846
f 782/1197/1808 1001/3739/1807 3838/2409/3826 1573/4452/2797
f 783/1201/1806 1553/4424/2764 3838/2409/3826 1001/3739/1807
f 784/1202/2763 1609/4492/2860 3838/2409/3826 1553/4424/2764
f 785/1203/2859 1611/4494/2861 3838/2409/3826 1609/4492/2860
f 786/1204/2798 1573/4452/2797 3838/2409/3826 1611/4494/2861
f 787/1205/2868 1619/4503/2875 3839/2410/3827 1615/4498/2869
f 1619/4503/2875 788/1206/2771 1557/4430/2770 3839/2410/3827
f 3839/2410/3827 1557/4430/2770 789/1208/1816 1005/3747/1815
f 1615/4498/2869 3839/2410/3827 1005/3747/1815 790/1211/1814
f 791/1213/1931 1069/3819/1930 3840/2411/3828 1623/4507/2881
f 792/1217/1929 1627/4513/2887 3840/2411/3828 1069/3819/1930
f 793/1218/2791 1569/4445/2790 3840/2411/3828 1627/4513/2887
f 794/1219/2789 1621/4505/2880 3840/2411/3828 1569/4445/2790
f 795/1220/2879 1623/4507/2881 3840/2411/3828 1621/4505/2880
f 796/1221/2892 1635/4523/2899 3841/2412/3829 1631/4518/2893
f 797/1222/2806 1577/4456/2805 3841/2412/3829 1635/4523/2899
f 798/1223/2804 1639/4528/2905 3841/2412/3829 1577/4456/2805
f 799/1225/2044 1129/3898/2043 3841/2412/3829 1639/4528/2905
f 800/1229/2042 1631/4518/2893 3841/2412/3829 1129/3898/2043
f 801/1231/1901 1053/3798/1900 3842/2413/3830 1643/4534/2910
f 1053/3798/1900 802/1234/1899 1585/4464/2818 3842/2413/3830
f 3842/2413/3830 1585/4464/2818 803/1235/2817 1637/4525/2904
f 1643/4534/2910 3842/2413/3830 1637/4525/2904 804/1236/2903
f 805/1237/2916 1651/4544/2923 3843/2414/3831 1647/4539/2917
f 806/1238/2826 1589/4469/2825 3843/2414/3831 1651/4544/2923
f 807/1239/2824 1629/4516/2891 3843/2414/3831 1589/4469/2825
f 808/1241/1954 1081/3837/1953 3843/2414/3831 1629/4516/2891
f 809/1244/1952 1647/4539/2917 3843/2414/3831 1081/3837/1953
f 810/1246/1998 1105/3864/1997 3844/2415/3832 1655/4548/2929
f 811/1249/1996 1659/4553/2935 3844/2415/3832 1105/3864/1997
f 812/1250/2840 1597/4477/2839 3844/2415/3832 1659/4553/2935
f 813/1251/2838 1653/4546/2928 3844/2415/3832 1597/4477/2839
f 814/1252/2927 1655/4548/2929 3844/2415/3832 1653/4546/2928
f 815/1253/2940 1667/4563/2947 3845/2416/3833 1663/4558/2941
f 816/1254/2854 1605/4488/2853 3845/2416/3833 1667/4563/2947
f 817/1255/2852 1661/4556/2939 3845/2416/3833 1605/4488/2853
f 818/1257/2021 1117/3882/2020 3845/2416/3833 1661/4556/2939
f 819/1260/2019 1663/4558/2941 3845/2416/3833 1117/3882/2020
f 820/1262/2067 1141/3914/2066 3846/2417/3834 1671/4567/2953
f 821/1266/2065 1641/4531/2909 3846/2417/3834 1141/3914/2066
f 822/1267/2867 1613/4496/2866 3846/2417/3834 1641/4531/2909
f 823/1268/2865 1669/4565/2952 3846/2417/3834 1613/4496/2866
f 824/1269/2951 1671/4567/2953 3846/2417/3834 1669/4565/2952
f 825/1270/2959 1679/4576/2968 3847/2418/3835 1675/4572/2960
f 826/1271/2874 1617/4501/2873 3847/2418/3835 1679/4576/2968
f 827/1273/2082 1149/3927/2081 3847/2418/3835 1617/4501/2873
f 828/1276/2080 1683/4581/2974 3847/2418/3835 1149/3927/2081
f 829/1277/2963 1675/4572/2960 3847/2418/3835 1683/4581/2974
f 830/1279/2980 1691/4591/2988 3848/2419/3836 1687/4586/2981
f 831/1282/2132 1177/3958/2131 3848/2419/3836 1691/4591/2988
f 832/1285/2130 1625/4509/2886 3848/2419/3836 1177/3958/2131
f 833/1286/2885 1681/4578/2973 3848/2419/3836 1625/4509/2886
f 834/1287/2972 1687/4586/2981 3848/2419/3836 1681/4578/2973
f 835/1288/2994 1699/4601/3003 3849/2420/3837 1695/4597/2995
f 836/1289/2898 1633/4521/2897 3849/2420/3837 1699/4601/3003
f 837/1291/2146 1185/3971/2145 3849/2420/3837 1633/4521/2897
f 838/1294/2144 1703/4606/3009 3849/2420/3837 1185/3971/2145
f 839/1295/2998 1695/4597/2995 3849/2420/3837 1703/4606/3009
f 840/1297/3015 1711/4617/3023 3850/2421/3838 1707/4612/3016
f 841/1300/2195 1213/4002/2194 3850/2421/3838 1711/4617/3023
f 842/1302/2193 1645/4536/2915 3850/2421/3838 1213/4002/2194
f 843/1303/2914 1701/4603/3008 3850/2421/3838 1645/4536/2915
f 844/1304/3007 1707/4612/3016 3850/2421/3838 1701/4603/3008
f 845/1305/3029 1719/4627/3037 3851/2422/3839 1715/4623/3030
f 846/1306/2922 1649/4542/2921 3851/2422/3839 1719/4627/3037
f 847/1308/2223 1229/4021/2222 3851/2422/3839 1649/4542/2921
f 848/1310/2221 1693/4595/2993 3851/2422/3839 1229/4021/2222
f 849/1312/2992 1715/4623/3030 3851/2422/3839 1693/4595/2993
f 850/1313/3043 1727/4636/3051 3852/2423/3840 1723/4631/3044
f 851/1316/2231 1233/4027/2230 3852/2423/3840 1727/4636/3051
f 852/1319/2229 1657/4550/2934 3852/2423/3840 1233/4027/2230
f 853/1320/2933 1721/4629/3042 3852/2423/3840 1657/4550/2934
f 854/1321/3041 1723/4631/3044 3852/2423/3840 1721/4629/3042
f 855/1322/3057 1735/4646/3065 3853/2424/3841 1731/4642/3058
f 856/1323/2946 1665/4561/2945 3853/2424/3841 1735/4646/3065
f 857/1325/2272 1257/4056/2271 3853/2424/3841 1665/4561/2945
f 858/1328/2270 1729/4640/3056 3853/2424/3841 1257/4056/2271
f 859/1330/3055 1731/4642/3058 3853/2424/3841 1729/4640/3056
f 860/1332/3014 1705/4609/3013 3854/2425/3842 1739/4650/3071
f 861/1334/2286 1265/4066/2285 3854/2425/3842 1705/4609/3013
f 862/1337/2284 1673/4569/2958 3854/2425/3842 1265/4066/2285
f 863/1338/2957 1737/4648/3070 3854/2425/3842 1673/4569/2958
f 864/1339/3069 1739/4650/3071 3854/2425/3842 1737/4648/3070
f 865/1340/2979 1685/4583/2978 3855/2426/3843 1743/4655/3078
f 1685/4583/2978 866/1342/2294 1269/4073/2293 3855/2426/3843
f 3855/2426/3843 1269/4073/2293 867/1343/2292 1747/4660/3086
f 1743/4655/3078 3855/2426/3843 1747/4660/3086 868/1346/3081
f 869/1348/3091 1749/4662/3090 3856/2427/3844 1751/4666/3092
f 1749/4662/3090 870/1350/2335 1293/4100/2334 3856/2427/3844
f 3856/2427/3844 1293/4100/2334 871/1351/2333 1755/4671/3100
f 1751/4666/3092 3856/2427/3844 1755/4671/3100 872/1354/3095
f 873/1358/3106 1763/4682/3115 3857/2428/3845 1759/4677/3107
f 1763/4682/3115 874/1359/2372 1313/4123/2371 3857/2428/3845
f 3857/2428/3845 1313/4123/2371 875/1361/2370 1767/4688/3121
f 1759/4677/3107 3857/2428/3845 1767/4688/3121 876/1363/3110
f 877/1364/3126 1769/4690/3125 3858/2429/3846 1771/4694/3127
f 1769/4690/3125 878/1366/2398 1329/4146/2397 3858/2429/3846
f 3858/2429/3846 1329/4146/2397 879/1367/2396 1713/4621/3028
f 1771/4694/3127 3858/2429/3846 1713/4621/3028 880/1371/3027
f 881/1372/3105 1757/4673/3104 3859/2430/3847 1775/4699/3134
f 1757/4673/3104 882/1374/2419 1341/4160/2418 3859/2430/3847
f 3859/2430/3847 1341/4160/2418 883/1375/2417 1779/4704/3142
f 1775/4699/3134 3859/2430/3847 1779/4704/3142 884/1378/3137
f 885/1381/3147 1781/4707/3146 3860/2431/3848 1783/4711/3148
f 1781/4707/3146 886/1383/2447 1357/4180/2446 3860/2431/3848
f 3860/2431/3848 1357/4180/2446 887/1385/2445 1787/4715/3156
f 1783/4711/3148 3860/2431/3848 1787/4715/3156 888/1387/3151
f 889/1388/3161 1789/4717/3160 3861/2432/3849 1791/4721/3162
f 1789/4717/3160 890/1390/2475 1373/4200/2474 3861/2432/3849
f 3861/2432/3849 1373/4200/2474 891/1391/2473 1795/4726/3170
f 1791/4721/3162 3861/2432/3849 1795/4726/3170 892/1394/3165
f 893/1396/3175 1797/4728/3174 3862/2433/3850 1799/4732/3176
f 1797/4728/3174 894/1398/2494 1385/4216/2493 3862/2433/3850
f 3862/2433/3850 1385/4216/2493 895/1399/2492 1765/4686/3120
f 1799/4732/3176 3862/2433/3850 1765/4686/3120 896/1403/3119
f 897/1404/3183 1807/4741/3190 3863/2434/3851 1803/4736/3184
f 898/1406/1312 2673/3393/1311 3863/2434/3851 1807/4741/3190
f 899/1409/1310 1803/4736/3184 3863/2434/3851 2673/3393/1311
f 900/1411/1330 2685/3410/1329 3864/2435/3852 1811/4746/3196
f 901/1414/1328 1809/4743/3195 3864/2435/3852 2685/3410/1329
f 902/1415/3194 1811/4746/3196 3864/2435/3852 1809/4743/3195
f 903/1416/3189 1805/4739/3188 3865/2436/3853 1815/4751/3202
f 904/1418/1058 2525/3194/1057 3865/2436/3853 1805/4739/3188
f 905/1421/1056 1815/4751/3202 3865/2436/3853 2525/3194/1057
f 906/1422/3200 1817/4754/3206 3866/2437/3854 1813/4748/3201
f 907/1424/1028 2509/3169/1027 3866/2437/3854 1817/4754/3206
f 908/1427/1026 1813/4748/3201 3866/2437/3854 2509/3169/1027
f 909/1428/2987 1689/4588/2986 3867/2438/3855 1819/4756/3207
f 1689/4588/2986 910/1429/2985 1823/4760/3215 3867/2438/3855
f 3867/2438/3855 1823/4760/3215 911/1430/3214 1827/4764/3221
f 1819/4756/3207 3867/2438/3855 1827/4764/3221 912/1431/3210
f 913/1432/3220 1825/4762/3219 3868/2439/3856 1831/4768/3228
f 914/1433/2967 1677/4574/2966 3868/2439/3856 1825/4762/3219
f 915/1434/2965 1831/4768/3228 3868/2439/3856 1677/4574/2966
f 916/1435/3233 1833/4770/3232 3869/2440/3857 1835/4772/3234
f 917/1436/3085 1745/4657/3084 3869/2440/3857 1833/4770/3232
f 918/1437/3083 1835/4772/3234 3869/2440/3857 1745/4657/3084
f 919/1438/3227 1829/4766/3226 3870/2441/3858 1839/4776/3239
f 1829/4766/3226 920/1439/3225 1837/4774/3238 3870/2441/3858
f 3870/2441/3858 1837/4774/3238 921/1440/3099 1753/4668/3098
f 1839/4776/3239 3870/2441/3858 1753/4668/3098 922/1441/3097
f 923/1442/3022 1709/4614/3021 3871/2442/3859 1843/4780/3245
f 924/1443/3020 1847/4784/3252 3871/2442/3859 1709/4614/3021
f 925/1444/3248 1843/4780/3245 3871/2442/3859 1847/4784/3252
f 926/1445/3258 1855/4792/3265 3872/2443/3860 1851/4788/3259
f 1855/4792/3265 927/1446/3257 1849/4786/3256 3872/2443/3860
f 3872/2443/3860 1849/4786/3256 928/1447/3002 1697/4599/3001
f 1851/4788/3259 3872/2443/3860 1697/4599/3001 929/1448/3000
f 930/1449/3114 1761/4679/3113 3873/2444/3861 1859/4796/3272
f 1761/4679/3113 931/1450/3112 1863/4800/3278 3873/2444/3861
f 3873/2444/3861 1863/4800/3278 932/1451/3271 1857/4794/3270
f 1859/4796/3272 3873/2444/3861 1857/4794/3270 933/1452/3269
f 934/1453/3250 1865/4802/3282 3874/2445/3862 1845/4782/3251
f 935/1454/3133 1773/4696/3132 3874/2445/3862 1865/4802/3282
f 936/1455/3131 1845/4782/3251 3874/2445/3862 1773/4696/3132
f 937/1456/3036 1717/4625/3035 3875/2446/3863 1867/4804/3283
f 1717/4625/3035 938/1457/3034 1821/4758/3213 3875/2446/3863
f 3875/2446/3863 1821/4758/3213 939/1458/3212 1871/4808/3290
f 1867/4804/3283 3875/2446/3863 1871/4808/3290 940/1459/3286
f 941/1460/3295 1873/4810/3294 3876/2447/3864 1875/4812/3296
f 1873/4810/3294 942/1461/3244 1841/4778/3243 3876/2447/3864
f 3876/2447/3864 1841/4778/3243 943/1462/3141 1777/4701/3140
f 1875/4812/3296 3876/2447/3864 1777/4701/3140 944/1463/3139
f 945/1464/3064 1733/4644/3063 3877/2448/3865 1879/4816/3302
f 1733/4644/3063 946/1465/3062 1883/4820/3310 3877/2448/3865
f 3877/2448/3865 1883/4820/3310 947/1466/3309 1887/4824/3316
f 1879/4816/3302 3877/2448/3865 1887/4824/3316 948/1467/3305
f 949/1468/3288 1891/4828/3323 3878/2449/3866 1869/4806/3289
f 1891/4828/3323 950/1469/3315 1885/4822/3314 3878/2449/3866
f 3878/2449/3866 1885/4822/3314 951/1470/3050 1725/4633/3049
f 1869/4806/3289 3878/2449/3866 1725/4633/3049 952/1471/3048
f 953/1472/3155 1785/4713/3154 3879/2450/3867 1877/4814/3300
f 1785/4713/3154 954/1473/3153 1895/4832/3329 3879/2450/3867
f 3879/2450/3867 1895/4832/3329 955/1474/3328 1893/4830/3327
f 1877/4814/3300 3879/2450/3867 1893/4830/3327 956/1475/3301
f 957/1476/3322 1889/4826/3321 3880/2451/3868 1899/4836/3334
f 1889/4826/3321 958/1477/3320 1897/4834/3333 3880/2451/3868
f 3880/2451/3868 1897/4834/3333 959/1478/3169 1793/4723/3168
f 1899/4836/3334 3880/2451/3868 1793/4723/3168 960/1479/3167
f 961/1480/3077 1741/4652/3076 3881/2452/3869 1853/4790/3263
f 1741/4652/3076 962/1481/3075 1881/4818/3308 3881/2452/3869
f 3881/2452/3869 1881/4818/3308 963/1482/3307 1903/4840/3340
f 1853/4790/3263 3881/2452/3869 1903/4840/3340 964/1483/3264
f 965/1484/3276 1905/4842/3344 3882/2453/3870 1861/4798/3277
f 1905/4842/3344 966/1485/3339 1901/4838/3338 3882/2453/3870
f 3882/2453/3870 1901/4838/3338 967/1486/3182 1801/4734/3181
f 1861/4798/3277 3882/2453/3870 1801/4734/3181 968/1487/3180
f 153/228/719 1931/4868/3662 3883/2454/3871 1919/4856/3427
f 1931/4868/3662 157/234/713 1914/4851/3410 3883/2454/3871
f 3883/2454/3871 1914/4851/3410 969/1488/3416 1939/4877/3872
f 1919/4856/3427 3883/2454/3871 1939/4877/3872 256/391/1137
f 250/381/708 1934/4871/3689 3884/2455/3873 1911/4848/3411
f 1934/4871/3689 249/380/1129 1907/4844/3376 3884/2455/3873
f 3884/2455/3873 1907/4844/3376 255/390/1141 1940/4878/3874
f 1911/4848/3411 3884/2455/3873 1940/4878/3874 970/1489/3412
f 254/389/3414 1912/4849/3413 3885/2456/3875 1913/4850/3415
f 970/1489/3412 1941/4879/3876 3885/2456/3875 1912/4849/3413
f 969/1488/3416 1913/4850/3415 3885/2456/3875 1941/4879/3876
f 969/1488/3416 1941/4879/3876 3886/2457/3877 1939/4877/3872
f 1941/4879/3876 970/1489/3412 1940/4878/3874 3886/2457/3877
f 3886/2457/3877 1940/4878/3874 255/390/1141 2567/3251/1138
f 1939/4877/3872 3886/2457/3877 2567/3251/1138 256/391/1137
f 261/400/1136 1935/4872/3691 3887/2458/3878 1908/4845/3378
f 1935/4872/3691 260/399/867 1918/4855/3424 3887/2458/3878
f 3887/2458/3878 1918/4855/3424 971/1490/3423 1942/4880/3879
f 1908/4845/3378 3887/2458/3878 1942/4880/3879 264/404/1143
f 184/274/843 1932/4869/3671 3888/2459/3880 1915/4852/3418
f 1932/4869/3671 188/281/721 1920/4857/3426 3888/2459/3880
f 3888/2459/3880 1920/4857/3426 263/403/1145 1943/4881/3881
f 1915/4852/3418 3888/2459/3880 1943/4881/3881 972/1491/3419
f 265/405/3421 1916/4853/3420 3889/2460/3882 1917/4854/3422
f 972/1491/3419 1944/4882/3883 3889/2460/3882 1916/4853/3420
f 971/1490/3423 1917/4854/3422 3889/2460/3882 1944/4882/3883
f 263/403/1145 2569/3253/1144 3890/2461/3884 1943/4881/3881
f 2569/3253/1144 264/404/1143 1942/4880/3879 3890/2461/3884
f 3890/2461/3884 1942/4880/3879 971/1490/3423 1944/4882/3883
f 1943/4881/3881 3890/2461/3884 1944/4882/3883 972/1491/3419
f 195/289/895 1933/4870/3675 3891/2462/3885 1929/4866/3448
f 1933/4870/3675 199/295/889 1924/4861/3431 3891/2462/3885
f 3891/2462/3885 1924/4861/3431 973/1492/3437 1945/4883/3886
f 1929/4866/3448 3891/2462/3885 1945/4883/3886 299/459/1223
f 293/449/884 1937/4875/3700 3892/2463/3887 1921/4858/3432
f 1937/4875/3700 292/448/1215 1909/4846/3386 3892/2463/3887
f 3892/2463/3887 1909/4846/3386 298/458/1227 1946/4884/3888
f 1921/4858/3432 3892/2463/3887 1946/4884/3888 974/1493/3433
f 297/457/3435 1922/4859/3434 3893/2464/3889 1923/4860/3436
f 974/1493/3433 1947/4885/3890 3893/2464/3889 1922/4859/3434
f 973/1492/3437 1923/4860/3436 3893/2464/3889 1947/4885/3890
f 973/1492/3437 1947/4885/3890 3894/2465/3891 1945/4883/3886
f 1947/4885/3890 974/1493/3433 1946/4884/3888 3894/2465/3891
f 3894/2465/3891 1946/4884/3888 298/458/1227 2619/3318/1224
f 1945/4883/3886 3894/2465/3891 2619/3318/1224 299/459/1223
f 304/468/1222 1938/4876/3702 3895/2466/3892 1910/4847/3388
f 1938/4876/3702 303/467/1247 1928/4865/3445 3895/2466/3892
f 3895/2466/3892 1928/4865/3445 975/1494/3444 1948/4886/3893
f 1910/4847/3388 3895/2466/3892 1948/4886/3893 307/472/1229
f 270/413/1171 1936/4874/3694 3896/2467/3894 1925/4862/3439
f 1936/4874/3694 274/421/897 1930/4867/3447 3896/2467/3894
f 3896/2467/3894 1930/4867/3447 306/471/1231 1949/4887/3895
f 1925/4862/3439 3896/2467/3894 1949/4887/3895 976/1495/3440
f 308/473/3442 1926/4863/3441 3897/2468/3896 1927/4864/3443
f 976/1495/3440 1950/4888/3897 3897/2468/3896 1926/4863/3441
f 975/1494/3444 1927/4864/3443 3897/2468/3896 1950/4888/3897
f 306/471/1231 2621/3320/1230 3898/2469/3898 1949/4887/3895
f 2621/3320/1230 307/472/1229 1948/4886/3893 3898/2469/3898
f 3898/2469/3898 1948/4886/3893 975/1494/3444 1950/4888/3897
f 1949/4887/3895 3898/2469/3898 1950/4888/3897 976/1495/3440
