# This file uses centimeters as units for non-parametric coordinates.

mtllib Bottles.mtl
g default
v 0.923880 -1.649014 -3.529495
v 0.707107 -1.649014 -3.853918
v 0.382684 -1.649014 -4.070691
v 0.000001 -1.649014 -4.146812
v -0.382683 -1.649014 -4.070692
v -0.707106 -1.649014 -3.853919
v -0.923879 -1.649014 -3.529496
v -1.000000 -1.649014 -3.146813
v -0.923880 -1.649014 -2.764129
v -0.707107 -1.649014 -2.439705
v -0.382684 -1.649014 -2.222933
v -0.000000 -1.649014 -2.146812
v 0.382683 -1.649014 -2.222932
v 0.707107 -1.649014 -2.439705
v 0.923880 -1.649014 -2.764129
v 1.000000 -1.649014 -3.146812
v 0.923880 2.442211 -3.529495
v 0.707107 2.442211 -3.853918
v 0.382684 2.442211 -4.070691
v 0.000001 2.442211 -4.146812
v -0.382683 2.442211 -4.070692
v -0.707106 2.442211 -3.853919
v -0.923879 2.442211 -3.529496
v -1.000000 2.442211 -3.146813
v -0.923880 2.442211 -2.764129
v -0.707107 2.442211 -2.439705
v -0.382684 2.442211 -2.222933
v -0.000000 2.442211 -2.146812
v 0.382683 2.442211 -2.222932
v 0.707107 2.442211 -2.439705
v 0.923880 2.442211 -2.764129
v 1.000000 2.442211 -3.146812
v 0.000000 -1.649014 -3.146812
v 0.763125 2.950374 -3.462908
v 0.584071 2.950374 -3.730882
v 0.316097 2.950374 -3.909937
v 0.000000 2.950374 -3.972812
v -0.316096 2.950374 -3.909937
v -0.584070 2.950374 -3.730883
v -0.763125 2.950374 -3.462909
v -0.826000 2.950374 -3.146813
v -0.763125 2.950374 -2.830716
v -0.584071 2.950374 -2.562742
v -0.316097 2.950374 -2.383687
v -0.000000 2.950374 -2.320812
v 0.316097 2.950374 -2.383687
v 0.584070 2.950374 -2.562742
v 0.763125 2.950374 -2.830716
v 0.826000 2.950374 -3.146812
v 0.420820 3.421282 -3.321121
v 0.322082 3.421282 -3.468893
v 0.174309 3.421282 -3.567631
v 0.000000 3.421282 -3.602304
v -0.174309 3.421282 -3.567632
v -0.322081 3.421282 -3.468894
v -0.420820 3.421282 -3.321121
v -0.455492 3.421282 -3.146813
v -0.420820 3.421282 -2.972503
v -0.322081 3.421282 -2.824731
v -0.174309 3.421282 -2.725992
v -0.000000 3.421282 -2.691320
v 0.174309 3.421282 -2.725992
v 0.322081 3.421282 -2.824731
v 0.420820 3.421282 -2.972503
v 0.455492 3.421282 -3.146812
v 0.420820 4.380431 -3.321121
v 0.322082 4.380431 -3.468893
v 0.174309 4.380431 -3.567631
v 0.000000 4.380431 -3.602304
v -0.174309 4.380431 -3.567633
v -0.322081 4.380431 -3.468894
v -0.420820 4.380431 -3.321121
v -0.455492 4.380431 -3.146813
v -0.420820 4.380431 -2.972503
v -0.322081 4.380431 -2.824731
v -0.174309 4.380431 -2.725992
v -0.000000 4.380431 -2.691320
v 0.174309 4.380431 -2.725993
v 0.322081 4.380431 -2.824731
v 0.420820 4.380431 -2.972503
v 0.455492 4.380431 -3.146812
v 0.477487 4.420230 -3.344593
v 0.365452 4.420230 -3.512264
v 0.197782 4.420230 -3.624298
v 0.000000 4.420230 -3.663640
v -0.197781 4.420230 -3.624300
v -0.365452 4.420230 -3.512266
v -0.477486 4.420230 -3.344594
v -0.516828 4.420230 -3.146813
v -0.477487 4.420230 -2.949031
v -0.365452 4.420230 -2.781360
v -0.197781 4.420230 -2.669325
v -0.000000 4.420230 -2.629984
v 0.197781 4.420230 -2.669326
v 0.365452 4.420230 -2.781361
v 0.477486 4.420230 -2.949031
v 0.516828 4.420230 -3.146812
v 0.477486 4.683393 -3.344592
v 0.365452 4.683393 -3.512264
v 0.197782 4.683393 -3.624298
v 0.000000 4.683393 -3.663639
v -0.197781 4.683393 -3.624299
v -0.365452 4.683393 -3.512266
v -0.477486 4.683393 -3.344594
v -0.516827 4.683393 -3.146813
v -0.477486 4.683393 -2.949031
v -0.365452 4.683393 -2.781360
v -0.197781 4.683393 -2.669325
v -0.000000 4.683393 -2.629984
v 0.197781 4.683393 -2.669327
v 0.365452 4.683393 -2.781361
v 0.477486 4.683393 -2.949031
v 0.516827 4.683393 -3.146811
v 0.259702 4.713823 -3.254383
v 0.198768 4.713823 -3.345580
v 0.107572 4.713823 -3.406514
v 0.000000 4.713823 -3.427911
v -0.107572 4.713823 -3.406515
v -0.198767 4.713823 -3.345580
v -0.259702 4.713823 -3.254384
v -0.281100 4.713823 -3.146812
v -0.259702 4.713823 -3.039240
v -0.198767 4.713823 -2.948044
v -0.107572 4.713823 -2.887109
v -0.000000 4.713823 -2.865712
v 0.107572 4.713823 -2.887110
v 0.198767 4.713823 -2.948045
v 0.259702 4.713823 -3.039240
v 0.281100 4.713823 -3.146812
v 0.530598 4.753884 -3.366592
v 0.406102 4.753884 -3.552914
v 0.219781 4.753884 -3.677410
v 0.000000 4.753884 -3.721127
v -0.219781 4.753884 -3.677411
v -0.406102 4.753884 -3.552916
v -0.530598 4.753884 -3.366593
v -0.574315 4.753884 -3.146813
v -0.530598 4.753884 -2.927032
v -0.406102 4.753884 -2.740710
v -0.219781 4.753884 -2.616213
v -0.000000 4.753884 -2.572497
v 0.219781 4.753884 -2.616215
v 0.406102 4.753884 -2.740711
v 0.530598 4.753884 -2.927031
v 0.574315 4.753884 -3.146811
v 0.530598 5.072204 -3.366592
v 0.406102 5.072204 -3.552914
v 0.219781 5.072204 -3.677410
v 0.000000 5.072204 -3.721127
v -0.219781 5.072204 -3.677411
v -0.406102 5.072204 -3.552916
v -0.530598 5.072204 -3.366593
v -0.574315 5.072204 -3.146813
v -0.530598 5.072204 -2.927032
v -0.406102 5.072204 -2.740710
v -0.219781 5.072204 -2.616213
v -0.000000 5.072204 -2.572497
v 0.219781 5.072204 -2.616215
v 0.406102 5.072204 -2.740711
v 0.530598 5.072204 -2.927030
v 0.574315 5.072204 -3.146811
v 0.193506 5.128709 -3.226964
v 0.148103 5.128709 -3.294915
v 0.080153 5.128709 -3.340318
v 0.000000 5.128709 -3.356261
v -0.080153 5.128709 -3.340318
v -0.148103 5.128709 -3.294915
v -0.193506 5.128709 -3.226965
v -0.209449 5.128709 -3.146812
v -0.193506 5.128709 -3.066659
v -0.148103 5.128709 -2.998709
v -0.080153 5.128709 -2.953306
v -0.000000 5.128709 -2.937362
v 0.080153 5.128709 -2.953306
v 0.148103 5.128709 -2.998709
v 0.193506 5.128709 -3.066659
v 0.209449 5.128709 -3.146811
v 0.193508 5.476097 -3.226961
v 0.148104 5.476097 -3.294918
v 0.080154 5.476097 -3.340318
v 0.000000 5.476097 -3.356261
v -0.080153 5.476097 -3.340319
v -0.148104 5.476097 -3.294915
v -0.193508 5.476097 -3.226961
v -0.209451 5.476097 -3.146815
v -0.193508 5.476097 -3.066665
v -0.148104 5.476097 -2.998709
v -0.080154 5.476097 -2.953304
v -0.000000 5.476097 -2.937360
v 0.080153 5.476097 -2.953306
v 0.148104 5.476097 -2.998709
v 0.193508 5.476097 -3.066662
v 0.209451 5.476097 -3.146809
v 0.193508 5.725976 -3.212692
v 0.148105 5.751513 -3.275669
v 0.080154 5.768573 -3.317741
v 0.000000 5.774564 -3.332516
v -0.080154 5.768573 -3.317742
v -0.148104 5.751512 -3.275667
v -0.193508 5.725976 -3.212693
v -0.209452 5.695858 -3.138420
v -0.193508 5.665740 -3.064145
v -0.148105 5.640203 -3.001169
v -0.080154 5.623140 -2.959092
v -0.000000 5.617149 -2.944317
v 0.080154 5.623141 -2.959094
v 0.148105 5.640202 -3.001169
v 0.193508 5.665738 -3.064141
v 0.209452 5.695856 -3.138414
v 0.186145 5.880950 -3.155314
v 0.140742 5.923797 -3.208064
v 0.072791 5.952422 -3.243305
v -0.007362 5.962473 -3.255679
v -0.087516 5.952422 -3.243304
v -0.155468 5.923796 -3.208062
v -0.200871 5.880951 -3.155315
v -0.216815 5.830421 -3.093106
v -0.200871 5.779888 -3.030893
v -0.155467 5.737041 -2.978143
v -0.087517 5.708416 -2.942901
v -0.007363 5.698363 -2.930526
v 0.072791 5.708416 -2.942902
v 0.140742 5.737041 -2.978144
v 0.186145 5.779886 -3.030890
v 0.202089 5.830417 -3.093101
v 0.187523 5.986587 -3.046001
v 0.142119 6.045374 -3.080093
v 0.074168 6.084649 -3.102870
v -0.005984 6.098442 -3.110868
v -0.086140 6.084647 -3.102867
v -0.154093 6.045371 -3.080090
v -0.199497 5.986589 -3.046002
v -0.215441 5.917253 -3.005794
v -0.199497 5.847919 -2.965584
v -0.154092 5.789135 -2.931494
v -0.086141 5.749857 -2.908716
v -0.005986 5.736062 -2.900715
v 0.074169 5.749855 -2.908715
v 0.142118 5.789132 -2.931492
v 0.187522 5.847917 -2.965582
v 0.203467 5.917249 -3.005791
v 0.187524 6.109792 -2.833546
v 0.142120 6.168582 -2.867640
v 0.074169 6.207857 -2.890416
v -0.005983 6.221649 -2.898414
v -0.086139 6.207854 -2.890413
v -0.154093 6.168578 -2.867636
v -0.199498 6.109795 -2.833547
v -0.215442 6.040460 -2.793338
v -0.199498 5.971126 -2.753130
v -0.154093 5.912344 -2.719041
v -0.086141 5.873065 -2.696262
v -0.005985 5.859269 -2.688261
v 0.074169 5.873061 -2.696260
v 0.142117 5.912337 -2.719037
v 0.187522 5.971125 -2.753128
v 0.203467 6.040456 -2.793336
v 0.187525 6.282461 -2.493120
v 0.142121 6.348741 -2.478103
v 0.074170 6.393018 -2.468072
v -0.005981 6.408567 -2.464549
v -0.086138 6.393015 -2.468071
v -0.154094 6.348734 -2.478104
v -0.199499 6.282462 -2.493119
v -0.215443 6.204293 -2.510830
v -0.199499 6.126123 -2.528540
v -0.154093 6.059852 -2.543554
v -0.086141 6.015568 -2.553587
v -0.005984 6.000014 -2.557111
v 0.074170 6.015562 -2.553588
v 0.142116 6.059843 -2.543555
v 0.187521 6.126125 -2.528538
v 0.203468 6.204292 -2.510829
v 0.149235 6.266994 -2.496624
v 0.112815 6.320158 -2.484579
v 0.058309 6.355675 -2.476532
v -0.005983 6.368147 -2.473706
v -0.070279 6.355672 -2.476532
v -0.124788 6.320153 -2.484579
v -0.161209 6.266994 -2.496623
v -0.173998 6.204292 -2.510830
v -0.161209 6.141591 -2.525035
v -0.124788 6.088432 -2.537079
v -0.070281 6.052910 -2.545127
v -0.005985 6.040434 -2.547953
v 0.058309 6.052906 -2.545128
v 0.112811 6.088424 -2.537080
v 0.149232 6.141591 -2.525034
v 0.162023 6.204291 -2.510830
v 0.149234 6.113038 -2.796349
v 0.112815 6.160191 -2.823694
v -0.005986 6.057419 -2.764094
v 0.058309 6.191690 -2.841962
v -0.005984 6.202753 -2.848377
v -0.070280 6.191692 -2.841962
v -0.124787 6.160189 -2.823692
v -0.161207 6.113035 -2.796347
v -0.173996 6.057417 -2.764094
v -0.161208 6.001804 -2.731842
v -0.124786 5.954654 -2.704499
v -0.070281 5.923146 -2.686226
v -0.005986 5.912079 -2.679809
v 0.058309 5.923143 -2.686225
v 0.112812 5.954647 -2.704494
v 0.149232 6.001802 -2.731840
v 0.162022 6.057419 -2.764095
vt 0.644356 0.096456
vt 0.610485 0.045765
vt 0.559794 0.011894
vt 0.500000 0.000000
vt 0.440206 0.011894
vt 0.389515 0.045765
vt 0.355644 0.096456
vt 0.343750 0.156250
vt 0.355644 0.216044
vt 0.389515 0.266735
vt 0.440206 0.300606
vt 0.500000 0.312500
vt 0.559794 0.300606
vt 0.610485 0.266735
vt 0.644356 0.216044
vt 0.656250 0.156250
vt 0.375000 0.312500
vt 0.390625 0.312500
vt 0.406250 0.312500
vt 0.421875 0.312500
vt 0.437500 0.312500
vt 0.453125 0.312500
vt 0.468750 0.312500
vt 0.484375 0.312500
vt 0.500000 0.312500
vt 0.515625 0.312500
vt 0.531250 0.312500
vt 0.546875 0.312500
vt 0.562500 0.312500
vt 0.578125 0.312500
vt 0.593750 0.312500
vt 0.609375 0.312500
vt 0.625000 0.312500
vt 0.375000 0.687500
vt 0.390625 0.687500
vt 0.406250 0.687500
vt 0.421875 0.687500
vt 0.437500 0.687500
vt 0.453125 0.687500
vt 0.468750 0.687500
vt 0.484375 0.687500
vt 0.500000 0.687500
vt 0.515625 0.687500
vt 0.531250 0.687500
vt 0.546875 0.687500
vt 0.562500 0.687500
vt 0.578125 0.687500
vt 0.593750 0.687500
vt 0.609375 0.687500
vt 0.625000 0.687500
vt 0.644356 0.783956
vt 0.610485 0.733265
vt 0.559794 0.699394
vt 0.500000 0.687500
vt 0.440206 0.699394
vt 0.389515 0.733265
vt 0.355644 0.783956
vt 0.343750 0.843750
vt 0.355644 0.903544
vt 0.389515 0.954235
vt 0.440206 0.988106
vt 0.500000 1.000000
vt 0.559794 0.988106
vt 0.610485 0.954235
vt 0.644356 0.903544
vt 0.656250 0.843750
vt 0.500000 0.156250
vt 0.500000 0.843750
vt 0.644356 0.903544
vt 0.610485 0.954235
vt 0.559794 0.988106
vt 0.500000 1.000000
vt 0.440206 0.988106
vt 0.389515 0.954235
vt 0.355644 0.903544
vt 0.343750 0.843750
vt 0.355644 0.783956
vt 0.389515 0.733265
vt 0.440206 0.699394
vt 0.500000 0.687500
vt 0.559794 0.699394
vt 0.610485 0.733265
vt 0.644356 0.783956
vt 0.656250 0.843750
vt 0.644356 0.903544
vt 0.610485 0.954235
vt 0.559794 0.988106
vt 0.500000 1.000000
vt 0.440206 0.988106
vt 0.389515 0.954235
vt 0.355644 0.903544
vt 0.343750 0.843750
vt 0.355644 0.783956
vt 0.389515 0.733265
vt 0.440206 0.699394
vt 0.500000 0.687500
vt 0.559794 0.699394
vt 0.610485 0.733265
vt 0.644356 0.783956
vt 0.656250 0.843750
vt 0.644356 0.903544
vt 0.610485 0.954235
vt 0.559794 0.988106
vt 0.500000 1.000000
vt 0.440206 0.988106
vt 0.389515 0.954235
vt 0.355644 0.903544
vt 0.343750 0.843750
vt 0.355644 0.783956
vt 0.389515 0.733265
vt 0.440206 0.699394
vt 0.500000 0.687500
vt 0.559794 0.699394
vt 0.610485 0.733265
vt 0.644356 0.783956
vt 0.656250 0.843750
vt 0.644356 0.903544
vt 0.610485 0.954235
vt 0.559794 0.988106
vt 0.500000 1.000000
vt 0.440206 0.988106
vt 0.389515 0.954235
vt 0.355644 0.903544
vt 0.343750 0.843750
vt 0.355644 0.783956
vt 0.389515 0.733265
vt 0.440206 0.699394
vt 0.500000 0.687500
vt 0.559794 0.699394
vt 0.610485 0.733265
vt 0.644356 0.783956
vt 0.656250 0.843750
vt 0.644356 0.903544
vt 0.610485 0.954235
vt 0.559794 0.988106
vt 0.500000 1.000000
vt 0.440206 0.988106
vt 0.389515 0.954235
vt 0.355644 0.903544
vt 0.343750 0.843750
vt 0.355644 0.783956
vt 0.389515 0.733265
vt 0.440206 0.699394
vt 0.500000 0.687500
vt 0.559794 0.699394
vt 0.610485 0.733265
vt 0.644356 0.783956
vt 0.656250 0.843750
vt 0.644356 0.903544
vt 0.610485 0.954235
vt 0.559794 0.988106
vt 0.500000 1.000000
vt 0.440206 0.988106
vt 0.389515 0.954235
vt 0.355644 0.903544
vt 0.343750 0.843750
vt 0.355644 0.783956
vt 0.389515 0.733265
vt 0.440206 0.699394
vt 0.500000 0.687500
vt 0.559794 0.699394
vt 0.610485 0.733265
vt 0.644356 0.783956
vt 0.656250 0.843750
vt 0.644356 0.903544
vt 0.610485 0.954235
vt 0.559794 0.988106
vt 0.500000 1.000000
vt 0.440206 0.988106
vt 0.389515 0.954235
vt 0.355644 0.903544
vt 0.343750 0.843750
vt 0.355644 0.783956
vt 0.389515 0.733265
vt 0.440206 0.699394
vt 0.500000 0.687500
vt 0.559794 0.699394
vt 0.610485 0.733265
vt 0.644356 0.783956
vt 0.656250 0.843750
vt 0.644356 0.903544
vt 0.610485 0.954235
vt 0.559794 0.988106
vt 0.500000 1.000000
vt 0.440206 0.988106
vt 0.389515 0.954235
vt 0.355644 0.903544
vt 0.343750 0.843750
vt 0.355644 0.783956
vt 0.389515 0.733265
vt 0.440206 0.699394
vt 0.500000 0.687500
vt 0.559794 0.699394
vt 0.610485 0.733265
vt 0.644356 0.783956
vt 0.656250 0.843750
vt 0.644356 0.903544
vt 0.610485 0.954235
vt 0.559794 0.988106
vt 0.500000 1.000000
vt 0.440206 0.988106
vt 0.389515 0.954235
vt 0.355644 0.903544
vt 0.343750 0.843750
vt 0.355644 0.783956
vt 0.389515 0.733265
vt 0.440206 0.699394
vt 0.500000 0.687500
vt 0.559794 0.699394
vt 0.610485 0.733265
vt 0.644356 0.783956
vt 0.656250 0.843750
vt 0.644356 0.903544
vt 0.610485 0.954235
vt 0.559794 0.988106
vt 0.500000 1.000000
vt 0.440206 0.988106
vt 0.389515 0.954235
vt 0.355644 0.903544
vt 0.343750 0.843750
vt 0.355644 0.783956
vt 0.389515 0.733265
vt 0.440206 0.699394
vt 0.500000 0.687500
vt 0.559794 0.699394
vt 0.610485 0.733265
vt 0.644356 0.783956
vt 0.656250 0.843750
vt 0.644356 0.903544
vt 0.610485 0.954235
vt 0.559794 0.988106
vt 0.500000 1.000000
vt 0.440206 0.988106
vt 0.389515 0.954235
vt 0.355644 0.903544
vt 0.343750 0.843750
vt 0.355644 0.783956
vt 0.389515 0.733265
vt 0.440206 0.699394
vt 0.500000 0.687500
vt 0.559794 0.699394
vt 0.610485 0.733265
vt 0.644356 0.783956
vt 0.656250 0.843750
vt 0.644356 0.903544
vt 0.610485 0.954235
vt 0.559794 0.988106
vt 0.500000 1.000000
vt 0.440206 0.988106
vt 0.389515 0.954235
vt 0.355644 0.903544
vt 0.343750 0.843750
vt 0.355644 0.783956
vt 0.389515 0.733265
vt 0.440206 0.699394
vt 0.500000 0.687500
vt 0.559794 0.699394
vt 0.610485 0.733265
vt 0.644356 0.783956
vt 0.656250 0.843750
vt 0.644356 0.903544
vt 0.610485 0.954235
vt 0.559794 0.988106
vt 0.500000 1.000000
vt 0.440206 0.988106
vt 0.389515 0.954235
vt 0.355644 0.903544
vt 0.343750 0.843750
vt 0.355644 0.783956
vt 0.389515 0.733265
vt 0.440206 0.699394
vt 0.500000 0.687500
vt 0.559794 0.699394
vt 0.610485 0.733265
vt 0.644356 0.783956
vt 0.656250 0.843750
vt 0.644356 0.903544
vt 0.610485 0.954235
vt 0.559794 0.988106
vt 0.500000 1.000000
vt 0.440206 0.988106
vt 0.389515 0.954235
vt 0.355644 0.903544
vt 0.343750 0.843750
vt 0.355644 0.783956
vt 0.389515 0.733265
vt 0.440206 0.699394
vt 0.500000 0.687500
vt 0.559794 0.699394
vt 0.610485 0.733265
vt 0.644356 0.783956
vt 0.656250 0.843750
vt 0.644356 0.903544
vt 0.610485 0.954235
vt 0.559794 0.988106
vt 0.500000 1.000000
vt 0.440206 0.988106
vt 0.389515 0.954235
vt 0.355644 0.903544
vt 0.343750 0.843750
vt 0.355644 0.783956
vt 0.389515 0.733265
vt 0.440206 0.699394
vt 0.500000 0.687500
vt 0.559794 0.699394
vt 0.610485 0.733265
vt 0.644356 0.783956
vt 0.656250 0.843750
vt 0.644356 0.903544
vt 0.610485 0.954235
vt 0.559794 0.988106
vt 0.500000 1.000000
vt 0.440206 0.988106
vt 0.389515 0.954235
vt 0.355644 0.903544
vt 0.343750 0.843750
vt 0.355644 0.783956
vt 0.389515 0.733265
vt 0.440206 0.699394
vt 0.500000 0.687500
vt 0.559794 0.699394
vt 0.610485 0.733265
vt 0.644356 0.783956
vt 0.656250 0.843750
vt 0.644356 0.903544
vt 0.610485 0.954235
vt 0.559794 0.988106
vt 0.500000 1.000000
vt 0.440206 0.988106
vt 0.389515 0.954235
vt 0.355644 0.903544
vt 0.343750 0.843750
vt 0.355644 0.783956
vt 0.389515 0.733265
vt 0.440206 0.699394
vt 0.500000 0.687500
vt 0.559794 0.699394
vt 0.610485 0.733265
vt 0.644356 0.783956
vt 0.656250 0.843750
vn 0.923880 0.000000 -0.382683
vn 0.707107 0.000000 -0.707106
vn 0.706708 0.033590 -0.706707
vn 0.923358 0.033590 -0.382467
vn 0.382684 0.000000 -0.923879
vn 0.382468 0.033590 -0.923358
vn 0.000001 0.000000 -1.000000
vn 0.000001 0.033590 -0.999436
vn -0.382683 0.000000 -0.923880
vn -0.382467 0.033590 -0.923358
vn -0.707106 0.000000 -0.707107
vn -0.706707 0.033590 -0.706708
vn -0.923879 0.000000 -0.382684
vn -0.923358 0.033590 -0.382468
vn -1.000000 0.000000 -0.000000
vn -0.999436 0.033590 -0.000000
vn -0.923880 0.000000 0.382683
vn -0.923358 0.033590 0.382467
vn -0.707107 0.000000 0.707107
vn -0.706708 0.033590 0.706708
vn -0.382684 0.000000 0.923879
vn -0.382468 0.033590 0.923358
vn -0.000000 0.000000 1.000000
vn -0.000000 0.033590 0.999436
vn 0.382683 0.000000 0.923880
vn 0.382467 0.033590 0.923358
vn 0.707107 0.000000 0.707107
vn 0.706708 0.033590 0.706708
vn 0.923880 0.000000 0.382684
vn 0.923358 0.033590 0.382468
vn 1.000000 0.000000 0.000000
vn 0.999436 0.033590 0.000000
vn 0.000000 -1.000000 0.000000
vn 0.000000 -1.000000 0.000000
vn 0.000000 -1.000000 -0.000000
vn 0.000000 -1.000000 0.000000
vn 0.000000 -1.000000 0.000000
vn 0.000000 -1.000000 0.000000
vn 0.000000 -1.000000 0.000000
vn 0.000000 -1.000000 0.000000
vn 0.000000 -1.000000 0.000000
vn 0.000000 -1.000000 0.000000
vn 0.000000 -1.000000 -0.000000
vn 0.000000 -1.000000 -0.000000
vn 0.000000 -1.000000 0.000000
vn 0.000000 -1.000000 0.000000
vn 0.000000 -1.000000 0.000000
vn 0.000000 -1.000000 0.000000
vn 0.000000 -1.000000 0.000000
vn 0.000005 0.501665 0.865062
vn 0.000001 0.501668 0.865060
vn 0.000000 0.501668 0.865060
vn 0.000001 0.501669 0.865060
vn 0.000009 0.501672 0.865058
vn 0.000007 0.501670 0.865059
vn -0.000003 0.501665 0.865062
vn -0.000006 0.501665 0.865062
vn -0.000006 0.501671 0.865059
vn -0.000004 0.501670 0.865059
vn -0.000004 0.501665 0.865062
vn -0.000003 0.501665 0.865062
vn 0.000002 0.501666 0.865061
vn 0.000001 0.501664 0.865062
vn -0.000003 0.501662 0.865064
vn 0.000001 0.501674 0.865057
vn 0.000006 0.501674 0.865057
vn 0.631185 0.450790 -0.631185
vn 0.824683 0.450790 -0.341594
vn 0.341595 0.450790 -0.824683
vn 0.000001 0.450790 -0.892630
vn -0.341594 0.450790 -0.824683
vn -0.631185 0.450790 -0.631185
vn -0.824683 0.450790 -0.341595
vn -0.892630 0.450790 -0.000000
vn -0.824683 0.450789 0.341595
vn -0.631185 0.450789 0.631185
vn -0.341595 0.450790 0.824683
vn -0.000000 0.450790 0.892630
vn 0.341595 0.450790 0.824683
vn 0.631185 0.450790 0.631185
vn 0.824683 0.450790 0.341595
vn 0.892630 0.450790 0.000000
vn 0.555719 0.618347 -0.555718
vn 0.726082 0.618347 -0.300752
vn 0.300753 0.618347 -0.726082
vn 0.000001 0.618347 -0.785905
vn -0.300752 0.618347 -0.726082
vn -0.555719 0.618347 -0.555719
vn -0.726082 0.618347 -0.300753
vn -0.785905 0.618347 -0.000000
vn -0.726082 0.618347 0.300753
vn -0.555719 0.618347 0.555719
vn -0.300753 0.618347 0.726082
vn -0.000000 0.618347 0.785905
vn 0.300753 0.618347 0.726082
vn 0.555719 0.618347 0.555719
vn 0.726082 0.618347 0.300753
vn 0.785905 0.618347 0.000000
vn 0.923880 0.000000 -0.382683
vn 0.707107 0.000000 -0.707107
vn 0.707107 0.000000 -0.707107
vn 0.923880 0.000000 -0.382683
vn 0.382684 -0.000000 -0.923880
vn 0.382684 -0.000000 -0.923880
vn 0.000003 -0.000000 -1.000000
vn 0.000003 -0.000000 -1.000000
vn -0.382682 -0.000001 -0.923880
vn -0.382682 -0.000001 -0.923880
vn -0.707107 -0.000000 -0.707106
vn -0.707107 -0.000000 -0.707106
vn -0.923879 -0.000000 -0.382684
vn -0.923879 -0.000000 -0.382684
vn -1.000000 0.000000 -0.000000
vn -1.000000 0.000000 -0.000000
vn -0.923880 0.000000 0.382683
vn -0.923880 0.000000 0.382683
vn -0.707108 -0.000000 0.707105
vn -0.707108 -0.000000 0.707105
vn -0.382684 -0.000001 0.923879
vn -0.382684 -0.000001 0.923879
vn 0.000002 -0.000000 1.000000
vn 0.000002 -0.000000 1.000000
vn 0.382685 0.000000 0.923879
vn 0.382685 0.000000 0.923879
vn 0.707106 0.000000 0.707107
vn 0.707106 0.000000 0.707107
vn 0.923879 0.000000 0.382684
vn 0.923879 0.000000 0.382684
vn 1.000000 0.000000 0.000000
vn 1.000000 0.000000 0.000000
vn 0.458775 -0.834001 -0.306541
vn 0.458775 -0.834001 -0.306541
vn 0.458775 -0.834001 -0.306541
vn 0.458775 -0.834001 -0.306541
vn 0.306543 -0.834000 -0.458776
vn 0.306543 -0.834000 -0.458776
vn 0.306543 -0.834000 -0.458776
vn 0.306543 -0.834000 -0.458776
vn 0.107646 -0.834004 -0.541156
vn 0.107646 -0.834004 -0.541156
vn 0.107646 -0.834004 -0.541156
vn 0.107646 -0.834004 -0.541156
vn -0.107640 -0.834000 -0.541163
vn -0.107640 -0.834000 -0.541163
vn -0.107640 -0.834000 -0.541163
vn -0.107640 -0.834000 -0.541163
vn -0.306544 -0.834003 -0.458771
vn -0.306544 -0.834003 -0.458771
vn -0.306544 -0.834003 -0.458771
vn -0.306544 -0.834003 -0.458771
vn -0.458775 -0.834001 -0.306542
vn -0.458775 -0.834001 -0.306542
vn -0.458775 -0.834001 -0.306542
vn -0.458775 -0.834001 -0.306542
vn -0.541161 -0.834001 -0.107647
vn -0.541161 -0.834000 -0.107647
vn -0.541161 -0.834000 -0.107647
vn -0.541161 -0.834001 -0.107647
vn -0.541161 -0.834001 0.107645
vn -0.541161 -0.834001 0.107645
vn -0.541161 -0.834001 0.107645
vn -0.541161 -0.834001 0.107645
vn -0.458776 -0.834001 0.306542
vn -0.458775 -0.834001 0.306542
vn -0.458775 -0.834001 0.306542
vn -0.458776 -0.834001 0.306542
vn -0.306545 -0.834001 0.458773
vn -0.306545 -0.834001 0.458774
vn -0.306545 -0.834001 0.458773
vn -0.306545 -0.834001 0.458773
vn -0.107643 -0.834000 0.541162
vn -0.107643 -0.834000 0.541162
vn -0.107643 -0.834000 0.541162
vn -0.107643 -0.834000 0.541162
vn 0.107647 -0.834002 0.541158
vn 0.107647 -0.834002 0.541158
vn 0.107647 -0.834002 0.541158
vn 0.107647 -0.834002 0.541158
vn 0.306544 -0.833999 0.458776
vn 0.306544 -0.833999 0.458776
vn 0.306544 -0.833999 0.458776
vn 0.306544 -0.834000 0.458776
vn 0.458774 -0.834000 0.306545
vn 0.458774 -0.834000 0.306545
vn 0.458774 -0.834000 0.306545
vn 0.458774 -0.834000 0.306545
vn 0.541162 -0.834000 0.107644
vn 0.541162 -0.834000 0.107644
vn 0.541162 -0.834000 0.107644
vn 0.541162 -0.834000 0.107644
vn 0.541161 -0.834000 -0.107646
vn 0.541161 -0.834000 -0.107646
vn 0.541161 -0.834001 -0.107646
vn 0.541161 -0.834000 -0.107646
vn 0.923880 0.000001 -0.382683
vn 0.707107 0.000001 -0.707106
vn 0.616475 0.489815 -0.616474
vn 0.805463 0.489816 -0.333632
vn 0.382683 0.000001 -0.923880
vn 0.333633 0.489815 -0.805463
vn 0.000004 0.000002 -1.000000
vn 0.000003 0.489815 -0.871826
vn -0.382681 0.000001 -0.923881
vn -0.333631 0.489815 -0.805463
vn -0.707107 0.000001 -0.707106
vn -0.616475 0.489815 -0.616473
vn -0.923880 0.000001 -0.382683
vn -0.805463 0.489815 -0.333634
vn -1.000000 0.000001 -0.000000
vn -0.871827 0.489815 -0.000001
vn -0.923880 0.000001 0.382683
vn -0.805463 0.489815 0.333633
vn -0.707109 0.000001 0.707105
vn -0.616476 0.489815 0.616473
vn -0.382684 0.000002 0.923879
vn -0.333634 0.489815 0.805462
vn 0.000004 0.000002 1.000000
vn 0.000004 0.489815 0.871827
vn 0.382687 0.000002 0.923878
vn 0.333636 0.489815 0.805462
vn 0.707106 0.000001 0.707108
vn 0.616474 0.489815 0.616476
vn 0.923879 0.000001 0.382685
vn 0.805463 0.489814 0.333635
vn 1.000000 0.000001 0.000000
vn 0.871827 0.489814 0.000001
vn 0.090529 0.991771 -0.090528
vn 0.118281 0.991771 -0.048993
vn 0.048994 0.991771 -0.118282
vn 0.000001 0.991771 -0.128028
vn -0.048993 0.991771 -0.118281
vn -0.090528 0.991771 -0.090527
vn -0.118281 0.991771 -0.048993
vn -0.128027 0.991771 -0.000002
vn -0.118281 0.991771 0.048994
vn -0.090529 0.991771 0.090529
vn -0.048994 0.991771 0.118280
vn 0.000001 0.991771 0.128027
vn 0.048994 0.991771 0.118282
vn 0.090528 0.991771 0.090530
vn 0.118281 0.991771 0.048995
vn 0.128027 0.991771 -0.000000
vn 0.125065 -0.990795 -0.051803
vn 0.095720 -0.990795 -0.095719
vn 0.095720 -0.990795 -0.095719
vn 0.125065 -0.990795 -0.051803
vn 0.051803 -0.990795 -0.125064
vn 0.051803 -0.990795 -0.125064
vn 0.000001 -0.990795 -0.135369
vn 0.000001 -0.990795 -0.135369
vn -0.051803 -0.990795 -0.125065
vn -0.051803 -0.990795 -0.125065
vn -0.095720 -0.990795 -0.095720
vn -0.095720 -0.990795 -0.095720
vn -0.125064 -0.990795 -0.051802
vn -0.125064 -0.990795 -0.051802
vn -0.135369 -0.990795 0.000001
vn -0.135369 -0.990795 0.000001
vn -0.125065 -0.990795 0.051803
vn -0.125065 -0.990795 0.051803
vn -0.095720 -0.990795 0.095720
vn -0.095720 -0.990795 0.095720
vn -0.051803 -0.990795 0.125065
vn -0.051803 -0.990795 0.125065
vn 0.000001 -0.990795 0.135369
vn 0.000001 -0.990795 0.135369
vn 0.051804 -0.990795 0.125064
vn 0.051804 -0.990795 0.125064
vn 0.095720 -0.990795 0.095721
vn 0.095720 -0.990795 0.095720
vn 0.125064 -0.990795 0.051804
vn 0.125064 -0.990795 0.051803
vn 0.135369 -0.990795 -0.000000
vn 0.135369 -0.990795 0.000000
vn 0.923880 0.000000 -0.382682
vn 0.707108 0.000000 -0.707106
vn 0.601046 0.526774 -0.601044
vn 0.785303 0.526774 -0.325282
vn 0.382682 0.000000 -0.923880
vn 0.325282 0.526775 -0.785303
vn 0.000004 0.000001 -1.000000
vn 0.000003 0.526775 -0.850005
vn -0.382679 0.000001 -0.923881
vn -0.325280 0.526775 -0.785303
vn -0.707107 0.000001 -0.707106
vn -0.601045 0.526775 -0.601043
vn -0.923880 0.000000 -0.382683
vn -0.785302 0.526775 -0.325283
vn -1.000000 0.000000 -0.000000
vn -0.850006 0.526774 -0.000000
vn -0.923880 0.000000 0.382683
vn -0.785303 0.526774 0.325282
vn -0.707108 0.000000 0.707105
vn -0.601046 0.526774 0.601043
vn -0.382684 -0.000000 0.923880
vn -0.325283 0.526774 0.785303
vn 0.000005 -0.000000 1.000000
vn 0.000004 0.526773 0.850006
vn 0.382686 -0.000000 0.923878
vn 0.325285 0.526774 0.785302
vn 0.707105 -0.000000 0.707109
vn 0.601043 0.526774 0.601047
vn 0.923879 -0.000000 0.382685
vn 0.785302 0.526773 0.325285
vn 1.000000 -0.000000 0.000000
vn 0.850005 0.526774 0.000000
vn 0.108216 0.988220 -0.108215
vn 0.141391 0.988220 -0.058567
vn 0.058566 0.988220 -0.141390
vn 0.000001 0.988220 -0.153039
vn -0.058565 0.988220 -0.141389
vn -0.108216 0.988220 -0.108214
vn -0.141391 0.988220 -0.058566
vn -0.153040 0.988220 0.000000
vn -0.141391 0.988220 0.058566
vn -0.108216 0.988220 0.108215
vn -0.058566 0.988220 0.141390
vn 0.000001 0.988220 0.153039
vn 0.058567 0.988220 0.141390
vn 0.108215 0.988220 0.108217
vn 0.141390 0.988220 0.058567
vn 0.153040 0.988220 -0.000000
vn 0.923882 -0.000004 -0.382678
vn 0.707111 -0.000005 -0.707103
vn 0.698887 0.022151 -0.714889
vn 0.919458 0.010119 -0.393058
vn 0.382673 -0.000003 -0.923884
vn 0.375987 0.032037 -0.926071
vn 0.000005 -0.000001 -1.000000
vn 0.000005 0.035812 -0.999359
vn -0.382679 -0.000002 -0.923881
vn -0.375995 0.032038 -0.926068
vn -0.707111 -0.000002 -0.707102
vn -0.698889 0.022153 -0.714887
vn -0.923877 -0.000003 -0.382689
vn -0.919452 0.010120 -0.393073
vn -1.000000 -0.000004 0.000001
vn -0.999974 0.001109 -0.007198
vn -0.923880 -0.000001 0.382683
vn -0.924431 -0.001044 0.381348
vn -0.707117 -0.000001 0.707096
vn -0.705267 0.003427 0.708934
vn -0.382687 -0.000004 0.923878
vn -0.380043 0.009936 0.924916
vn 0.000008 -0.000004 1.000000
vn 0.000008 0.012906 0.999917
vn 0.382690 -0.000003 0.923877
vn 0.380045 0.009937 0.924915
vn 0.707108 -0.000002 0.707106
vn 0.705255 0.003427 0.708945
vn 0.923876 -0.000003 0.382691
vn 0.924426 -0.001046 0.381360
vn 1.000000 -0.000004 -0.000001
vn 0.999973 0.001109 -0.007196
vn 0.687221 0.148706 -0.711065
vn 0.910428 0.086429 -0.404538
vn 0.368746 0.191673 -0.909553
vn 0.001844 0.203897 -0.978991
vn -0.364238 0.181666 -0.913416
vn -0.681331 0.129122 -0.720497
vn -0.905262 0.058108 -0.420861
vn -0.998740 -0.012673 -0.048547
vn -0.936335 -0.061056 0.345759
vn -0.717397 -0.071753 0.692959
vn -0.381883 -0.052659 0.922709
vn 0.003742 -0.033573 0.999429
vn 0.384552 -0.033132 0.922509
vn 0.712559 -0.037993 0.700583
vn 0.931296 -0.022503 0.363568
vn 0.999356 0.022750 -0.027746
vn 0.684430 0.413235 -0.600661
vn 0.906229 0.241833 -0.346793
vn 0.366509 0.527926 -0.766137
vn -0.002792 0.565220 -0.824935
vn -0.371960 0.517742 -0.770447
vn -0.689028 0.392449 -0.609282
vn -0.908728 0.210365 -0.360501
vn -0.998623 0.004535 -0.052270
vn -0.941743 -0.183747 0.281702
vn -0.736853 -0.312360 0.599565
vn -0.406331 -0.359166 0.840175
vn -0.007669 -0.351083 0.936313
vn 0.392744 -0.326545 0.859721
vn 0.729892 -0.265055 0.630082
vn 0.940874 -0.136274 0.310138
vn 0.998462 0.045536 -0.031611
vn 0.697734 0.580270 -0.420064
vn 0.917336 0.321581 -0.234694
vn 0.376017 0.750829 -0.543018
vn 0.000365 0.810694 -0.585470
vn -0.375298 0.752361 -0.541392
vn -0.697113 0.583269 -0.416929
vn -0.917001 0.325756 -0.230201
vn -0.999826 0.015877 -0.009803
vn -0.930394 -0.300753 0.209560
vn -0.716810 -0.575482 0.393705
vn -0.389683 -0.763457 0.515053
vn 0.000578 -0.831058 0.556185
vn 0.390485 -0.765327 0.511661
vn 0.716990 -0.578986 0.388202
vn 0.930252 -0.305325 0.203491
vn 0.999820 0.011099 -0.015375
vn 0.674354 0.659533 -0.332059
vn 0.908232 0.370167 -0.195167
vn 0.355528 0.839890 -0.410103
vn -0.000020 0.900376 -0.435112
vn -0.355542 0.839886 -0.410099
vn -0.674323 0.659559 -0.332069
vn -0.908219 0.370193 -0.195179
vn -0.999939 0.010896 -0.001665
vn -0.913168 -0.341686 0.222206
vn -0.672203 -0.606549 0.424549
vn -0.348714 -0.753504 0.557342
vn -0.000019 -0.798440 0.602074
vn 0.348690 -0.753513 0.557345
vn 0.672222 -0.606534 0.424540
vn 0.913168 -0.341683 0.222210
vn 0.999939 0.010883 -0.001655
vn 0.615441 0.716554 -0.328303
vn 0.859595 0.458905 -0.224729
vn 0.317802 0.867776 -0.382056
vn -0.000019 0.917143 -0.398558
vn -0.317817 0.867772 -0.382054
vn -0.615418 0.716571 -0.328309
vn -0.859573 0.458939 -0.224743
vn -0.992786 0.107127 -0.053860
vn -0.942818 -0.274634 0.188869
vn -0.690494 -0.561265 0.456289
vn -0.339342 -0.677971 0.652075
vn -0.000023 -0.695047 0.718965
vn 0.339319 -0.677974 0.652084
vn 0.690529 -0.561235 0.456273
vn 0.942812 -0.274644 0.188882
vn 0.992788 0.107112 -0.053852
vn 0.000011 -0.220956 0.975284
vn 0.000011 -0.220956 0.975284
vn 0.000011 -0.220956 0.975284
vn 0.000011 -0.220956 0.975284
vn 0.000002 -0.220956 0.975284
vn 0.000002 -0.220956 0.975284
vn 0.000002 -0.220956 0.975284
vn 0.000002 -0.220956 0.975284
vn 0.000000 -0.220960 0.975283
vn 0.000000 -0.220960 0.975283
vn 0.000000 -0.220960 0.975283
vn 0.000000 -0.220960 0.975283
vn 0.000012 -0.220964 0.975282
vn 0.000012 -0.220964 0.975282
vn 0.000012 -0.220964 0.975282
vn 0.000012 -0.220964 0.975282
vn 0.000002 -0.220967 0.975281
vn 0.000002 -0.220967 0.975281
vn 0.000002 -0.220967 0.975281
vn 0.000002 -0.220967 0.975281
vn 0.000001 -0.220963 0.975282
vn 0.000001 -0.220963 0.975282
vn 0.000001 -0.220963 0.975282
vn 0.000001 -0.220963 0.975282
vn 0.000001 -0.220969 0.975281
vn 0.000001 -0.220969 0.975281
vn 0.000001 -0.220969 0.975281
vn 0.000001 -0.220969 0.975281
vn -0.000005 -0.220959 0.975283
vn -0.000005 -0.220959 0.975283
vn -0.000005 -0.220959 0.975283
vn -0.000005 -0.220959 0.975283
vn -0.000003 -0.220963 0.975282
vn -0.000003 -0.220963 0.975282
vn -0.000003 -0.220963 0.975282
vn -0.000003 -0.220963 0.975282
vn -0.000001 -0.220963 0.975282
vn -0.000001 -0.220963 0.975282
vn -0.000001 -0.220963 0.975282
vn -0.000001 -0.220963 0.975282
vn -0.000001 -0.220960 0.975283
vn -0.000001 -0.220960 0.975283
vn -0.000001 -0.220960 0.975283
vn -0.000001 -0.220960 0.975283
vn 0.000001 -0.220955 0.975284
vn 0.000001 -0.220955 0.975284
vn 0.000001 -0.220955 0.975284
vn 0.000001 -0.220955 0.975284
vn -0.000007 -0.220963 0.975282
vn -0.000007 -0.220963 0.975282
vn -0.000007 -0.220963 0.975282
vn -0.000007 -0.220963 0.975282
vn -0.000003 -0.220967 0.975281
vn -0.000003 -0.220967 0.975281
vn -0.000003 -0.220967 0.975281
vn -0.000003 -0.220967 0.975281
vn 0.000000 -0.220949 0.975285
vn 0.000000 -0.220949 0.975285
vn 0.000000 -0.220949 0.975285
vn 0.000000 -0.220949 0.975285
vn 0.000004 -0.220960 0.975283
vn 0.000004 -0.220960 0.975283
vn 0.000004 -0.220960 0.975283
vn 0.000004 -0.220960 0.975283
vn -0.859417 -0.457788 0.227666
vn -0.614615 -0.714574 0.334114
vn -0.653265 -0.684911 0.322709
vn -0.896607 -0.395581 0.199025
vn -0.317098 -0.864694 0.389555
vn -0.339695 -0.857228 0.386999
vn -0.000001 -0.913609 0.406594
vn -0.000001 -0.913609 0.406594
vn 0.317100 -0.864696 0.389548
vn 0.339698 -0.857229 0.386993
vn 0.614614 -0.714577 0.334111
vn 0.653257 -0.684919 0.322710
vn 0.859406 -0.457805 0.227676
vn 0.896599 -0.395596 0.199035
vn 0.992954 -0.105584 0.053803
vn 0.999830 -0.018213 0.002784
vn 0.942200 0.277814 -0.187295
vn 0.901168 0.355072 -0.248635
vn 0.692161 0.569767 -0.443033
vn 0.630507 0.605189 -0.486011
vn 0.344536 0.700404 -0.625083
vn 0.306672 0.706308 -0.638030
vn 0.000023 0.726576 -0.687086
vn 0.000020 0.726576 -0.687086
vn -0.344496 0.700410 -0.625099
vn -0.306635 0.706312 -0.638042
vn -0.692199 0.569732 -0.443019
vn -0.630531 0.605168 -0.486007
vn -0.942199 0.277814 -0.187298
vn -0.901175 0.355058 -0.248632
vn -0.992957 -0.105563 0.053789
vn -0.999831 -0.018194 0.002770
s 1
g pCylinder1
usemtl initialShadingGroup
f 1/17/1 2/18/2 18/35/3 17/34/4
f 2/18/2 3/19/5 19/36/6 18/35/3
f 3/19/5 4/20/7 20/37/8 19/36/6
f 4/20/7 5/21/9 21/38/10 20/37/8
f 5/21/9 6/22/11 22/39/12 21/38/10
f 6/22/11 7/23/13 23/40/14 22/39/12
f 7/23/13 8/24/15 24/41/16 23/40/14
f 8/24/15 9/25/17 25/42/18 24/41/16
f 9/25/17 10/26/19 26/43/20 25/42/18
f 10/26/19 11/27/21 27/44/22 26/43/20
f 11/27/21 12/28/23 28/45/24 27/44/22
f 12/28/23 13/29/25 29/46/26 28/45/24
f 13/29/25 14/30/27 30/47/28 29/46/26
f 14/30/27 15/31/29 31/48/30 30/47/28
f 15/31/29 16/32/31 32/49/32 31/48/30
f 16/32/31 1/33/1 17/50/4 32/49/32
s 2
f 2/2/33 1/1/34 33/67/35
f 3/3/36 2/2/33 33/67/35
f 4/4/37 3/3/36 33/67/35
f 5/5/38 4/4/37 33/67/35
f 6/6/39 5/5/38 33/67/35
f 7/7/40 6/6/39 33/67/35
f 8/8/41 7/7/40 33/67/35
f 9/9/42 8/8/41 33/67/35
f 10/10/43 9/9/42 33/67/35
f 11/11/44 10/10/43 33/67/35
f 12/12/45 11/11/44 33/67/35
f 13/13/46 12/12/45 33/67/35
f 14/14/47 13/13/46 33/67/35
f 15/15/48 14/14/47 33/67/35
f 16/16/49 15/15/48 33/67/35
f 1/1/34 16/16/49 33/67/35
s 3
f 290/325/50 291/326/51 292/68/52
f 291/326/51 293/327/53 292/68/52
f 293/327/53 294/328/54 292/68/52
f 294/328/54 295/329/55 292/68/52
f 295/329/55 296/330/56 292/68/52
f 296/330/56 297/331/57 292/68/52
f 297/331/57 298/332/58 292/68/52
f 298/332/58 299/333/59 292/68/52
f 299/333/59 300/334/60 292/68/52
f 300/334/60 301/335/61 292/68/52
f 301/335/61 302/336/62 292/68/52
f 302/336/62 303/337/63 292/68/52
f 303/337/63 304/338/64 292/68/52
f 304/338/64 305/339/65 292/68/52
f 305/339/65 306/340/66 292/68/52
f 306/340/66 290/325/50 292/68/52
s 1
f 17/65/4 18/64/3 35/70/67 34/69/68
f 18/64/3 19/63/6 36/71/69 35/70/67
f 19/63/6 20/62/8 37/72/70 36/71/69
f 20/62/8 21/61/10 38/73/71 37/72/70
f 21/61/10 22/60/12 39/74/72 38/73/71
f 22/60/12 23/59/14 40/75/73 39/74/72
f 23/59/14 24/58/16 41/76/74 40/75/73
f 24/58/16 25/57/18 42/77/75 41/76/74
f 25/57/18 26/56/20 43/78/76 42/77/75
f 26/56/20 27/55/22 44/79/77 43/78/76
f 27/55/22 28/54/24 45/80/78 44/79/77
f 28/54/24 29/53/26 46/81/79 45/80/78
f 29/53/26 30/52/28 47/82/80 46/81/79
f 30/52/28 31/51/30 48/83/81 47/82/80
f 31/51/30 32/66/32 49/84/82 48/83/81
f 32/66/32 17/65/4 34/69/68 49/84/82
f 34/69/68 35/70/67 51/86/83 50/85/84
f 35/70/67 36/71/69 52/87/85 51/86/83
f 36/71/69 37/72/70 53/88/86 52/87/85
f 37/72/70 38/73/71 54/89/87 53/88/86
f 38/73/71 39/74/72 55/90/88 54/89/87
f 39/74/72 40/75/73 56/91/89 55/90/88
f 40/75/73 41/76/74 57/92/90 56/91/89
f 41/76/74 42/77/75 58/93/91 57/92/90
f 42/77/75 43/78/76 59/94/92 58/93/91
f 43/78/76 44/79/77 60/95/93 59/94/92
f 44/79/77 45/80/78 61/96/94 60/95/93
f 45/80/78 46/81/79 62/97/95 61/96/94
f 46/81/79 47/82/80 63/98/96 62/97/95
f 47/82/80 48/83/81 64/99/97 63/98/96
f 48/83/81 49/84/82 65/100/98 64/99/97
f 49/84/82 34/69/68 50/85/84 65/100/98
s 4
f 50/85/99 51/86/100 67/102/101 66/101/102
f 51/86/100 52/87/103 68/103/104 67/102/101
f 52/87/103 53/88/105 69/104/106 68/103/104
f 53/88/105 54/89/107 70/105/108 69/104/106
f 54/89/107 55/90/109 71/106/110 70/105/108
f 55/90/109 56/91/111 72/107/112 71/106/110
f 56/91/111 57/92/113 73/108/114 72/107/112
f 57/92/113 58/93/115 74/109/116 73/108/114
f 58/93/115 59/94/117 75/110/118 74/109/116
f 59/94/117 60/95/119 76/111/120 75/110/118
f 60/95/119 61/96/121 77/112/122 76/111/120
f 61/96/121 62/97/123 78/113/124 77/112/122
f 62/97/123 63/98/125 79/114/126 78/113/124
f 63/98/125 64/99/127 80/115/128 79/114/126
f 64/99/127 65/100/129 81/116/130 80/115/128
f 65/100/129 50/85/99 66/101/102 81/116/130
s off
f 66/101/131 67/102/132 83/118/133 82/117/134
f 67/102/135 68/103/136 84/119/137 83/118/138
f 68/103/139 69/104/140 85/120/141 84/119/142
f 69/104/143 70/105/144 86/121/145 85/120/146
f 70/105/147 71/106/148 87/122/149 86/121/150
f 71/106/151 72/107/152 88/123/153 87/122/154
f 72/107/155 73/108/156 89/124/157 88/123/158
f 73/108/159 74/109/160 90/125/161 89/124/162
f 74/109/163 75/110/164 91/126/165 90/125/166
f 75/110/167 76/111/168 92/127/169 91/126/170
f 76/111/171 77/112/172 93/128/173 92/127/174
f 77/112/175 78/113/176 94/129/177 93/128/178
f 78/113/179 79/114/180 95/130/181 94/129/182
f 79/114/183 80/115/184 96/131/185 95/130/186
f 80/115/187 81/116/188 97/132/189 96/131/190
f 81/116/191 66/101/192 82/117/193 97/132/194
s 5
f 82/117/195 83/118/196 99/134/197 98/133/198
f 83/118/196 84/119/199 100/135/200 99/134/197
f 84/119/199 85/120/201 101/136/202 100/135/200
f 85/120/201 86/121/203 102/137/204 101/136/202
f 86/121/203 87/122/205 103/138/206 102/137/204
f 87/122/205 88/123/207 104/139/208 103/138/206
f 88/123/207 89/124/209 105/140/210 104/139/208
f 89/124/209 90/125/211 106/141/212 105/140/210
f 90/125/211 91/126/213 107/142/214 106/141/212
f 91/126/213 92/127/215 108/143/216 107/142/214
f 92/127/215 93/128/217 109/144/218 108/143/216
f 93/128/217 94/129/219 110/145/220 109/144/218
f 94/129/219 95/130/221 111/146/222 110/145/220
f 95/130/221 96/131/223 112/147/224 111/146/222
f 96/131/223 97/132/225 113/148/226 112/147/224
f 97/132/225 82/117/195 98/133/198 113/148/226
f 98/133/198 99/134/197 115/150/227 114/149/228
f 99/134/197 100/135/200 116/151/229 115/150/227
f 100/135/200 101/136/202 117/152/230 116/151/229
f 101/136/202 102/137/204 118/153/231 117/152/230
f 102/137/204 103/138/206 119/154/232 118/153/231
f 103/138/206 104/139/208 120/155/233 119/154/232
f 104/139/208 105/140/210 121/156/234 120/155/233
f 105/140/210 106/141/212 122/157/235 121/156/234
f 106/141/212 107/142/214 123/158/236 122/157/235
f 107/142/214 108/143/216 124/159/237 123/158/236
f 108/143/216 109/144/218 125/160/238 124/159/237
f 109/144/218 110/145/220 126/161/239 125/160/238
f 110/145/220 111/146/222 127/162/240 126/161/239
f 111/146/222 112/147/224 128/163/241 127/162/240
f 112/147/224 113/148/226 129/164/242 128/163/241
f 113/148/226 98/133/198 114/149/228 129/164/242
s 6
f 114/149/243 115/150/244 131/166/245 130/165/246
f 115/150/244 116/151/247 132/167/248 131/166/245
f 116/151/247 117/152/249 133/168/250 132/167/248
f 117/152/249 118/153/251 134/169/252 133/168/250
f 118/153/251 119/154/253 135/170/254 134/169/252
f 119/154/253 120/155/255 136/171/256 135/170/254
f 120/155/255 121/156/257 137/172/258 136/171/256
f 121/156/257 122/157/259 138/173/260 137/172/258
f 122/157/259 123/158/261 139/174/262 138/173/260
f 123/158/261 124/159/263 140/175/264 139/174/262
f 124/159/263 125/160/265 141/176/266 140/175/264
f 125/160/265 126/161/267 142/177/268 141/176/266
f 126/161/267 127/162/269 143/178/270 142/177/268
f 127/162/269 128/163/271 144/179/272 143/178/270
f 128/163/271 129/164/273 145/180/274 144/179/272
f 129/164/273 114/149/243 130/165/246 145/180/274
s 7
f 130/165/275 131/166/276 147/182/277 146/181/278
f 131/166/276 132/167/279 148/183/280 147/182/277
f 132/167/279 133/168/281 149/184/282 148/183/280
f 133/168/281 134/169/283 150/185/284 149/184/282
f 134/169/283 135/170/285 151/186/286 150/185/284
f 135/170/285 136/171/287 152/187/288 151/186/286
f 136/171/287 137/172/289 153/188/290 152/187/288
f 137/172/289 138/173/291 154/189/292 153/188/290
f 138/173/291 139/174/293 155/190/294 154/189/292
f 139/174/293 140/175/295 156/191/296 155/190/294
f 140/175/295 141/176/297 157/192/298 156/191/296
f 141/176/297 142/177/299 158/193/300 157/192/298
f 142/177/299 143/178/301 159/194/302 158/193/300
f 143/178/301 144/179/303 160/195/304 159/194/302
f 144/179/303 145/180/305 161/196/306 160/195/304
f 145/180/305 130/165/275 146/181/278 161/196/306
f 146/181/278 147/182/277 163/198/307 162/197/308
f 147/182/277 148/183/280 164/199/309 163/198/307
f 148/183/280 149/184/282 165/200/310 164/199/309
f 149/184/282 150/185/284 166/201/311 165/200/310
f 150/185/284 151/186/286 167/202/312 166/201/311
f 151/186/286 152/187/288 168/203/313 167/202/312
f 152/187/288 153/188/290 169/204/314 168/203/313
f 153/188/290 154/189/292 170/205/315 169/204/314
f 154/189/292 155/190/294 171/206/316 170/205/315
f 155/190/294 156/191/296 172/207/317 171/206/316
f 156/191/296 157/192/298 173/208/318 172/207/317
f 157/192/298 158/193/300 174/209/319 173/208/318
f 158/193/300 159/194/302 175/210/320 174/209/319
f 159/194/302 160/195/304 176/211/321 175/210/320
f 160/195/304 161/196/306 177/212/322 176/211/321
f 161/196/306 146/181/278 162/197/308 177/212/322
s 8
f 162/197/323 163/198/324 179/214/325 178/213/326
f 163/198/324 164/199/327 180/215/328 179/214/325
f 164/199/327 165/200/329 181/216/330 180/215/328
f 165/200/329 166/201/331 182/217/332 181/216/330
f 166/201/331 167/202/333 183/218/334 182/217/332
f 167/202/333 168/203/335 184/219/336 183/218/334
f 168/203/335 169/204/337 185/220/338 184/219/336
f 169/204/337 170/205/339 186/221/340 185/220/338
f 170/205/339 171/206/341 187/222/342 186/221/340
f 171/206/341 172/207/343 188/223/344 187/222/342
f 172/207/343 173/208/345 189/224/346 188/223/344
f 173/208/345 174/209/347 190/225/348 189/224/346
f 174/209/347 175/210/349 191/226/350 190/225/348
f 175/210/349 176/211/351 192/227/352 191/226/350
f 176/211/351 177/212/353 193/228/354 192/227/352
f 177/212/353 162/197/323 178/213/326 193/228/354
f 178/213/326 179/214/325 195/230/355 194/229/356
f 179/214/325 180/215/328 196/231/357 195/230/355
f 180/215/328 181/216/330 197/232/358 196/231/357
f 181/216/330 182/217/332 198/233/359 197/232/358
f 182/217/332 183/218/334 199/234/360 198/233/359
f 183/218/334 184/219/336 200/235/361 199/234/360
f 184/219/336 185/220/338 201/236/362 200/235/361
f 185/220/338 186/221/340 202/237/363 201/236/362
f 186/221/340 187/222/342 203/238/364 202/237/363
f 187/222/342 188/223/344 204/239/365 203/238/364
f 188/223/344 189/224/346 205/240/366 204/239/365
f 189/224/346 190/225/348 206/241/367 205/240/366
f 190/225/348 191/226/350 207/242/368 206/241/367
f 191/226/350 192/227/352 208/243/369 207/242/368
f 192/227/352 193/228/354 209/244/370 208/243/369
f 193/228/354 178/213/326 194/229/356 209/244/370
f 194/229/356 195/230/355 211/246/371 210/245/372
f 195/230/355 196/231/357 212/247/373 211/246/371
f 196/231/357 197/232/358 213/248/374 212/247/373
f 197/232/358 198/233/359 214/249/375 213/248/374
f 198/233/359 199/234/360 215/250/376 214/249/375
f 199/234/360 200/235/361 216/251/377 215/250/376
f 200/235/361 201/236/362 217/252/378 216/251/377
f 201/236/362 202/237/363 218/253/379 217/252/378
f 202/237/363 203/238/364 219/254/380 218/253/379
f 203/238/364 204/239/365 220/255/381 219/254/380
f 204/239/365 205/240/366 221/256/382 220/255/381
f 205/240/366 206/241/367 222/257/383 221/256/382
f 206/241/367 207/242/368 223/258/384 222/257/383
f 207/242/368 208/243/369 224/259/385 223/258/384
f 208/243/369 209/244/370 225/260/386 224/259/385
f 209/244/370 194/229/356 210/245/372 225/260/386
f 210/245/372 211/246/371 227/262/387 226/261/388
f 211/246/371 212/247/373 228/263/389 227/262/387
f 212/247/373 213/248/374 229/264/390 228/263/389
f 213/248/374 214/249/375 230/265/391 229/264/390
f 214/249/375 215/250/376 231/266/392 230/265/391
f 215/250/376 216/251/377 232/267/393 231/266/392
f 216/251/377 217/252/378 233/268/394 232/267/393
f 217/252/378 218/253/379 234/269/395 233/268/394
f 218/253/379 219/254/380 235/270/396 234/269/395
f 219/254/380 220/255/381 236/271/397 235/270/396
f 220/255/381 221/256/382 237/272/398 236/271/397
f 221/256/382 222/257/383 238/273/399 237/272/398
f 222/257/383 223/258/384 239/274/400 238/273/399
f 223/258/384 224/259/385 240/275/401 239/274/400
f 224/259/385 225/260/386 241/276/402 240/275/401
f 225/260/386 210/245/372 226/261/388 241/276/402
f 226/261/388 227/262/387 243/278/403 242/277/404
f 227/262/387 228/263/389 244/279/405 243/278/403
f 228/263/389 229/264/390 245/280/406 244/279/405
f 229/264/390 230/265/391 246/281/407 245/280/406
f 230/265/391 231/266/392 247/282/408 246/281/407
f 231/266/392 232/267/393 248/283/409 247/282/408
f 232/267/393 233/268/394 249/284/410 248/283/409
f 233/268/394 234/269/395 250/285/411 249/284/410
f 234/269/395 235/270/396 251/286/412 250/285/411
f 235/270/396 236/271/397 252/287/413 251/286/412
f 236/271/397 237/272/398 253/288/414 252/287/413
f 237/272/398 238/273/399 254/289/415 253/288/414
f 238/273/399 239/274/400 255/290/416 254/289/415
f 239/274/400 240/275/401 256/291/417 255/290/416
f 240/275/401 241/276/402 257/292/418 256/291/417
f 241/276/402 226/261/388 242/277/404 257/292/418
f 242/277/404 243/278/403 259/294/419 258/293/420
f 243/278/403 244/279/405 260/295/421 259/294/419
f 244/279/405 245/280/406 261/296/422 260/295/421
f 245/280/406 246/281/407 262/297/423 261/296/422
f 246/281/407 247/282/408 263/298/424 262/297/423
f 247/282/408 248/283/409 264/299/425 263/298/424
f 248/283/409 249/284/410 265/300/426 264/299/425
f 249/284/410 250/285/411 266/301/427 265/300/426
f 250/285/411 251/286/412 267/302/428 266/301/427
f 251/286/412 252/287/413 268/303/429 267/302/428
f 252/287/413 253/288/414 269/304/430 268/303/429
f 253/288/414 254/289/415 270/305/431 269/304/430
f 254/289/415 255/290/416 271/306/432 270/305/431
f 255/290/416 256/291/417 272/307/433 271/306/432
f 256/291/417 257/292/418 273/308/434 272/307/433
f 257/292/418 242/277/404 258/293/420 273/308/434
s off
f 258/293/435 259/294/436 275/310/437 274/309/438
f 259/294/439 260/295/440 276/311/441 275/310/442
f 260/295/443 261/296/444 277/312/445 276/311/446
f 261/296/447 262/297/448 278/313/449 277/312/450
f 262/297/451 263/298/452 279/314/453 278/313/454
f 263/298/455 264/299/456 280/315/457 279/314/458
f 264/299/459 265/300/460 281/316/461 280/315/462
f 265/300/463 266/301/464 282/317/465 281/316/466
f 266/301/467 267/302/468 283/318/469 282/317/470
f 267/302/471 268/303/472 284/319/473 283/318/474
f 268/303/475 269/304/476 285/320/477 284/319/478
f 269/304/479 270/305/480 286/321/481 285/320/482
f 270/305/483 271/306/484 287/322/485 286/321/486
f 271/306/487 272/307/488 288/323/489 287/322/490
f 272/307/491 273/308/492 289/324/493 288/323/494
f 273/308/495 258/293/496 274/309/497 289/324/498
s 9
f 274/309/499 275/310/500 291/326/501 290/325/502
f 275/310/500 276/311/503 293/327/504 291/326/501
f 276/311/503 277/312/505 294/328/506 293/327/504
f 277/312/505 278/313/507 295/329/508 294/328/506
f 278/313/507 279/314/509 296/330/510 295/329/508
f 279/314/509 280/315/511 297/331/512 296/330/510
f 280/315/511 281/316/513 298/332/514 297/331/512
f 281/316/513 282/317/515 299/333/516 298/332/514
f 282/317/515 283/318/517 300/334/518 299/333/516
f 283/318/517 284/319/519 301/335/520 300/334/518
f 284/319/519 285/320/521 302/336/522 301/335/520
f 285/320/521 286/321/523 303/337/524 302/336/522
f 286/321/523 287/322/525 304/338/526 303/337/524
f 287/322/525 288/323/527 305/339/528 304/338/526
f 288/323/527 289/324/529 306/340/530 305/339/528
f 289/324/529 274/309/499 290/325/502 306/340/530
g default
v -0.803427 -1.369517 2.914245
v -0.803438 -0.901910 3.256977
v -1.084375 -0.901909 2.914249
v 1.084374 -0.901905 2.914257
v 0.803432 -0.901912 3.256978
v 0.803427 -1.369517 2.914245
v -1.076777 2.330043 2.905594
v -1.086153 1.826220 2.914070
v -0.803383 1.826201 3.258660
v -0.796365 2.329970 3.247407
v 0.796327 2.329953 3.247419
v 0.803343 1.826186 3.258667
v 1.086147 1.826241 2.914119
v 1.076766 2.330065 2.905637
v -0.796348 2.329936 0.604054
v -0.803348 1.826175 0.592288
v -1.086148 1.826242 0.936840
v -1.076769 2.330066 0.945879
v 1.076780 2.330044 0.945923
v 1.086154 1.826220 0.936890
v 0.803388 1.826190 0.592295
v 0.796386 2.329953 0.604066
v -1.084374 -0.901905 0.936673
v -0.803432 -0.901913 0.593953
v -0.803427 -1.369517 0.936685
v 0.803427 -1.369517 0.936685
v 0.803439 -0.901911 0.593954
v 1.084375 -0.901909 0.936681
v -0.940296 2.601471 2.769782
v -1.034085 2.503393 2.867061
v -0.764885 2.503232 3.196126
v -0.695455 2.600552 3.069864
v 0.695441 2.600543 3.069857
v 0.764699 2.503144 3.196189
v 1.034026 2.503508 2.867276
v 0.940305 2.601480 2.769804
v 0.940301 2.601471 1.084484
v 1.034087 2.503404 0.986718
v 0.764895 2.503290 0.657638
v 0.695473 2.600557 0.784394
v -0.695458 2.600547 0.784401
v -0.764707 2.503200 0.657573
v -1.034028 2.503516 0.986506
v -0.940310 2.601480 1.084462
v -0.405814 3.114274 2.220787
v -0.490302 2.918965 2.305670
v -0.355934 2.919871 2.447812
v -0.293221 3.114856 2.333411
v 0.293199 3.114844 2.333400
v 0.356034 2.919904 2.447710
v 0.490415 2.918904 2.305585
v 0.405828 3.114281 2.220811
v 0.405814 3.114274 1.633504
v 0.490303 2.918965 1.548621
v 0.355937 2.919870 1.406477
v 0.293221 3.114856 1.520880
v -0.293199 3.114844 1.520892
v -0.356037 2.919903 1.406580
v -0.490416 2.918903 1.548705
v -0.405828 3.114282 1.633480
v -0.419583 4.011424 2.230372
v -0.405842 3.864759 2.220475
v -0.293383 3.864927 2.333185
v -0.303030 4.011429 2.346950
v 0.303051 4.011422 2.346963
v 0.293154 3.864824 2.333218
v 0.405809 3.864863 2.220705
v 0.419569 4.011431 2.230352
v 0.419583 4.011424 1.623920
v 0.405842 3.864759 1.633816
v 0.293383 3.864927 1.521106
v 0.303030 4.011429 1.507342
v -0.303051 4.011422 1.507328
v -0.293154 3.864824 1.521074
v -0.405809 3.864863 1.633587
v -0.419569 4.011431 1.623940
v -0.457984 4.081783 2.259846
v -0.444069 4.033728 2.248969
v -0.321289 4.033669 2.371419
v -0.332485 4.081795 2.385376
v 0.332506 4.081784 2.385389
v 0.321640 4.033730 2.371468
v 0.444020 4.033668 2.248618
v 0.457971 4.081795 2.259825
v 0.457984 4.081783 1.594446
v 0.444069 4.033728 1.605322
v 0.321289 4.033669 1.482873
v 0.332485 4.081795 1.468915
v -0.332506 4.081784 1.468902
v -0.321640 4.033730 1.482824
v -0.444020 4.033668 1.605674
v -0.457971 4.081794 1.594467
v -0.429477 4.285581 2.237921
v -0.457155 4.241627 2.259216
v -0.332102 4.241755 2.384529
v -0.310635 4.285602 2.356860
v 0.310603 4.285580 2.356871
v 0.331878 4.241626 2.384561
v 0.457123 4.241755 2.259440
v 0.429466 4.285602 2.237952
v 0.429477 4.285581 1.616371
v 0.457155 4.241627 1.595076
v 0.332102 4.241755 1.469763
v 0.310635 4.285602 1.497432
v -0.310603 4.285580 1.497421
v -0.331878 4.241626 1.469731
v -0.457123 4.241755 1.594851
v -0.429466 4.285603 1.616339
v -0.358335 4.327297 2.184739
v -0.354693 4.300370 2.181989
v -0.254665 4.300373 2.282007
v -0.257384 4.327295 2.285666
v 0.257449 4.327297 2.285684
v 0.254700 4.300370 2.282039
v 0.354660 4.300373 2.181954
v 0.358317 4.327295 2.184674
v 0.358335 4.327297 1.669553
v 0.354693 4.300370 1.672303
v 0.254665 4.300373 1.572285
v 0.257384 4.327295 1.568626
v -0.257449 4.327297 1.568608
v -0.254700 4.300370 1.572252
v -0.354660 4.300373 1.672338
v -0.358317 4.327295 1.669618
v -0.489432 4.399516 2.283737
v -0.458308 4.352097 2.259837
v -0.332150 4.352079 2.385642
v -0.356368 4.399537 2.416837
v 0.356385 4.399516 2.416856
v 0.332507 4.352099 2.385717
v 0.458233 4.352078 2.259481
v 0.489414 4.399537 2.283720
v 0.489432 4.399516 1.570554
v 0.458308 4.352097 1.594455
v 0.332150 4.352079 1.468649
v 0.356368 4.399537 1.437454
v -0.356385 4.399516 1.437436
v -0.332507 4.352099 1.468574
v -0.458233 4.352078 1.594811
v -0.489414 4.399537 1.570572
v -0.440240 4.610893 2.245943
v -0.489171 4.566052 2.283187
v -0.356088 4.566196 2.416559
v -0.318659 4.610915 2.367649
v 0.318620 4.610891 2.367639
v 0.355835 4.566052 2.416595
v 0.489135 4.566196 2.283440
v 0.440250 4.610916 2.245981
v 0.440240 4.610892 1.608349
v 0.489171 4.566052 1.571105
v 0.356088 4.566196 1.437733
v 0.318659 4.610915 1.486643
v -0.318620 4.610891 1.486652
v -0.355835 4.566052 1.437697
v -0.489135 4.566196 1.570852
v -0.440250 4.610916 1.608310
v -0.190332 4.698534 2.058935
v -0.238644 4.626990 2.094856
v -0.167589 4.626986 2.166014
v -0.131718 4.698497 2.117598
v 0.131725 4.698499 2.117582
v 0.167611 4.626990 2.165920
v 0.238739 4.626986 2.094833
v 0.190348 4.698531 2.058927
v 0.190332 4.698546 1.795342
v 0.238644 4.626990 1.759436
v 0.167589 4.626986 1.688278
v 0.131717 4.698536 1.736691
v -0.131721 4.698536 1.736706
v -0.167611 4.626990 1.688372
v -0.238739 4.626986 1.759458
v -0.190348 4.698547 1.795344
v -0.187650 5.106221 2.063360
v -0.187671 5.025928 2.057356
v -0.129514 5.025586 2.115812
v -0.129407 5.103381 2.122544
v 0.129427 5.103388 2.122542
v 0.129533 5.025593 2.115809
v 0.187674 5.025912 2.057336
v 0.187653 5.106208 2.063323
v 0.187663 5.115729 1.805487
v 0.187671 5.026026 1.798137
v 0.129515 5.025933 1.739870
v 0.129476 5.117555 1.747072
v -0.129474 5.117556 1.747070
v -0.129515 5.025935 1.739867
v -0.187671 5.026038 1.798128
v -0.187663 5.115743 1.805484
v -0.179787 5.168220 2.095982
v -0.186750 5.139354 2.076912
v -0.128227 5.124640 2.133489
v -0.121144 5.148199 2.149848
v 0.121163 5.148206 2.149847
v 0.128325 5.124675 2.133477
v 0.186764 5.139296 2.076712
v 0.179791 5.168210 2.095945
v 0.182808 5.254188 1.867131
v 0.187379 5.204675 1.830741
v 0.129410 5.219067 1.774738
v 0.126385 5.273534 1.812857
v -0.126385 5.273536 1.812856
v -0.129400 5.219073 1.774728
v -0.187377 5.204745 1.830729
v -0.182808 5.254205 1.867129
v -0.161554 5.254781 2.192474
v -0.167781 5.205855 2.133590
v -0.114082 5.169160 2.168441
v -0.109911 5.215796 2.221699
v 0.109828 5.215762 2.221658
v 0.114097 5.169167 2.168444
v 0.167789 5.205858 2.133572
v 0.161543 5.254753 2.192454
v 0.161083 5.417607 2.071120
v 0.165478 5.359765 1.984132
v 0.112503 5.396126 1.948552
v 0.109529 5.456911 2.041614
v -0.109545 5.456941 2.041641
v -0.112510 5.396132 1.948555
v -0.165477 5.359785 1.984134
v -0.161085 5.417740 2.071194
v -0.139062 5.484177 2.465127
v -0.157857 5.432257 2.419787
v -0.107591 5.393224 2.433898
v -0.094575 5.445825 2.473306
v 0.094474 5.445845 2.473237
v 0.107076 5.393015 2.433648
v 0.157783 5.432084 2.419684
v 0.139014 5.484155 2.465097
v 0.136867 5.610352 2.441627
v 0.157609 5.587254 2.377124
v 0.106802 5.626835 2.364457
v 0.087734 5.642056 2.434154
v -0.087761 5.642067 2.434180
v -0.106888 5.627007 2.364614
v -0.157622 5.588024 2.377571
v -0.136914 5.610471 2.441716
v -0.112467 5.479373 2.421429
v -0.128542 5.492506 2.461137
v -0.087097 5.455799 2.468222
v -0.073498 5.446439 2.428454
v 0.073483 5.446495 2.428428
v 0.087006 5.456134 2.468063
v 0.128327 5.492549 2.461057
v 0.112431 5.479380 2.421416
v 0.112195 5.574044 2.396530
v 0.126324 5.604125 2.440729
v 0.082237 5.636692 2.434703
v 0.073087 5.604512 2.389684
v -0.073100 5.604494 2.389684
v -0.082316 5.636581 2.434702
v -0.126594 5.604070 2.440817
v -0.112240 5.574035 2.396544
v -0.107682 5.385466 2.292215
v -0.070931 5.357627 2.312108
v -0.070917 5.361424 2.260449
v 0.070942 5.361440 2.260435
v 0.070931 5.357627 2.312109
v 0.107686 5.385469 2.292212
v 0.071182 5.466078 2.175039
v 0.107777 5.487010 2.216912
v 0.071225 5.515501 2.197286
v -0.071029 5.465979 2.175120
v -0.071198 5.515484 2.197301
v -0.107754 5.486989 2.216929
v -0.481956 4.363895 1.576607
v -0.460947 4.352088 1.927364
v -0.350340 4.363896 2.409378
v 0.000218 4.352090 2.388359
v 0.350578 4.363909 2.409428
v 0.000012 4.399527 2.419362
v 0.481874 4.399526 2.409301
v 0.491867 4.482991 2.285666
v 0.481385 4.566124 2.408951
v 0.358143 4.482895 2.419315
v 0.481956 4.363895 2.277684
v 0.460947 4.352088 1.926927
v 0.482006 4.363908 1.576370
v 0.491938 4.399526 1.927133
v 0.481879 4.399526 1.444995
v 0.358312 4.482991 1.435000
v 0.481529 4.566124 1.445485
v 0.491891 4.482895 1.568794
v 0.350340 4.363896 1.444914
v -0.000218 4.352090 1.465932
v -0.350578 4.363909 1.444864
v -0.000012 4.399527 1.434929
v -0.481874 4.399526 1.444990
v -0.491867 4.482991 1.568625
v -0.481385 4.566124 1.445341
v -0.358143 4.482895 1.434976
v -0.432102 4.610904 2.359480
v -0.242991 4.618936 2.266790
v -0.230592 4.626988 2.157946
v -0.339390 4.618938 2.170289
v -0.481061 4.600990 2.276789
v -0.442961 4.610904 1.927122
v -0.481036 4.601087 1.577334
v -0.491719 4.566124 1.927001
v -0.349614 4.601086 2.408458
v -0.000144 4.566124 2.419143
v 0.349445 4.600990 2.408482
v -0.000024 4.610903 2.370363
v 0.432090 4.610904 2.359491
v 0.339453 4.618936 2.170274
v 0.230670 4.626988 2.157869
v 0.243006 4.618938 2.266727
v 0.481036 4.601087 2.276957
v 0.491719 4.566124 1.927290
v 0.481061 4.600990 1.577503
v 0.442961 4.610904 1.927170
v 0.432102 4.610904 1.494811
v 0.242991 4.618936 1.587501
v 0.230592 4.626988 1.696345
v 0.339390 4.618938 1.684003
v 0.349614 4.601086 1.445833
v 0.000144 4.566124 1.435149
v -0.349445 4.600990 1.445809
v 0.000024 4.610903 1.483928
v -0.432090 4.610904 1.494800
v -0.339453 4.618936 1.684017
v -0.230670 4.626988 1.696422
v -0.243006 4.618938 1.587564
v -0.182544 4.698515 2.109801
v -0.129676 4.861571 2.114946
v -0.179739 5.025750 2.107741
v -0.187703 4.861718 2.056846
v -0.198135 4.636907 2.064671
v -0.192936 4.698545 1.927137
v -0.198198 4.636904 1.789635
v -0.241378 4.626988 1.927148
v -0.137427 4.636904 2.125452
v 0.000002 4.626988 2.168653
v 0.137442 4.636907 2.125389
v 0.000002 4.698492 2.120189
v 0.182559 4.698514 2.109786
v 0.187705 4.861707 2.056832
v 0.179750 5.025747 2.107726
v 0.129688 4.861576 2.114944
v 0.198198 4.636904 2.064656
v 0.241378 4.626988 1.927144
v 0.198135 4.636907 1.789620
v 0.192936 4.698542 1.927135
v 0.182544 4.698542 1.744483
v 0.129673 4.861728 1.739337
v 0.179738 5.025987 1.747850
v 0.187703 4.861765 1.797386
v 0.137427 4.636904 1.728839
v -0.000002 4.626988 1.685638
v -0.137442 4.636907 1.728902
v -0.000000 4.698534 1.734102
v -0.182556 4.698543 1.744494
v -0.187703 4.861773 1.797380
v -0.179738 5.025993 1.747841
v -0.129673 4.861729 1.739336
v -0.179654 5.104029 2.113976
v -0.129326 5.114288 2.127407
v -0.178367 5.126651 2.125264
v -0.187635 5.123059 2.069510
v -0.187658 5.090636 2.059418
v -0.190315 5.111068 1.934357
v -0.187661 5.090804 1.799972
v -0.190315 5.026020 1.927726
v -0.129447 5.090002 2.118512
v 0.000011 5.025537 2.118503
v 0.129460 5.090007 2.118510
v 0.000011 5.103170 2.125403
v 0.179665 5.104028 2.113953
v 0.187644 5.123020 2.069377
v 0.178423 5.126648 2.125142
v 0.129392 5.114311 2.127399
v 0.187659 5.090626 2.059404
v 0.190315 5.026003 1.927720
v 0.187661 5.090796 1.799979
v 0.190315 5.111052 1.934338
v 0.179707 5.117414 1.755259
v 0.129507 5.168578 1.760141
v 0.179564 5.217214 1.782695
v 0.187669 5.160485 1.817240
v 0.129464 5.090608 1.741381
v 0.000000 5.025915 1.737210
v -0.129464 5.090609 1.741380
v 0.000001 5.117601 1.744342
v -0.179706 5.117421 1.755252
v -0.187668 5.160531 1.817232
v -0.179558 5.217250 1.782662
v -0.129500 5.168581 1.760135
v -0.169927 5.151201 2.141517
v -0.117377 5.158930 2.158858
v -0.159681 5.174999 2.163167
v -0.173724 5.187380 2.114417
v -0.184132 5.153310 2.084608
v -0.184170 5.211270 1.981589
v -0.186490 5.227961 1.841486
v -0.189764 5.172082 1.953772
v -0.125130 5.136357 2.141180
v 0.000056 5.123994 2.136243
v 0.125196 5.136380 2.141173
v 0.000011 5.147204 2.152628
v 0.169939 5.151202 2.141495
v 0.173729 5.187382 2.114405
v 0.159693 5.175008 2.163159
v 0.117387 5.158935 2.158860
v 0.184141 5.153271 2.084475
v 0.189764 5.172004 1.953663
v 0.186491 5.227915 1.841495
v 0.184170 5.211255 1.981569
v 0.175433 5.270869 1.821395
v 0.119447 5.335350 1.880179
v 0.157091 5.390451 1.954192
v 0.174130 5.307481 1.925279
v 0.129037 5.244413 1.785010
v 0.000005 5.219683 1.772085
v -0.129031 5.244417 1.785003
v 0.000000 5.274422 1.810011
v -0.175433 5.270878 1.821390
v -0.174129 5.307494 1.925280
v -0.157095 5.390467 1.954193
v -0.119452 5.335354 1.880181
v -0.153640 5.222063 2.216927
v -0.109520 5.303875 2.328728
v -0.150191 5.400165 2.430194
v -0.160827 5.342885 2.306769
v -0.163798 5.218713 2.147178
v -0.163971 5.336242 2.131860
v -0.161873 5.383033 2.011884
v -0.169376 5.282850 2.058923
v -0.111513 5.179503 2.178829
v 0.000008 5.167218 2.170202
v 0.111523 5.179508 2.178831
v -0.000048 5.213689 2.223268
v 0.153593 5.222036 2.216894
v 0.160778 5.342770 2.306700
v 0.149896 5.399995 2.430004
v 0.109177 5.303736 2.328561
v 0.163803 5.218715 2.147166
v 0.169381 5.282839 2.058911
v 0.161874 5.383020 2.011882
v 0.163971 5.336155 2.131813
v 0.153081 5.450477 2.046523
v 0.109684 5.544040 2.203169
v 0.149557 5.619575 2.367418
v 0.160872 5.503895 2.224434
v 0.109833 5.422126 1.979553
v -0.000004 5.398019 1.946674
v -0.109838 5.422131 1.979555
v -0.000009 5.459060 2.039986
v -0.153090 5.450570 2.046582
v -0.160880 5.504409 2.224731
v -0.149606 5.620118 2.367775
v -0.109742 5.544155 2.203274
v -0.132267 5.454883 2.471058
v -0.090877 5.452354 2.472942
v -0.122061 5.465293 2.466293
v -0.133574 5.490096 2.465397
v -0.148879 5.472127 2.461249
v -0.140890 5.547888 2.453367
v -0.147674 5.613571 2.434788
v -0.160353 5.510140 2.398577
v -0.101378 5.433328 2.471191
v -0.000294 5.390800 2.434997
v 0.101034 5.433189 2.471024
v -0.000055 5.442817 2.474019
v 0.132193 5.454897 2.471002
v 0.133431 5.490124 2.465344
v 0.121914 5.465543 2.466147
v 0.090817 5.452577 2.472836
v 0.148830 5.472011 2.461180
v 0.160353 5.509631 2.398302
v 0.147666 5.613058 2.434490
v 0.140845 5.547804 2.453308
v 0.126262 5.636311 2.436048
v 0.084149 5.639814 2.436958
v 0.117398 5.629251 2.436115
v 0.131043 5.608181 2.443631
v 0.097385 5.648619 2.425720
v -0.000049 5.629280 2.363516
v -0.097442 5.648734 2.425824
v -0.000012 5.643966 2.433529
v -0.126300 5.636383 2.436115
v -0.131222 5.608145 2.443690
v -0.117578 5.629141 2.436159
v -0.084202 5.639739 2.436957
v -0.104820 5.455480 2.426935
v -0.071239 5.402342 2.370166
v -0.101054 5.363594 2.308938
v -0.109910 5.433218 2.356305
v -0.120092 5.494033 2.451427
v -0.114934 5.526911 2.408973
v -0.119024 5.595725 2.433205
v -0.130151 5.548645 2.450894
v -0.080044 5.459043 2.457266
v -0.000036 5.452816 2.468783
v 0.079983 5.459265 2.457160
v -0.000006 5.443456 2.428947
v 0.104795 5.455522 2.426911
v 0.109910 5.433218 2.356305
v 0.101054 5.363594 2.308938
v 0.071239 5.402342 2.370166
v 0.119949 5.494062 2.451374
v 0.129882 5.548650 2.450814
v 0.118845 5.595761 2.433146
v 0.114889 5.526912 2.408959
v 0.104373 5.596700 2.391115
v 0.071513 5.560022 2.292822
v 0.101301 5.509984 2.201462
v 0.109965 5.529925 2.306524
v 0.077606 5.627498 2.427961
v -0.000023 5.639118 2.434224
v -0.077658 5.627424 2.427961
v -0.000004 5.607107 2.389205
v -0.104403 5.596682 2.391122
v -0.109965 5.529925 2.306524
v -0.101282 5.509967 2.201476
v -0.071513 5.560022 2.292822
v -0.101045 5.366009 2.265319
v -0.071181 5.412348 2.215873
v -0.101161 5.468825 2.181543
v -0.109902 5.436043 2.254360
v -0.070238 5.343170 2.283990
v -0.000000 5.355637 2.313165
v 0.070238 5.343170 2.283991
v 0.000014 5.359905 2.258818
v 0.101060 5.366022 2.265308
v 0.109916 5.436056 2.254349
v 0.101252 5.468907 2.181475
v 0.071283 5.412413 2.215820
v 0.070561 5.492424 2.162987
v 0.000014 5.517333 2.195902
v -0.070455 5.492354 2.163044
v 0.000087 5.465082 2.172936
v -1.077731 -1.362875 2.913581
v -1.086587 -0.902128 1.925460
v -1.077731 -1.362875 0.937350
v -0.803649 -1.371731 1.925465
v -0.802763 -1.362875 3.250333
v 0.000000 -1.371731 2.914467
v 0.802763 -1.362875 3.250333
v -0.000004 -0.902133 3.259190
v -1.077739 -0.901245 3.250337
v -0.803694 0.461502 3.259194
v -1.078220 1.826210 3.250692
v -1.086595 0.461506 2.914481
v 1.077731 -1.362875 2.913581
v 0.803649 -1.371731 1.925465
v 1.077731 -1.362875 0.937350
v 1.086587 -0.902128 1.925470
v 1.077735 -0.901245 3.250342
v 1.086592 0.461520 2.914514
v 1.078198 1.826214 3.250720
v 0.803667 0.461492 3.259198
v -1.068855 2.330006 3.239362
v -0.781144 2.417019 3.222773
v -1.026532 2.503310 3.187845
v -1.056268 2.417047 2.887334
v -1.084809 2.291083 2.912807
v -1.079414 2.330071 1.925737
v -1.084808 2.291097 0.938214
v -1.088797 1.826238 1.925452
v -0.802359 2.291028 3.257050
v -0.000023 1.826188 3.261316
v 0.802332 2.291017 3.257055
v -0.000021 2.329947 3.250092
v 1.068830 2.330009 3.239391
v 1.056229 2.417123 2.887477
v 1.026403 2.503328 3.187991
v 0.781020 2.416959 3.222815
v 1.084805 2.291097 2.912839
v 1.088797 1.826237 1.925509
v 1.084812 2.291082 0.938247
v 1.079414 2.330072 1.925786
v -1.068846 2.330002 0.612103
v -1.056231 2.417129 0.965178
v -1.026409 2.503360 0.665781
v -0.781034 2.416983 0.629805
v -0.802347 2.290995 0.593972
v 0.000021 2.329926 0.601374
v 0.802373 2.291005 0.593977
v 0.000023 1.826174 0.589638
v -1.078201 1.826209 0.600237
v -0.803668 0.461487 0.591732
v -1.077736 -0.901245 0.600588
v -1.086592 0.461521 0.936415
v 1.068872 2.329999 0.612132
v 0.781160 2.417043 0.629848
v 1.026540 2.503345 0.665926
v 1.056271 2.417054 0.965319
v 1.078224 1.826204 0.600266
v 1.086596 0.461506 0.936448
v 1.077739 -0.901246 0.600593
v 0.803695 0.461498 0.591737
v -0.802763 -1.362875 0.600597
v 0.000004 -0.902134 0.591741
v 0.802763 -1.362875 0.600597
v 0.000000 -1.371731 0.936464
v -0.933399 2.601012 3.059703
v -0.525550 2.760086 2.758519
v -0.481977 2.919420 2.439361
v -0.715082 2.760134 2.537186
v -1.021029 2.540379 2.853809
v -0.942602 2.601630 1.927120
v -1.020993 2.540461 1.000256
v -1.036585 2.503494 1.926774
v -0.755778 2.539672 3.180444
v -0.000102 2.503144 3.198904
v 0.755654 2.539613 3.180487
v -0.000010 2.600393 3.073245
v 0.933399 2.601012 3.059709
v 0.715157 2.760093 2.537130
v 0.482103 2.919401 2.439249
v 0.525616 2.760108 2.758450
v 1.020990 2.540456 2.853952
v 1.036585 2.503496 1.927009
v 1.021033 2.540386 1.000397
v 0.942602 2.601630 1.927147
v 0.933414 2.601014 0.794559
v 0.525561 2.760082 1.095765
v 0.481979 2.919419 1.414929
v 0.715085 2.760133 1.317102
v 0.755792 2.539710 0.673753
v 0.000104 2.503209 0.654857
v -0.755666 2.539650 0.673710
v 0.000010 2.600398 0.781011
v -0.933413 2.601013 0.794553
v -0.715160 2.760093 1.317158
v -0.482106 2.919401 1.415041
v -0.525627 2.760104 1.095833
v -0.397947 3.114566 2.325610
v -0.292171 3.489797 2.331487
v -0.398055 3.864843 2.325302
v -0.404132 3.489466 2.219349
v -0.410876 2.980559 2.224882
v -0.408446 3.114183 1.927130
v -0.410951 2.980518 1.629465
v -0.493132 2.918775 1.927183
v -0.296483 2.981504 2.339148
v 0.000045 2.920046 2.450580
v 0.296550 2.981526 2.339080
v -0.000014 3.114945 2.336004
v 0.397946 3.114562 2.325613
v 0.404110 3.489535 2.219502
v 0.397925 3.864843 2.325433
v 0.292018 3.489728 2.331509
v 0.410951 2.980518 2.224826
v 0.493132 2.918775 1.927108
v 0.410876 2.980559 1.629409
v 0.408446 3.114183 1.927161
v 0.397947 3.114566 1.528681
v 0.292171 3.489797 1.522804
v 0.398055 3.864843 1.528989
v 0.404132 3.489466 1.634943
v 0.296483 2.981504 1.515143
v -0.000045 2.920045 1.403710
v -0.296550 2.981526 1.515212
v 0.000014 3.114945 1.518288
v -0.397946 3.114562 1.528678
v -0.404110 3.489535 1.634790
v -0.397925 3.864843 1.528858
v -0.292018 3.489728 1.522782
v -0.411358 4.011426 2.338739
v -0.312033 4.022556 2.359169
v -0.435813 4.033699 2.363338
v -0.431812 4.022597 2.239592
v -0.410959 3.998778 2.224075
v -0.422315 4.011428 1.927159
v -0.410938 3.998847 1.630064
v -0.408438 3.864800 1.927015
v -0.296908 3.998845 2.338314
v -0.000131 3.864886 2.335813
v 0.296756 3.998777 2.338336
v 0.000014 4.011426 2.349696
v 0.411358 4.011426 2.338739
v 0.431779 4.022556 2.239358
v 0.435944 4.033699 2.363207
v 0.312267 4.022597 2.359202
v 0.410938 3.998847 2.224228
v 0.408438 3.864800 1.927277
v 0.410959 3.998778 1.630217
v 0.422315 4.011428 1.927132
v 0.411358 4.011426 1.515553
v 0.312033 4.022556 1.495123
v 0.435813 4.033699 1.490954
v 0.431812 4.022597 1.614700
v 0.296908 3.998845 1.515978
v 0.000131 3.864886 1.518479
v -0.296756 3.998777 1.515956
v -0.000014 4.011426 1.504596
v -0.411358 4.011426 1.515553
v -0.431779 4.022556 1.614934
v -0.435944 4.033699 1.491084
v -0.312267 4.022597 1.495090
v -0.450222 4.081789 2.377627
v -0.334051 4.162029 2.387127
v -0.449534 4.241691 2.376810
v -0.459743 4.161944 2.261242
v -0.452777 4.046251 2.255738
v -0.460563 4.081789 1.927160
v -0.452744 4.046211 1.598788
v -0.446767 4.033698 1.927358
v -0.328169 4.046213 2.380147
v 0.000212 4.033700 2.374167
v 0.328403 4.046253 2.380180
v 0.000014 4.081790 2.387968
v 0.450222 4.081789 2.377626
v 0.459721 4.162029 2.261392
v 0.449406 4.241691 2.376938
v 0.333901 4.161944 2.387148
v 0.452744 4.046211 2.255503
v 0.446767 4.033698 1.926933
v 0.452777 4.046251 1.598554
v 0.460563 4.081789 1.927132
v 0.450222 4.081789 1.476665
v 0.334051 4.162029 1.467164
v 0.449534 4.241691 1.477482
v 0.459743 4.161944 1.593049
v 0.328169 4.046213 1.474144
v -0.000212 4.033700 1.480125
v -0.328403 4.046253 1.474111
v -0.000014 4.081790 1.466323
v -0.450222 4.081789 1.476665
v -0.459721 4.162029 1.592900
v -0.449406 4.241691 1.477354
v -0.333901 4.161944 1.467143
v -0.421376 4.285591 2.348737
v -0.281642 4.292513 2.318178
v -0.346686 4.300371 2.274020
v -0.390830 4.292511 2.208967
v -0.449326 4.275729 2.253056
v -0.432174 4.285591 1.927128
v -0.449305 4.275815 1.601086
v -0.459696 4.241691 1.927018
v -0.325876 4.275814 2.376708
v -0.000128 4.241691 2.387101
v 0.325726 4.275729 2.376730
v -0.000017 4.285591 2.359571
v 0.421354 4.285591 2.348760
v 0.390808 4.292513 2.208944
v 0.346679 4.300371 2.274027
v 0.281665 4.292510 2.318199
v 0.449305 4.275815 2.253206
v 0.459696 4.241691 1.927274
v 0.449326 4.275729 1.601235
v 0.432174 4.285591 1.927163
v 0.421376 4.285591 1.505554
v 0.281642 4.292513 1.536114
v 0.346686 4.300371 1.580271
v 0.390830 4.292511 1.645324
v 0.325876 4.275814 1.477583
v 0.000128 4.241691 1.467190
v -0.325726 4.275729 1.477562
v 0.000017 4.285591 1.494721
v -0.421354 4.285591 1.505532
v -0.390808 4.292513 1.645348
v -0.346679 4.300371 1.580265
v -0.281665 4.292510 1.536092
v -0.350321 4.327296 2.277682
v -0.293721 4.340098 2.334361
v -0.450184 4.352089 2.377699
v -0.407032 4.340111 2.221267
v -0.342375 4.313008 2.172779
v -0.360992 4.327296 1.927186
v -0.342353 4.313010 1.681536
v -0.357341 4.300372 1.927170
v -0.245472 4.313010 2.269692
v 0.000024 4.300371 2.284689
v 0.245495 4.313008 2.269714
v 0.000040 4.327296 2.288342
v 0.350339 4.327296 2.277664
v 0.406982 4.340098 2.221030
v 0.450299 4.352089 2.377584
v 0.293958 4.340112 2.334411
v 0.342353 4.313010 2.172756
v 0.357341 4.300372 1.927121
v 0.342375 4.313008 1.681512
v 0.360992 4.327296 1.927105
v 0.350321 4.327296 1.576610
v 0.293721 4.340098 1.519931
v 0.450184 4.352089 1.476593
v 0.407032 4.340111 1.633025
v 0.245472 4.313010 1.584600
v -0.000024 4.300371 1.569602
v -0.245495 4.313008 1.584578
v -0.000040 4.327296 1.565949
v -0.350339 4.327296 1.576628
v -0.406982 4.340098 1.633262
v -0.450299 4.352089 1.476707
v -0.293958 4.340112 1.519881
v -0.481879 4.399526 2.409296
v -0.358312 4.482991 2.419291
v -0.481529 4.566124 2.408806
v -0.491891 4.482895 2.285498
v -0.482006 4.363908 2.277922
v -0.491938 4.399526 1.927158
v -1.078617 -1.363761 1.925465
v 0.000000 -1.363761 3.251219
v -1.078650 0.461504 3.251235
v 1.078617 -1.363761 1.925465
v 1.078634 0.461506 3.251253
v -1.048453 2.417031 3.214788
v -1.087456 2.291103 1.925510
v -0.000015 2.291011 3.259723
v 1.048367 2.417043 3.214886
v 1.087456 2.291103 1.925548
v -1.048378 2.417058 0.637752
v 0.000015 2.290985 0.591299
v -1.078635 0.461504 0.599676
v 1.048465 2.417047 0.637849
v 1.078650 0.461502 0.599696
v 0.000000 -1.363761 0.599712
v -0.707484 2.760112 2.748998
v -1.023373 2.540547 1.927026
v -0.000068 2.539514 3.183582
v 0.707568 2.760099 2.748924
v 1.023373 2.540547 1.927183
v 0.707494 2.760109 1.105287
v 0.000069 2.539556 0.670613
v -0.707578 2.760096 1.105362
v -0.396403 3.489632 2.323701
v -0.413659 2.980376 1.927171
v 0.000030 2.981677 2.341765
v 0.396315 3.489632 2.323788
v 0.413659 2.980376 1.927121
v 0.396403 3.489632 1.530591
v -0.000030 2.981677 1.512526
v -0.396315 3.489632 1.530504
v -0.423496 4.022576 2.350970
v -0.413626 3.998813 1.927058
v -0.000087 3.998811 2.341002
v 0.423583 4.022576 2.350882
v 0.413626 3.998813 1.927233
v 0.423496 4.022576 1.503322
v 0.000087 3.998811 1.513289
v -0.423583 4.022576 1.503409
v -0.452135 4.161986 2.379455
v -0.455415 4.046231 1.927287
v 0.000142 4.046233 2.382820
v 0.452049 4.161986 2.379541
v 0.455415 4.046231 1.927004
v 0.452135 4.161986 1.474836
v -0.000142 4.046233 1.471472
v -0.452049 4.161986 1.474751
v -0.382731 4.292512 2.310088
v -0.451947 4.275772 1.927060
v -0.000085 4.275771 2.379353
v 0.382727 4.292512 2.310092
v 0.451947 4.275772 1.927231
v 0.382731 4.292512 1.544203
v 0.000085 4.275771 1.474939
v -0.382727 4.292512 1.544199
v -0.398910 4.340105 2.326357
v -0.345021 4.313009 1.927162
v 0.000016 4.313009 2.272361
v 0.398987 4.340105 2.326281
v 0.345021 4.313009 1.927129
v 0.398910 4.340105 1.527934
v -0.000016 4.313009 1.581931
v -0.398987 4.340105 1.528011
v -0.484387 4.482944 2.411715
v -0.484576 4.363902 1.927291
v 0.000146 4.363903 2.411999
v 0.484291 4.482944 2.411811
v 0.484576 4.363902 1.927000
v 0.484387 4.482944 1.442577
v -0.000146 4.363903 1.442292
v -0.484291 4.482944 1.442480
v -0.331231 4.618937 2.258614
v -0.483697 4.601038 1.927049
v -0.000096 4.601038 2.411121
v 0.331282 4.618937 2.258563
v 0.483697 4.601038 1.927242
v 0.331231 4.618937 1.595677
v 0.000096 4.601038 1.443170
v -0.331282 4.618937 1.595728
v -0.179868 4.861641 2.107082
v -0.200800 4.636905 1.927147
v 0.000001 4.636905 2.128053
v 0.179875 4.861638 2.107072
v 0.200800 4.636905 1.927144
v 0.179865 4.861749 1.747178
v -0.000001 4.636905 1.726238
v -0.179865 4.861754 1.747172
v -0.179595 5.115611 2.119025
v -0.190315 5.090789 1.929653
v 0.000007 5.089902 2.121308
v 0.179632 5.115610 2.118944
v 0.190315 5.090778 1.929649
v 0.179731 5.167590 1.768136
v -0.000000 5.090573 1.738668
v -0.179727 5.167615 1.768114
v -0.164609 5.163384 2.152009
v -0.188110 5.190678 1.963040
v 0.000038 5.135580 2.144022
v 0.164616 5.163390 2.152003
v 0.188110 5.190625 1.962967
v 0.166258 5.331184 1.887358
v 0.000004 5.245129 1.782186
v -0.166261 5.331194 1.887359
v -0.152957 5.310300 2.324366
v -0.165530 5.300882 2.079587
v 0.000005 5.177420 2.180441
v 0.152761 5.310187 2.324239
v 0.165533 5.300875 2.079580
v 0.153134 5.537017 2.207171
v -0.000003 5.424197 1.977831
v -0.153167 5.537379 2.207408
v -0.127103 5.461806 2.470885
v -0.151059 5.543149 2.447933
v -0.000196 5.430581 2.472067
v 0.127004 5.461973 2.470788
v 0.151059 5.542809 2.447749
v 0.120966 5.633405 2.438588
v -0.000033 5.650779 2.424984
v -0.121086 5.633331 2.438618
v -0.102009 5.410144 2.367222
v -0.122105 5.545158 2.442265
v -0.000024 5.456004 2.457700
v 0.102009 5.410144 2.367222
v 0.121926 5.545162 2.442212
v 0.102228 5.552609 2.295686
v -0.000015 5.630082 2.427574
v -0.102228 5.552609 2.295686
v -0.101974 5.416840 2.222658
v -0.000000 5.341924 2.283867
v 0.102032 5.416893 2.222615
v 0.000058 5.492713 2.161650
v -0.000015 0.461494 3.261847
v 0.000058 5.410885 2.213583
v 0.000015 0.461489 0.589084
v 0.000000 -1.374388 1.925465
v 1.089244 0.461516 1.925483
v -1.089244 0.461517 1.925446
v -0.000068 2.416973 3.225446
v 1.058861 2.417103 1.926409
v 0.000069 2.417000 0.627168
v -1.058861 2.417102 1.926251
v 0.000030 2.760094 2.761659
v 0.717651 2.760116 1.927119
v -0.000030 2.760090 1.092624
v -0.717651 2.760116 1.927169
v -0.000087 3.489806 2.334083
v 0.406708 3.489457 1.927233
v 0.000087 3.489806 1.520208
v -0.406708 3.489457 1.927058
v 0.000142 4.022577 2.361938
v 0.434548 4.022576 1.927004
v -0.000142 4.022577 1.492353
v -0.434548 4.022576 1.927287
v -0.000085 4.161986 2.389684
v 0.462279 4.161986 1.927231
v 0.000085 4.161986 1.464607
v -0.462279 4.161986 1.927060
v 0.000016 4.292511 2.320888
v 0.393515 4.292512 1.927129
v -0.000016 4.292511 1.533404
v -0.393515 4.292512 1.927162
v 0.000146 4.340105 2.337074
v 0.409693 4.340104 1.927000
v -0.000146 4.340105 1.517217
v -0.409693 4.340104 1.927291
v -0.000096 4.482944 2.421817
v 0.494393 4.482944 1.927242
v 0.000096 4.482944 1.432475
v -0.494393 4.482944 1.927049
v 0.000001 4.618937 2.269482
v 0.342143 4.618937 1.927144
v -0.000001 4.618937 1.584809
v -0.342143 4.618937 1.927147
v 0.000007 4.861551 2.117568
v 0.190315 4.861749 1.927104
v 0.000000 4.861720 1.736723
v -0.190315 4.861761 1.927108
v 0.000038 5.113862 2.130209
v 0.190315 5.141803 1.943231
v 0.000004 5.168905 1.757475
v -0.190315 5.141856 1.943304
v 0.000005 5.157447 2.161143
v 0.176760 5.247479 2.019896
v -0.000003 5.336739 1.877787
v -0.176757 5.247486 2.019904
v -0.000196 5.301659 2.330092
v 0.163451 5.423242 2.265521
v -0.000033 5.546398 2.201865
v -0.163451 5.423582 2.265705
v -0.000024 5.449324 2.473573
v 0.134987 5.549641 2.454421
v -0.000015 5.641912 2.436409
v -0.135166 5.549637 2.454474
v -0.000000 5.399741 2.371147
v 0.112544 5.481636 2.331401
v 0.000000 5.562493 2.291868
v -0.112544 5.481636 2.331401
v -1.075074 -1.360218 3.247677
v 1.075074 -1.360218 3.247677
v -1.076867 2.291055 3.249032
v 1.076851 2.291057 3.249051
v -1.076863 2.291047 0.601989
v 1.076878 2.291044 0.602008
v -1.075074 -1.360218 0.603254
v 1.075074 -1.360218 0.603254
v -1.013965 2.540024 3.171068
v 1.013879 2.540036 3.171165
v 1.013976 2.540047 0.683134
v -1.013889 2.540057 0.683037
v -0.402635 2.981033 2.331197
v 0.402719 2.981021 2.331123
v 0.402635 2.981033 1.523094
v -0.402719 2.981021 1.523169
v -0.402960 3.998812 2.330249
v 0.402872 3.998812 2.330336
v 0.402960 3.998812 1.524042
v -0.402872 3.998812 1.523955
v -0.444751 4.046232 2.372239
v 0.444838 4.046232 2.372152
v 0.444751 4.046232 1.482053
v -0.444838 4.046232 1.482140
v -0.441462 4.275772 2.368774
v 0.441377 4.275772 2.368860
v 0.441462 4.275772 1.485517
v -0.441377 4.275772 1.485432
v -0.334397 4.313009 2.261727
v 0.334393 4.313009 2.261731
v 0.334397 4.313009 1.592565
v -0.334393 4.313009 1.592560
v -0.474159 4.363902 2.401651
v 0.474236 4.363902 2.401575
v 0.474159 4.363902 1.452640
v -0.474236 4.363902 1.452717
v -0.473151 4.601038 2.400469
v 0.473054 4.601038 2.400566
v 0.473151 4.601038 1.453822
v -0.473054 4.601038 1.453726
v -0.190241 4.636905 2.117549
v 0.190293 4.636905 2.117497
v 0.190241 4.636905 1.736743
v -0.190293 4.636905 1.736794
v -0.179685 5.090310 2.110127
v 0.179692 5.090308 2.110117
v 0.179697 5.090710 1.749520
v -0.179697 5.090714 1.749515
v -0.174829 5.138735 2.132682
v 0.174866 5.138733 2.132600
v 0.179000 5.242259 1.793477
v -0.178996 5.242284 1.793455
v -0.155953 5.185760 2.174000
v 0.155961 5.185766 2.173995
v 0.153549 5.415918 1.984722
v -0.153552 5.415929 1.984723
v -0.141628 5.441348 2.468293
v 0.141432 5.441235 2.468166
v 0.138196 5.642187 2.428018
v -0.138229 5.642549 2.428255
v -0.113069 5.468524 2.455801
v 0.112971 5.468691 2.455704
v 0.110649 5.619632 2.429107
v -0.110768 5.619559 2.429137
v -0.098374 5.346909 2.284360
v 0.098374 5.346909 2.284361
v 0.098682 5.491449 2.167083
v -0.098605 5.491380 2.167140
vt 0.377439 0.998012
vt 0.377439 0.000000
vt 0.407571 0.032224
vt 0.375000 0.998012
vt 0.373012 0.001450
vt 0.625000 0.998012
vt 0.626988 0.001450
vt 0.592428 0.032223
vt 0.622561 0.000000
vt 0.622561 0.998012
vt 0.375000 0.252133
vt 0.372595 0.250000
vt 0.373018 0.248971
vt 0.407548 0.218193
vt 0.407719 0.250104
vt 0.622414 0.250000
vt 0.592425 0.218158
vt 0.626975 0.248974
vt 0.625000 0.252133
vt 0.624592 0.250000
vt 0.628411 0.250000
vt 0.377581 0.500000
vt 0.407791 0.531842
vt 0.126975 0.248975
vt 0.375000 0.501025
vt 0.128435 0.250000
vt 0.375000 0.497981
vt 0.375409 0.500000
vt 0.872571 0.250000
vt 0.625000 0.497981
vt 0.873018 0.248971
vt 0.625000 0.501029
vt 0.592236 0.531810
vt 0.592252 0.499909
vt 0.375000 0.751988
vt 0.126988 0.001450
vt 0.375000 0.748550
vt 0.407799 0.718004
vt 0.377439 0.751988
vt 0.622561 0.751988
vt 0.592201 0.718004
vt 0.625000 0.751988
vt 0.625000 0.748550
vt 0.873012 0.001450
vt 0.375304 0.285371
vt 0.375296 0.282954
vt 0.407669 0.250326
vt 0.407461 0.250737
vt 0.590370 0.250305
vt 0.591907 0.250264
vt 0.624644 0.282520
vt 0.624386 0.282347
vt 0.624696 0.464641
vt 0.624704 0.467133
vt 0.592333 0.499686
vt 0.592541 0.499264
vt 0.409627 0.499696
vt 0.408090 0.499748
vt 0.375356 0.467565
vt 0.375613 0.467665
vt 0.375733 0.285413
vt 0.375373 0.286430
vt 0.407720 0.250926
vt 0.409857 0.250816
vt 0.589720 0.250732
vt 0.589524 0.250377
vt 0.624233 0.282586
vt 0.624206 0.284829
vt 0.624267 0.464587
vt 0.624627 0.463571
vt 0.592280 0.499074
vt 0.590143 0.499184
vt 0.410280 0.499268
vt 0.410476 0.499623
vt 0.375766 0.467414
vt 0.375794 0.465171
vt 0.375842 0.284923
vt 0.375798 0.285219
vt 0.410241 0.250794
vt 0.410548 0.250752
vt 0.590076 0.250842
vt 0.589778 0.250797
vt 0.624205 0.285238
vt 0.624247 0.285547
vt 0.624158 0.465077
vt 0.624202 0.464781
vt 0.589759 0.499206
vt 0.589452 0.499248
vt 0.409924 0.499158
vt 0.410222 0.499203
vt 0.375795 0.464762
vt 0.375753 0.464453
vt 0.375712 0.284731
vt 0.375830 0.284810
vt 0.410498 0.250732
vt 0.409822 0.250699
vt 0.590268 0.250711
vt 0.590189 0.250830
vt 0.624268 0.285497
vt 0.624301 0.284820
vt 0.624288 0.465269
vt 0.624170 0.465190
vt 0.589502 0.499268
vt 0.590178 0.499301
vt 0.409732 0.499289
vt 0.409811 0.499170
vt 0.375732 0.464503
vt 0.375699 0.465180
vt 0.375730 0.288361
vt 0.375687 0.285230
vt 0.409594 0.250778
vt 0.409324 0.251307
vt 0.586639 0.250730
vt 0.589768 0.250687
vt 0.624222 0.284592
vt 0.623693 0.284324
vt 0.624270 0.461639
vt 0.624313 0.464770
vt 0.590406 0.499222
vt 0.590676 0.498693
vt 0.413361 0.499270
vt 0.410232 0.499313
vt 0.375778 0.465408
vt 0.376307 0.465676
vt 0.376284 0.284521
vt 0.375800 0.288111
vt 0.409776 0.251277
vt 0.413196 0.250759
vt 0.590479 0.251284
vt 0.586889 0.250800
vt 0.623723 0.284776
vt 0.624241 0.288196
vt 0.623716 0.465479
vt 0.624200 0.461889
vt 0.590224 0.498723
vt 0.586804 0.499241
vt 0.409521 0.498716
vt 0.413111 0.499200
vt 0.376277 0.465224
vt 0.375759 0.461804
vt 0.375724 0.284341
vt 0.376296 0.283993
vt 0.413353 0.250673
vt 0.409959 0.250636
vt 0.590657 0.250724
vt 0.591007 0.251296
vt 0.624327 0.288353
vt 0.624364 0.284957
vt 0.624276 0.465659
vt 0.623704 0.466007
vt 0.586647 0.499327
vt 0.590041 0.499364
vt 0.409343 0.499276
vt 0.408994 0.498704
vt 0.375673 0.461647
vt 0.375636 0.465043
vt 0.375687 0.290497
vt 0.375644 0.285357
vt 0.409323 0.250792
vt 0.408714 0.251656
vt 0.584503 0.250687
vt 0.589642 0.250644
vt 0.624208 0.284321
vt 0.623344 0.283714
vt 0.624313 0.459503
vt 0.624356 0.464643
vt 0.590677 0.499208
vt 0.591286 0.498344
vt 0.415497 0.499313
vt 0.410358 0.499356
vt 0.375792 0.465679
vt 0.376656 0.466286
vt 0.376570 0.289911
vt 0.375811 0.290985
vt 0.409360 0.251758
vt 0.413963 0.251705
vt 0.585096 0.251571
vt 0.584014 0.250811
vt 0.623242 0.284360
vt 0.623296 0.288971
vt 0.623430 0.460099
vt 0.624189 0.459016
vt 0.590640 0.498242
vt 0.586036 0.498296
vt 0.414906 0.498431
vt 0.415986 0.499189
vt 0.376758 0.465640
vt 0.376704 0.461042
vt 0.376751 0.290072
vt 0.376737 0.289992
vt 0.414935 0.251748
vt 0.415005 0.251770
vt 0.585008 0.251773
vt 0.585078 0.251750
vt 0.623265 0.290005
vt 0.623251 0.290091
vt 0.623258 0.459723
vt 0.623263 0.460030
vt 0.585066 0.498255
vt 0.585041 0.498200
vt 0.414961 0.498201
vt 0.414934 0.498256
vt 0.376737 0.460036
vt 0.376742 0.459728
vt 0.377061 0.292479
vt 0.376815 0.290587
vt 0.415292 0.251860
vt 0.416257 0.252200
vt 0.581639 0.252203
vt 0.584465 0.251878
vt 0.623150 0.290687
vt 0.622638 0.292497
vt 0.623284 0.459113
vt 0.623269 0.459652
vt 0.585129 0.498171
vt 0.585399 0.498027
vt 0.416219 0.498028
vt 0.415105 0.498178
vt 0.376764 0.459676
vt 0.376948 0.459119
vt 0.377006 0.293455
vt 0.376928 0.291876
vt 0.415616 0.252109
vt 0.416230 0.252385
vt 0.583437 0.252384
vt 0.582474 0.252111
vt 0.622799 0.291888
vt 0.622947 0.293443
vt 0.623017 0.458454
vt 0.623216 0.458692
vt 0.585079 0.497972
vt 0.583870 0.497887
vt 0.416370 0.497897
vt 0.416657 0.497974
vt 0.377032 0.458702
vt 0.377017 0.458518
vt 0.377124 0.293364
vt 0.377011 0.295598
vt 0.416127 0.252789
vt 0.416023 0.252709
vt 0.578055 0.252704
vt 0.582620 0.252786
vt 0.622810 0.295518
vt 0.622030 0.293332
vt 0.622920 0.446618
vt 0.623050 0.456839
vt 0.584111 0.497550
vt 0.584175 0.495861
vt 0.421610 0.495858
vt 0.416651 0.497612
vt 0.377058 0.457213
vt 0.377907 0.446610
vt 0.377792 0.304874
vt 0.377121 0.295438
vt 0.416134 0.253067
vt 0.420108 0.254486
vt 0.579191 0.254481
vt 0.578799 0.253035
vt 0.622155 0.295325
vt 0.622108 0.304855
vt 0.622234 0.453542
vt 0.622745 0.446970
vt 0.583302 0.495864
vt 0.580041 0.496718
vt 0.420789 0.496706
vt 0.422505 0.495789
vt 0.378085 0.446549
vt 0.377884 0.453472
vt 0.380400 0.301590
vt 0.421218 0.256432
vt 0.421234 0.296810
vt 0.578794 0.296834
vt 0.578782 0.256432
vt 0.619604 0.301594
vt 0.579060 0.451000
vt 0.619705 0.452879
vt 0.579108 0.493879
vt 0.421110 0.450854
vt 0.420922 0.493853
vt 0.380320 0.452848
vt 0.376220 0.875000
vt 0.500000 0.000725
vt 0.375223 0.125210
vt 0.623780 0.875000
vt 0.624773 0.125210
vt 0.376196 0.251054
vt 0.250256 0.249486
vt 0.499962 0.249485
vt 0.623723 0.251044
vt 0.750244 0.249486
vt 0.376276 0.499012
vt 0.500038 0.500516
vt 0.376217 0.624790
vt 0.623805 0.499003
vt 0.623784 0.624790
vt 0.500000 0.750269
vt 0.376237 0.253502
vt 0.375000 0.375970
vt 0.499293 0.250000
vt 0.622162 0.251261
vt 0.625000 0.374086
vt 0.623764 0.496498
vt 0.500706 0.500000
vt 0.377837 0.498739
vt 0.378167 0.253189
vt 0.375000 0.376309
vt 0.499060 0.250000
vt 0.621806 0.253162
vt 0.625000 0.373691
vt 0.621833 0.496811
vt 0.500940 0.500000
vt 0.378194 0.496838
vt 0.378397 0.252964
vt 0.375000 0.374823
vt 0.500177 0.250000
vt 0.622035 0.253396
vt 0.625000 0.375177
vt 0.621603 0.497036
vt 0.499823 0.500000
vt 0.377965 0.496604
vt 0.377743 0.252764
vt 0.375000 0.374772
vt 0.500228 0.250000
vt 0.622234 0.252741
vt 0.625000 0.375228
vt 0.622257 0.497236
vt 0.499772 0.500000
vt 0.377766 0.497259
vt 0.377917 0.255517
vt 0.375000 0.376344
vt 0.498656 0.250000
vt 0.619483 0.252917
vt 0.625000 0.373656
vt 0.622083 0.494483
vt 0.501344 0.500000
vt 0.380517 0.497083
vt 0.380514 0.252707
vt 0.375000 0.374905
vt 0.500095 0.250000
vt 0.622293 0.255514
vt 0.625000 0.375095
vt 0.619486 0.497293
vt 0.499905 0.500000
vt 0.377707 0.494486
vt 0.377530 0.252553
vt 0.375000 0.373568
vt 0.501432 0.250000
vt 0.622446 0.252528
vt 0.625000 0.376432
vt 0.622470 0.497447
vt 0.498568 0.500000
vt 0.377554 0.497472
vt 0.377759 0.257134
vt 0.375000 0.377245
vt 0.497755 0.250000
vt 0.617866 0.252759
vt 0.625000 0.372755
vt 0.622241 0.492866
vt 0.502245 0.500000
vt 0.382134 0.497241
vt 0.381862 0.256883
vt 0.375000 0.377154
vt 0.497846 0.250000
vt 0.618143 0.256890
vt 0.625000 0.372846
vt 0.618136 0.493137
vt 0.502154 0.500000
vt 0.381864 0.493141
vt 0.382041 0.257141
vt 0.375000 0.374942
vt 0.500005 0.250000
vt 0.617983 0.257188
vt 0.625000 0.374945
vt 0.618048 0.492772
vt 0.500000 0.500000
vt 0.381954 0.492791
vt 0.383031 0.258659
vt 0.375000 0.375614
vt 0.499321 0.250000
vt 0.615654 0.258666
vt 0.625000 0.375642
vt 0.618075 0.491975
vt 0.500522 0.500000
vt 0.383019 0.491981
vt 0.383025 0.260484
vt 0.375000 0.375521
vt 0.499389 0.250000
vt 0.616825 0.260476
vt 0.625000 0.375521
vt 0.617110 0.491418
vt 0.500575 0.500000
vt 0.382864 0.491583
vt 0.383309 0.260988
vt 0.375000 0.373009
vt 0.497886 0.250000
vt 0.613124 0.260905
vt 0.625000 0.372836
vt 0.616448 0.482599
vt 0.501866 0.500000
vt 0.387341 0.482399
vt 0.386701 0.267461
vt 0.375000 0.375439
vt 0.498397 0.250000
vt 0.613299 0.267461
vt 0.625000 0.375556
vt 0.613542 0.487282
vt 0.501897 0.500000
vt 0.386458 0.487282
vt 0.386739 0.375312
vt 0.500000 0.262062
vt 0.613325 0.375389
vt 0.500064 0.486101
vt 0.499998 0.125210
vt 0.500064 0.373163
vt 0.500002 0.624791
vt 0.500000 0.875000
vt 0.749998 0.125211
vt 0.249998 0.125211
vt 0.499919 0.250000
vt 0.625000 0.375047
vt 0.500081 0.500000
vt 0.375000 0.375066
vt 0.498398 0.250000
vt 0.625000 0.372759
vt 0.501601 0.500000
vt 0.375000 0.377241
vt 0.499973 0.250000
vt 0.625000 0.374973
vt 0.500027 0.500000
vt 0.375000 0.375027
vt 0.500432 0.250000
vt 0.625000 0.375432
vt 0.499568 0.500000
vt 0.375000 0.374568
vt 0.499977 0.250000
vt 0.625000 0.374977
vt 0.500023 0.500000
vt 0.375000 0.375023
vt 0.497400 0.250000
vt 0.625000 0.372400
vt 0.502600 0.500000
vt 0.375000 0.377600
vt 0.502807 0.250000
vt 0.625000 0.377806
vt 0.497193 0.500000
vt 0.375000 0.372194
vt 0.499976 0.250000
vt 0.625000 0.374976
vt 0.500024 0.500000
vt 0.375000 0.375024
vt 0.495625 0.250000
vt 0.625000 0.370625
vt 0.504375 0.500000
vt 0.375000 0.379375
vt 0.500005 0.250000
vt 0.625000 0.375027
vt 0.500000 0.500000
vt 0.375000 0.375025
vt 0.500025 0.250000
vt 0.625000 0.374960
vt 0.500002 0.500000
vt 0.375000 0.374932
vt 0.498686 0.250000
vt 0.625000 0.375640
vt 0.501095 0.500000
vt 0.375000 0.375640
vt 0.499850 0.250000
vt 0.625000 0.376894
vt 0.499975 0.500000
vt 0.375000 0.377067
vt 0.496433 0.250000
vt 0.625000 0.368504
vt 0.503789 0.500000
vt 0.375000 0.368387
vt 0.500000 0.250000
vt 0.625000 0.379743
vt 0.500000 0.500000
vt 0.375000 0.379743
vt 0.375963 0.000966
vt 0.624037 0.000966
vt 0.375721 0.250019
vt 0.624138 0.249486
vt 0.376355 0.500515
vt 0.623785 0.500010
vt 0.376626 0.749696
vt 0.623374 0.749696
vt 0.376195 0.252076
vt 0.623098 0.251134
vt 0.623807 0.497952
vt 0.376900 0.498893
vt 0.377216 0.253530
vt 0.621844 0.252221
vt 0.622784 0.496470
vt 0.378156 0.497779
vt 0.378278 0.253099
vt 0.621899 0.253277
vt 0.621722 0.496901
vt 0.378101 0.496723
vt 0.378088 0.252859
vt 0.622140 0.253087
vt 0.621912 0.497141
vt 0.377860 0.496913
vt 0.377836 0.254179
vt 0.620820 0.252835
vt 0.622164 0.495821
vt 0.379180 0.497165
vt 0.379154 0.254059
vt 0.620941 0.254154
vt 0.620846 0.495941
vt 0.379059 0.495846
vt 0.379047 0.252614
vt 0.622385 0.254046
vt 0.620953 0.497386
vt 0.377615 0.495954
vt 0.377667 0.254912
vt 0.620088 0.252667
vt 0.622333 0.495088
vt 0.379912 0.497333
vt 0.379745 0.256897
vt 0.618101 0.254744
vt 0.620255 0.493103
vt 0.381899 0.495256
vt 0.381982 0.257043
vt 0.618023 0.257050
vt 0.618026 0.492895
vt 0.381974 0.492899
vt 0.382826 0.258193
vt 0.616495 0.258241
vt 0.618120 0.492401
vt 0.382403 0.492420
vt 0.382813 0.258792
vt 0.616577 0.258798
vt 0.617425 0.491723
vt 0.383150 0.491729
vt 0.383304 0.261084
vt 0.614582 0.261076
vt 0.616994 0.486760
vt 0.384873 0.486925
vt 0.384766 0.265400
vt 0.613631 0.265316
vt 0.614946 0.485240
vt 0.386952 0.485039
vt 0.390738 0.268348
vt 0.609262 0.268348
vt 0.609604 0.482170
vt 0.390481 0.482068
vt 0.376220 0.998012
vt 0.375226 0.000725
vt 0.375000 0.875000
vt 0.250000 0.001450
vt 0.376220 0.751988
vt 0.376220 0.750269
vt 0.407774 0.875000
vt 0.407710 0.000785
vt 0.500000 0.000000
vt 0.500000 0.998012
vt 0.592290 0.000785
vt 0.500000 0.032208
vt 0.375409 0.032269
vt 0.407521 0.125210
vt 0.375346 0.218293
vt 0.342813 0.125210
vt 0.623780 0.998012
vt 0.624774 0.000725
vt 0.592225 0.875000
vt 0.623780 0.751988
vt 0.623780 0.750269
vt 0.625000 0.875000
vt 0.750000 0.001450
vt 0.624590 0.032269
vt 0.657184 0.125211
vt 0.624614 0.218160
vt 0.592475 0.125209
vt 0.376090 0.250802
vt 0.407725 0.250264
vt 0.376184 0.251304
vt 0.375299 0.282584
vt 0.372806 0.249485
vt 0.374009 0.250552
vt 0.250515 0.250000
vt 0.375000 0.375057
vt 0.127705 0.249487
vt 0.375204 0.500513
vt 0.250062 0.218161
vt 0.407637 0.249619
vt 0.499988 0.218158
vt 0.592271 0.249485
vt 0.499934 0.249871
vt 0.623707 0.251067
vt 0.623503 0.250000
vt 0.624681 0.282567
vt 0.623574 0.251056
vt 0.592133 0.250261
vt 0.627693 0.249487
vt 0.625783 0.249487
vt 0.750059 0.218161
vt 0.872794 0.249485
vt 0.625000 0.499505
vt 0.750491 0.250000
vt 0.625000 0.375057
vt 0.376291 0.498990
vt 0.376495 0.500000
vt 0.375319 0.467531
vt 0.376424 0.498993
vt 0.407865 0.499753
vt 0.407851 0.500516
vt 0.500066 0.500129
vt 0.592240 0.500389
vt 0.500012 0.531842
vt 0.376251 0.531841
vt 0.407772 0.624791
vt 0.376321 0.717897
vt 0.375000 0.624788
vt 0.126981 0.125212
vt 0.623788 0.499248
vt 0.592277 0.499751
vt 0.623818 0.498746
vt 0.624701 0.467515
vt 0.623786 0.531715
vt 0.625000 0.624790
vt 0.873015 0.125210
vt 0.623680 0.717897
vt 0.592231 0.624790
vt 0.407876 0.750126
vt 0.500000 0.718040
vt 0.592124 0.750126
vt 0.500000 0.782311
vt 0.376216 0.252950
vt 0.407395 0.250875
vt 0.376491 0.253704
vt 0.375309 0.286188
vt 0.375299 0.284088
vt 0.375000 0.376735
vt 0.375475 0.467609
vt 0.375000 0.375296
vt 0.407567 0.250519
vt 0.499758 0.250000
vt 0.591196 0.250284
vt 0.498760 0.250000
vt 0.622544 0.251222
vt 0.624290 0.282266
vt 0.621934 0.251508
vt 0.589801 0.250315
vt 0.624525 0.282439
vt 0.625000 0.374802
vt 0.624702 0.465962
vt 0.625000 0.373279
vt 0.623785 0.497057
vt 0.592605 0.499125
vt 0.623509 0.496296
vt 0.624691 0.463813
vt 0.592435 0.499488
vt 0.500242 0.500000
vt 0.408801 0.499723
vt 0.501238 0.500000
vt 0.377454 0.498785
vt 0.375709 0.467735
vt 0.378066 0.498492
vt 0.410197 0.499685
vt 0.377934 0.253264
vt 0.410203 0.250797
vt 0.378191 0.253178
vt 0.375792 0.285243
vt 0.375554 0.285990
vt 0.375000 0.375334
vt 0.375789 0.466300
vt 0.375000 0.377196
vt 0.408785 0.250883
vt 0.498425 0.250000
vt 0.589571 0.250555
vt 0.499758 0.250000
vt 0.621825 0.252930
vt 0.624201 0.285196
vt 0.621820 0.253188
vt 0.589750 0.250791
vt 0.624211 0.283700
vt 0.625000 0.372804
vt 0.624446 0.464010
vt 0.625000 0.374666
vt 0.622066 0.496736
vt 0.589797 0.499203
vt 0.621809 0.496822
vt 0.624208 0.464757
vt 0.591215 0.499117
vt 0.501575 0.500000
vt 0.410429 0.499445
vt 0.500242 0.500000
vt 0.378175 0.497070
vt 0.375799 0.464804
vt 0.378180 0.496812
vt 0.410250 0.499209
vt 0.378367 0.253010
vt 0.410604 0.250741
vt 0.378320 0.252926
vt 0.375849 0.284847
vt 0.375819 0.285080
vt 0.375000 0.374644
vt 0.375775 0.464610
vt 0.375000 0.374989
vt 0.410392 0.250775
vt 0.500011 0.250000
vt 0.589919 0.250819
vt 0.500356 0.250000
vt 0.621989 0.253366
vt 0.624259 0.285603
vt 0.622073 0.253319
vt 0.590152 0.250849
vt 0.624225 0.285390
vt 0.625000 0.375011
vt 0.624181 0.464920
vt 0.625000 0.375356
vt 0.621633 0.496990
vt 0.589396 0.499259
vt 0.621680 0.497074
vt 0.624151 0.465153
vt 0.589608 0.499225
vt 0.499989 0.500000
vt 0.410081 0.499181
vt 0.499644 0.500000
vt 0.378011 0.496634
vt 0.375741 0.464397
vt 0.377927 0.496681
vt 0.409848 0.499151
vt 0.377847 0.252795
vt 0.409673 0.250691
vt 0.377748 0.253111
vt 0.375686 0.284711
vt 0.375772 0.284767
vt 0.375000 0.374949
vt 0.375715 0.464835
vt 0.375000 0.374607
vt 0.410167 0.250715
vt 0.500393 0.250000
vt 0.590231 0.250772
vt 0.500051 0.250000
vt 0.622204 0.252846
vt 0.624309 0.284671
vt 0.621887 0.252746
vt 0.590287 0.250685
vt 0.624285 0.285165
vt 0.625000 0.375392
vt 0.624228 0.465233
vt 0.625000 0.375051
vt 0.622153 0.497205
vt 0.590327 0.499309
vt 0.622252 0.496889
vt 0.624314 0.465289
vt 0.589833 0.499285
vt 0.499607 0.500000
vt 0.409769 0.499228
vt 0.499949 0.500000
vt 0.377796 0.497154
vt 0.375691 0.465329
vt 0.378113 0.497253
vt 0.409713 0.499315
vt 0.377921 0.255227
vt 0.409246 0.251379
vt 0.378202 0.255108
vt 0.375729 0.288797
vt 0.375709 0.286810
vt 0.375000 0.377307
vt 0.376045 0.465542
vt 0.375000 0.375365
vt 0.409459 0.251045
vt 0.499635 0.250000
vt 0.588189 0.250709
vt 0.497693 0.250000
vt 0.619772 0.252921
vt 0.623621 0.284246
vt 0.619892 0.253202
vt 0.586203 0.250729
vt 0.623955 0.284458
vt 0.625000 0.374635
vt 0.624291 0.463190
vt 0.625000 0.372693
vt 0.622079 0.494773
vt 0.590754 0.498621
vt 0.621798 0.494892
vt 0.624271 0.461203
vt 0.590541 0.498955
vt 0.500365 0.500000
vt 0.411811 0.499291
vt 0.502307 0.500000
vt 0.380228 0.497079
vt 0.376379 0.465754
vt 0.380108 0.496798
vt 0.413797 0.499271
vt 0.380137 0.253037
vt 0.413844 0.250677
vt 0.380184 0.252693
vt 0.376379 0.283933
vt 0.376038 0.286300
vt 0.375000 0.372900
vt 0.376015 0.463534
vt 0.375000 0.376906
vt 0.411466 0.251015
vt 0.498094 0.250000
vt 0.588700 0.251038
vt 0.502100 0.250000
vt 0.621963 0.255137
vt 0.624323 0.288844
vt 0.622307 0.255184
vt 0.591067 0.251378
vt 0.623985 0.286466
vt 0.625000 0.373094
vt 0.623962 0.463700
vt 0.625000 0.377100
vt 0.619863 0.496963
vt 0.586156 0.499323
vt 0.619816 0.497307
vt 0.623621 0.466067
vt 0.588534 0.498985
vt 0.501906 0.500000
vt 0.411300 0.498962
vt 0.497900 0.500000
vt 0.378037 0.494863
vt 0.375677 0.461156
vt 0.377693 0.494816
vt 0.408933 0.498622
vt 0.377897 0.252544
vt 0.409406 0.250638
vt 0.377577 0.253167
vt 0.375632 0.284447
vt 0.376012 0.284160
vt 0.375000 0.374648
vt 0.375654 0.463335
vt 0.375000 0.372509
vt 0.411666 0.250654
vt 0.502491 0.250000
vt 0.590839 0.251011
vt 0.500352 0.250000
vt 0.622455 0.252895
vt 0.624361 0.284404
vt 0.621832 0.252575
vt 0.590551 0.250632
vt 0.624346 0.286665
vt 0.625000 0.377491
vt 0.623988 0.465840
vt 0.625000 0.375352
vt 0.622103 0.497456
vt 0.590594 0.499362
vt 0.622424 0.496833
vt 0.624368 0.465553
vt 0.588334 0.499346
vt 0.497509 0.500000
vt 0.409161 0.498989
vt 0.499648 0.500000
vt 0.377545 0.497105
vt 0.375639 0.465596
vt 0.378168 0.497425
vt 0.409449 0.499368
vt 0.377747 0.256622
vt 0.408605 0.251783
vt 0.378245 0.257031
vt 0.375690 0.291261
vt 0.375667 0.287951
vt 0.375000 0.378876
vt 0.376228 0.465978
vt 0.375000 0.375592
vt 0.409023 0.251228
vt 0.499408 0.250000
vt 0.587048 0.250667
vt 0.496124 0.250000
vt 0.618378 0.252746
vt 0.623217 0.283605
vt 0.617969 0.253245
vt 0.583739 0.250690
vt 0.623772 0.284022
vt 0.625000 0.374408
vt 0.624333 0.462049
vt 0.625000 0.371124
vt 0.622253 0.493378
vt 0.591395 0.498217
vt 0.621755 0.492970
vt 0.624310 0.458739
vt 0.590977 0.498772
vt 0.500592 0.500000
vt 0.412952 0.499333
vt 0.503876 0.500000
vt 0.381622 0.497254
vt 0.376783 0.466395
vt 0.382031 0.496755
vt 0.416261 0.499310
vt 0.381278 0.256820
vt 0.414828 0.251721
vt 0.381946 0.256990
vt 0.376715 0.289860
vt 0.376186 0.290410
vt 0.375000 0.375545
vt 0.376725 0.463359
vt 0.375000 0.378786
vt 0.411643 0.251724
vt 0.496214 0.250000
vt 0.584587 0.251186
vt 0.499463 0.250000
vt 0.618185 0.256283
vt 0.623286 0.289869
vt 0.618061 0.257000
vt 0.585180 0.251722
vt 0.623275 0.286641
vt 0.625000 0.371214
vt 0.623814 0.459590
vt 0.625000 0.374468
vt 0.618721 0.493186
vt 0.585170 0.498284
vt 0.618053 0.493020
vt 0.623284 0.460179
vt 0.588357 0.498276
vt 0.503786 0.500000
vt 0.415413 0.498814
vt 0.500538 0.500000
vt 0.381817 0.493725
vt 0.376716 0.460183
vt 0.381947 0.493026
vt 0.414830 0.498285
vt 0.382002 0.257080
vt 0.415058 0.251785
vt 0.382262 0.257440
vt 0.376760 0.290159
vt 0.376745 0.290040
vt 0.375000 0.374886
vt 0.376743 0.459859
vt 0.375000 0.375016
vt 0.414979 0.251761
vt 0.500007 0.250000
vt 0.585030 0.251762
vt 0.500007 0.250000
vt 0.618005 0.257094
vt 0.623246 0.290225
vt 0.617599 0.257511
vt 0.584985 0.251797
vt 0.623256 0.290048
vt 0.625000 0.375020
vt 0.623257 0.459855
vt 0.625000 0.374894
vt 0.618032 0.492800
vt 0.585061 0.498193
vt 0.618076 0.492683
vt 0.623262 0.459705
vt 0.585033 0.498224
vt 0.500000 0.500000
vt 0.414967 0.498225
vt 0.500001 0.500000
vt 0.381968 0.492805
vt 0.376739 0.459722
vt 0.382057 0.492711
vt 0.414943 0.498198
vt 0.383246 0.258800
vt 0.415961 0.252165
vt 0.382711 0.258435
vt 0.377008 0.292234
vt 0.376957 0.291645
vt 0.375000 0.375913
vt 0.376851 0.459429
vt 0.375000 0.375151
vt 0.415863 0.252048
vt 0.499861 0.250000
vt 0.582949 0.252060
vt 0.498798 0.250000
vt 0.615552 0.258814
vt 0.622664 0.292242
vt 0.616198 0.258444
vt 0.581739 0.252166
vt 0.622874 0.291712
vt 0.625000 0.375193
vt 0.623280 0.459412
vt 0.625000 0.375920
vt 0.618134 0.492106
vt 0.585368 0.497994
vt 0.617865 0.491887
vt 0.623269 0.458879
vt 0.585280 0.498100
vt 0.500134 0.500000
vt 0.415634 0.498105
vt 0.500924 0.500000
vt 0.382790 0.492112
vt 0.377005 0.458886
vt 0.383127 0.491896
vt 0.416548 0.497995
vt 0.383022 0.259538
vt 0.416244 0.252621
vt 0.383045 0.261157
vt 0.377006 0.294872
vt 0.376953 0.292370
vt 0.375000 0.376127
vt 0.377037 0.458542
vt 0.375000 0.375331
vt 0.415863 0.252198
vt 0.498908 0.250000
vt 0.583068 0.252199
vt 0.499810 0.250000
vt 0.616787 0.259538
vt 0.622956 0.294819
vt 0.616239 0.261145
vt 0.583493 0.252619
vt 0.622894 0.292378
vt 0.625000 0.375332
vt 0.623106 0.458535
vt 0.625000 0.376084
vt 0.617069 0.491546
vt 0.583882 0.497855
vt 0.617202 0.490202
vt 0.623028 0.458496
vt 0.584425 0.497931
vt 0.500992 0.500000
vt 0.416581 0.497932
vt 0.500137 0.500000
vt 0.383069 0.491589
vt 0.376966 0.458745
vt 0.383234 0.490449
vt 0.416074 0.497896
vt 0.383495 0.260837
vt 0.415744 0.252747
vt 0.383486 0.262266
vt 0.377077 0.293332
vt 0.377076 0.294607
vt 0.375000 0.369271
vt 0.377468 0.451908
vt 0.375000 0.376606
vt 0.416102 0.252771
vt 0.499284 0.250000
vt 0.580199 0.252769
vt 0.496616 0.250000
vt 0.613121 0.260814
vt 0.622031 0.293257
vt 0.613618 0.262140
vt 0.578013 0.252726
vt 0.622395 0.294554
vt 0.625000 0.376347
vt 0.622998 0.451659
vt 0.625000 0.369257
vt 0.616679 0.483443
vt 0.584007 0.495650
vt 0.615978 0.483456
vt 0.622862 0.445375
vt 0.584209 0.496690
vt 0.500435 0.500000
vt 0.419057 0.496731
vt 0.503305 0.500000
vt 0.386627 0.483434
vt 0.378085 0.445095
vt 0.387341 0.483155
vt 0.422623 0.495600
vt 0.386166 0.267945
vt 0.420876 0.254365
vt 0.387762 0.266683
vt 0.377925 0.304262
vt 0.377442 0.300609
vt 0.375000 0.379769
vt 0.377988 0.450159
vt 0.375000 0.370421
vt 0.418057 0.253850
vt 0.497104 0.250000
vt 0.579137 0.253829
vt 0.499599 0.250000
vt 0.613433 0.267924
vt 0.622075 0.304262
vt 0.612238 0.266683
vt 0.579124 0.254365
vt 0.622158 0.300533
vt 0.625000 0.370597
vt 0.622486 0.450439
vt 0.625000 0.379798
vt 0.613938 0.486874
vt 0.579428 0.496820
vt 0.612513 0.485901
vt 0.622136 0.454038
vt 0.581656 0.496310
vt 0.503319 0.500000
vt 0.421664 0.496260
vt 0.500474 0.500000
vt 0.386536 0.486824
vt 0.377864 0.454038
vt 0.387508 0.485876
vt 0.420572 0.496820
vt 0.387771 0.299676
vt 0.420940 0.373662
vt 0.387643 0.450895
vt 0.377935 0.377532
vt 0.421988 0.263633
vt 0.500000 0.253015
vt 0.578012 0.263633
vt 0.500016 0.295868
vt 0.612245 0.299695
vt 0.622081 0.377551
vt 0.612459 0.451017
vt 0.579172 0.373758
vt 0.578370 0.485157
vt 0.500016 0.496525
vt 0.421747 0.485055
vt 0.500096 0.450918
vn -0.008207 -0.999944 0.006674
vn -0.857266 -0.514835 0.006308
vn -0.856930 -0.515433 -0.000000
vn -0.009035 -0.999959 0.000000
vn -0.999966 -0.004852 0.006666
vn -0.999986 -0.005340 -0.000001
vn -0.999966 -0.004851 -0.006671
vn -0.857269 -0.514830 -0.006309
vn -0.008207 -0.999944 -0.006674
vn -0.008203 -0.004849 0.999955
vn -0.007910 -0.591046 0.806599
vn -0.000000 -0.591398 0.806380
vn -0.000001 -0.005340 0.999986
vn -0.000000 -0.999973 0.007350
vn 0.008207 -0.999944 0.006674
vn 0.007908 -0.591051 0.806596
vn 0.008194 -0.004851 0.999955
vn -0.773436 -0.004697 0.633857
vn -0.773129 -0.000544 0.634249
vn -0.999970 -0.000650 0.007661
vn -0.009437 -0.000616 0.999955
vn -0.009861 0.001178 0.999951
vn -0.773043 0.001500 0.634352
vn -0.999968 0.000982 0.007990
vn 0.999966 -0.004850 0.006672
vn 0.857269 -0.514830 0.006309
vn 0.856929 -0.515434 0.000000
vn 0.999986 -0.005340 0.000001
vn 0.009035 -0.999959 0.000000
vn 0.008207 -0.999944 -0.006674
vn 0.857266 -0.514835 -0.006307
vn 0.999966 -0.004853 -0.006666
vn 0.773414 -0.004697 0.633883
vn 0.773082 -0.000544 0.634306
vn 0.009421 -0.000618 0.999955
vn 0.999970 -0.000649 0.007672
vn 0.999967 0.000983 0.008005
vn 0.772982 0.001500 0.634426
vn 0.009839 0.001178 0.999951
vn -0.975111 0.221560 0.008391
vn -0.732313 0.323271 0.599345
vn -0.723990 0.349156 0.594919
vn -0.970792 0.239795 0.007867
vn -0.010378 0.262917 0.964763
vn -0.009874 0.284419 0.958649
vn -0.009587 0.323851 0.946060
vn -0.711030 0.389955 0.585125
vn -0.962175 0.272336 0.007291
vn -0.999813 0.017588 0.008065
vn -0.999828 0.018564 -0.000002
vn -1.000000 0.000977 -0.000002
vn -0.975192 0.221361 -0.000009
vn -0.975066 0.221752 -0.008443
vn -0.999814 0.017533 -0.008078
vn -0.999968 0.000982 -0.008002
vn -0.009988 0.021064 0.999728
vn -0.000003 0.022237 0.999753
vn -0.000007 0.262657 0.964889
vn -0.000004 0.001167 0.999999
vn 0.009966 0.021057 0.999729
vn 0.010332 0.262741 0.964811
vn 0.732548 0.323259 0.599064
vn 0.723848 0.349171 0.595083
vn 0.009782 0.284250 0.958700
vn 0.975075 0.221714 0.008421
vn 0.970755 0.239940 0.007930
vn 0.962172 0.272342 0.007373
vn 0.710420 0.390026 0.585819
vn 0.009466 0.323840 0.946064
vn 0.999813 0.017596 0.008080
vn 0.999828 0.018564 0.000002
vn 0.975192 0.221359 0.000001
vn 1.000000 0.000977 0.000003
vn 0.999968 0.000982 -0.007988
vn 0.999814 0.017525 -0.008063
vn 0.975103 0.221593 -0.008412
vn -0.010316 0.273910 -0.961700
vn -0.729431 0.329950 -0.599219
vn -0.721942 0.355917 -0.593399
vn -0.009767 0.295723 -0.955224
vn -0.970744 0.239987 -0.007917
vn -0.962191 0.272276 -0.007328
vn -0.709660 0.396125 -0.582639
vn -0.009449 0.334687 -0.942282
vn -0.009842 0.001230 -0.999951
vn -0.009975 0.022029 -0.999708
vn 0.000004 0.023256 -0.999730
vn 0.000004 0.001218 -0.999999
vn 0.000007 0.273860 -0.961770
vn 0.010361 0.274083 -0.961650
vn 0.009998 0.022036 -0.999707
vn 0.009865 0.001230 -0.999951
vn -0.772985 0.001533 -0.634422
vn -0.773082 -0.000539 -0.634306
vn -0.999970 -0.000649 -0.007671
vn -0.009421 -0.000609 -0.999955
vn -0.008194 -0.004851 -0.999955
vn -0.773414 -0.004697 -0.633883
vn 0.729199 0.329956 -0.599497
vn 0.722087 0.355894 -0.593237
vn 0.970781 0.239838 -0.007853
vn 0.009857 0.295889 -0.955171
vn 0.009568 0.334697 -0.942277
vn 0.710270 0.396042 -0.581951
vn 0.962194 0.272269 -0.007246
vn 0.773048 0.001533 -0.634346
vn 0.773129 -0.000539 -0.634248
vn 0.009438 -0.000607 -0.999955
vn 0.999970 -0.000651 -0.007660
vn 0.773437 -0.004697 -0.633856
vn 0.008203 -0.004849 -0.999955
vn -0.007908 -0.591051 -0.806595
vn 0.000000 -0.591399 -0.806379
vn 0.000000 -0.999973 -0.007350
vn 0.000001 -0.005340 -0.999986
vn 0.007910 -0.591047 -0.806598
vn -0.582265 0.812971 0.006696
vn -0.308923 0.913839 0.263561
vn -0.301773 0.918949 0.253902
vn -0.571572 0.820523 0.006808
vn -0.007626 0.886500 0.462666
vn -0.007777 0.891421 0.453110
vn -0.008702 0.888119 0.459530
vn -0.299515 0.917563 0.261476
vn -0.577194 0.816568 0.007950
vn -0.753786 0.657080 0.007250
vn -0.726623 0.687036 0.000014
vn -0.961307 0.275479 -0.000004
vn -0.583824 0.811880 0.000012
vn -0.582245 0.812986 -0.006671
vn -0.754138 0.656676 -0.007271
vn -0.008791 0.766279 0.642448
vn 0.000009 0.787989 0.615689
vn 0.000011 0.886014 0.463658
vn -0.000019 0.324699 0.945817
vn 0.008712 0.766378 0.642331
vn 0.007643 0.886500 0.462665
vn 0.308731 0.913868 0.263685
vn 0.301816 0.918946 0.253860
vn 0.007836 0.891439 0.453073
vn 0.582249 0.812983 0.006681
vn 0.571610 0.820498 0.006763
vn 0.577236 0.816539 0.007885
vn 0.299740 0.917540 0.261299
vn 0.008788 0.888138 0.459494
vn 0.753857 0.656998 0.007306
vn 0.726619 0.687040 -0.000003
vn 0.583822 0.811881 -0.000008
vn 0.961308 0.275478 0.000021
vn 0.754061 0.656765 -0.007214
vn 0.582257 0.812977 -0.006685
vn 0.308889 0.913887 -0.263434
vn 0.301773 0.918956 -0.253875
vn 0.571571 0.820524 -0.006803
vn 0.007631 0.886597 -0.462479
vn 0.007777 0.891438 -0.453077
vn 0.008702 0.888120 -0.459529
vn 0.299515 0.917564 -0.261472
vn 0.577193 0.816569 -0.007947
vn 0.008783 0.768098 -0.640272
vn -0.000009 0.789373 -0.613914
vn -0.000011 0.886099 -0.463496
vn 0.000019 0.335493 -0.942043
vn -0.008706 0.768192 -0.640160
vn -0.007648 0.886598 -0.462477
vn -0.308701 0.913915 -0.263560
vn -0.301815 0.918954 -0.253834
vn -0.007837 0.891456 -0.453040
vn -0.571609 0.820498 -0.006759
vn -0.577236 0.816540 -0.007883
vn -0.299738 0.917541 -0.261297
vn -0.008788 0.888138 -0.459493
vn -0.999563 0.013717 0.026189
vn -0.707575 0.019784 0.706361
vn -0.707497 0.000186 0.706717
vn -0.999662 -0.000021 0.026014
vn -0.026068 0.015428 0.999541
vn -0.026148 0.000292 0.999658
vn -0.026238 -0.013806 0.999560
vn -0.707208 -0.018786 0.706756
vn -0.999568 -0.013780 0.025979
vn -0.881378 0.471988 0.020024
vn -0.903585 0.428409 0.000057
vn -0.583145 0.812368 0.000016
vn -0.999907 0.013612 0.000014
vn -0.999560 0.013843 -0.026243
vn -0.881333 0.472075 -0.019914
vn -0.019802 0.573112 0.819237
vn 0.000055 0.532237 0.846595
vn 0.000012 0.015144 0.999885
vn 0.000019 0.885805 0.464059
vn 0.019918 0.573083 0.819255
vn 0.026008 0.015312 0.999544
vn 0.707208 0.019797 0.706729
vn 0.706722 0.000189 0.707491
vn 0.025947 0.000248 0.999663
vn 0.999560 0.013843 0.026243
vn 0.999656 0.000025 0.026212
vn 0.999560 -0.013785 0.026263
vn 0.706198 -0.018785 0.707765
vn 0.025951 -0.013802 0.999568
vn 0.881334 0.472074 0.019915
vn 0.903585 0.428409 -0.000057
vn 0.999907 0.013612 -0.000014
vn 0.583145 0.812368 -0.000015
vn 0.881377 0.471989 -0.020023
vn 0.999563 0.013717 -0.026189
vn 0.707575 0.019784 -0.706361
vn 0.707496 0.000186 -0.706717
vn 0.999662 -0.000021 -0.026014
vn 0.026068 0.015428 -0.999541
vn 0.026148 0.000292 -0.999658
vn 0.026238 -0.013806 -0.999560
vn 0.707208 -0.018786 -0.706756
vn 0.999568 -0.013780 -0.025979
vn 0.019801 0.573118 -0.819234
vn -0.000055 0.532243 -0.846592
vn -0.000012 0.015144 -0.999885
vn -0.000019 0.885805 -0.464058
vn -0.019918 0.573088 -0.819252
vn -0.026008 0.015312 -0.999544
vn -0.707208 0.019797 -0.706729
vn -0.706722 0.000189 -0.707491
vn -0.025947 0.000248 -0.999663
vn -0.999656 0.000025 -0.026212
vn -0.999560 -0.013785 -0.026263
vn -0.706198 -0.018785 -0.707765
vn -0.025951 -0.013802 -0.999568
vn -0.734140 -0.678724 0.019271
vn -0.422883 -0.800960 0.423832
vn -0.383534 -0.839667 0.384526
vn -0.666105 -0.745659 0.017229
vn -0.019076 -0.682553 0.730587
vn -0.017066 -0.746161 0.665547
vn -0.018715 -0.653202 0.756952
vn -0.465126 -0.752119 0.466877
vn -0.754080 -0.656513 0.018829
vn -0.994323 -0.103158 0.026086
vn -0.995456 -0.095224 -0.000054
vn -0.999908 -0.013590 -0.000050
vn -0.748667 -0.662946 -0.000023
vn -0.733476 -0.679443 -0.019246
vn -0.994310 -0.103211 -0.026354
vn -0.026306 -0.105088 0.994115
vn -0.000054 -0.095190 0.995459
vn -0.000023 -0.662970 0.748646
vn -0.000050 -0.013598 0.999907
vn 0.026035 -0.105069 0.994124
vn 0.019101 -0.681887 0.731208
vn 0.422567 -0.800968 0.424132
vn 0.384034 -0.839686 0.383986
vn 0.017222 -0.745823 0.665922
vn 0.733476 -0.679442 0.019246
vn 0.665736 -0.745992 0.017074
vn 0.754109 -0.656487 0.018576
vn 0.467090 -0.752138 0.464882
vn 0.018978 -0.653222 0.756928
vn 0.994310 -0.103210 0.026354
vn 0.995456 -0.095224 0.000054
vn 0.748667 -0.662946 0.000023
vn 0.999908 -0.013590 0.000050
vn 0.994323 -0.103157 -0.026086
vn 0.734141 -0.678724 -0.019271
vn 0.422884 -0.800959 -0.423833
vn 0.383533 -0.839668 -0.384526
vn 0.666105 -0.745659 -0.017229
vn 0.019076 -0.682552 -0.730588
vn 0.017066 -0.746161 -0.665547
vn 0.018715 -0.653203 -0.756951
vn 0.465125 -0.752120 -0.466877
vn 0.754080 -0.656513 -0.018829
vn 0.026305 -0.105087 -0.994115
vn 0.000054 -0.095190 -0.995459
vn 0.000023 -0.662969 -0.748647
vn 0.000050 -0.013597 -0.999907
vn -0.026035 -0.105069 -0.994124
vn -0.019101 -0.681887 -0.731208
vn -0.422567 -0.800968 -0.424131
vn -0.384033 -0.839687 -0.383985
vn -0.017222 -0.745824 -0.665921
vn -0.665737 -0.745991 -0.017074
vn -0.754109 -0.656487 -0.018576
vn -0.467089 -0.752139 -0.464882
vn -0.018978 -0.653224 -0.756927
vn -0.997945 -0.059687 0.023286
vn -0.707011 -0.080285 0.702631
vn -0.709658 0.006746 0.704514
vn -0.999723 0.005183 0.022978
vn -0.023457 -0.059213 0.997970
vn -0.023288 0.005333 0.999715
vn -0.023664 0.088407 0.995803
vn -0.706429 0.115315 0.698327
vn -0.995759 0.089036 0.023180
vn -0.964182 -0.264246 0.022937
vn -0.961249 -0.275683 -0.000017
vn -0.749423 -0.662091 0.000023
vn -0.998224 -0.059576 -0.000033
vn -0.997957 -0.059483 -0.023321
vn -0.964303 -0.263824 -0.022740
vn -0.022891 -0.259633 0.965436
vn -0.000015 -0.276037 0.961147
vn -0.000033 -0.059614 0.998221
vn 0.000031 -0.662486 0.749074
vn 0.023104 -0.260144 0.965293
vn 0.023423 -0.059439 0.997957
vn 0.707385 -0.080291 0.702253
vn 0.709129 0.006744 0.705046
vn 0.023101 0.005174 0.999720
vn 0.997957 -0.059483 0.023321
vn 0.999718 0.005338 0.023161
vn 0.995751 0.089051 0.023457
vn 0.705143 0.115310 0.699627
vn 0.023377 0.088400 0.995811
vn 0.964303 -0.263823 0.022740
vn 0.961249 -0.275682 0.000017
vn 0.998224 -0.059576 0.000033
vn 0.749423 -0.662091 -0.000023
vn 0.964182 -0.264246 -0.022937
vn 0.997946 -0.059687 -0.023286
vn 0.707010 -0.080286 -0.702631
vn 0.709659 0.006746 -0.704514
vn 0.999722 0.005183 -0.022978
vn 0.023457 -0.059214 -0.997970
vn 0.023288 0.005333 -0.999715
vn 0.023664 0.088407 -0.995803
vn 0.706429 0.115315 -0.698327
vn 0.995759 0.089036 -0.023180
vn 0.022891 -0.259635 -0.965435
vn 0.000016 -0.276039 -0.961146
vn 0.000033 -0.059615 -0.998221
vn -0.000030 -0.662488 -0.749073
vn -0.023105 -0.260145 -0.965293
vn -0.023423 -0.059439 -0.997957
vn -0.707385 -0.080291 -0.702253
vn -0.709130 0.006744 -0.705046
vn -0.023101 0.005174 -0.999720
vn -0.999718 0.005339 -0.023161
vn -0.995751 0.089051 -0.023457
vn -0.705143 0.115311 -0.699626
vn -0.023377 0.088400 -0.995811
vn -0.297177 0.954796 0.007179
vn -0.175896 0.967999 0.178995
vn -0.094476 0.991065 0.094151
vn -0.186299 0.982479 0.005292
vn -0.007189 0.952781 0.303574
vn -0.005283 0.982699 0.185133
vn -0.010689 0.943529 0.331118
vn -0.155933 0.975763 0.153528
vn -0.340118 0.940320 0.010825
vn -0.872282 0.488601 0.019811
vn -0.850723 0.525614 0.000031
vn -0.995899 0.090468 -0.000031
vn -0.279827 0.960050 0.000039
vn -0.296546 0.954992 -0.007163
vn -0.872390 0.488401 -0.019993
vn -0.020128 0.475457 0.879509
vn 0.000031 0.526342 0.850273
vn 0.000040 0.960176 0.279396
vn -0.000032 0.090527 0.995894
vn 0.019943 0.475749 0.879355
vn 0.007211 0.952578 0.304209
vn 0.175241 0.967993 0.179666
vn 0.094350 0.991065 0.094278
vn 0.005297 0.982668 0.185300
vn 0.296545 0.954992 0.007163
vn 0.186129 0.982511 0.005281
vn 0.340153 0.940308 0.010824
vn 0.155979 0.975763 0.153482
vn 0.010692 0.943541 0.331084
vn 0.872389 0.488403 0.019992
vn 0.850723 0.525614 -0.000031
vn 0.279827 0.960050 -0.000039
vn 0.995899 0.090468 0.000031
vn 0.872283 0.488601 -0.019811
vn 0.297178 0.954795 -0.007179
vn 0.175896 0.967999 -0.178995
vn 0.094474 0.991065 -0.094151
vn 0.186296 0.982479 -0.005292
vn 0.007189 0.952781 -0.303574
vn 0.005283 0.982700 -0.185132
vn 0.010689 0.943529 -0.331117
vn 0.155933 0.975763 -0.153528
vn 0.340119 0.940320 -0.010825
vn 0.020129 0.475457 -0.879509
vn -0.000031 0.526342 -0.850273
vn -0.000040 0.960176 -0.279395
vn 0.000032 0.090527 -0.995894
vn -0.019943 0.475749 -0.879355
vn -0.007212 0.952578 -0.304209
vn -0.175242 0.967993 -0.179667
vn -0.094348 0.991065 -0.094278
vn -0.005297 0.982668 -0.185300
vn -0.186126 0.982512 -0.005281
vn -0.340153 0.940308 -0.010824
vn -0.155979 0.975763 -0.153482
vn -0.010692 0.943541 -0.331084
vn -0.345570 -0.938337 0.010260
vn -0.163337 -0.972787 0.164335
vn -0.119435 -0.985558 0.120045
vn -0.233323 -0.972379 0.006273
vn -0.009993 -0.940807 0.338795
vn -0.006220 -0.972559 0.232572
vn -0.007755 -0.945715 0.324904
vn -0.185525 -0.964794 0.186420
vn -0.319316 -0.947617 0.007670
vn -0.989719 -0.141050 0.023680
vn -0.990467 -0.137748 -0.000049
vn -0.378213 0.925718 -0.000014
vn -0.375652 -0.926761 -0.000009
vn -0.345640 -0.938311 -0.010236
vn -0.989694 -0.141223 -0.023718
vn -0.021194 -0.141837 0.989663
vn -0.000051 -0.137817 0.990458
vn -0.000010 -0.926651 0.375924
vn -0.000013 0.925548 0.378630
vn 0.021144 -0.141694 0.989685
vn 0.010015 -0.940835 0.338717
vn 0.163466 -0.972788 0.164201
vn 0.119626 -0.985559 0.119849
vn 0.006262 -0.972562 0.232559
vn 0.345640 -0.938311 0.010236
vn 0.233340 -0.972375 0.006230
vn 0.319317 -0.947617 0.007598
vn 0.186088 -0.964791 0.185876
vn 0.007828 -0.945719 0.324891
vn 0.989694 -0.141223 0.023718
vn 0.990467 -0.137748 0.000049
vn 0.375652 -0.926761 0.000009
vn 0.378213 0.925719 0.000014
vn 0.989719 -0.141050 -0.023681
vn 0.345570 -0.938337 -0.010260
vn 0.163337 -0.972787 -0.164334
vn 0.119435 -0.985558 -0.120044
vn 0.233322 -0.972379 -0.006273
vn 0.009993 -0.940809 -0.338789
vn 0.006220 -0.972560 -0.232569
vn 0.007755 -0.945716 -0.324903
vn 0.185524 -0.964794 -0.186420
vn 0.319316 -0.947617 -0.007671
vn 0.021193 -0.141835 -0.989663
vn 0.000051 -0.137813 -0.990458
vn 0.000010 -0.926652 -0.375921
vn 0.000013 0.925549 -0.378629
vn -0.021143 -0.141689 -0.989685
vn -0.010015 -0.940835 -0.338717
vn -0.163465 -0.972788 -0.164205
vn -0.119626 -0.985559 -0.119851
vn -0.006262 -0.972561 -0.232563
vn -0.233340 -0.972375 -0.006230
vn -0.319317 -0.947617 -0.007598
vn -0.186088 -0.964791 -0.185877
vn -0.007828 -0.945718 -0.324893
vn -0.996469 -0.081183 0.021398
vn -0.706139 -0.105786 0.700127
vn -0.709986 0.002867 0.704210
vn -0.999773 0.001559 0.021231
vn -0.021614 -0.080442 0.996525
vn -0.021556 0.001717 0.999766
vn -0.022031 0.088384 0.995843
vn -0.706279 0.116243 0.698325
vn -0.995794 0.089046 0.021555
vn -0.864770 -0.501825 0.018566
vn -0.841159 -0.540788 -0.000030
vn -0.306812 -0.951770 -0.000003
vn -0.996610 -0.082275 -0.000040
vn -0.996484 -0.080996 -0.021443
vn -0.865017 -0.501405 -0.018413
vn -0.018670 -0.487570 0.872884
vn -0.000028 -0.541500 0.840701
vn -0.000040 -0.082324 0.996606
vn -0.000001 -0.951889 0.306444
vn 0.018840 -0.488125 0.872570
vn 0.021572 -0.080659 0.996508
vn 0.706503 -0.105795 0.699758
vn 0.709429 0.002865 0.704771
vn 0.021358 0.001551 0.999771
vn 0.996484 -0.080995 0.021443
vn 0.999769 0.001720 0.021425
vn 0.995787 0.089060 0.021845
vn 0.704903 0.116238 0.699715
vn 0.021731 0.088380 0.995850
vn 0.865018 -0.501403 0.018413
vn 0.841160 -0.540786 0.000030
vn 0.996610 -0.082275 0.000040
vn 0.306812 -0.951770 0.000003
vn 0.864770 -0.501825 -0.018566
vn 0.996470 -0.081182 -0.021398
vn 0.706139 -0.105786 -0.700126
vn 0.709987 0.002867 -0.704209
vn 0.999773 0.001559 -0.021231
vn 0.021614 -0.080442 -0.996525
vn 0.021556 0.001717 -0.999766
vn 0.022031 0.088383 -0.995843
vn 0.706279 0.116243 -0.698325
vn 0.995794 0.089046 -0.021555
vn 0.018669 -0.487569 -0.872885
vn 0.000028 -0.541501 -0.840700
vn 0.000040 -0.082324 -0.996606
vn 0.000001 -0.951888 -0.306445
vn -0.018840 -0.488127 -0.872569
vn -0.021572 -0.080659 -0.996508
vn -0.706503 -0.105795 -0.699758
vn -0.709429 0.002865 -0.704771
vn -0.021358 0.001551 -0.999771
vn -0.999769 0.001720 -0.021425
vn -0.995787 0.089061 -0.021845
vn -0.704903 0.116238 -0.699715
vn -0.021731 0.088379 -0.995850
vn -0.140930 0.990013 0.003457
vn -0.084134 0.992791 0.085372
vn -0.039885 0.998383 0.040503
vn -0.077699 0.996974 0.002482
vn -0.003478 0.989487 0.144581
vn -0.002437 0.996980 0.077613
vn -0.004576 0.994646 0.103238
vn -0.049871 0.997494 0.050178
vn -0.105363 0.994423 0.004672
vn -0.735653 0.677177 0.015677
vn -0.688755 0.724994 0.000057
vn -0.995902 0.090434 -0.000032
vn -0.131269 0.991347 0.000045
vn -0.140582 0.990063 -0.003439
vn -0.735776 0.677040 -0.015862
vn -0.016189 0.659302 0.751704
vn 0.000057 0.725788 0.687918
vn 0.000046 0.991377 0.131041
vn -0.000033 0.090488 0.995898
vn 0.015987 0.659542 0.751498
vn 0.003502 0.989435 0.144938
vn 0.083595 0.992789 0.085922
vn 0.039768 0.998383 0.040623
vn 0.002463 0.996976 0.077673
vn 0.140581 0.990063 0.003439
vn 0.077641 0.996978 0.002461
vn 0.105356 0.994424 0.004646
vn 0.049877 0.997495 0.050163
vn 0.004598 0.994645 0.103244
vn 0.735776 0.677040 0.015862
vn 0.688752 0.724997 -0.000057
vn 0.131269 0.991347 -0.000046
vn 0.995903 0.090434 0.000032
vn 0.735650 0.677181 -0.015677
vn 0.140929 0.990014 -0.003456
vn 0.084134 0.992791 -0.085368
vn 0.039889 0.998383 -0.040499
vn 0.077703 0.996973 -0.002483
vn 0.003478 0.989487 -0.144581
vn 0.002437 0.996980 -0.077613
vn 0.004576 0.994646 -0.103238
vn 0.049871 0.997494 -0.050178
vn 0.105363 0.994423 -0.004672
vn 0.016189 0.659301 -0.751705
vn -0.000057 0.725787 -0.687919
vn -0.000046 0.991377 -0.131041
vn 0.000033 0.090487 -0.995898
vn -0.015987 0.659540 -0.751499
vn -0.003502 0.989435 -0.144938
vn -0.083595 0.992789 -0.085922
vn -0.039768 0.998383 -0.040623
vn -0.002463 0.996976 -0.077673
vn -0.077641 0.996978 -0.002461
vn -0.105356 0.994424 -0.004646
vn -0.049877 0.997495 -0.050163
vn -0.004598 0.994646 -0.103244
vn -0.997165 0.049882 0.056341
vn -0.704177 0.068500 0.706713
vn -0.707969 0.010067 0.706172
vn -0.998310 0.008434 0.057504
vn -0.056153 0.050234 0.997158
vn -0.057949 0.005913 0.998302
vn -0.059588 -0.015480 0.998103
vn -0.711284 -0.009569 0.702839
vn -0.998313 -0.000484 0.058054
vn -0.753109 0.656542 0.042182
vn -0.799059 0.601253 0.000127
vn -0.115694 0.993285 0.000017
vn -0.998866 0.047607 0.000064
vn -0.997161 0.050024 -0.056275
vn -0.752934 0.656753 -0.042018
vn -0.041523 0.667560 0.743397
vn 0.000124 0.599973 0.800020
vn 0.000066 0.047636 0.998865
vn 0.000017 0.993265 0.115864
vn 0.041683 0.667311 0.743612
vn 0.056251 0.050080 0.997160
vn 0.704009 0.068504 0.706880
vn 0.708031 0.010072 0.706109
vn 0.058019 0.005892 0.998298
vn 0.997162 0.050044 0.056253
vn 0.998313 0.008458 0.057452
vn 0.998316 -0.000484 0.058005
vn 0.711446 -0.009565 0.702675
vn 0.059662 -0.015480 0.998099
vn 0.752847 0.656853 0.042019
vn 0.799048 0.601267 -0.000121
vn 0.998866 0.047609 -0.000064
vn 0.115694 0.993285 -0.000017
vn 0.753170 0.656472 -0.042178
vn 0.997165 0.049864 -0.056349
vn 0.704025 0.068404 -0.706873
vn 0.706368 0.012940 -0.707726
vn 0.998295 0.008668 -0.057728
vn 0.056074 0.050161 -0.997166
vn 0.057663 0.010116 -0.998285
vn 0.058840 0.008975 -0.998227
vn 0.706768 0.007251 -0.707409
vn 0.998276 0.000838 -0.058685
vn 0.041522 0.667358 -0.743578
vn -0.000124 0.599754 -0.800185
vn -0.000059 0.047580 -0.998868
vn -0.000017 0.993265 -0.115864
vn -0.041676 0.667109 -0.743793
vn -0.056131 0.049993 -0.997171
vn -0.703799 0.068389 -0.707100
vn -0.706284 0.012930 -0.707811
vn -0.057650 0.010082 -0.998286
vn -0.998296 0.008695 -0.057709
vn -0.998276 0.000838 -0.058682
vn -0.706734 0.007251 -0.707442
vn -0.058800 0.008975 -0.998229
vn -0.998808 -0.013768 0.046821
vn -0.749372 -0.219535 0.624696
vn -0.774242 -0.247664 0.582419
vn -0.998805 0.001511 0.048859
vn -0.061860 -0.343107 0.937257
vn -0.063695 -0.452947 0.889259
vn -0.065921 -0.516913 0.853496
vn -0.763252 -0.219972 0.607502
vn -0.995616 0.058610 0.072888
vn -0.998398 -0.003871 0.056443
vn -0.999999 0.000369 -0.001106
vn -1.000000 0.000100 -0.000107
vn -0.999987 0.001194 -0.004855
vn -0.997542 0.016776 -0.068032
vn -0.998087 0.005354 -0.061594
vn -0.061470 -0.085996 0.994397
vn 0.000012 -0.087508 0.996164
vn 0.000013 -0.346189 0.938165
vn 0.000013 -0.015978 0.999872
vn 0.061534 -0.085998 0.994393
vn 0.061955 -0.342724 0.937391
vn 0.749003 -0.219212 0.625252
vn 0.775033 -0.246543 0.581843
vn 0.064155 -0.452286 0.889563
vn 0.998807 -0.013840 0.046820
vn 0.998813 0.001469 0.048681
vn 0.995637 0.058683 0.072548
vn 0.765100 -0.218420 0.605735
vn 0.066607 -0.516801 0.853510
vn 0.998400 -0.003862 0.056415
vn 0.999999 0.000369 -0.001111
vn 0.999988 0.001170 -0.004861
vn 1.000000 0.000100 -0.000116
vn 0.998087 0.005349 -0.061598
vn 0.997541 0.016774 -0.068051
vn 0.665377 0.175229 -0.725650
vn 0.681976 0.194568 -0.705019
vn 0.997705 0.022161 -0.063986
vn 0.058555 0.233453 -0.970604
vn 0.059108 0.262505 -0.963118
vn 0.060576 0.311211 -0.948408
vn 0.693828 0.235428 -0.680570
vn 0.997667 0.041356 -0.054308
vn 0.059502 0.078082 -0.995170
vn 0.000007 0.077823 -0.996967
vn 0.000013 0.233616 -0.972329
vn 0.000007 0.008718 -0.999962
vn -0.059463 0.078087 -0.995172
vn -0.058483 0.233392 -0.970622
vn -0.665425 0.175121 -0.725632
vn -0.681919 0.194458 -0.705104
vn -0.058965 0.262429 -0.963148
vn -0.997706 0.022159 -0.063971
vn -0.997667 0.041358 -0.054316
vn -0.693615 0.235487 -0.680767
vn -0.060373 0.311207 -0.948422
vn -0.982362 0.138393 0.125749
vn -0.760697 -0.214729 0.612562
vn -0.758189 -0.267729 0.594534
vn -0.982959 0.115577 0.142946
vn -0.066591 -0.599624 0.797506
vn -0.067221 -0.647886 0.758765
vn -0.066090 -0.684106 0.726383
vn -0.721150 -0.345222 0.600636
vn -0.982333 0.093883 0.161887
vn -0.984833 0.134854 0.109173
vn -0.992704 0.113832 0.039752
vn -0.999121 0.040749 0.009848
vn -0.988941 0.135852 0.059501
vn -0.985571 0.169135 -0.006576
vn -0.992189 0.120913 -0.030691
vn -0.065825 -0.553939 0.829951
vn 0.000073 -0.571273 0.820760
vn 0.000014 -0.613942 0.789351
vn 0.000121 -0.531525 0.847043
vn 0.066221 -0.554398 0.829613
vn 0.066692 -0.599992 0.797221
vn 0.761012 -0.215232 0.611993
vn 0.758247 -0.267856 0.594403
vn 0.067271 -0.647934 0.758720
vn 0.982395 0.138250 0.125645
vn 0.982973 0.115532 0.142884
vn 0.982336 0.093917 0.161853
vn 0.721334 -0.345015 0.600534
vn 0.066172 -0.684100 0.726381
vn 0.984879 0.134731 0.108909
vn 0.992724 0.113678 0.039703
vn 0.988959 0.135736 0.059455
vn 0.999121 0.040745 0.009803
vn 0.992203 0.120797 -0.030678
vn 0.985584 0.169056 -0.006592
vn 0.601534 0.616376 -0.508171
vn 0.649384 0.607043 -0.458038
vn 0.987185 0.159178 0.011339
vn 0.060523 0.723675 -0.687482
vn 0.062445 0.743420 -0.665904
vn 0.064449 0.754344 -0.653308
vn 0.674617 0.598125 -0.432595
vn 0.989024 0.145889 0.023420
vn 0.061786 0.570324 -0.819093
vn 0.000026 0.570116 -0.821564
vn 0.000011 0.722506 -0.691365
vn 0.000035 0.309890 -0.950772
vn -0.061616 0.570446 -0.819021
vn -0.060449 0.723707 -0.687455
vn -0.601350 0.616534 -0.508197
vn -0.649347 0.607057 -0.458071
vn -0.062395 0.743418 -0.665911
vn -0.987187 0.159164 0.011366
vn -0.989028 0.145856 0.023453
vn -0.674606 0.598131 -0.432604
vn -0.064397 0.754343 -0.653314
vn -0.997625 -0.045881 0.051364
vn -0.695388 -0.548474 0.464340
vn -0.656407 -0.575142 0.488203
vn -0.996471 -0.058285 0.060400
vn -0.067783 -0.767356 0.637629
vn -0.068111 -0.765030 0.640383
vn -0.069242 -0.737518 0.671768
vn -0.634391 -0.554358 0.538735
vn -0.992961 -0.050786 0.107004
vn -0.996035 0.001584 0.088953
vn -0.998066 0.048895 0.038386
vn -0.989946 0.111515 0.087009
vn -0.999919 0.011651 0.005027
vn -0.995937 0.081221 -0.038900
vn -0.993843 0.110181 -0.011648
vn -0.067315 -0.747311 0.661056
vn 0.000018 -0.751733 0.659468
vn 0.000004 -0.769411 0.638754
vn 0.000016 -0.693847 0.720123
vn 0.067400 -0.747271 0.661092
vn 0.067768 -0.767299 0.637699
vn 0.694337 -0.548957 0.465341
vn 0.654012 -0.576503 0.489809
vn 0.067971 -0.764988 0.640448
vn 0.997578 -0.046238 0.051955
vn 0.996340 -0.059344 0.061524
vn 0.992713 -0.052402 0.108510
vn 0.631052 -0.556477 0.540468
vn 0.069026 -0.737565 0.671739
vn 0.996013 0.001677 0.089189
vn 0.998058 0.048992 0.038482
vn 0.999919 0.011667 0.005144
vn 0.989946 0.111534 0.086987
vn 0.993829 0.110319 -0.011586
vn 0.995921 0.081434 -0.038850
vn 0.640753 0.674753 -0.366256
vn 0.660314 0.666344 -0.346370
vn 0.996398 0.078293 -0.032589
vn 0.068866 0.875922 -0.477512
vn 0.070110 0.882904 -0.464289
vn 0.070642 0.902930 -0.423942
vn 0.642437 0.704819 -0.300840
vn 0.994850 0.101055 0.007825
vn 0.067395 0.835126 -0.545914
vn 0.000027 0.836693 -0.547673
vn 0.000115 0.877909 -0.478828
vn 0.000010 0.753411 -0.657550
vn -0.067262 0.835091 -0.545985
vn -0.068235 0.875859 -0.477719
vn -0.640009 0.675072 -0.366970
vn -0.658828 0.667276 -0.347402
vn -0.068859 0.882879 -0.464525
vn -0.996418 0.078045 -0.032574
vn -0.994874 0.100792 0.008120
vn -0.640551 0.706186 -0.301655
vn -0.068825 0.902994 -0.424104
vn -0.426799 0.138156 0.893731
vn -0.203407 -0.017164 0.978944
vn 0.058021 0.225302 0.972560
vn 0.130105 0.200710 0.970973
vn -0.026048 -0.098814 0.994765
vn 0.029243 0.345906 0.937813
vn 0.093560 0.873152 0.478386
vn 0.432065 0.577313 0.692841
vn 0.668073 0.201040 0.716422
vn -0.945298 -0.000650 0.326208
vn -0.958468 0.068548 0.276839
vn -0.998419 0.018712 0.053003
vn -0.436941 0.171406 0.883008
vn -0.422015 0.236772 0.875124
vn -0.958546 0.169120 0.229322
vn -0.063617 -0.607927 0.791440
vn 0.000257 -0.603193 0.797595
vn 0.000663 -0.087308 0.996181
vn 0.000025 -0.740464 0.672096
vn 0.063822 -0.607883 0.791458
vn 0.027032 -0.099545 0.994666
vn 0.203906 -0.020784 0.978770
vn -0.057657 0.225658 0.972499
vn -0.028570 0.346000 0.937799
vn 0.430055 0.137861 0.892215
vn -0.129546 0.200368 0.971118
vn -0.667811 0.200315 0.716870
vn -0.430476 0.577186 0.693936
vn -0.094322 0.872815 0.478850
vn 0.945171 -0.002210 0.326567
vn 0.958760 0.068669 0.275797
vn 0.443158 0.172053 0.879778
vn 0.998415 0.018579 0.053123
vn 0.958929 0.169281 0.227593
vn 0.432565 0.237795 0.869679
vn 0.207072 0.585597 0.783707
vn -0.072657 0.293555 0.953177
vn -0.106000 0.173266 0.979154
vn 0.026535 0.765480 0.642913
vn -0.028947 0.292673 0.955774
vn -0.070986 -0.562639 0.823649
vn -0.389225 -0.306943 0.868499
vn -0.659428 0.033399 0.751026
vn 0.063548 0.969841 -0.235308
vn 0.000490 0.975997 -0.217785
vn 0.000426 0.782536 0.622606
vn 0.000341 0.904970 -0.425475
vn -0.061227 0.970247 -0.234248
vn -0.024594 0.759810 0.649680
vn -0.196363 0.578665 0.791573
vn 0.074892 0.286039 0.955287
vn 0.029177 0.284686 0.958177
vn 0.109291 0.172244 0.978973
vn 0.659797 0.033284 0.750706
vn 0.390105 -0.305566 0.868589
vn 0.071812 -0.562174 0.823896
vn 0.991823 0.126209 0.018938
vn 0.665756 0.659110 -0.349776
vn 0.659245 0.607135 -0.443603
vn 0.992984 0.109528 -0.044571
vn 0.104422 0.840772 -0.531224
vn 0.099090 0.791874 -0.602592
vn 0.087286 0.820381 -0.565115
vn 0.695274 0.596788 -0.400548
vn 0.993534 0.113448 0.004427
vn 0.930378 0.166694 0.326511
vn 0.942509 0.052420 0.330045
vn 0.691585 0.118583 0.712495
vn 0.997041 0.012942 0.075776
vn 0.984817 -0.113533 0.131323
vn 0.921324 -0.072755 0.381927
vn 0.113498 0.982067 -0.150539
vn -0.001143 0.977290 -0.211903
vn -0.000458 0.840254 -0.542193
vn -0.001150 0.914345 0.404934
vn -0.114727 0.981196 -0.155214
vn -0.104937 0.839894 -0.532509
vn -0.665075 0.658461 -0.352283
vn -0.659103 0.607003 -0.443993
vn -0.099204 0.791701 -0.602800
vn -0.991916 0.125665 0.017651
vn -0.992985 0.109413 -0.044827
vn -0.993534 0.113457 0.004182
vn -0.695284 0.596769 -0.400558
vn -0.087286 0.820382 -0.565115
vn -0.931764 0.165506 0.323147
vn -0.943791 0.051457 0.326512
vn -0.997139 0.012531 0.074541
vn -0.691389 0.118372 0.712720
vn -0.922670 -0.073250 0.378570
vn -0.984968 -0.113609 0.130119
vn -0.607764 -0.692455 0.388753
vn -0.645244 -0.689066 0.329923
vn -0.991677 -0.104088 0.075779
vn -0.095729 -0.887995 0.449779
vn -0.097083 -0.902961 0.418612
vn -0.085640 -0.883934 0.459703
vn -0.641173 -0.675368 0.364382
vn -0.992377 -0.057302 0.109110
vn -0.086041 -0.793210 0.602839
vn 0.000278 -0.810328 0.585976
vn 0.000116 -0.894173 0.447722
vn 0.000354 -0.590153 0.807291
vn 0.086577 -0.793594 0.602257
vn 0.095911 -0.888085 0.449562
vn 0.607376 -0.692646 0.389020
vn 0.645152 -0.689058 0.330118
vn 0.097179 -0.902939 0.418637
vn 0.991658 -0.104045 0.076091
vn 0.992328 -0.057001 0.109706
vn 0.641264 -0.674879 0.365130
vn 0.085893 -0.883727 0.460053
vn 0.755753 0.464431 0.461673
vn 0.756136 0.408706 0.511094
vn 0.996977 0.041253 0.065836
vn 0.087091 0.697624 0.711151
vn 0.096573 0.629183 0.771234
vn 0.087015 0.549848 0.830720
vn 0.745229 0.342818 0.571935
vn 0.073313 0.994592 0.073562
vn -0.000008 0.997096 0.076155
vn -0.000010 0.707298 0.706915
vn 0.000000 0.828832 -0.559497
vn -0.073311 0.994576 0.073790
vn -0.087105 0.697631 0.711143
vn -0.755987 0.464490 0.461229
vn -0.756808 0.408477 0.510281
vn -0.096641 0.629225 0.771192
vn -0.997010 0.041154 0.065402
vn -0.746203 0.342166 0.571055
vn -0.087048 0.549835 0.830725
vn -0.080608 -0.407231 0.909761
vn 0.000406 -0.405579 0.914060
vn 0.000061 0.543094 0.839672
vn 0.000170 -0.884029 0.467432
vn 0.081144 -0.406414 0.910079
vn -0.000003 -0.000699 1.000000
vn -0.000002 0.632170 0.774830
vn 0.000003 -0.000690 -1.000000
vn 0.000000 -1.000000 0.000000
vn 1.000000 -0.000730 0.000002
vn -1.000000 -0.000730 -0.000002
vn -0.000015 0.283734 0.958903
vn 0.970859 0.239650 0.000012
vn 0.000015 0.295213 -0.955431
vn -0.970859 0.239651 -0.000008
vn 0.000012 0.889981 0.455997
vn 0.575580 0.817745 -0.000009
vn -0.000013 0.889996 -0.455967
vn -0.575581 0.817745 0.000011
vn -0.000028 0.000262 1.000000
vn 1.000000 0.000005 0.000028
vn 0.000028 0.000262 -1.000000
vn -1.000000 0.000005 -0.000028
vn 0.000019 -0.740738 0.671794
vn 0.672009 -0.740543 -0.000016
vn -0.000019 -0.740739 -0.671793
vn -0.672010 -0.740542 0.000016
vn -0.000036 0.005332 0.999986
vn 0.999986 0.005332 0.000035
vn 0.000036 0.005332 -0.999986
vn -0.999986 0.005332 -0.000035
vn 0.000007 0.981384 0.192057
vn 0.192127 0.981370 -0.000007
vn -0.000007 0.981384 -0.192057
vn -0.192127 0.981370 0.000007
vn 0.000001 -0.971033 0.238945
vn 0.239040 -0.971010 -0.000001
vn -0.000001 -0.971034 -0.238943
vn -0.239040 -0.971010 0.000001
vn -0.000039 0.001468 0.999999
vn 0.999999 0.001468 0.000038
vn 0.000039 0.001468 -0.999999
vn -0.999999 0.001468 -0.000038
vn 0.000017 0.996863 0.079152
vn 0.079194 0.996859 -0.000018
vn -0.000017 0.996863 -0.079152
vn -0.079193 0.996859 0.000017
vn 0.000024 0.005413 0.999985
vn 0.999967 0.008178 -0.000059
vn -0.000010 0.009683 -0.999953
vn -0.999967 0.008179 -0.000022
vn 0.000079 -0.459234 0.888315
vn 0.999954 0.009265 -0.002627
vn 0.000026 0.262547 -0.964919
vn -0.999954 0.009282 -0.002593
vn 0.000007 -0.659346 0.751840
vn 0.989502 0.124398 0.073559
vn 0.000009 0.742213 -0.670164
vn -0.989497 0.124419 0.073595
vn -0.000006 -0.767043 0.641595
vn 0.999928 0.006687 0.009980
vn 0.000226 0.884923 -0.465737
vn -0.999929 0.006785 0.009807
vn -0.000170 0.442032 0.896999
vn -0.168170 0.176984 0.969740
vn 0.000187 0.142063 0.989858
vn 0.171402 0.176641 0.969236
vn -0.000105 0.795955 -0.605356
vn -0.999687 0.008625 0.023476
vn 0.000067 -0.907206 0.420686
vn 0.999680 0.008721 0.023767
vn -0.701782 -0.420858 0.574787
vn 0.701783 -0.420858 0.574786
vn -0.772972 0.023988 0.633987
vn 0.772939 0.023990 0.634027
vn -0.772783 0.024454 -0.634199
vn 0.772818 0.024452 -0.634157
vn -0.701783 -0.420859 -0.574786
vn 0.701782 -0.420859 -0.574786
vn -0.488556 0.768879 0.412477
vn 0.488093 0.768981 0.412836
vn 0.488470 0.769873 -0.410722
vn -0.488015 0.769967 -0.411086
vn -0.522345 0.688118 0.503637
vn 0.522682 0.688113 0.503293
vn 0.522341 0.688122 -0.503635
vn -0.522678 0.688117 -0.503292
vn -0.698704 -0.156692 0.698040
vn 0.697678 -0.156668 0.699072
vn 0.698704 -0.156691 -0.698040
vn -0.697678 -0.156668 -0.699072
vn -0.669915 -0.319167 0.670333
vn 0.671996 -0.319159 0.668251
vn 0.669915 -0.319168 -0.670333
vn -0.671995 -0.319159 -0.668251
vn -0.598927 0.527272 0.602720
vn 0.597736 0.527288 0.603887
vn 0.598928 0.527272 -0.602719
vn -0.597737 0.527286 -0.603887
vn -0.665720 -0.194685 0.720357
vn 0.665981 -0.194657 0.720123
vn 0.665719 -0.194685 -0.720358
vn -0.665982 -0.194654 -0.720124
vn -0.596149 -0.534609 0.598999
vn 0.597985 -0.534591 0.597182
vn 0.596148 -0.534608 -0.599001
vn -0.597982 -0.534592 -0.597184
vn -0.515157 0.682405 0.518592
vn 0.514022 0.682426 0.519688
vn 0.515155 0.682406 -0.518592
vn -0.514022 0.682426 -0.519688
vn -0.418403 0.807031 0.416701
vn 0.418364 0.807033 0.416736
vn 0.418492 0.806921 -0.416825
vn -0.418470 0.806913 -0.416863
vn -0.719873 -0.056489 0.691804
vn 0.719938 -0.056448 0.691739
vn 0.694657 0.057486 -0.717041
vn -0.694642 0.057502 -0.717054
vn -0.744080 -0.199929 0.637474
vn 0.745387 -0.199675 0.636025
vn 0.638505 0.469201 -0.610050
vn -0.638138 0.469569 -0.610152
vn -0.720530 -0.485153 0.495442
vn 0.720601 -0.484817 0.495667
vn 0.641065 0.656724 -0.397176
vn -0.641027 0.656658 -0.397347
vn -0.551720 -0.435539 0.711274
vn 0.548865 -0.438260 0.711811
vn 0.574435 0.814912 -0.077088
vn -0.570224 0.817973 -0.075922
vn 0.661152 0.734545 0.152714
vn -0.661686 0.735477 0.145757
vn -0.529246 -0.586554 0.613068
vn 0.529278 -0.586343 0.613242
vn 0.615550 0.786361 0.052291
vn -0.615504 0.786392 0.052357
vn -0.556010 -0.343557 0.756850
vn 0.555436 -0.341835 0.758050
s 1
g pCube1
usemtl initialShadingGroup
f 307/341/531 837/887/532 1099/621/533 840/893/534
f 837/887/532 309/344/535 838/889/536 1099/621/533
f 1099/621/533 838/889/536 329/375/537 839/891/538
f 840/893/534 1099/621/533 839/891/538 331/379/539
f 308/343/540 841/894/541 1100/622/542 844/898/543
f 841/894/541 307/342/531 842/895/544 1100/622/542
f 1100/622/542 842/895/544 312/349/545 843/897/546
f 844/898/543 1100/622/542 843/897/546 311/348/547
f 309/345/535 845/899/548 1101/623/549 848/902/550
f 845/899/548 308/343/540 846/900/551 1101/623/549
f 1101/623/549 846/900/551 315/354/552 847/901/553
f 848/902/550 1101/623/549 847/901/553 314/353/554
f 310/346/555 849/903/556 1102/624/557 852/908/558
f 849/903/556 312/350/545 850/905/559 1102/624/557
f 1102/624/557 850/905/559 332/380/560 851/906/561
f 852/908/558 1102/624/557 851/906/561 334/382/562
f 311/348/547 853/910/563 1103/625/564 856/913/565
f 853/910/563 310/347/555 854/911/566 1103/625/564
f 1103/625/564 854/911/566 319/358/567 855/912/568
f 856/913/565 1103/625/564 855/912/568 318/357/569
f 313/351/570 857/914/571 1104/626/572 860/917/573
f 857/914/571 316/355/574 858/915/575 1104/626/572
f 1104/626/572 858/915/575 337/387/576 859/916/577
f 860/917/573 1104/626/572 859/916/577 336/386/578
f 314/353/554 861/918/579 1105/627/580 864/924/581
f 861/918/579 313/352/570 862/920/582 1105/627/580
f 1105/627/580 862/920/582 324/366/583 863/922/584
f 864/924/581 1105/627/580 863/922/584 323/364/585
f 316/355/574 865/925/586 1106/628/587 868/928/588
f 865/925/586 315/354/552 866/926/589 1106/628/587
f 1106/628/587 866/926/589 318/357/569 867/927/590
f 868/928/588 1106/628/587 867/927/590 317/356/591
f 317/356/591 869/929/592 1107/629/593 872/933/594
f 869/929/592 320/359/595 870/931/596 1107/629/593
f 1107/629/593 870/931/596 341/391/597 871/932/598
f 872/933/594 1107/629/593 871/932/598 340/390/599
f 320/361/595 873/934/600 1108/630/601 876/939/602
f 873/934/600 319/358/567 874/936/603 1108/630/601
f 1108/630/601 874/936/603 326/371/604 875/937/605
f 876/939/602 1108/630/601 875/937/605 325/369/606
f 321/362/607 877/941/608 1109/631/609 880/945/610
f 877/941/608 324/367/583 878/943/611 1109/631/609
f 1109/631/609 878/943/611 349/399/612 879/944/613
f 880/945/610 1109/631/609 879/944/613 348/398/614
f 322/363/615 881/946/616 1110/632/617 884/949/618
f 881/946/616 321/362/607 882/947/619 1110/632/617
f 1110/632/617 882/947/619 328/374/620 883/948/621
f 884/949/618 1110/632/617 883/948/621 327/373/622
f 323/365/585 885/950/623 1111/633/624 888/953/625
f 885/950/623 322/363/615 886/951/626 1111/633/624
f 1111/633/624 886/951/626 330/378/627 887/952/628
f 888/953/625 1111/633/624 887/952/628 329/377/537
f 325/370/606 889/955/629 1112/634/630 892/958/631
f 889/955/629 328/374/620 890/956/632 1112/634/630
f 1112/634/630 890/956/632 345/395/633 891/957/634
f 892/958/631 1112/634/630 891/957/634 344/394/635
f 327/373/622 893/959/636 1113/635/637 896/963/638
f 893/959/636 326/372/604 894/960/639 1113/635/637
f 1113/635/637 894/960/639 334/383/562 895/962/640
f 896/963/638 1113/635/637 895/962/640 333/381/641
f 331/379/539 897/964/642 1114/636/643 900/967/644
f 897/964/642 330/378/627 898/965/645 1114/636/643
f 1114/636/643 898/965/645 333/381/641 899/966/646
f 900/967/644 1114/636/643 899/966/646 332/380/560
f 335/385/647 901/968/648 1115/637/649 904/971/650
f 901/968/648 338/388/651 902/969/652 1115/637/649
f 1115/637/649 902/969/652 353/403/653 903/970/654
f 904/971/650 1115/637/649 903/970/654 352/402/655
f 336/386/578 905/972/656 1116/638/657 908/975/658
f 905/972/656 335/385/647 906/973/659 1116/638/657
f 1116/638/657 906/973/659 350/400/660 907/974/661
f 908/975/658 1116/638/657 907/974/661 349/399/612
f 338/388/651 909/976/662 1117/639/663 912/979/664
f 909/976/662 337/387/576 910/977/665 1117/639/663
f 1117/639/663 910/977/665 340/390/599 911/978/666
f 912/979/664 1117/639/663 911/978/666 339/389/667
f 339/389/667 913/980/668 1118/640/669 916/983/670
f 913/980/668 342/392/671 914/981/672 1118/640/669
f 1118/640/669 914/981/672 357/407/673 915/982/674
f 916/983/670 1118/640/669 915/982/674 356/406/675
f 342/392/671 917/984/676 1119/641/677 920/987/678
f 917/984/676 341/391/597 918/985/679 1119/641/677
f 1119/641/677 918/985/679 344/394/635 919/986/680
f 920/987/678 1119/641/677 919/986/680 343/393/681
f 343/393/681 921/988/682 1120/642/683 924/991/684
f 921/988/682 346/396/685 922/989/686 1120/642/683
f 1120/642/683 922/989/686 361/411/687 923/990/688
f 924/991/684 1120/642/683 923/990/688 360/410/689
f 346/396/685 925/992/690 1121/643/691 928/995/692
f 925/992/690 345/395/633 926/993/693 1121/643/691
f 1121/643/691 926/993/693 348/398/614 927/994/694
f 928/995/692 1121/643/691 927/994/694 347/397/695
f 347/397/695 929/996/696 1122/644/697 932/999/698
f 929/996/696 350/400/660 930/997/699 1122/644/697
f 1122/644/697 930/997/699 365/415/700 931/998/701
f 932/999/698 1122/644/697 931/998/701 364/414/702
f 351/401/703 933/1000/704 1123/645/705 936/1003/706
f 933/1000/704 354/404/707 934/1001/708 1123/645/705
f 1123/645/705 934/1001/708 369/419/709 935/1002/710
f 936/1003/706 1123/645/705 935/1002/710 368/418/711
f 352/402/655 937/1004/712 1124/646/713 940/1007/714
f 937/1004/712 351/401/703 938/1005/715 1124/646/713
f 1124/646/713 938/1005/715 366/416/716 939/1006/717
f 940/1007/714 1124/646/713 939/1006/717 365/415/700
f 354/404/707 941/1008/718 1125/647/719 944/1011/720
f 941/1008/718 353/403/653 942/1009/721 1125/647/719
f 1125/647/719 942/1009/721 356/406/675 943/1010/722
f 944/1011/720 1125/647/719 943/1010/722 355/405/723
f 355/405/723 945/1012/724 1126/648/725 948/1015/726
f 945/1012/724 358/408/727 946/1013/728 1126/648/725
f 1126/648/725 946/1013/728 373/423/729 947/1014/730
f 948/1015/726 1126/648/725 947/1014/730 372/422/731
f 358/408/727 949/1016/732 1127/649/733 952/1019/734
f 949/1016/732 357/407/673 950/1017/735 1127/649/733
f 1127/649/733 950/1017/735 360/410/689 951/1018/736
f 952/1019/734 1127/649/733 951/1018/736 359/409/737
f 359/409/737 953/1020/738 1128/650/739 956/1023/740
f 953/1020/738 362/412/741 954/1021/742 1128/650/739
f 1128/650/739 954/1021/742 377/427/743 955/1022/744
f 956/1023/740 1128/650/739 955/1022/744 376/426/745
f 362/412/741 957/1024/746 1129/651/747 960/1027/748
f 957/1024/746 361/411/687 958/1025/749 1129/651/747
f 1129/651/747 958/1025/749 364/414/702 959/1026/750
f 960/1027/748 1129/651/747 959/1026/750 363/413/751
f 363/413/751 961/1028/752 1130/652/753 964/1031/754
f 961/1028/752 366/416/716 962/1029/755 1130/652/753
f 1130/652/753 962/1029/755 381/431/756 963/1030/757
f 964/1031/754 1130/652/753 963/1030/757 380/430/758
f 367/417/759 965/1032/760 1131/653/761 968/1035/762
f 965/1032/760 370/420/763 966/1033/764 1131/653/761
f 1131/653/761 966/1033/764 385/435/765 967/1034/766
f 968/1035/762 1131/653/761 967/1034/766 384/434/767
f 368/418/711 969/1036/768 1132/654/769 972/1039/770
f 969/1036/768 367/417/759 970/1037/771 1132/654/769
f 1132/654/769 970/1037/771 382/432/772 971/1038/773
f 972/1039/770 1132/654/769 971/1038/773 381/431/756
f 370/420/763 973/1040/774 1133/655/775 976/1043/776
f 973/1040/774 369/419/709 974/1041/777 1133/655/775
f 1133/655/775 974/1041/777 372/422/731 975/1042/778
f 976/1043/776 1133/655/775 975/1042/778 371/421/779
f 371/421/779 977/1044/780 1134/656/781 980/1047/782
f 977/1044/780 374/424/783 978/1045/784 1134/656/781
f 1134/656/781 978/1045/784 389/439/785 979/1046/786
f 980/1047/782 1134/656/781 979/1046/786 388/438/787
f 374/424/783 981/1048/788 1135/657/789 984/1051/790
f 981/1048/788 373/423/729 982/1049/791 1135/657/789
f 1135/657/789 982/1049/791 376/426/745 983/1050/792
f 984/1051/790 1135/657/789 983/1050/792 375/425/793
f 375/425/793 985/1052/794 1136/658/795 988/1055/796
f 985/1052/794 378/428/797 986/1053/798 1136/658/795
f 1136/658/795 986/1053/798 393/443/799 987/1054/800
f 988/1055/796 1136/658/795 987/1054/800 392/442/801
f 378/428/797 989/1056/802 1137/659/803 992/1059/804
f 989/1056/802 377/427/743 990/1057/805 1137/659/803
f 1137/659/803 990/1057/805 380/430/758 991/1058/806
f 992/1059/804 1137/659/803 991/1058/806 379/429/807
f 379/429/807 993/1060/808 1138/660/809 996/1063/810
f 993/1060/808 382/432/772 994/1061/811 1138/660/809
f 1138/660/809 994/1061/811 397/447/812 995/1062/813
f 996/1063/810 1138/660/809 995/1062/813 396/446/814
f 383/433/815 997/1064/816 1139/661/817 1000/1067/818
f 997/1064/816 386/436/819 998/1065/820 1139/661/817
f 1139/661/817 998/1065/820 401/451/821 999/1066/822
f 1000/1067/818 1139/661/817 999/1066/822 400/450/823
f 384/434/767 1001/1068/824 1140/662/825 1004/1071/826
f 1001/1068/824 383/433/815 1002/1069/827 1140/662/825
f 1140/662/825 1002/1069/827 398/448/828 1003/1070/829
f 1004/1071/826 1140/662/825 1003/1070/829 397/447/812
f 386/436/819 1005/1072/830 1141/663/831 1008/1075/832
f 1005/1072/830 385/435/765 1006/1073/833 1141/663/831
f 1141/663/831 1006/1073/833 388/438/787 1007/1074/834
f 1008/1075/832 1141/663/831 1007/1074/834 387/437/835
f 387/437/835 1009/1076/836 1142/664/837 1012/1079/838
f 1009/1076/836 390/440/839 1010/1077/840 1142/664/837
f 1142/664/837 1010/1077/840 405/455/841 1011/1078/842
f 1012/1079/838 1142/664/837 1011/1078/842 404/454/843
f 390/440/839 1013/1080/844 1143/665/845 1016/1083/846
f 1013/1080/844 389/439/785 1014/1081/847 1143/665/845
f 1143/665/845 1014/1081/847 392/442/801 1015/1082/848
f 1016/1083/846 1143/665/845 1015/1082/848 391/441/849
f 391/441/849 1017/1084/850 1144/666/851 1020/1087/852
f 1017/1084/850 394/444/853 1018/1085/854 1144/666/851
f 1144/666/851 1018/1085/854 409/459/855 1019/1086/856
f 1020/1087/852 1144/666/851 1019/1086/856 408/458/857
f 394/444/853 1021/1088/858 1145/667/859 1024/1091/860
f 1021/1088/858 393/443/799 1022/1089/861 1145/667/859
f 1145/667/859 1022/1089/861 396/446/814 1023/1090/862
f 1024/1091/860 1145/667/859 1023/1090/862 395/445/863
f 395/445/863 1025/1092/864 1146/668/865 1028/1095/866
f 1025/1092/864 398/448/828 1026/1093/867 1146/668/865
f 1146/668/865 1026/1093/867 413/463/868 1027/1094/869
f 1028/1095/866 1146/668/865 1027/1094/869 412/462/870
f 399/449/871 1029/1096/872 1147/669/873 1032/1099/874
f 1029/1096/872 402/452/875 1030/1097/876 1147/669/873
f 1147/669/873 1030/1097/876 417/467/877 1031/1098/878
f 1032/1099/874 1147/669/873 1031/1098/878 416/466/879
f 400/450/823 1033/1100/880 1148/670/881 1036/1103/882
f 1033/1100/880 399/449/871 1034/1101/883 1148/670/881
f 1148/670/881 1034/1101/883 414/464/884 1035/1102/885
f 1036/1103/882 1148/670/881 1035/1102/885 413/463/868
f 402/452/875 1037/1104/886 1149/671/887 1040/1107/888
f 1037/1104/886 401/451/821 1038/1105/889 1149/671/887
f 1149/671/887 1038/1105/889 404/454/843 1039/1106/890
f 1040/1107/888 1149/671/887 1039/1106/890 403/453/891
f 403/453/891 1041/1108/892 1150/672/893 1044/1111/894
f 1041/1108/892 406/456/895 1042/1109/896 1150/672/893
f 1150/672/893 1042/1109/896 421/471/897 1043/1110/898
f 1044/1111/894 1150/672/893 1043/1110/898 420/470/899
f 406/456/895 1045/1112/900 1151/673/901 1048/1115/902
f 1045/1112/900 405/455/841 1046/1113/903 1151/673/901
f 1151/673/901 1046/1113/903 408/458/857 1047/1114/904
f 1048/1115/902 1151/673/901 1047/1114/904 407/457/905
f 407/457/905 1049/1116/906 1152/674/907 1052/1119/908
f 1049/1116/906 410/460/909 1050/1117/910 1152/674/907
f 1152/674/907 1050/1117/910 425/475/911 1051/1118/912
f 1052/1119/908 1152/674/907 1051/1118/912 424/474/913
f 410/460/909 1053/1120/914 1153/675/915 1056/1123/916
f 1053/1120/914 409/459/855 1054/1121/917 1153/675/915
f 1153/675/915 1054/1121/917 412/462/870 1055/1122/918
f 1056/1123/916 1153/675/915 1055/1122/918 411/461/919
f 411/461/919 1057/1124/920 1154/676/921 1060/1127/922
f 1057/1124/920 414/464/884 1058/1125/923 1154/676/921
f 1154/676/921 1058/1125/923 429/479/924 1059/1126/925
f 1060/1127/922 1154/676/921 1059/1126/925 428/478/926
f 415/465/927 1061/1128/928 1155/677/929 1064/1131/930
f 1061/1128/928 418/468/931 1062/1129/932 1155/677/929
f 1155/677/929 1062/1129/932 433/483/933 1063/1130/934
f 1064/1131/930 1155/677/929 1063/1130/934 432/482/935
f 416/466/879 1065/1132/936 1156/678/937 1068/1135/938
f 1065/1132/936 415/465/927 1066/1133/939 1156/678/937
f 1156/678/937 1066/1133/939 430/480/940 1067/1134/941
f 1068/1135/938 1156/678/937 1067/1134/941 429/479/924
f 418/468/931 1069/1136/942 1157/679/943 1072/1139/944
f 1069/1136/942 417/467/877 1070/1137/945 1157/679/943
f 1157/679/943 1070/1137/945 420/470/899 1071/1138/946
f 1072/1139/944 1157/679/943 1071/1138/946 419/469/947
f 419/469/947 1073/1140/948 1158/680/949 1076/1143/950
f 1073/1140/948 422/472/951 1074/1141/952 1158/680/949
f 1158/680/949 1074/1141/952 437/487/953 1075/1142/954
f 1076/1143/950 1158/680/949 1075/1142/954 436/486/955
f 422/472/951 1077/1144/956 1159/681/957 1080/1147/958
f 1077/1144/956 421/471/897 1078/1145/959 1159/681/957
f 1159/681/957 1078/1145/959 424/474/913 1079/1146/960
f 1080/1147/958 1159/681/957 1079/1146/960 423/473/961
f 423/473/961 1081/1148/962 1160/682/963 1084/1151/964
f 1081/1148/962 426/476/965 1082/1149/966 1160/682/963
f 1160/682/963 1082/1149/966 441/491/967 1083/1150/968
f 1084/1151/964 1160/682/963 1083/1150/968 440/490/969
f 426/476/965 1085/1152/970 1161/683/971 1088/1155/972
f 1085/1152/970 425/475/911 1086/1153/973 1161/683/971
f 1161/683/971 1086/1153/973 428/478/926 1087/1154/974
f 1088/1155/972 1161/683/971 1087/1154/974 427/477/975
f 427/477/975 1089/1156/976 1162/684/977 1092/1159/978
f 1089/1156/976 430/480/940 1090/1157/979 1162/684/977
f 1162/684/977 1090/1157/979 445/495/980 1091/1158/981
f 1092/1159/978 1162/684/977 1091/1158/981 444/494/982
f 431/481/983 1093/1160/984 1163/685/985 1096/1163/986
f 1093/1160/984 434/484/987 1094/1161/988 1163/685/985
f 1163/685/985 1094/1161/988 449/499/989 1095/1162/990
f 1096/1163/986 1163/685/985 1095/1162/990 448/498/991
f 432/482/935 1097/1164/992 1164/686/993 572/1167/994
f 1097/1164/992 431/481/983 1098/1165/995 1164/686/993
f 1164/686/993 1098/1165/995 446/496/996 571/1166/997
f 572/1167/994 1164/686/993 571/1166/997 445/495/980
f 434/484/987 573/1168/998 1165/687/999 576/1171/1000
f 573/1168/998 433/483/933 574/1169/1001 1165/687/999
f 1165/687/999 574/1169/1001 436/486/955 575/1170/1002
f 576/1171/1000 1165/687/999 575/1170/1002 435/485/1003
f 435/485/1003 577/1172/1004 1166/688/1005 580/1175/1006
f 577/1172/1004 438/488/1007 578/1173/1008 1166/688/1005
f 1166/688/1005 578/1173/1008 453/503/1009 579/1174/1010
f 580/1175/1006 1166/688/1005 579/1174/1010 452/502/1011
f 438/488/1007 581/1176/1012 1167/689/1013 584/1179/1014
f 581/1176/1012 437/487/953 582/1177/1015 1167/689/1013
f 1167/689/1013 582/1177/1015 440/490/969 583/1178/1016
f 584/1179/1014 1167/689/1013 583/1178/1016 439/489/1017
f 439/489/1017 585/1180/1018 1168/690/1019 588/1183/1020
f 585/1180/1018 442/492/1021 586/1181/1022 1168/690/1019
f 1168/690/1019 586/1181/1022 457/507/1023 587/1182/1024
f 588/1183/1020 1168/690/1019 587/1182/1024 456/506/1025
f 442/492/1021 589/1184/1026 1169/691/1027 592/1187/1028
f 589/1184/1026 441/491/967 590/1185/1029 1169/691/1027
f 1169/691/1027 590/1185/1029 444/494/982 591/1186/1030
f 592/1187/1028 1169/691/1027 591/1186/1030 443/493/1031
f 443/493/1031 593/1188/1032 1170/692/1033 596/1191/1034
f 593/1188/1032 446/496/996 594/1189/1035 1170/692/1033
f 1170/692/1033 594/1189/1035 461/511/1036 595/1190/1037
f 596/1191/1034 1170/692/1033 595/1190/1037 460/510/1038
f 447/497/1039 597/1192/1040 1171/693/1041 600/1195/1042
f 597/1192/1040 450/500/1043 598/1193/1044 1171/693/1041
f 1171/693/1041 598/1193/1044 465/515/1045 599/1194/1046
f 600/1195/1042 1171/693/1041 599/1194/1046 464/514/1047
f 448/498/991 601/1196/1048 1172/694/1049 604/1199/1050
f 601/1196/1048 447/497/1039 602/1197/1051 1172/694/1049
f 1172/694/1049 602/1197/1051 462/512/1052 603/1198/1053
f 604/1199/1050 1172/694/1049 603/1198/1053 461/511/1036
f 450/500/1043 605/1200/1054 1173/695/1055 608/1203/1056
f 605/1200/1054 449/499/989 606/1201/1057 1173/695/1055
f 1173/695/1055 606/1201/1057 452/502/1011 607/1202/1058
f 608/1203/1056 1173/695/1055 607/1202/1058 451/501/1059
f 451/501/1059 609/1204/1060 1174/696/1061 612/1207/1062
f 609/1204/1060 454/504/1063 610/1205/1064 1174/696/1061
f 1174/696/1061 610/1205/1064 469/519/1065 611/1206/1066
f 612/1207/1062 1174/696/1061 611/1206/1066 468/518/1067
f 454/504/1063 613/1208/1068 1175/697/1069 616/1211/1070
f 613/1208/1068 453/503/1009 614/1209/1071 1175/697/1069
f 1175/697/1069 614/1209/1071 456/506/1025 615/1210/1072
f 616/1211/1070 1175/697/1069 615/1210/1072 455/505/1073
f 455/505/1073 617/1212/1074 1176/698/1075 620/1215/1076
f 617/1212/1074 458/508/1077 618/1213/1078 1176/698/1075
f 1176/698/1075 618/1213/1078 473/523/1079 619/1214/1080
f 620/1215/1076 1176/698/1075 619/1214/1080 472/522/1081
f 458/508/1077 621/1216/1082 1177/699/1083 624/1219/1084
f 621/1216/1082 457/507/1023 622/1217/1085 1177/699/1083
f 1177/699/1083 622/1217/1085 460/510/1038 623/1218/1086
f 624/1219/1084 1177/699/1083 623/1218/1086 459/509/1087
f 459/509/1087 625/1220/1088 1178/700/1089 628/1223/1090
f 625/1220/1088 462/512/1052 626/1221/1091 1178/700/1089
f 1178/700/1089 626/1221/1091 477/527/1092 627/1222/1093
f 628/1223/1090 1178/700/1089 627/1222/1093 476/526/1094
f 463/513/1095 629/1224/1096 1179/701/1097 632/1227/1098
f 629/1224/1096 466/516/1099 630/1225/1100 1179/701/1097
f 1179/701/1097 630/1225/1100 481/531/1101 631/1226/1102
f 632/1227/1098 1179/701/1097 631/1226/1102 480/530/1103
f 464/514/1047 633/1228/1104 1180/702/1105 636/1231/1106
f 633/1228/1104 463/513/1095 634/1229/1107 1180/702/1105
f 1180/702/1105 634/1229/1107 478/528/1108 635/1230/1109
f 636/1231/1106 1180/702/1105 635/1230/1109 477/527/1092
f 466/516/1099 637/1232/1110 1181/703/1111 640/1235/1112
f 637/1232/1110 465/515/1045 638/1233/1113 1181/703/1111
f 1181/703/1111 638/1233/1113 468/518/1067 639/1234/1114
f 640/1235/1112 1181/703/1111 639/1234/1114 467/517/1115
f 467/517/1115 641/1236/1116 1182/704/1117 644/1239/1118
f 641/1236/1116 470/520/1119 642/1237/1120 1182/704/1117
f 1182/704/1117 642/1237/1120 485/535/1121 643/1238/1122
f 644/1239/1118 1182/704/1117 643/1238/1122 484/534/1123
f 470/520/1119 645/1240/1124 1183/705/1125 648/1243/1126
f 645/1240/1124 469/519/1065 646/1241/1127 1183/705/1125
f 1183/705/1125 646/1241/1127 472/522/1081 647/1242/1128
f 648/1243/1126 1183/705/1125 647/1242/1128 471/521/1129
f 471/521/1129 649/1244/1130 1184/706/1131 652/1247/1132
f 649/1244/1130 474/524/1133 650/1245/1134 1184/706/1131
f 1184/706/1131 650/1245/1134 489/539/1135 651/1246/1136
f 652/1247/1132 1184/706/1131 651/1246/1136 488/538/1137
f 474/524/1133 653/1248/1138 1185/707/1139 656/1251/1140
f 653/1248/1138 473/523/1079 654/1249/1141 1185/707/1139
f 1185/707/1139 654/1249/1141 476/526/1094 655/1250/1142
f 656/1251/1140 1185/707/1139 655/1250/1142 475/525/1143
f 475/525/1143 657/1252/1144 1186/708/1145 660/1255/1146
f 657/1252/1144 478/528/1108 658/1253/1147 1186/708/1145
f 1186/708/1145 658/1253/1147 493/543/1148 659/1254/1149
f 660/1255/1146 1186/708/1145 659/1254/1149 492/542/1150
f 479/529/1151 661/1256/1152 1187/709/1153 664/1259/1154
f 661/1256/1152 482/532/1155 662/1257/1156 1187/709/1153
f 1187/709/1153 662/1257/1156 497/547/1157 663/1258/1158
f 664/1259/1154 1187/709/1153 663/1258/1158 496/546/1159
f 480/530/1103 665/1260/1160 1188/710/1161 668/1263/1162
f 665/1260/1160 479/529/1151 666/1261/1163 1188/710/1161
f 1188/710/1161 666/1261/1163 494/544/1164 667/1262/1165
f 668/1263/1162 1188/710/1161 667/1262/1165 493/543/1148
f 482/532/1155 669/1264/1166 1189/711/1167 672/1267/1168
f 669/1264/1166 481/531/1101 670/1265/1169 1189/711/1167
f 1189/711/1167 670/1265/1169 484/534/1123 671/1266/1170
f 672/1267/1168 1189/711/1167 671/1266/1170 483/533/1171
f 483/533/1171 673/1268/1172 1190/712/1173 676/1271/1174
f 673/1268/1172 486/536/1175 674/1269/1176 1190/712/1173
f 1190/712/1173 674/1269/1176 501/551/1177 675/1270/1178
f 676/1271/1174 1190/712/1173 675/1270/1178 500/550/1179
f 486/536/1175 677/1272/1180 1191/713/1181 680/1275/1182
f 677/1272/1180 485/535/1121 678/1273/1183 1191/713/1181
f 1191/713/1181 678/1273/1183 488/538/1137 679/1274/1184
f 680/1275/1182 1191/713/1181 679/1274/1184 487/537/1185
f 487/537/1185 681/1276/1186 1192/714/1187 684/1279/1188
f 681/1276/1186 490/540/1189 682/1277/1190 1192/714/1187
f 1192/714/1187 682/1277/1190 505/555/1191 683/1278/1192
f 684/1279/1188 1192/714/1187 683/1278/1192 504/554/1193
f 490/540/1189 685/1280/1194 1193/715/1195 688/1283/1196
f 685/1280/1194 489/539/1135 686/1281/1197 1193/715/1195
f 1193/715/1195 686/1281/1197 492/542/1150 687/1282/1198
f 688/1283/1196 1193/715/1195 687/1282/1198 491/541/1199
f 491/541/1199 689/1284/1200 1194/716/1201 692/1287/1202
f 689/1284/1200 494/544/1164 690/1285/1203 1194/716/1201
f 1194/716/1201 690/1285/1203 509/559/1204 691/1286/1205
f 692/1287/1202 1194/716/1201 691/1286/1205 508/558/1206
f 495/545/1207 693/1288/1208 1195/717/1209 696/1291/1210
f 693/1288/1208 498/548/1211 694/1289/1212 1195/717/1209
f 1195/717/1209 694/1289/1212 513/563/1213 695/1290/1214
f 696/1291/1210 1195/717/1209 695/1290/1214 512/562/1215
f 496/546/1159 697/1292/1216 1196/718/1217 700/1295/1218
f 697/1292/1216 495/545/1207 698/1293/1219 1196/718/1217
f 1196/718/1217 698/1293/1219 510/560/1220 699/1294/1221
f 700/1295/1218 1196/718/1217 699/1294/1221 509/559/1204
f 498/548/1211 701/1296/1222 1197/719/1223 704/1299/1224
f 701/1296/1222 497/547/1157 702/1297/1225 1197/719/1223
f 1197/719/1223 702/1297/1225 500/550/1179 703/1298/1226
f 704/1299/1224 1197/719/1223 703/1298/1226 499/549/1227
f 499/549/1227 705/1300/1228 1198/720/1229 708/1303/1230
f 705/1300/1228 502/552/1231 706/1301/1232 1198/720/1229
f 1198/720/1229 706/1301/1232 517/567/1233 707/1302/1234
f 708/1303/1230 1198/720/1229 707/1302/1234 516/566/1235
f 502/552/1231 709/1304/1236 1199/721/1237 712/1307/1238
f 709/1304/1236 501/551/1177 710/1305/1239 1199/721/1237
f 1199/721/1237 710/1305/1239 504/554/1193 711/1306/1240
f 712/1307/1238 1199/721/1237 711/1306/1240 503/553/1241
f 503/553/1241 713/1308/1242 1200/722/1243 716/1311/1244
f 713/1308/1242 506/556/1245 714/1309/1246 1200/722/1243
f 1200/722/1243 714/1309/1246 521/571/1247 715/1310/1248
f 716/1311/1244 1200/722/1243 715/1310/1248 520/570/1249
f 506/556/1245 717/1312/1250 1201/723/1251 720/1315/1252
f 717/1312/1250 505/555/1191 718/1313/1253 1201/723/1251
f 1201/723/1251 718/1313/1253 508/558/1206 719/1314/1254
f 720/1315/1252 1201/723/1251 719/1314/1254 507/557/1255
f 507/557/1255 721/1316/1256 1202/724/1257 724/1319/1258
f 721/1316/1256 510/560/1220 722/1317/1259 1202/724/1257
f 1202/724/1257 722/1317/1259 525/575/1260 723/1318/1261
f 724/1319/1258 1202/724/1257 723/1318/1261 524/574/1262
f 511/561/1263 725/1320/1264 1203/725/1265 728/1323/1266
f 725/1320/1264 514/564/1267 726/1321/1268 1203/725/1265
f 1203/725/1265 726/1321/1268 529/579/1269 727/1322/1270
f 728/1323/1266 1203/725/1265 727/1322/1270 528/578/1271
f 512/562/1215 729/1324/1272 1204/726/1273 732/1327/1274
f 729/1324/1272 511/561/1263 730/1325/1275 1204/726/1273
f 1204/726/1273 730/1325/1275 526/576/1276 731/1326/1277
f 732/1327/1274 1204/726/1273 731/1326/1277 525/575/1260
f 514/564/1267 733/1328/1278 1205/727/1279 736/1331/1280
f 733/1328/1278 513/563/1213 734/1329/1281 1205/727/1279
f 1205/727/1279 734/1329/1281 516/566/1235 735/1330/1282
f 736/1331/1280 1205/727/1279 735/1330/1282 515/565/1283
f 515/565/1283 737/1332/1284 1206/728/1285 740/1335/1286
f 737/1332/1284 518/568/1287 738/1333/1288 1206/728/1285
f 1206/728/1285 738/1333/1288 533/583/1289 739/1334/1290
f 740/1335/1286 1206/728/1285 739/1334/1290 532/582/1291
f 518/568/1287 741/1336/1292 1207/729/1293 744/1339/1294
f 741/1336/1292 517/567/1233 742/1337/1295 1207/729/1293
f 1207/729/1293 742/1337/1295 520/570/1249 743/1338/1296
f 744/1339/1294 1207/729/1293 743/1338/1296 519/569/1297
f 519/569/1297 745/1340/1298 1208/730/1299 748/1343/1300
f 745/1340/1298 522/572/1301 746/1341/1302 1208/730/1299
f 1208/730/1299 746/1341/1302 537/587/1303 747/1342/1304
f 748/1343/1300 1208/730/1299 747/1342/1304 536/586/1305
f 522/572/1301 749/1344/1306 1209/731/1307 752/1347/1308
f 749/1344/1306 521/571/1247 750/1345/1309 1209/731/1307
f 1209/731/1307 750/1345/1309 524/574/1262 751/1346/1310
f 752/1347/1308 1209/731/1307 751/1346/1310 523/573/1311
f 523/573/1311 753/1348/1312 1210/732/1313 756/1351/1314
f 753/1348/1312 526/576/1276 754/1349/1315 1210/732/1313
f 1210/732/1313 754/1349/1315 541/591/1316 755/1350/1317
f 756/1351/1314 1210/732/1313 755/1350/1317 540/590/1318
f 527/577/1319 757/1352/1320 1211/733/1321 760/1355/1322
f 757/1352/1320 530/580/1323 758/1353/1324 1211/733/1321
f 1211/733/1321 758/1353/1324 545/595/1325 759/1354/1326
f 760/1355/1322 1211/733/1321 759/1354/1326 544/594/1327
f 528/578/1271 761/1356/1328 1212/734/1329 764/1359/1330
f 761/1356/1328 527/577/1319 762/1357/1331 1212/734/1329
f 1212/734/1329 762/1357/1331 542/592/1332 763/1358/1333
f 764/1359/1330 1212/734/1329 763/1358/1333 541/591/1316
f 530/580/1323 765/1360/1334 1213/735/1335 768/1363/1336
f 765/1360/1334 529/579/1269 766/1361/1337 1213/735/1335
f 1213/735/1335 766/1361/1337 532/582/1291 767/1362/1338
f 768/1363/1336 1213/735/1335 767/1362/1338 531/581/1339
f 531/581/1339 769/1364/1340 1214/736/1341 772/1367/1342
f 769/1364/1340 534/584/1343 770/1365/1344 1214/736/1341
f 1214/736/1341 770/1365/1344 549/599/1345 771/1366/1346
f 772/1367/1342 1214/736/1341 771/1366/1346 548/598/1347
f 534/584/1343 773/1368/1348 1215/737/1349 776/1371/1350
f 773/1368/1348 533/583/1289 774/1369/1351 1215/737/1349
f 1215/737/1349 774/1369/1351 536/586/1305 775/1370/1352
f 776/1371/1350 1215/737/1349 775/1370/1352 535/585/1353
f 535/585/1353 777/1372/1354 1216/738/1355 780/1375/1356
f 777/1372/1354 538/588/1357 778/1373/1358 1216/738/1355
f 1216/738/1355 778/1373/1358 553/603/1359 779/1374/1360
f 780/1375/1356 1216/738/1355 779/1374/1360 552/602/1361
f 538/588/1357 781/1376/1362 1217/739/1363 784/1379/1364
f 781/1376/1362 537/587/1303 782/1377/1365 1217/739/1363
f 1217/739/1363 782/1377/1365 540/590/1318 783/1378/1366
f 784/1379/1364 1217/739/1363 783/1378/1366 539/589/1367
f 539/589/1367 785/1380/1368 1218/740/1369 788/1383/1370
f 785/1380/1368 542/592/1332 786/1381/1371 1218/740/1369
f 1218/740/1369 786/1381/1371 557/607/1372 787/1382/1373
f 788/1383/1370 1218/740/1369 787/1382/1373 556/606/1374
f 543/593/1375 789/1384/1376 1219/741/1377 792/1387/1378
f 789/1384/1376 546/596/1379 790/1385/1380 1219/741/1377
f 1219/741/1377 790/1385/1380 560/610/1381 791/1386/1382
f 792/1387/1378 1219/741/1377 791/1386/1382 559/609/1383
f 544/594/1327 793/1388/1384 1220/742/1385 796/1391/1386
f 793/1388/1384 543/593/1375 794/1389/1387 1220/742/1385
f 1220/742/1385 794/1389/1387 558/608/1388 795/1390/1389
f 796/1391/1386 1220/742/1385 795/1390/1389 557/607/1372
f 546/596/1379 797/1392/1390 1221/743/1391 800/1395/1392
f 797/1392/1390 545/595/1325 798/1393/1393 1221/743/1391
f 1221/743/1391 798/1393/1393 548/598/1347 799/1394/1394
f 800/1395/1392 1221/743/1391 799/1394/1394 547/597/1395
f 547/597/1395 801/1396/1396 1222/744/1397 804/1399/1398
f 801/1396/1396 550/600/1399 802/1397/1400 1222/744/1397
f 1222/744/1397 802/1397/1400 564/614/1401 803/1398/1402
f 804/1399/1398 1222/744/1397 803/1398/1402 563/613/1403
f 550/600/1399 805/1400/1404 1223/745/1405 808/1403/1406
f 805/1400/1404 549/599/1345 806/1401/1407 1223/745/1405
f 1223/745/1405 806/1401/1407 552/602/1361 807/1402/1408
f 808/1403/1406 1223/745/1405 807/1402/1408 551/601/1409
f 551/601/1409 809/1404/1410 1224/746/1411 812/1407/1412
f 809/1404/1410 554/604/1413 810/1405/1414 1224/746/1411
f 1224/746/1411 810/1405/1414 567/617/1415 811/1406/1416
f 812/1407/1412 1224/746/1411 811/1406/1416 566/616/1417
f 554/604/1413 813/1408/1418 1225/747/1419 816/1411/1420
f 813/1408/1418 553/603/1359 814/1409/1421 1225/747/1419
f 1225/747/1419 814/1409/1421 556/606/1374 815/1410/1422
f 816/1411/1420 1225/747/1419 815/1410/1422 555/605/1423
f 555/605/1423 817/1412/1424 1226/748/1425 820/1415/1426
f 817/1412/1424 558/608/1388 818/1413/1427 1226/748/1425
f 1226/748/1425 818/1413/1427 570/620/1428 819/1414/1429
f 820/1415/1426 1226/748/1425 819/1414/1429 569/619/1430
f 559/609/1383 821/1416/1431 1227/749/1432 824/1419/1433
f 821/1416/1431 561/611/1434 822/1417/1435 1227/749/1432
f 1227/749/1432 822/1417/1435 568/618/1436 823/1418/1437
f 824/1419/1433 1227/749/1432 823/1418/1437 570/620/1428
f 561/611/1434 825/1420/1438 1228/750/1439 828/1423/1440
f 825/1420/1438 560/610/1381 826/1421/1441 1228/750/1439
f 1228/750/1439 826/1421/1441 563/613/1403 827/1422/1442
f 828/1423/1440 1228/750/1439 827/1422/1442 562/612/1443
f 562/612/1443 829/1424/1444 1229/751/1445 832/1427/1446
f 829/1424/1444 564/614/1401 830/1425/1447 1229/751/1445
f 1229/751/1445 830/1425/1447 566/616/1417 831/1426/1448
f 832/1427/1446 1229/751/1445 831/1426/1448 565/615/1449
f 565/615/1449 833/1428/1450 1230/752/1451 836/1431/1452
f 833/1428/1450 567/617/1415 834/1429/1453 1230/752/1451
f 1230/752/1451 834/1429/1453 569/619/1430 835/1430/1454
f 836/1431/1452 1230/752/1451 835/1430/1454 568/618/1436
f 308/343/540 844/898/543 1231/753/1455 846/900/551
f 844/898/543 311/348/547 856/913/565 1231/753/1455
f 1231/753/1455 856/913/565 318/357/569 866/926/589
f 846/900/551 1231/753/1455 866/926/589 315/354/552
f 561/611/1434 828/1423/1440 1232/754/1456 822/1417/1435
f 828/1423/1440 562/612/1443 832/1427/1446 1232/754/1456
f 1232/754/1456 832/1427/1446 565/615/1449 836/1431/1452
f 822/1417/1435 1232/754/1456 836/1431/1452 568/618/1436
f 322/363/615 884/949/618 1233/755/1457 886/951/626
f 884/949/618 327/373/622 896/963/638 1233/755/1457
f 1233/755/1457 896/963/638 333/381/641 898/965/645
f 886/951/626 1233/755/1457 898/965/645 330/378/627
f 331/379/539 900/967/644 1234/756/1458 840/893/534
f 900/967/644 332/380/560 850/905/559 1234/756/1458
f 1234/756/1458 850/905/559 312/350/545 842/896/544
f 840/893/534 1234/756/1458 842/896/544 307/341/531
f 310/347/555 852/909/558 1235/757/1459 854/911/566
f 852/909/558 334/384/562 894/961/639 1235/757/1459
f 1235/757/1459 894/961/639 326/371/604 874/936/603
f 854/911/566 1235/757/1459 874/936/603 319/358/567
f 329/376/537 838/890/536 1236/758/1460 888/954/625
f 838/890/536 309/345/535 848/902/550 1236/758/1460
f 1236/758/1460 848/902/550 314/353/554 864/924/581
f 888/954/625 1236/758/1460 864/924/581 323/364/585
f 316/355/574 868/928/588 1237/759/1461 858/915/575
f 868/928/588 317/356/591 872/933/594 1237/759/1461
f 1237/759/1461 872/933/594 340/390/599 910/977/665
f 858/915/575 1237/759/1461 910/977/665 337/387/576
f 320/359/595 876/940/602 1238/760/1462 870/931/596
f 876/940/602 325/370/606 892/958/631 1238/760/1462
f 1238/760/1462 892/958/631 344/394/635 918/985/679
f 870/931/596 1238/760/1462 918/985/679 341/391/597
f 328/374/620 882/947/619 1239/761/1463 890/956/632
f 882/947/619 321/362/607 880/945/610 1239/761/1463
f 1239/761/1463 880/945/610 348/398/614 926/993/693
f 890/956/632 1239/761/1463 926/993/693 345/395/633
f 324/367/583 862/921/582 1240/762/1464 878/943/611
f 862/921/582 313/351/570 860/917/573 1240/762/1464
f 1240/762/1464 860/917/573 336/386/578 908/975/658
f 878/943/611 1240/762/1464 908/975/658 349/399/612
f 338/388/651 912/979/664 1241/763/1465 902/969/652
f 912/979/664 339/389/667 916/983/670 1241/763/1465
f 1241/763/1465 916/983/670 356/406/675 942/1009/721
f 902/969/652 1241/763/1465 942/1009/721 353/403/653
f 342/392/671 920/987/678 1242/764/1466 914/981/672
f 920/987/678 343/393/681 924/991/684 1242/764/1466
f 1242/764/1466 924/991/684 360/410/689 950/1017/735
f 914/981/672 1242/764/1466 950/1017/735 357/407/673
f 346/396/685 928/995/692 1243/765/1467 922/989/686
f 928/995/692 347/397/695 932/999/698 1243/765/1467
f 1243/765/1467 932/999/698 364/414/702 958/1025/749
f 922/989/686 1243/765/1467 958/1025/749 361/411/687
f 350/400/660 906/973/659 1244/766/1468 930/997/699
f 906/973/659 335/385/647 904/971/650 1244/766/1468
f 1244/766/1468 904/971/650 352/402/655 940/1007/714
f 930/997/699 1244/766/1468 940/1007/714 365/415/700
f 354/404/707 944/1011/720 1245/767/1469 934/1001/708
f 944/1011/720 355/405/723 948/1015/726 1245/767/1469
f 1245/767/1469 948/1015/726 372/422/731 974/1041/777
f 934/1001/708 1245/767/1469 974/1041/777 369/419/709
f 358/408/727 952/1019/734 1246/768/1470 946/1013/728
f 952/1019/734 359/409/737 956/1023/740 1246/768/1470
f 1246/768/1470 956/1023/740 376/426/745 982/1049/791
f 946/1013/728 1246/768/1470 982/1049/791 373/423/729
f 362/412/741 960/1027/748 1247/769/1471 954/1021/742
f 960/1027/748 363/413/751 964/1031/754 1247/769/1471
f 1247/769/1471 964/1031/754 380/430/758 990/1057/805
f 954/1021/742 1247/769/1471 990/1057/805 377/427/743
f 366/416/716 938/1005/715 1248/770/1472 962/1029/755
f 938/1005/715 351/401/703 936/1003/706 1248/770/1472
f 1248/770/1472 936/1003/706 368/418/711 972/1039/770
f 962/1029/755 1248/770/1472 972/1039/770 381/431/756
f 370/420/763 976/1043/776 1249/771/1473 966/1033/764
f 976/1043/776 371/421/779 980/1047/782 1249/771/1473
f 1249/771/1473 980/1047/782 388/438/787 1006/1073/833
f 966/1033/764 1249/771/1473 1006/1073/833 385/435/765
f 374/424/783 984/1051/790 1250/772/1474 978/1045/784
f 984/1051/790 375/425/793 988/1055/796 1250/772/1474
f 1250/772/1474 988/1055/796 392/442/801 1014/1081/847
f 978/1045/784 1250/772/1474 1014/1081/847 389/439/785
f 378/428/797 992/1059/804 1251/773/1475 986/1053/798
f 992/1059/804 379/429/807 996/1063/810 1251/773/1475
f 1251/773/1475 996/1063/810 396/446/814 1022/1089/861
f 986/1053/798 1251/773/1475 1022/1089/861 393/443/799
f 382/432/772 970/1037/771 1252/774/1476 994/1061/811
f 970/1037/771 367/417/759 968/1035/762 1252/774/1476
f 1252/774/1476 968/1035/762 384/434/767 1004/1071/826
f 994/1061/811 1252/774/1476 1004/1071/826 397/447/812
f 386/436/819 1008/1075/832 1253/775/1477 998/1065/820
f 1008/1075/832 387/437/835 1012/1079/838 1253/775/1477
f 1253/775/1477 1012/1079/838 404/454/843 1038/1105/889
f 998/1065/820 1253/775/1477 1038/1105/889 401/451/821
f 390/440/839 1016/1083/846 1254/776/1478 1010/1077/840
f 1016/1083/846 391/441/849 1020/1087/852 1254/776/1478
f 1254/776/1478 1020/1087/852 408/458/857 1046/1113/903
f 1010/1077/840 1254/776/1478 1046/1113/903 405/455/841
f 394/444/853 1024/1091/860 1255/777/1479 1018/1085/854
f 1024/1091/860 395/445/863 1028/1095/866 1255/777/1479
f 1255/777/1479 1028/1095/866 412/462/870 1054/1121/917
f 1018/1085/854 1255/777/1479 1054/1121/917 409/459/855
f 398/448/828 1002/1069/827 1256/778/1480 1026/1093/867
f 1002/1069/827 383/433/815 1000/1067/818 1256/778/1480
f 1256/778/1480 1000/1067/818 400/450/823 1036/1103/882
f 1026/1093/867 1256/778/1480 1036/1103/882 413/463/868
f 402/452/875 1040/1107/888 1257/779/1481 1030/1097/876
f 1040/1107/888 403/453/891 1044/1111/894 1257/779/1481
f 1257/779/1481 1044/1111/894 420/470/899 1070/1137/945
f 1030/1097/876 1257/779/1481 1070/1137/945 417/467/877
f 406/456/895 1048/1115/902 1258/780/1482 1042/1109/896
f 1048/1115/902 407/457/905 1052/1119/908 1258/780/1482
f 1258/780/1482 1052/1119/908 424/474/913 1078/1145/959
f 1042/1109/896 1258/780/1482 1078/1145/959 421/471/897
f 410/460/909 1056/1123/916 1259/781/1483 1050/1117/910
f 1056/1123/916 411/461/919 1060/1127/922 1259/781/1483
f 1259/781/1483 1060/1127/922 428/478/926 1086/1153/973
f 1050/1117/910 1259/781/1483 1086/1153/973 425/475/911
f 414/464/884 1034/1101/883 1260/782/1484 1058/1125/923
f 1034/1101/883 399/449/871 1032/1099/874 1260/782/1484
f 1260/782/1484 1032/1099/874 416/466/879 1068/1135/938
f 1058/1125/923 1260/782/1484 1068/1135/938 429/479/924
f 418/468/931 1072/1139/944 1261/783/1485 1062/1129/932
f 1072/1139/944 419/469/947 1076/1143/950 1261/783/1485
f 1261/783/1485 1076/1143/950 436/486/955 574/1169/1001
f 1062/1129/932 1261/783/1485 574/1169/1001 433/483/933
f 422/472/951 1080/1147/958 1262/784/1486 1074/1141/952
f 1080/1147/958 423/473/961 1084/1151/964 1262/784/1486
f 1262/784/1486 1084/1151/964 440/490/969 582/1177/1015
f 1074/1141/952 1262/784/1486 582/1177/1015 437/487/953
f 426/476/965 1088/1155/972 1263/785/1487 1082/1149/966
f 1088/1155/972 427/477/975 1092/1159/978 1263/785/1487
f 1263/785/1487 1092/1159/978 444/494/982 590/1185/1029
f 1082/1149/966 1263/785/1487 590/1185/1029 441/491/967
f 430/480/940 1066/1133/939 1264/786/1488 1090/1157/979
f 1066/1133/939 415/465/927 1064/1131/930 1264/786/1488
f 1264/786/1488 1064/1131/930 432/482/935 572/1167/994
f 1090/1157/979 1264/786/1488 572/1167/994 445/495/980
f 434/484/987 576/1171/1000 1265/787/1489 1094/1161/988
f 576/1171/1000 435/485/1003 580/1175/1006 1265/787/1489
f 1265/787/1489 580/1175/1006 452/502/1011 606/1201/1057
f 1094/1161/988 1265/787/1489 606/1201/1057 449/499/989
f 438/488/1007 584/1179/1014 1266/788/1490 578/1173/1008
f 584/1179/1014 439/489/1017 588/1183/1020 1266/788/1490
f 1266/788/1490 588/1183/1020 456/506/1025 614/1209/1071
f 578/1173/1008 1266/788/1490 614/1209/1071 453/503/1009
f 442/492/1021 592/1187/1028 1267/789/1491 586/1181/1022
f 592/1187/1028 443/493/1031 596/1191/1034 1267/789/1491
f 1267/789/1491 596/1191/1034 460/510/1038 622/1217/1085
f 586/1181/1022 1267/789/1491 622/1217/1085 457/507/1023
f 446/496/996 1098/1165/995 1268/790/1492 594/1189/1035
f 1098/1165/995 431/481/983 1096/1163/986 1268/790/1492
f 1268/790/1492 1096/1163/986 448/498/991 604/1199/1050
f 594/1189/1035 1268/790/1492 604/1199/1050 461/511/1036
f 450/500/1043 608/1203/1056 1269/791/1493 598/1193/1044
f 608/1203/1056 451/501/1059 612/1207/1062 1269/791/1493
f 1269/791/1493 612/1207/1062 468/518/1067 638/1233/1113
f 598/1193/1044 1269/791/1493 638/1233/1113 465/515/1045
f 454/504/1063 616/1211/1070 1270/792/1494 610/1205/1064
f 616/1211/1070 455/505/1073 620/1215/1076 1270/792/1494
f 1270/792/1494 620/1215/1076 472/522/1081 646/1241/1127
f 610/1205/1064 1270/792/1494 646/1241/1127 469/519/1065
f 458/508/1077 624/1219/1084 1271/793/1495 618/1213/1078
f 624/1219/1084 459/509/1087 628/1223/1090 1271/793/1495
f 1271/793/1495 628/1223/1090 476/526/1094 654/1249/1141
f 618/1213/1078 1271/793/1495 654/1249/1141 473/523/1079
f 462/512/1052 602/1197/1051 1272/794/1496 626/1221/1091
f 602/1197/1051 447/497/1039 600/1195/1042 1272/794/1496
f 1272/794/1496 600/1195/1042 464/514/1047 636/1231/1106
f 626/1221/1091 1272/794/1496 636/1231/1106 477/527/1092
f 466/516/1099 640/1235/1112 1273/795/1497 630/1225/1100
f 640/1235/1112 467/517/1115 644/1239/1118 1273/795/1497
f 1273/795/1497 644/1239/1118 484/534/1123 670/1265/1169
f 630/1225/1100 1273/795/1497 670/1265/1169 481/531/1101
f 470/520/1119 648/1243/1126 1274/796/1498 642/1237/1120
f 648/1243/1126 471/521/1129 652/1247/1132 1274/796/1498
f 1274/796/1498 652/1247/1132 488/538/1137 678/1273/1183
f 642/1237/1120 1274/796/1498 678/1273/1183 485/535/1121
f 474/524/1133 656/1251/1140 1275/797/1499 650/1245/1134
f 656/1251/1140 475/525/1143 660/1255/1146 1275/797/1499
f 1275/797/1499 660/1255/1146 492/542/1150 686/1281/1197
f 650/1245/1134 1275/797/1499 686/1281/1197 489/539/1135
f 478/528/1108 634/1229/1107 1276/798/1500 658/1253/1147
f 634/1229/1107 463/513/1095 632/1227/1098 1276/798/1500
f 1276/798/1500 632/1227/1098 480/530/1103 668/1263/1162
f 658/1253/1147 1276/798/1500 668/1263/1162 493/543/1148
f 482/532/1155 672/1267/1168 1277/799/1501 662/1257/1156
f 672/1267/1168 483/533/1171 676/1271/1174 1277/799/1501
f 1277/799/1501 676/1271/1174 500/550/1179 702/1297/1225
f 662/1257/1156 1277/799/1501 702/1297/1225 497/547/1157
f 486/536/1175 680/1275/1182 1278/800/1502 674/1269/1176
f 680/1275/1182 487/537/1185 684/1279/1188 1278/800/1502
f 1278/800/1502 684/1279/1188 504/554/1193 710/1305/1239
f 674/1269/1176 1278/800/1502 710/1305/1239 501/551/1177
f 490/540/1189 688/1283/1196 1279/801/1503 682/1277/1190
f 688/1283/1196 491/541/1199 692/1287/1202 1279/801/1503
f 1279/801/1503 692/1287/1202 508/558/1206 718/1313/1253
f 682/1277/1190 1279/801/1503 718/1313/1253 505/555/1191
f 494/544/1164 666/1261/1163 1280/802/1504 690/1285/1203
f 666/1261/1163 479/529/1151 664/1259/1154 1280/802/1504
f 1280/802/1504 664/1259/1154 496/546/1159 700/1295/1218
f 690/1285/1203 1280/802/1504 700/1295/1218 509/559/1204
f 498/548/1211 704/1299/1224 1281/803/1505 694/1289/1212
f 704/1299/1224 499/549/1227 708/1303/1230 1281/803/1505
f 1281/803/1505 708/1303/1230 516/566/1235 734/1329/1281
f 694/1289/1212 1281/803/1505 734/1329/1281 513/563/1213
f 502/552/1231 712/1307/1238 1282/804/1506 706/1301/1232
f 712/1307/1238 503/553/1241 716/1311/1244 1282/804/1506
f 1282/804/1506 716/1311/1244 520/570/1249 742/1337/1295
f 706/1301/1232 1282/804/1506 742/1337/1295 517/567/1233
f 506/556/1245 720/1315/1252 1283/805/1507 714/1309/1246
f 720/1315/1252 507/557/1255 724/1319/1258 1283/805/1507
f 1283/805/1507 724/1319/1258 524/574/1262 750/1345/1309
f 714/1309/1246 1283/805/1507 750/1345/1309 521/571/1247
f 510/560/1220 698/1293/1219 1284/806/1508 722/1317/1259
f 698/1293/1219 495/545/1207 696/1291/1210 1284/806/1508
f 1284/806/1508 696/1291/1210 512/562/1215 732/1327/1274
f 722/1317/1259 1284/806/1508 732/1327/1274 525/575/1260
f 514/564/1267 736/1331/1280 1285/807/1509 726/1321/1268
f 736/1331/1280 515/565/1283 740/1335/1286 1285/807/1509
f 1285/807/1509 740/1335/1286 532/582/1291 766/1361/1337
f 726/1321/1268 1285/807/1509 766/1361/1337 529/579/1269
f 518/568/1287 744/1339/1294 1286/808/1510 738/1333/1288
f 744/1339/1294 519/569/1297 748/1343/1300 1286/808/1510
f 1286/808/1510 748/1343/1300 536/586/1305 774/1369/1351
f 738/1333/1288 1286/808/1510 774/1369/1351 533/583/1289
f 522/572/1301 752/1347/1308 1287/809/1511 746/1341/1302
f 752/1347/1308 523/573/1311 756/1351/1314 1287/809/1511
f 1287/809/1511 756/1351/1314 540/590/1318 782/1377/1365
f 746/1341/1302 1287/809/1511 782/1377/1365 537/587/1303
f 526/576/1276 730/1325/1275 1288/810/1512 754/1349/1315
f 730/1325/1275 511/561/1263 728/1323/1266 1288/810/1512
f 1288/810/1512 728/1323/1266 528/578/1271 764/1359/1330
f 754/1349/1315 1288/810/1512 764/1359/1330 541/591/1316
f 530/580/1323 768/1363/1336 1289/811/1513 758/1353/1324
f 768/1363/1336 531/581/1339 772/1367/1342 1289/811/1513
f 1289/811/1513 772/1367/1342 548/598/1347 798/1393/1393
f 758/1353/1324 1289/811/1513 798/1393/1393 545/595/1325
f 534/584/1343 776/1371/1350 1290/812/1514 770/1365/1344
f 776/1371/1350 535/585/1353 780/1375/1356 1290/812/1514
f 1290/812/1514 780/1375/1356 552/602/1361 806/1401/1407
f 770/1365/1344 1290/812/1514 806/1401/1407 549/599/1345
f 538/588/1357 784/1379/1364 1291/813/1515 778/1373/1358
f 784/1379/1364 539/589/1367 788/1383/1370 1291/813/1515
f 1291/813/1515 788/1383/1370 556/606/1374 814/1409/1421
f 778/1373/1358 1291/813/1515 814/1409/1421 553/603/1359
f 542/592/1332 762/1357/1331 1292/814/1516 786/1381/1371
f 762/1357/1331 527/577/1319 760/1355/1322 1292/814/1516
f 1292/814/1516 760/1355/1322 544/594/1327 796/1391/1386
f 786/1381/1371 1292/814/1516 796/1391/1386 557/607/1372
f 546/596/1379 800/1395/1392 1293/815/1517 790/1385/1380
f 800/1395/1392 547/597/1395 804/1399/1398 1293/815/1517
f 1293/815/1517 804/1399/1398 563/613/1403 826/1421/1441
f 790/1385/1380 1293/815/1517 826/1421/1441 560/610/1381
f 550/600/1399 808/1403/1406 1294/816/1518 802/1397/1400
f 808/1403/1406 551/601/1409 812/1407/1412 1294/816/1518
f 1294/816/1518 812/1407/1412 566/616/1417 830/1425/1447
f 802/1397/1400 1294/816/1518 830/1425/1447 564/614/1401
f 554/604/1413 816/1411/1420 1295/817/1519 810/1405/1414
f 816/1411/1420 555/605/1423 820/1415/1426 1295/817/1519
f 1295/817/1519 820/1415/1426 569/619/1430 834/1429/1453
f 810/1405/1414 1295/817/1519 834/1429/1453 567/617/1415
f 558/608/1388 794/1389/1387 1296/818/1520 818/1413/1427
f 794/1389/1387 543/593/1375 792/1387/1378 1296/818/1520
f 1296/818/1520 792/1387/1378 559/609/1383 824/1419/1433
f 818/1413/1427 1296/818/1520 824/1419/1433 570/620/1428
f 307/342/531 841/894/541 1297/819/1521 837/888/532
f 308/343/540 845/899/548 1297/819/1521 841/894/541
f 309/345/535 837/888/532 1297/819/1521 845/899/548
f 310/347/555 853/910/563 1298/820/1522 849/904/556
f 311/348/547 843/897/546 1298/820/1522 853/910/563
f 312/349/545 849/904/556 1298/820/1522 843/897/546
f 313/351/570 861/919/579 1299/821/1523 857/914/571
f 861/919/579 314/353/554 847/901/553 1299/821/1523
f 1299/821/1523 847/901/553 315/354/552 865/925/586
f 857/914/571 1299/821/1523 865/925/586 316/355/574
f 317/356/591 867/927/590 1300/822/1524 869/930/592
f 867/927/590 318/357/569 855/912/568 1300/822/1524
f 1300/822/1524 855/912/568 319/358/567 873/935/600
f 869/930/592 1300/822/1524 873/935/600 320/360/595
f 321/362/607 881/946/616 1301/823/1525 877/942/608
f 881/946/616 322/363/615 885/950/623 1301/823/1525
f 1301/823/1525 885/950/623 323/365/585 863/923/584
f 877/942/608 1301/823/1525 863/923/584 324/368/583
f 325/370/606 875/938/605 1302/824/1526 889/955/629
f 875/938/605 326/372/604 893/959/636 1302/824/1526
f 1302/824/1526 893/959/636 327/373/622 883/948/621
f 889/955/629 1302/824/1526 883/948/621 328/374/620
f 329/377/537 887/952/628 1303/825/1527 839/892/538
f 330/378/627 897/964/642 1303/825/1527 887/952/628
f 331/379/539 839/892/538 1303/825/1527 897/964/642
f 332/380/560 899/966/646 1304/826/1528 851/907/561
f 333/381/641 895/962/640 1304/826/1528 899/966/646
f 334/383/562 851/907/561 1304/826/1528 895/962/640
f 335/385/647 905/972/656 1305/827/1529 901/968/648
f 905/972/656 336/386/578 859/916/577 1305/827/1529
f 1305/827/1529 859/916/577 337/387/576 909/976/662
f 901/968/648 1305/827/1529 909/976/662 338/388/651
f 339/389/667 911/978/666 1306/828/1530 913/980/668
f 911/978/666 340/390/599 871/932/598 1306/828/1530
f 1306/828/1530 871/932/598 341/391/597 917/984/676
f 913/980/668 1306/828/1530 917/984/676 342/392/671
f 343/393/681 919/986/680 1307/829/1531 921/988/682
f 919/986/680 344/394/635 891/957/634 1307/829/1531
f 1307/829/1531 891/957/634 345/395/633 925/992/690
f 921/988/682 1307/829/1531 925/992/690 346/396/685
f 347/397/695 927/994/694 1308/830/1532 929/996/696
f 927/994/694 348/398/614 879/944/613 1308/830/1532
f 1308/830/1532 879/944/613 349/399/612 907/974/661
f 929/996/696 1308/830/1532 907/974/661 350/400/660
f 351/401/703 937/1004/712 1309/831/1533 933/1000/704
f 937/1004/712 352/402/655 903/970/654 1309/831/1533
f 1309/831/1533 903/970/654 353/403/653 941/1008/718
f 933/1000/704 1309/831/1533 941/1008/718 354/404/707
f 355/405/723 943/1010/722 1310/832/1534 945/1012/724
f 943/1010/722 356/406/675 915/982/674 1310/832/1534
f 1310/832/1534 915/982/674 357/407/673 949/1016/732
f 945/1012/724 1310/832/1534 949/1016/732 358/408/727
f 359/409/737 951/1018/736 1311/833/1535 953/1020/738
f 951/1018/736 360/410/689 923/990/688 1311/833/1535
f 1311/833/1535 923/990/688 361/411/687 957/1024/746
f 953/1020/738 1311/833/1535 957/1024/746 362/412/741
f 363/413/751 959/1026/750 1312/834/1536 961/1028/752
f 959/1026/750 364/414/702 931/998/701 1312/834/1536
f 1312/834/1536 931/998/701 365/415/700 939/1006/717
f 961/1028/752 1312/834/1536 939/1006/717 366/416/716
f 367/417/759 969/1036/768 1313/835/1537 965/1032/760
f 969/1036/768 368/418/711 935/1002/710 1313/835/1537
f 1313/835/1537 935/1002/710 369/419/709 973/1040/774
f 965/1032/760 1313/835/1537 973/1040/774 370/420/763
f 371/421/779 975/1042/778 1314/836/1538 977/1044/780
f 975/1042/778 372/422/731 947/1014/730 1314/836/1538
f 1314/836/1538 947/1014/730 373/423/729 981/1048/788
f 977/1044/780 1314/836/1538 981/1048/788 374/424/783
f 375/425/793 983/1050/792 1315/837/1539 985/1052/794
f 983/1050/792 376/426/745 955/1022/744 1315/837/1539
f 1315/837/1539 955/1022/744 377/427/743 989/1056/802
f 985/1052/794 1315/837/1539 989/1056/802 378/428/797
f 379/429/807 991/1058/806 1316/838/1540 993/1060/808
f 991/1058/806 380/430/758 963/1030/757 1316/838/1540
f 1316/838/1540 963/1030/757 381/431/756 971/1038/773
f 993/1060/808 1316/838/1540 971/1038/773 382/432/772
f 383/433/815 1001/1068/824 1317/839/1541 997/1064/816
f 1001/1068/824 384/434/767 967/1034/766 1317/839/1541
f 1317/839/1541 967/1034/766 385/435/765 1005/1072/830
f 997/1064/816 1317/839/1541 1005/1072/830 386/436/819
f 387/437/835 1007/1074/834 1318/840/1542 1009/1076/836
f 1007/1074/834 388/438/787 979/1046/786 1318/840/1542
f 1318/840/1542 979/1046/786 389/439/785 1013/1080/844
f 1009/1076/836 1318/840/1542 1013/1080/844 390/440/839
f 391/441/849 1015/1082/848 1319/841/1543 1017/1084/850
f 1015/1082/848 392/442/801 987/1054/800 1319/841/1543
f 1319/841/1543 987/1054/800 393/443/799 1021/1088/858
f 1017/1084/850 1319/841/1543 1021/1088/858 394/444/853
f 395/445/863 1023/1090/862 1320/842/1544 1025/1092/864
f 1023/1090/862 396/446/814 995/1062/813 1320/842/1544
f 1320/842/1544 995/1062/813 397/447/812 1003/1070/829
f 1025/1092/864 1320/842/1544 1003/1070/829 398/448/828
f 399/449/871 1033/1100/880 1321/843/1545 1029/1096/872
f 1033/1100/880 400/450/823 999/1066/822 1321/843/1545
f 1321/843/1545 999/1066/822 401/451/821 1037/1104/886
f 1029/1096/872 1321/843/1545 1037/1104/886 402/452/875
f 403/453/891 1039/1106/890 1322/844/1546 1041/1108/892
f 1039/1106/890 404/454/843 1011/1078/842 1322/844/1546
f 1322/844/1546 1011/1078/842 405/455/841 1045/1112/900
f 1041/1108/892 1322/844/1546 1045/1112/900 406/456/895
f 407/457/905 1047/1114/904 1323/845/1547 1049/1116/906
f 1047/1114/904 408/458/857 1019/1086/856 1323/845/1547
f 1323/845/1547 1019/1086/856 409/459/855 1053/1120/914
f 1049/1116/906 1323/845/1547 1053/1120/914 410/460/909
f 411/461/919 1055/1122/918 1324/846/1548 1057/1124/920
f 1055/1122/918 412/462/870 1027/1094/869 1324/846/1548
f 1324/846/1548 1027/1094/869 413/463/868 1035/1102/885
f 1057/1124/920 1324/846/1548 1035/1102/885 414/464/884
f 415/465/927 1065/1132/936 1325/847/1549 1061/1128/928
f 1065/1132/936 416/466/879 1031/1098/878 1325/847/1549
f 1325/847/1549 1031/1098/878 417/467/877 1069/1136/942
f 1061/1128/928 1325/847/1549 1069/1136/942 418/468/931
f 419/469/947 1071/1138/946 1326/848/1550 1073/1140/948
f 1071/1138/946 420/470/899 1043/1110/898 1326/848/1550
f 1326/848/1550 1043/1110/898 421/471/897 1077/1144/956
f 1073/1140/948 1326/848/1550 1077/1144/956 422/472/951
f 423/473/961 1079/1146/960 1327/849/1551 1081/1148/962
f 1079/1146/960 424/474/913 1051/1118/912 1327/849/1551
f 1327/849/1551 1051/1118/912 425/475/911 1085/1152/970
f 1081/1148/962 1327/849/1551 1085/1152/970 426/476/965
f 427/477/975 1087/1154/974 1328/850/1552 1089/1156/976
f 1087/1154/974 428/478/926 1059/1126/925 1328/850/1552
f 1328/850/1552 1059/1126/925 429/479/924 1067/1134/941
f 1089/1156/976 1328/850/1552 1067/1134/941 430/480/940
f 431/481/983 1097/1164/992 1329/851/1553 1093/1160/984
f 1097/1164/992 432/482/935 1063/1130/934 1329/851/1553
f 1329/851/1553 1063/1130/934 433/483/933 573/1168/998
f 1093/1160/984 1329/851/1553 573/1168/998 434/484/987
f 435/485/1003 575/1170/1002 1330/852/1554 577/1172/1004
f 575/1170/1002 436/486/955 1075/1142/954 1330/852/1554
f 1330/852/1554 1075/1142/954 437/487/953 581/1176/1012
f 577/1172/1004 1330/852/1554 581/1176/1012 438/488/1007
f 439/489/1017 583/1178/1016 1331/853/1555 585/1180/1018
f 583/1178/1016 440/490/969 1083/1150/968 1331/853/1555
f 1331/853/1555 1083/1150/968 441/491/967 589/1184/1026
f 585/1180/1018 1331/853/1555 589/1184/1026 442/492/1021
f 443/493/1031 591/1186/1030 1332/854/1556 593/1188/1032
f 591/1186/1030 444/494/982 1091/1158/981 1332/854/1556
f 1332/854/1556 1091/1158/981 445/495/980 571/1166/997
f 593/1188/1032 1332/854/1556 571/1166/997 446/496/996
f 447/497/1039 601/1196/1048 1333/855/1557 597/1192/1040
f 601/1196/1048 448/498/991 1095/1162/990 1333/855/1557
f 1333/855/1557 1095/1162/990 449/499/989 605/1200/1054
f 597/1192/1040 1333/855/1557 605/1200/1054 450/500/1043
f 451/501/1059 607/1202/1058 1334/856/1558 609/1204/1060
f 607/1202/1058 452/502/1011 579/1174/1010 1334/856/1558
f 1334/856/1558 579/1174/1010 453/503/1009 613/1208/1068
f 609/1204/1060 1334/856/1558 613/1208/1068 454/504/1063
f 455/505/1073 615/1210/1072 1335/857/1559 617/1212/1074
f 615/1210/1072 456/506/1025 587/1182/1024 1335/857/1559
f 1335/857/1559 587/1182/1024 457/507/1023 621/1216/1082
f 617/1212/1074 1335/857/1559 621/1216/1082 458/508/1077
f 459/509/1087 623/1218/1086 1336/858/1560 625/1220/1088
f 623/1218/1086 460/510/1038 595/1190/1037 1336/858/1560
f 1336/858/1560 595/1190/1037 461/511/1036 603/1198/1053
f 625/1220/1088 1336/858/1560 603/1198/1053 462/512/1052
f 463/513/1095 633/1228/1104 1337/859/1561 629/1224/1096
f 633/1228/1104 464/514/1047 599/1194/1046 1337/859/1561
f 1337/859/1561 599/1194/1046 465/515/1045 637/1232/1110
f 629/1224/1096 1337/859/1561 637/1232/1110 466/516/1099
f 467/517/1115 639/1234/1114 1338/860/1562 641/1236/1116
f 639/1234/1114 468/518/1067 611/1206/1066 1338/860/1562
f 1338/860/1562 611/1206/1066 469/519/1065 645/1240/1124
f 641/1236/1116 1338/860/1562 645/1240/1124 470/520/1119
f 471/521/1129 647/1242/1128 1339/861/1563 649/1244/1130
f 647/1242/1128 472/522/1081 619/1214/1080 1339/861/1563
f 1339/861/1563 619/1214/1080 473/523/1079 653/1248/1138
f 649/1244/1130 1339/861/1563 653/1248/1138 474/524/1133
f 475/525/1143 655/1250/1142 1340/862/1564 657/1252/1144
f 655/1250/1142 476/526/1094 627/1222/1093 1340/862/1564
f 1340/862/1564 627/1222/1093 477/527/1092 635/1230/1109
f 657/1252/1144 1340/862/1564 635/1230/1109 478/528/1108
f 479/529/1151 665/1260/1160 1341/863/1565 661/1256/1152
f 665/1260/1160 480/530/1103 631/1226/1102 1341/863/1565
f 1341/863/1565 631/1226/1102 481/531/1101 669/1264/1166
f 661/1256/1152 1341/863/1565 669/1264/1166 482/532/1155
f 483/533/1171 671/1266/1170 1342/864/1566 673/1268/1172
f 671/1266/1170 484/534/1123 643/1238/1122 1342/864/1566
f 1342/864/1566 643/1238/1122 485/535/1121 677/1272/1180
f 673/1268/1172 1342/864/1566 677/1272/1180 486/536/1175
f 487/537/1185 679/1274/1184 1343/865/1567 681/1276/1186
f 679/1274/1184 488/538/1137 651/1246/1136 1343/865/1567
f 1343/865/1567 651/1246/1136 489/539/1135 685/1280/1194
f 681/1276/1186 1343/865/1567 685/1280/1194 490/540/1189
f 491/541/1199 687/1282/1198 1344/866/1568 689/1284/1200
f 687/1282/1198 492/542/1150 659/1254/1149 1344/866/1568
f 1344/866/1568 659/1254/1149 493/543/1148 667/1262/1165
f 689/1284/1200 1344/866/1568 667/1262/1165 494/544/1164
f 495/545/1207 697/1292/1216 1345/867/1569 693/1288/1208
f 697/1292/1216 496/546/1159 663/1258/1158 1345/867/1569
f 1345/867/1569 663/1258/1158 497/547/1157 701/1296/1222
f 693/1288/1208 1345/867/1569 701/1296/1222 498/548/1211
f 499/549/1227 703/1298/1226 1346/868/1570 705/1300/1228
f 703/1298/1226 500/550/1179 675/1270/1178 1346/868/1570
f 1346/868/1570 675/1270/1178 501/551/1177 709/1304/1236
f 705/1300/1228 1346/868/1570 709/1304/1236 502/552/1231
f 503/553/1241 711/1306/1240 1347/869/1571 713/1308/1242
f 711/1306/1240 504/554/1193 683/1278/1192 1347/869/1571
f 1347/869/1571 683/1278/1192 505/555/1191 717/1312/1250
f 713/1308/1242 1347/869/1571 717/1312/1250 506/556/1245
f 507/557/1255 719/1314/1254 1348/870/1572 721/1316/1256
f 719/1314/1254 508/558/1206 691/1286/1205 1348/870/1572
f 1348/870/1572 691/1286/1205 509/559/1204 699/1294/1221
f 721/1316/1256 1348/870/1572 699/1294/1221 510/560/1220
f 511/561/1263 729/1324/1272 1349/871/1573 725/1320/1264
f 729/1324/1272 512/562/1215 695/1290/1214 1349/871/1573
f 1349/871/1573 695/1290/1214 513/563/1213 733/1328/1278
f 725/1320/1264 1349/871/1573 733/1328/1278 514/564/1267
f 515/565/1283 735/1330/1282 1350/872/1574 737/1332/1284
f 735/1330/1282 516/566/1235 707/1302/1234 1350/872/1574
f 1350/872/1574 707/1302/1234 517/567/1233 741/1336/1292
f 737/1332/1284 1350/872/1574 741/1336/1292 518/568/1287
f 519/569/1297 743/1338/1296 1351/873/1575 745/1340/1298
f 743/1338/1296 520/570/1249 715/1310/1248 1351/873/1575
f 1351/873/1575 715/1310/1248 521/571/1247 749/1344/1306
f 745/1340/1298 1351/873/1575 749/1344/1306 522/572/1301
f 523/573/1311 751/1346/1310 1352/874/1576 753/1348/1312
f 751/1346/1310 524/574/1262 723/1318/1261 1352/874/1576
f 1352/874/1576 723/1318/1261 525/575/1260 731/1326/1277
f 753/1348/1312 1352/874/1576 731/1326/1277 526/576/1276
f 527/577/1319 761/1356/1328 1353/875/1577 757/1352/1320
f 761/1356/1328 528/578/1271 727/1322/1270 1353/875/1577
f 1353/875/1577 727/1322/1270 529/579/1269 765/1360/1334
f 757/1352/1320 1353/875/1577 765/1360/1334 530/580/1323
f 531/581/1339 767/1362/1338 1354/876/1578 769/1364/1340
f 767/1362/1338 532/582/1291 739/1334/1290 1354/876/1578
f 1354/876/1578 739/1334/1290 533/583/1289 773/1368/1348
f 769/1364/1340 1354/876/1578 773/1368/1348 534/584/1343
f 535/585/1353 775/1370/1352 1355/877/1579 777/1372/1354
f 775/1370/1352 536/586/1305 747/1342/1304 1355/877/1579
f 1355/877/1579 747/1342/1304 537/587/1303 781/1376/1362
f 777/1372/1354 1355/877/1579 781/1376/1362 538/588/1357
f 539/589/1367 783/1378/1366 1356/878/1580 785/1380/1368
f 783/1378/1366 540/590/1318 755/1350/1317 1356/878/1580
f 1356/878/1580 755/1350/1317 541/591/1316 763/1358/1333
f 785/1380/1368 1356/878/1580 763/1358/1333 542/592/1332
f 543/593/1375 793/1388/1384 1357/879/1581 789/1384/1376
f 793/1388/1384 544/594/1327 759/1354/1326 1357/879/1581
f 1357/879/1581 759/1354/1326 545/595/1325 797/1392/1390
f 789/1384/1376 1357/879/1581 797/1392/1390 546/596/1379
f 547/597/1395 799/1394/1394 1358/880/1582 801/1396/1396
f 799/1394/1394 548/598/1347 771/1366/1346 1358/880/1582
f 1358/880/1582 771/1366/1346 549/599/1345 805/1400/1404
f 801/1396/1396 1358/880/1582 805/1400/1404 550/600/1399
f 551/601/1409 807/1402/1408 1359/881/1583 809/1404/1410
f 807/1402/1408 552/602/1361 779/1374/1360 1359/881/1583
f 1359/881/1583 779/1374/1360 553/603/1359 813/1408/1418
f 809/1404/1410 1359/881/1583 813/1408/1418 554/604/1413
f 555/605/1423 815/1410/1422 1360/882/1584 817/1412/1424
f 815/1410/1422 556/606/1374 787/1382/1373 1360/882/1584
f 1360/882/1584 787/1382/1373 557/607/1372 795/1390/1389
f 817/1412/1424 1360/882/1584 795/1390/1389 558/608/1388
f 559/609/1383 791/1386/1382 1361/883/1585 821/1416/1431
f 560/610/1381 825/1420/1438 1361/883/1585 791/1386/1382
f 561/611/1434 821/1416/1431 1361/883/1585 825/1420/1438
f 562/612/1443 827/1422/1442 1362/884/1586 829/1424/1444
f 563/613/1403 803/1398/1402 1362/884/1586 827/1422/1442
f 564/614/1401 829/1424/1444 1362/884/1586 803/1398/1402
f 565/615/1449 831/1426/1448 1363/885/1587 833/1428/1450
f 566/616/1417 811/1406/1416 1363/885/1587 831/1426/1448
f 567/617/1415 833/1428/1450 1363/885/1587 811/1406/1416
f 568/618/1436 835/1430/1454 1364/886/1588 823/1418/1437
f 569/619/1430 819/1414/1429 1364/886/1588 835/1430/1454
f 570/620/1428 823/1418/1437 1364/886/1588 819/1414/1429
