# This file uses centimeters as units for non-parametric coordinates.

mtllib Glasses.mtl
g default
v 22.174632 -0.428654 -0.198375
v 22.083449 -0.428654 -0.377332
v 21.941428 -0.428654 -0.519353
v 21.762471 -0.428654 -0.610536
v 21.564096 -0.428654 -0.641956
v 21.365721 -0.428654 -0.610536
v 21.186764 -0.428654 -0.519353
v 21.044743 -0.428654 -0.377332
v 20.953560 -0.428654 -0.198375
v 20.922140 -0.428654 -0.000000
v 20.953560 -0.428654 0.198375
v 21.044743 -0.428654 0.377332
v 21.186764 -0.428654 0.519353
v 21.365721 -0.428654 0.610536
v 21.564096 -0.428654 0.641956
v 21.762471 -0.428654 0.610536
v 21.941428 -0.428654 0.519353
v 22.083449 -0.428654 0.377332
v 22.174632 -0.428654 0.198375
v 22.206052 -0.428654 -0.000000
v 22.527980 1.071346 -0.313185
v 22.384025 1.071346 -0.595713
v 22.159809 1.071346 -0.819929
v 21.877281 1.071346 -0.963884
v 21.564096 1.071346 -1.013487
v 21.250911 1.071346 -0.963884
v 20.968383 1.071346 -0.819928
v 20.744167 1.071346 -0.595713
v 20.600212 1.071346 -0.313185
v 20.550609 1.071346 0.000000
v 20.600212 1.071346 0.313185
v 20.744168 1.071346 0.595713
v 20.968383 1.071346 0.819928
v 21.250911 1.071346 0.963884
v 21.564096 1.071346 1.013487
v 21.877281 1.071346 0.963884
v 22.159809 1.071346 0.819928
v 22.384024 1.071346 0.595713
v 22.527979 1.071346 0.313185
v 22.577583 1.071346 -0.000000
v 21.564096 -0.678654 -0.000000
v 22.426746 1.084996 -0.280292
v 22.297910 1.084996 -0.533147
v 22.097243 1.084996 -0.733814
v 21.844388 1.084996 -0.862650
v 21.564096 1.084996 -0.907043
v 21.283804 1.084996 -0.862649
v 21.030949 1.084996 -0.733813
v 20.830283 1.084996 -0.533147
v 20.701447 1.084996 -0.280292
v 20.657053 1.084996 -0.000000
v 20.701447 1.084996 0.280292
v 20.830283 1.084996 0.533147
v 21.030949 1.084996 0.733813
v 21.283804 1.084996 0.862649
v 21.564096 1.084996 0.907043
v 21.844388 1.084996 0.862649
v 22.097242 1.084996 0.733813
v 22.297909 1.084996 0.533146
v 22.426745 1.084996 0.280292
v 22.471139 1.084996 0.000000
v 22.041742 -0.333102 -0.155197
v 21.970406 -0.333102 -0.295201
v 21.564096 -0.569451 -0.000000
v 21.859297 -0.333102 -0.406310
v 21.719292 -0.333102 -0.477646
v 21.564096 -0.333102 -0.502227
v 21.408899 -0.333102 -0.477646
v 21.268894 -0.333102 -0.406310
v 21.157786 -0.333102 -0.295201
v 21.086450 -0.333102 -0.155197
v 21.061869 -0.333102 -0.000000
v 21.086450 -0.333102 0.155196
v 21.157786 -0.333102 0.295201
v 21.268894 -0.333102 0.406310
v 21.408899 -0.333102 0.477646
v 21.564096 -0.333102 0.502226
v 21.719292 -0.333102 0.477646
v 21.859297 -0.333102 0.406310
v 21.970406 -0.333102 0.295201
v 22.041742 -0.333102 0.155197
v 22.066322 -0.333102 0.000000
v 22.020914 -0.333102 -0.232760
v 21.798868 -0.569452 -0.170572
v 21.840087 -0.569452 -0.089675
v 21.926628 -0.333102 -0.362532
v 21.734668 -0.569452 -0.234772
v 21.796856 -0.333102 -0.456818
v 21.653771 -0.569452 -0.275991
v 21.644300 -0.333102 -0.506386
v 21.564096 -0.569452 -0.290194
v 21.483892 -0.333102 -0.506386
v 21.474421 -0.569452 -0.275991
v 21.331336 -0.333102 -0.456818
v 21.393524 -0.569452 -0.234772
v 21.201563 -0.333102 -0.362532
v 21.329324 -0.569452 -0.170572
v 21.107278 -0.333102 -0.232760
v 21.288105 -0.569452 -0.089675
v 21.057710 -0.333102 -0.080204
v 21.273902 -0.569452 -0.000000
v 21.057710 -0.333102 0.080204
v 21.288105 -0.569452 0.089675
v 21.107278 -0.333102 0.232760
v 21.329324 -0.569452 0.170572
v 21.201563 -0.333102 0.362532
v 21.393524 -0.569452 0.234772
v 21.331336 -0.333102 0.456817
v 21.474421 -0.569452 0.275991
v 21.483892 -0.333102 0.506386
v 21.564096 -0.569452 0.290194
v 21.644300 -0.333102 0.506386
v 21.653771 -0.569452 0.275991
v 21.796856 -0.333102 0.456817
v 21.734668 -0.569452 0.234772
v 21.926628 -0.333102 0.362532
v 21.798868 -0.569452 0.170572
v 22.020913 -0.333102 0.232760
v 21.840087 -0.569452 0.089675
v 22.070482 -0.333102 0.080204
v 21.854290 -0.569452 0.000000
v 22.070482 -0.333102 -0.080204
v 22.385172 1.321346 -0.596546
v 22.372216 1.084996 -0.411758
v 22.529328 1.321346 -0.313623
v 22.160642 1.321346 -0.821076
v 22.205423 1.084996 -0.641327
v 21.877719 1.321346 -0.965232
v 21.975853 1.084996 -0.808120
v 21.564096 1.321346 -1.014905
v 21.705978 1.084996 -0.895807
v 21.250473 1.321346 -0.965232
v 21.422214 1.084996 -0.895807
v 20.967550 1.321346 -0.821075
v 21.152338 1.084996 -0.808120
v 20.743021 1.321346 -0.596546
v 20.922769 1.084996 -0.641327
v 20.598864 1.321346 -0.313623
v 20.755977 1.084996 -0.411757
v 20.549191 1.321346 0.000000
v 20.668289 1.084996 -0.141882
v 20.598864 1.321346 0.313623
v 20.668289 1.084996 0.141882
v 20.743021 1.321346 0.596546
v 20.755977 1.084996 0.411757
v 20.967550 1.321346 0.821075
v 20.922769 1.084996 0.641327
v 21.250473 1.321346 0.965232
v 21.152339 1.084996 0.808119
v 21.564096 1.321346 1.014905
v 21.422214 1.084996 0.895807
v 21.877719 1.321346 0.965232
v 21.705978 1.084996 0.895807
v 22.160642 1.321346 0.821075
v 21.975853 1.084996 0.808119
v 22.385171 1.321346 0.596546
v 22.205423 1.084996 0.641327
v 22.529328 1.321346 0.313623
v 22.372215 1.084996 0.411757
v 22.579001 1.321346 -0.000000
v 22.459903 1.084996 0.141882
v 22.459903 1.084996 -0.141882
v 22.148204 0.375947 -0.424379
v 22.250756 0.375947 -0.223109
v 21.988475 0.375947 -0.584108
v 21.787205 0.375947 -0.686660
v 21.564096 0.375947 -0.721997
v 21.340987 0.375947 -0.686660
v 21.139717 0.375947 -0.584108
v 20.979988 0.375947 -0.424379
v 20.877436 0.375947 -0.223109
v 20.842099 0.375947 -0.000000
v 20.877436 0.375947 0.223109
v 20.979988 0.375947 0.424379
v 21.139717 0.375947 0.584107
v 21.340987 0.375947 0.686660
v 21.564096 0.375947 0.721996
v 21.787205 0.375947 0.686659
v 21.988475 0.375947 0.584107
v 22.148203 0.375947 0.424379
v 22.250755 0.375947 0.223109
v 22.286092 0.375947 0.000000
v 22.148389 -0.428654 -0.297712
v 22.268503 0.321346 -0.511782
v 22.467051 1.071346 -0.460078
v 22.392176 0.321346 -0.269060
v 22.027793 -0.428654 -0.463697
v 22.075878 0.321346 -0.704407
v 22.280685 1.071346 -0.716589
v 21.861808 -0.428654 -0.584293
v 21.833156 0.321346 -0.828080
v 22.024174 1.071346 -0.902955
v 21.666680 -0.428654 -0.647694
v 21.564096 0.321346 -0.870695
v 21.722628 1.071346 -1.000933
v 21.461511 -0.428654 -0.647694
v 21.295036 0.321346 -0.828080
v 21.405564 1.071346 -1.000933
v 21.266384 -0.428654 -0.584293
v 21.052314 0.321346 -0.704407
v 21.104018 1.071346 -0.902955
v 21.100399 -0.428654 -0.463697
v 20.859689 0.321346 -0.511782
v 20.847507 1.071346 -0.716589
v 20.979803 -0.428654 -0.297712
v 20.736016 0.321346 -0.269060
v 20.661141 1.071346 -0.460078
v 20.916403 -0.428654 -0.102585
v 20.693401 0.321346 -0.000000
v 20.563163 1.071346 -0.158532
v 20.916403 -0.428654 0.102584
v 20.736016 0.321346 0.269059
v 20.563163 1.071346 0.158532
v 20.979803 -0.428654 0.297712
v 20.859689 0.321346 0.511782
v 20.661141 1.071346 0.460078
v 21.100399 -0.428654 0.463697
v 21.052314 0.321346 0.704407
v 20.847507 1.071346 0.716589
v 21.266384 -0.428654 0.584293
v 21.295036 0.321346 0.828080
v 21.104018 1.071346 0.902954
v 21.461511 -0.428654 0.647693
v 21.564096 0.321346 0.870695
v 21.405564 1.071346 1.000933
v 21.666680 -0.428654 0.647693
v 21.833155 0.321346 0.828080
v 21.722628 1.071346 1.000933
v 21.861808 -0.428654 0.584292
v 22.075877 0.321346 0.704407
v 22.024174 1.071346 0.902954
v 22.027793 -0.428654 0.463697
v 22.268503 0.321346 0.511781
v 22.280684 1.071346 0.716589
v 22.148388 -0.428654 0.297712
v 22.392176 0.321346 0.269059
v 22.467050 1.071346 0.460078
v 22.211789 -0.428654 0.102584
v 22.434791 0.321346 -0.000000
v 22.565029 1.071346 0.158532
v 22.211789 -0.428654 -0.102585
v 22.565029 1.071346 -0.158532
v 21.928063 -0.678654 -0.118260
v 21.873705 -0.678654 -0.224944
v 21.789040 -0.678654 -0.309609
v 21.682356 -0.678654 -0.363967
v 21.564096 -0.678654 -0.382697
v 21.445836 -0.678654 -0.363967
v 21.339152 -0.678654 -0.309609
v 21.254487 -0.678654 -0.224944
v 21.200129 -0.678654 -0.118260
v 21.181399 -0.678654 -0.000000
v 21.200129 -0.678654 0.118260
v 21.254487 -0.678654 0.224944
v 21.339152 -0.678654 0.309608
v 21.445836 -0.678654 0.363967
v 21.564096 -0.678654 0.382697
v 21.682356 -0.678654 0.363966
v 21.789040 -0.678654 0.309608
v 21.873704 -0.678654 0.224944
v 21.928062 -0.678654 0.118260
v 21.946793 -0.678654 -0.000000
v 22.339832 0.321346 -0.395257
v 22.179723 0.321346 -0.615627
v 21.959353 0.321346 -0.775736
v 21.700292 0.321346 -0.859909
v 21.427900 0.321346 -0.859909
v 21.168839 0.321346 -0.775735
v 20.948469 0.321346 -0.615627
v 20.788361 0.321346 -0.395257
v 20.704187 0.321346 -0.136196
v 20.704187 0.321346 0.136196
v 20.788361 0.321346 0.395257
v 20.948469 0.321346 0.615627
v 21.168839 0.321346 0.775735
v 21.427900 0.321346 0.859909
v 21.700292 0.321346 0.859909
v 21.959353 0.321346 0.775735
v 22.179723 0.321346 0.615627
v 22.339831 0.321346 0.395257
v 22.424005 0.321346 0.136196
v 22.424005 0.321346 -0.136196
v 21.954455 -0.678654 -0.198898
v 21.873887 -0.678654 -0.309791
v 21.762994 -0.678654 -0.390359
v 21.632631 -0.678654 -0.432716
v 21.495560 -0.678654 -0.432716
v 21.365198 -0.678654 -0.390359
v 21.254305 -0.678654 -0.309791
v 21.173737 -0.678654 -0.198898
v 21.131380 -0.678654 -0.068536
v 21.131380 -0.678654 0.068535
v 21.173737 -0.678654 0.198898
v 21.254305 -0.678654 0.309790
v 21.365198 -0.678654 0.390359
v 21.495560 -0.678654 0.432716
v 21.632631 -0.678654 0.432716
v 21.762994 -0.678654 0.390359
v 21.873886 -0.678654 0.309790
v 21.954455 -0.678654 0.198898
v 21.996812 -0.678654 0.068535
v 21.996812 -0.678654 -0.068536
v 21.860100 -0.569452 -0.150822
v 21.799006 -0.569452 -0.234910
v 21.714917 -0.569452 -0.296004
v 21.616065 -0.569452 -0.328123
v 21.512126 -0.569452 -0.328123
v 21.413274 -0.569452 -0.296004
v 21.329186 -0.569452 -0.234910
v 21.268092 -0.569452 -0.150822
v 21.235973 -0.569452 -0.051970
v 21.235973 -0.569452 0.051970
v 21.268092 -0.569452 0.150821
v 21.329186 -0.569452 0.234910
v 21.413274 -0.569452 0.296004
v 21.512126 -0.569452 0.328123
v 21.616065 -0.569452 0.328123
v 21.714917 -0.569452 0.296004
v 21.799006 -0.569452 0.234910
v 21.860100 -0.569452 0.150821
v 21.892219 -0.569452 0.051970
v 21.892219 -0.569452 -0.051970
v 22.468314 1.321346 -0.460722
v 22.281687 1.321346 -0.717591
v 22.024818 1.321346 -0.904218
v 21.722850 1.321346 -1.002333
v 21.405342 1.321346 -1.002333
v 21.103374 1.321346 -0.904218
v 20.846505 1.321346 -0.717591
v 20.659878 1.321346 -0.460722
v 20.561763 1.321346 -0.158754
v 20.561763 1.321346 0.158754
v 20.659878 1.321346 0.460722
v 20.846505 1.321346 0.717591
v 21.103374 1.321346 0.904217
v 21.405342 1.321346 1.002333
v 21.722850 1.321346 1.002333
v 22.024818 1.321346 0.904217
v 22.281687 1.321346 0.717591
v 22.468313 1.321346 0.460722
v 22.566429 1.321346 0.158754
v 22.566429 1.321346 -0.158754
v 22.207350 0.375947 -0.327755
v 22.074586 0.375947 -0.510490
v 21.891850 0.375947 -0.643254
v 21.677032 0.375947 -0.713053
v 21.451159 0.375947 -0.713053
v 21.236341 0.375947 -0.643254
v 21.053606 0.375947 -0.510490
v 20.920842 0.375947 -0.327754
v 20.851043 0.375947 -0.112937
v 20.851043 0.375947 0.112936
v 20.920841 0.375947 0.327754
v 21.053606 0.375947 0.510489
v 21.236341 0.375947 0.643254
v 21.451159 0.375947 0.713053
v 21.677032 0.375947 0.713053
v 21.891850 0.375947 0.643254
v 22.074585 0.375947 0.510489
v 22.207350 0.375947 0.327754
v 22.277149 0.375947 0.112937
v 22.277149 0.375947 -0.112937
vt 0.375000 0.312500
vt 0.625000 0.312500
vt 0.648603 0.107966
vt 0.387500 0.312500
vt 0.626409 0.064408
vt 0.400000 0.312500
vt 0.591842 0.029841
vt 0.412500 0.312500
vt 0.548284 0.007647
vt 0.425000 0.312500
vt 0.500000 -0.000000
vt 0.437500 0.312500
vt 0.451716 0.007647
vt 0.450000 0.312500
vt 0.408159 0.029841
vt 0.462500 0.312500
vt 0.373591 0.064409
vt 0.475000 0.312500
vt 0.351397 0.107966
vt 0.487500 0.312500
vt 0.343750 0.156250
vt 0.500000 0.312500
vt 0.351397 0.204534
vt 0.512500 0.312500
vt 0.373591 0.248091
vt 0.525000 0.312500
vt 0.408159 0.282659
vt 0.537500 0.312500
vt 0.451716 0.304853
vt 0.550000 0.312500
vt 0.500000 0.312500
vt 0.562500 0.312500
vt 0.548284 0.304853
vt 0.575000 0.312500
vt 0.591841 0.282659
vt 0.587500 0.312500
vt 0.626409 0.248091
vt 0.600000 0.312500
vt 0.648603 0.204534
vt 0.612500 0.312500
vt 0.656250 0.156250
vt 0.375000 0.687500
vt 0.648603 0.892034
vt 0.625000 0.687500
vt 0.387500 0.687500
vt 0.626409 0.935591
vt 0.400000 0.687500
vt 0.591841 0.970159
vt 0.412500 0.687500
vt 0.548284 0.992353
vt 0.425000 0.687500
vt 0.500000 1.000000
vt 0.437500 0.687500
vt 0.451716 0.992353
vt 0.450000 0.687500
vt 0.408159 0.970159
vt 0.462500 0.687500
vt 0.373591 0.935591
vt 0.475000 0.687500
vt 0.351397 0.892034
vt 0.487500 0.687500
vt 0.343750 0.843750
vt 0.500000 0.687500
vt 0.351397 0.795466
vt 0.512500 0.687500
vt 0.373591 0.751909
vt 0.525000 0.687500
vt 0.408159 0.717341
vt 0.537500 0.687500
vt 0.451716 0.695147
vt 0.550000 0.687500
vt 0.500000 0.687500
vt 0.562500 0.687500
vt 0.548284 0.695147
vt 0.575000 0.687500
vt 0.591842 0.717341
vt 0.587500 0.687500
vt 0.626409 0.751908
vt 0.600000 0.687500
vt 0.648603 0.795466
vt 0.612500 0.687500
vt 0.656250 0.843750
vt 0.500000 0.156250
vt 0.646784 0.891443
vt 0.624862 0.934468
vt 0.590718 0.968612
vt 0.547693 0.990534
vt 0.500000 0.998088
vt 0.452307 0.990534
vt 0.409282 0.968612
vt 0.375138 0.934468
vt 0.353216 0.891443
vt 0.345662 0.843750
vt 0.353216 0.796057
vt 0.375138 0.753032
vt 0.409282 0.718888
vt 0.452307 0.696966
vt 0.500000 0.689412
vt 0.547693 0.696966
vt 0.590718 0.718888
vt 0.624862 0.753032
vt 0.646784 0.796057
vt 0.654338 0.843750
vt 0.631456 0.886463
vt 0.611823 0.924995
vt 0.500000 0.843750
vt 0.581245 0.955574
vt 0.542713 0.975206
vt 0.500000 0.981971
vt 0.457287 0.975206
vt 0.418755 0.955573
vt 0.388177 0.924995
vt 0.368544 0.886463
vt 0.361779 0.843750
vt 0.368544 0.801037
vt 0.388177 0.762505
vt 0.418755 0.731927
vt 0.457287 0.712294
vt 0.500000 0.705528
vt 0.542713 0.712294
vt 0.581245 0.731926
vt 0.611824 0.762505
vt 0.631456 0.801037
vt 0.638221 0.843750
vt 0.381250 0.500000
vt 0.393750 0.500000
vt 0.406250 0.500000
vt 0.418750 0.500000
vt 0.431250 0.500000
vt 0.443750 0.500000
vt 0.456250 0.500000
vt 0.468750 0.500000
vt 0.481250 0.500000
vt 0.493750 0.500000
vt 0.506250 0.500000
vt 0.518750 0.500000
vt 0.531250 0.500000
vt 0.543750 0.500000
vt 0.556250 0.500000
vt 0.568750 0.500000
vt 0.581250 0.500000
vt 0.593750 0.500000
vt 0.606250 0.500000
vt 0.618750 0.500000
vt 0.591671 0.109542
vt 0.572750 0.083500
vt 0.546709 0.064579
vt 0.516095 0.054632
vt 0.483905 0.054632
vt 0.453292 0.064579
vt 0.427250 0.083500
vt 0.408329 0.109542
vt 0.398382 0.140155
vt 0.398382 0.172345
vt 0.408329 0.202958
vt 0.427250 0.229000
vt 0.453292 0.247921
vt 0.483905 0.257868
vt 0.516095 0.257868
vt 0.546708 0.247921
vt 0.572750 0.229000
vt 0.591671 0.202958
vt 0.601618 0.172345
vt 0.601618 0.140155
vt 0.591671 0.890458
vt 0.572750 0.916500
vt 0.546708 0.935421
vt 0.516095 0.945368
vt 0.483905 0.945368
vt 0.453292 0.935421
vt 0.427250 0.916500
vt 0.408329 0.890458
vt 0.398382 0.859845
vt 0.398382 0.827655
vt 0.408329 0.797042
vt 0.427250 0.771000
vt 0.453292 0.752079
vt 0.483905 0.742132
vt 0.516095 0.742132
vt 0.546709 0.752079
vt 0.572750 0.771000
vt 0.591671 0.797042
vt 0.601618 0.827655
vt 0.601618 0.859845
vt 0.637506 0.913813
vt 0.609125 0.952875
vt 0.570063 0.981256
vt 0.524142 0.996176
vt 0.475858 0.996176
vt 0.429937 0.981256
vt 0.390875 0.952875
vt 0.362494 0.913813
vt 0.347574 0.867892
vt 0.347574 0.819608
vt 0.362494 0.773687
vt 0.390875 0.734625
vt 0.429937 0.706244
vt 0.475858 0.691324
vt 0.524142 0.691324
vt 0.570063 0.706244
vt 0.609125 0.734625
vt 0.637506 0.773687
vt 0.652426 0.819608
vt 0.652426 0.867892
vt 0.637506 0.913813
vt 0.609125 0.952875
vt 0.570063 0.981256
vt 0.524142 0.996176
vt 0.475858 0.996176
vt 0.429937 0.981256
vt 0.390875 0.952875
vt 0.362494 0.913813
vt 0.347574 0.867892
vt 0.347574 0.819608
vt 0.362494 0.773687
vt 0.390875 0.734625
vt 0.429937 0.706244
vt 0.475858 0.691324
vt 0.524142 0.691324
vt 0.570063 0.706244
vt 0.609125 0.734625
vt 0.637506 0.773687
vt 0.652426 0.819608
vt 0.652426 0.867892
vt 0.381250 0.312500
vt 0.637506 0.086187
vt 0.387500 0.500000
vt 0.381250 0.687500
vt 0.637506 0.913813
vt 0.375000 0.500000
vt 0.625000 0.500000
vt 0.393750 0.312500
vt 0.609125 0.047125
vt 0.400000 0.500000
vt 0.393750 0.687500
vt 0.609125 0.952875
vt 0.406250 0.312500
vt 0.570063 0.018744
vt 0.412500 0.500000
vt 0.406250 0.687500
vt 0.570063 0.981256
vt 0.418750 0.312500
vt 0.524142 0.003824
vt 0.425000 0.500000
vt 0.418750 0.687500
vt 0.524142 0.996176
vt 0.431250 0.312500
vt 0.475858 0.003824
vt 0.437500 0.500000
vt 0.431250 0.687500
vt 0.475858 0.996176
vt 0.443750 0.312500
vt 0.429937 0.018744
vt 0.450000 0.500000
vt 0.443750 0.687500
vt 0.429937 0.981256
vt 0.456250 0.312500
vt 0.390875 0.047125
vt 0.462500 0.500000
vt 0.456250 0.687500
vt 0.390875 0.952875
vt 0.468750 0.312500
vt 0.362494 0.086187
vt 0.475000 0.500000
vt 0.468750 0.687500
vt 0.362494 0.913813
vt 0.481250 0.312500
vt 0.347574 0.132108
vt 0.487500 0.500000
vt 0.481250 0.687500
vt 0.347574 0.867892
vt 0.493750 0.312500
vt 0.347574 0.180392
vt 0.500000 0.500000
vt 0.493750 0.687500
vt 0.347574 0.819608
vt 0.506250 0.312500
vt 0.362494 0.226313
vt 0.512500 0.500000
vt 0.506250 0.687500
vt 0.362494 0.773687
vt 0.518750 0.312500
vt 0.390875 0.265375
vt 0.525000 0.500000
vt 0.518750 0.687500
vt 0.390875 0.734625
vt 0.531250 0.312500
vt 0.429937 0.293756
vt 0.537500 0.500000
vt 0.531250 0.687500
vt 0.429937 0.706244
vt 0.543750 0.312500
vt 0.475858 0.308676
vt 0.550000 0.500000
vt 0.543750 0.687500
vt 0.475858 0.691324
vt 0.556250 0.312500
vt 0.524142 0.308676
vt 0.562500 0.500000
vt 0.556250 0.687500
vt 0.524142 0.691324
vt 0.568750 0.312500
vt 0.570063 0.293756
vt 0.575000 0.500000
vt 0.568750 0.687500
vt 0.570063 0.706244
vt 0.581250 0.312500
vt 0.609125 0.265375
vt 0.587500 0.500000
vt 0.581250 0.687500
vt 0.609125 0.734625
vt 0.593750 0.312500
vt 0.637506 0.226313
vt 0.600000 0.500000
vt 0.593750 0.687500
vt 0.637506 0.773687
vt 0.606250 0.312500
vt 0.652426 0.180392
vt 0.612500 0.500000
vt 0.606250 0.687500
vt 0.652426 0.819608
vt 0.618750 0.312500
vt 0.652426 0.132108
vt 0.618750 0.687500
vt 0.652426 0.867892
vt 0.585473 0.128478
vt 0.572707 0.103425
vt 0.552825 0.083543
vt 0.527772 0.070777
vt 0.500000 0.066379
vt 0.472228 0.070777
vt 0.447175 0.083543
vt 0.427293 0.103425
vt 0.414527 0.128478
vt 0.410129 0.156250
vt 0.414527 0.184022
vt 0.427293 0.209075
vt 0.447175 0.228957
vt 0.472228 0.241723
vt 0.500000 0.246121
vt 0.527772 0.241723
vt 0.552825 0.228957
vt 0.572707 0.209075
vt 0.585473 0.184022
vt 0.589871 0.156250
vt 0.626047 0.907974
vt 0.572707 0.896575
vt 0.585473 0.871522
vt 0.600031 0.943781
vt 0.552825 0.916457
vt 0.564224 0.969797
vt 0.527772 0.929223
vt 0.522130 0.983474
vt 0.500000 0.933621
vt 0.477870 0.983474
vt 0.472228 0.929223
vt 0.435776 0.969797
vt 0.447175 0.916457
vt 0.399969 0.943781
vt 0.427293 0.896575
vt 0.373953 0.907974
vt 0.414527 0.871522
vt 0.360276 0.865880
vt 0.410129 0.843750
vt 0.360276 0.821620
vt 0.414527 0.815978
vt 0.373953 0.779526
vt 0.427293 0.790925
vt 0.399969 0.743719
vt 0.447175 0.771043
vt 0.435776 0.717703
vt 0.472228 0.758277
vt 0.477870 0.704026
vt 0.500000 0.753879
vt 0.522130 0.704026
vt 0.527772 0.758277
vt 0.564224 0.717703
vt 0.552825 0.771043
vt 0.600031 0.743719
vt 0.572707 0.790925
vt 0.626047 0.779526
vt 0.585473 0.815978
vt 0.639724 0.821620
vt 0.589871 0.843750
vt 0.639724 0.865880
vt 0.624862 0.934468
vt 0.637506 0.913813
vt 0.646784 0.891443
vt 0.590718 0.968612
vt 0.609125 0.952875
vt 0.547693 0.990534
vt 0.570063 0.981256
vt 0.500000 0.998088
vt 0.524142 0.996176
vt 0.452307 0.990534
vt 0.475858 0.996176
vt 0.409282 0.968612
vt 0.429937 0.981256
vt 0.375138 0.934468
vt 0.390875 0.952875
vt 0.353216 0.891443
vt 0.362494 0.913813
vt 0.345662 0.843750
vt 0.347574 0.867892
vt 0.353216 0.796057
vt 0.347574 0.819608
vt 0.375138 0.753032
vt 0.362494 0.773687
vt 0.409282 0.718888
vt 0.390875 0.734625
vt 0.452307 0.696966
vt 0.429937 0.706244
vt 0.500000 0.689412
vt 0.475858 0.691324
vt 0.547693 0.696966
vt 0.524142 0.691324
vt 0.590718 0.718888
vt 0.570063 0.706244
vt 0.624862 0.753032
vt 0.609125 0.734625
vt 0.646784 0.796057
vt 0.637506 0.773687
vt 0.654338 0.843750
vt 0.652426 0.819608
vt 0.652426 0.867892
vt 0.624862 0.934468
vt 0.646784 0.891443
vt 0.590718 0.968612
vt 0.547693 0.990534
vt 0.500000 0.998088
vt 0.452307 0.990534
vt 0.409282 0.968612
vt 0.375138 0.934468
vt 0.353216 0.891443
vt 0.345662 0.843750
vt 0.353216 0.796057
vt 0.375138 0.753032
vt 0.409282 0.718888
vt 0.452307 0.696966
vt 0.500000 0.689412
vt 0.547693 0.696966
vt 0.590718 0.718888
vt 0.624862 0.753032
vt 0.646784 0.796057
vt 0.654338 0.843750
vn 0.876912 -0.387095 -0.284925
vn 0.823927 -0.380661 -0.419812
vn 0.866931 -0.230892 -0.441723
vn 0.925559 -0.230005 -0.300731
vn 0.745946 -0.387095 -0.541962
vn 0.787327 -0.230005 -0.572026
vn 0.801064 -0.139870 -0.582007
vn 0.882249 -0.139864 -0.449528
vn 0.941708 -0.139870 -0.305978
vn 0.653872 -0.380661 -0.653872
vn 0.688000 -0.230892 -0.688001
vn 0.541962 -0.387095 -0.745946
vn 0.572026 -0.230005 -0.787327
vn 0.582007 -0.139870 -0.801064
vn 0.700156 -0.139864 -0.700156
vn 0.419812 -0.380661 -0.823927
vn 0.441723 -0.230892 -0.866931
vn 0.284926 -0.387095 -0.876912
vn 0.300732 -0.230005 -0.925558
vn 0.305979 -0.139870 -0.941708
vn 0.449528 -0.139864 -0.882249
vn 0.144657 -0.380661 -0.913330
vn 0.152207 -0.230892 -0.961001
vn -0.000000 -0.387095 -0.922040
vn -0.000000 -0.230005 -0.973190
vn -0.000000 -0.139870 -0.990170
vn 0.154897 -0.139864 -0.977980
vn -0.144657 -0.380661 -0.913330
vn -0.152208 -0.230892 -0.961000
vn -0.284926 -0.387095 -0.876912
vn -0.300732 -0.230005 -0.925558
vn -0.305979 -0.139870 -0.941708
vn -0.154897 -0.139864 -0.977980
vn -0.419812 -0.380661 -0.823927
vn -0.441724 -0.230892 -0.866931
vn -0.541962 -0.387095 -0.745946
vn -0.572027 -0.230004 -0.787327
vn -0.582008 -0.139870 -0.801064
vn -0.449528 -0.139864 -0.882249
vn -0.653872 -0.380661 -0.653872
vn -0.688000 -0.230892 -0.688000
vn -0.745946 -0.387095 -0.541961
vn -0.787327 -0.230005 -0.572026
vn -0.801064 -0.139870 -0.582007
vn -0.700157 -0.139864 -0.700156
vn -0.823927 -0.380661 -0.419811
vn -0.866931 -0.230892 -0.441723
vn -0.876912 -0.387095 -0.284926
vn -0.925558 -0.230005 -0.300732
vn -0.941707 -0.139870 -0.305979
vn -0.882249 -0.139864 -0.449528
vn -0.913330 -0.380661 -0.144657
vn -0.961000 -0.230892 -0.152208
vn -0.922040 -0.387095 -0.000000
vn -0.973190 -0.230005 -0.000000
vn -0.990170 -0.139870 0.000000
vn -0.977980 -0.139864 -0.154897
vn -0.913330 -0.380661 0.144657
vn -0.961000 -0.230892 0.152207
vn -0.876912 -0.387095 0.284926
vn -0.925558 -0.230005 0.300732
vn -0.941707 -0.139870 0.305979
vn -0.977980 -0.139864 0.154897
vn -0.823927 -0.380661 0.419812
vn -0.866931 -0.230892 0.441724
vn -0.745946 -0.387095 0.541962
vn -0.787327 -0.230005 0.572027
vn -0.801064 -0.139870 0.582007
vn -0.882249 -0.139864 0.449528
vn -0.653872 -0.380661 0.653872
vn -0.688000 -0.230892 0.688000
vn -0.541962 -0.387095 0.745946
vn -0.572027 -0.230005 0.787327
vn -0.582007 -0.139870 0.801064
vn -0.700156 -0.139864 0.700157
vn -0.419812 -0.380661 0.823927
vn -0.441724 -0.230892 0.866931
vn -0.284926 -0.387095 0.876912
vn -0.300732 -0.230005 0.925558
vn -0.305979 -0.139870 0.941707
vn -0.449528 -0.139864 0.882249
vn -0.144657 -0.380661 0.913330
vn -0.152207 -0.230892 0.961001
vn 0.000000 -0.387095 0.922040
vn 0.000000 -0.230005 0.973190
vn 0.000000 -0.139870 0.990170
vn -0.154897 -0.139864 0.977980
vn 0.144657 -0.380661 0.913330
vn 0.152208 -0.230892 0.961000
vn 0.284926 -0.387095 0.876912
vn 0.300732 -0.230005 0.925558
vn 0.305979 -0.139870 0.941708
vn 0.154897 -0.139864 0.977980
vn 0.419811 -0.380661 0.823927
vn 0.441723 -0.230892 0.866931
vn 0.541962 -0.387095 0.745946
vn 0.572027 -0.230005 0.787327
vn 0.582007 -0.139870 0.801064
vn 0.449528 -0.139864 0.882249
vn 0.653872 -0.380661 0.653872
vn 0.688001 -0.230892 0.688000
vn 0.745946 -0.387095 0.541962
vn 0.787327 -0.230005 0.572027
vn 0.801064 -0.139870 0.582007
vn 0.700157 -0.139864 0.700156
vn 0.823927 -0.380661 0.419812
vn 0.866931 -0.230892 0.441723
vn 0.876912 -0.387095 0.284926
vn 0.925558 -0.230005 0.300732
vn 0.941707 -0.139870 0.305979
vn 0.882249 -0.139864 0.449528
vn 0.913330 -0.380661 0.144657
vn 0.961001 -0.230892 0.152208
vn 0.922040 -0.387095 0.000001
vn 0.973190 -0.230005 0.000001
vn 0.990170 -0.139870 0.000001
vn 0.977980 -0.139864 0.154897
vn 0.913330 -0.380661 -0.144656
vn 0.961001 -0.230892 -0.152206
vn 0.977980 -0.139864 -0.154895
vn 0.497026 -0.829959 -0.253247
vn 0.233999 -0.957257 -0.170010
vn 0.275082 -0.957257 -0.089379
vn 0.000000 -1.000000 -0.000000
vn 0.394442 -0.829959 -0.394441
vn 0.170010 -0.957257 -0.233998
vn 0.253247 -0.829959 -0.497026
vn 0.089379 -0.957257 -0.275082
vn 0.087263 -0.829959 -0.550957
vn 0.000000 -0.957257 -0.289238
vn -0.087263 -0.829959 -0.550957
vn -0.089380 -0.957257 -0.275082
vn -0.253247 -0.829959 -0.497025
vn -0.170010 -0.957257 -0.233999
vn -0.394442 -0.829959 -0.394442
vn -0.233999 -0.957257 -0.170010
vn -0.497026 -0.829959 -0.253247
vn -0.275082 -0.957257 -0.089380
vn -0.550957 -0.829959 -0.087263
vn -0.289238 -0.957257 0.000000
vn -0.550957 -0.829959 0.087263
vn -0.275082 -0.957257 0.089380
vn -0.497026 -0.829959 0.253247
vn -0.233999 -0.957257 0.170010
vn -0.394442 -0.829959 0.394442
vn -0.170010 -0.957257 0.233999
vn -0.253247 -0.829959 0.497025
vn -0.089380 -0.957257 0.275082
vn -0.087263 -0.829959 0.550957
vn 0.000000 -0.957257 0.289238
vn 0.087263 -0.829959 0.550957
vn 0.089380 -0.957257 0.275082
vn 0.253247 -0.829959 0.497026
vn 0.170010 -0.957257 0.233998
vn 0.394442 -0.829959 0.394441
vn 0.233999 -0.957257 0.170010
vn 0.497026 -0.829959 0.253247
vn 0.275082 -0.957257 0.089380
vn 0.550957 -0.829959 0.087263
vn 0.289238 -0.957257 0.000000
vn 0.550957 -0.829959 -0.087262
vn -0.883767 0.369459 0.287152
vn -0.829221 0.365895 0.422510
vn -0.553849 0.783335 0.282201
vn -0.338100 0.934677 0.109855
vn -0.751776 0.369459 0.546198
vn -0.287605 0.934677 0.208957
vn -0.000000 1.000000 -0.000000
vn -0.658073 0.365895 0.658074
vn -0.439537 0.783335 0.439538
vn -0.546198 0.369460 0.751777
vn -0.208957 0.934677 0.287605
vn -0.422510 0.365895 0.829220
vn -0.282201 0.783335 0.553849
vn -0.287153 0.369459 0.883766
vn -0.109856 0.934676 0.338100
vn -0.145587 0.365895 0.919198
vn -0.097240 0.783335 0.613947
vn 0.000000 0.369459 0.929247
vn 0.000000 0.934676 0.355500
vn 0.145587 0.365895 0.919198
vn 0.097240 0.783335 0.613947
vn 0.287153 0.369459 0.883766
vn 0.109855 0.934677 0.338100
vn 0.422509 0.365895 0.829221
vn 0.282200 0.783335 0.553849
vn 0.546198 0.369459 0.751777
vn 0.208957 0.934677 0.287605
vn 0.658073 0.365895 0.658073
vn 0.439538 0.783335 0.439537
vn 0.751777 0.369459 0.546197
vn 0.287605 0.934677 0.208957
vn 0.829221 0.365895 0.422509
vn 0.553850 0.783335 0.282200
vn 0.883767 0.369459 0.287153
vn 0.338100 0.934677 0.109855
vn 0.919198 0.365895 0.145587
vn 0.613947 0.783335 0.097240
vn 0.929247 0.369459 0.000000
vn 0.355499 0.934677 -0.000000
vn 0.919198 0.365895 -0.145587
vn 0.613947 0.783335 -0.097240
vn 0.883766 0.369459 -0.287153
vn 0.338100 0.934677 -0.109855
vn 0.829221 0.365895 -0.422509
vn 0.553850 0.783335 -0.282201
vn 0.751777 0.369459 -0.546198
vn 0.287605 0.934677 -0.208957
vn 0.658073 0.365895 -0.658073
vn 0.439537 0.783335 -0.439537
vn 0.546198 0.369459 -0.751777
vn 0.208957 0.934677 -0.287605
vn 0.422509 0.365895 -0.829221
vn 0.282200 0.783335 -0.553850
vn 0.287153 0.369459 -0.883766
vn 0.109855 0.934677 -0.338100
vn 0.145586 0.365895 -0.919198
vn 0.097240 0.783335 -0.613947
vn -0.000000 0.369459 -0.929247
vn -0.000000 0.934677 -0.355499
vn -0.145587 0.365895 -0.919198
vn -0.097240 0.783335 -0.613947
vn -0.287154 0.369459 -0.883766
vn -0.109856 0.934676 -0.338100
vn -0.422509 0.365895 -0.829221
vn -0.282200 0.783335 -0.553850
vn -0.546198 0.369459 -0.751776
vn -0.208958 0.934676 -0.287606
vn -0.658073 0.365895 -0.658073
vn -0.439538 0.783335 -0.439538
vn -0.751776 0.369459 -0.546198
vn -0.287605 0.934677 -0.208957
vn -0.829221 0.365895 -0.422510
vn -0.553850 0.783335 -0.282201
vn -0.883766 0.369459 -0.287153
vn -0.338100 0.934677 -0.109855
vn -0.919198 0.365895 -0.145587
vn -0.613947 0.783335 -0.097240
vn -0.929247 0.369459 -0.000001
vn -0.355500 0.934676 -0.000000
vn -0.919199 0.365895 0.145585
vn -0.613947 0.783335 0.097238
vn 0.263911 0.955128 -0.134470
vn 0.282226 0.954955 -0.091701
vn 0.240076 0.954955 -0.174425
vn -0.771093 0.302581 0.560232
vn -0.849250 0.302545 0.432714
vn -0.906475 0.302581 0.294530
vn 0.209442 0.955127 -0.209442
vn 0.174426 0.954955 -0.240076
vn -0.560232 0.302581 0.771093
vn -0.673968 0.302545 0.673969
vn 0.134471 0.955127 -0.263913
vn 0.091701 0.954955 -0.282226
vn -0.294531 0.302581 0.906475
vn -0.432714 0.302545 0.849250
vn 0.046335 0.955127 -0.292548
vn -0.000001 0.954955 -0.296750
vn 0.000000 0.302581 0.953124
vn -0.149103 0.302545 0.941400
vn -0.046335 0.955128 -0.292548
vn -0.091701 0.954955 -0.282226
vn 0.294531 0.302580 0.906475
vn 0.149104 0.302545 0.941400
vn -0.134471 0.955127 -0.263912
vn -0.174425 0.954955 -0.240076
vn 0.560232 0.302580 0.771093
vn 0.432714 0.302545 0.849250
vn -0.209442 0.955127 -0.209442
vn -0.240076 0.954955 -0.174426
vn 0.771094 0.302580 0.560232
vn 0.673969 0.302545 0.673968
vn -0.263912 0.955127 -0.134470
vn -0.282226 0.954955 -0.091701
vn 0.906475 0.302581 0.294531
vn 0.849250 0.302545 0.432714
vn -0.292549 0.955127 -0.046335
vn -0.296750 0.954955 0.000000
vn 0.953124 0.302580 0.000000
vn 0.941401 0.302545 0.149103
vn -0.292549 0.955127 0.046335
vn -0.282227 0.954955 0.091701
vn 0.906475 0.302581 -0.294531
vn 0.941401 0.302545 -0.149103
vn -0.263912 0.955127 0.134471
vn -0.240076 0.954955 0.174426
vn 0.771093 0.302580 -0.560232
vn 0.849250 0.302545 -0.432714
vn -0.209443 0.955127 0.209442
vn -0.174425 0.954955 0.240076
vn 0.560232 0.302580 -0.771093
vn 0.673968 0.302545 -0.673968
vn -0.134469 0.955127 0.263913
vn -0.091701 0.954955 0.282227
vn 0.294531 0.302580 -0.906475
vn 0.432714 0.302545 -0.849250
vn -0.046335 0.955128 0.292548
vn 0.000000 0.954955 0.296751
vn -0.000000 0.302581 -0.953124
vn 0.149103 0.302545 -0.941400
vn 0.046336 0.955127 0.292548
vn 0.091701 0.954955 0.282226
vn -0.294532 0.302581 -0.906475
vn -0.149103 0.302545 -0.941400
vn 0.134469 0.955127 0.263913
vn 0.174425 0.954955 0.240075
vn -0.560232 0.302581 -0.771093
vn -0.432715 0.302545 -0.849249
vn 0.209442 0.955127 0.209442
vn 0.240076 0.954955 0.174425
vn -0.771093 0.302581 -0.560232
vn -0.673968 0.302545 -0.673968
vn 0.263912 0.955127 0.134469
vn 0.282226 0.954955 0.091701
vn -0.906475 0.302581 -0.294532
vn -0.849249 0.302545 -0.432715
vn 0.292549 0.955127 0.046335
vn 0.296749 0.954955 0.000001
vn -0.953124 0.302580 -0.000001
vn -0.941400 0.302545 -0.149103
vn 0.292549 0.955127 -0.046334
vn -0.941401 0.302545 0.149101
vn -0.858212 0.268809 0.437281
vn -0.916288 0.267917 0.297719
vn -0.779441 0.267917 0.566297
vn -0.681080 0.268809 0.681081
vn -0.566297 0.267917 0.779441
vn -0.437281 0.268809 0.858212
vn -0.297720 0.267917 0.916288
vn -0.150677 0.268809 0.951335
vn 0.000000 0.267917 0.963442
vn 0.150677 0.268809 0.951335
vn 0.297720 0.267917 0.916288
vn 0.437281 0.268809 0.858212
vn 0.566297 0.267917 0.779441
vn 0.681081 0.268809 0.681081
vn 0.779441 0.267917 0.566297
vn 0.858212 0.268809 0.437281
vn 0.916288 0.267917 0.297720
vn 0.951335 0.268809 0.150677
vn 0.963442 0.267917 0.000000
vn 0.951335 0.268809 -0.150677
vn 0.916288 0.267917 -0.297720
vn 0.858212 0.268809 -0.437281
vn 0.779441 0.267917 -0.566297
vn 0.681081 0.268809 -0.681081
vn 0.566297 0.267917 -0.779441
vn 0.437281 0.268809 -0.858212
vn 0.297720 0.267917 -0.916288
vn 0.150676 0.268809 -0.951335
vn -0.000000 0.267917 -0.963442
vn -0.150677 0.268809 -0.951335
vn -0.297720 0.267917 -0.916288
vn -0.437281 0.268809 -0.858212
vn -0.566297 0.267917 -0.779441
vn -0.681081 0.268809 -0.681081
vn -0.779441 0.267917 -0.566297
vn -0.858212 0.268809 -0.437281
vn -0.916288 0.267917 -0.297720
vn -0.951335 0.268809 -0.150677
vn -0.963442 0.267917 -0.000001
vn -0.951335 0.268809 0.150675
s 1
g pCylinder1
usemtl initialShadingGroup
f 1/1/1 183/225/2 263/125/3 186/230/4
f 183/225/2 2/4/5 184/227/6 263/125/3
f 263/125/3 184/227/6 22/45/7 185/228/8
f 186/230/4 263/125/3 185/228/8 21/42/9
f 2/4/5 187/232/10 264/126/11 184/227/6
f 187/232/10 3/6/12 188/234/13 264/126/11
f 264/126/11 188/234/13 23/47/14 189/235/15
f 184/227/6 264/126/11 189/235/15 22/45/7
f 3/6/12 190/237/16 265/127/17 188/234/13
f 190/237/16 4/8/18 191/239/19 265/127/17
f 265/127/17 191/239/19 24/49/20 192/240/21
f 188/234/13 265/127/17 192/240/21 23/47/14
f 4/8/18 193/242/22 266/128/23 191/239/19
f 193/242/22 5/10/24 194/244/25 266/128/23
f 266/128/23 194/244/25 25/51/26 195/245/27
f 191/239/19 266/128/23 195/245/27 24/49/20
f 5/10/24 196/247/28 267/129/29 194/244/25
f 196/247/28 6/12/30 197/249/31 267/129/29
f 267/129/29 197/249/31 26/53/32 198/250/33
f 194/244/25 267/129/29 198/250/33 25/51/26
f 6/12/30 199/252/34 268/130/35 197/249/31
f 199/252/34 7/14/36 200/254/37 268/130/35
f 268/130/35 200/254/37 27/55/38 201/255/39
f 197/249/31 268/130/35 201/255/39 26/53/32
f 7/14/36 202/257/40 269/131/41 200/254/37
f 202/257/40 8/16/42 203/259/43 269/131/41
f 269/131/41 203/259/43 28/57/44 204/260/45
f 200/254/37 269/131/41 204/260/45 27/55/38
f 8/16/42 205/262/46 270/132/47 203/259/43
f 205/262/46 9/18/48 206/264/49 270/132/47
f 270/132/47 206/264/49 29/59/50 207/265/51
f 203/259/43 270/132/47 207/265/51 28/57/44
f 9/18/48 208/267/52 271/133/53 206/264/49
f 208/267/52 10/20/54 209/269/55 271/133/53
f 271/133/53 209/269/55 30/61/56 210/270/57
f 206/264/49 271/133/53 210/270/57 29/59/50
f 10/20/54 211/272/58 272/134/59 209/269/55
f 211/272/58 11/22/60 212/274/61 272/134/59
f 272/134/59 212/274/61 31/63/62 213/275/63
f 209/269/55 272/134/59 213/275/63 30/61/56
f 11/22/60 214/277/64 273/135/65 212/274/61
f 214/277/64 12/24/66 215/279/67 273/135/65
f 273/135/65 215/279/67 32/65/68 216/280/69
f 212/274/61 273/135/65 216/280/69 31/63/62
f 12/24/66 217/282/70 274/136/71 215/279/67
f 217/282/70 13/26/72 218/284/73 274/136/71
f 274/136/71 218/284/73 33/67/74 219/285/75
f 215/279/67 274/136/71 219/285/75 32/65/68
f 13/26/72 220/287/76 275/137/77 218/284/73
f 220/287/76 14/28/78 221/289/79 275/137/77
f 275/137/77 221/289/79 34/69/80 222/290/81
f 218/284/73 275/137/77 222/290/81 33/67/74
f 14/28/78 223/292/82 276/138/83 221/289/79
f 223/292/82 15/30/84 224/294/85 276/138/83
f 276/138/83 224/294/85 35/71/86 225/295/87
f 221/289/79 276/138/83 225/295/87 34/69/80
f 15/30/84 226/297/88 277/139/89 224/294/85
f 226/297/88 16/32/90 227/299/91 277/139/89
f 277/139/89 227/299/91 36/73/92 228/300/93
f 224/294/85 277/139/89 228/300/93 35/71/86
f 16/32/90 229/302/94 278/140/95 227/299/91
f 229/302/94 17/34/96 230/304/97 278/140/95
f 278/140/95 230/304/97 37/75/98 231/305/99
f 227/299/91 278/140/95 231/305/99 36/73/92
f 17/34/96 232/307/100 279/141/101 230/304/97
f 232/307/100 18/36/102 233/309/103 279/141/101
f 279/141/101 233/309/103 38/77/104 234/310/105
f 230/304/97 279/141/101 234/310/105 37/75/98
f 18/36/102 235/312/106 280/142/107 233/309/103
f 235/312/106 19/38/108 236/314/109 280/142/107
f 280/142/107 236/314/109 39/79/110 237/315/111
f 233/309/103 280/142/107 237/315/111 38/77/104
f 19/38/108 238/317/112 281/143/113 236/314/109
f 238/317/112 20/40/114 239/319/115 281/143/113
f 281/143/113 239/319/115 40/81/116 240/320/117
f 236/314/109 281/143/113 240/320/117 39/79/110
f 20/40/114 241/322/118 282/144/119 239/319/115
f 241/322/118 1/2/1 186/231/4 282/144/119
f 282/144/119 186/231/4 21/44/9 242/324/120
f 239/319/115 282/144/119 242/324/120 40/81/116
f 2/5/5 183/226/2 283/145/121 244/327/122
f 1/3/1 243/326/123 283/145/121 183/226/2
f 41/83/124 244/327/122 283/145/121 243/326/123
f 3/7/12 187/233/10 284/146/125 245/328/126
f 2/5/5 244/327/122 284/146/125 187/233/10
f 41/83/124 245/328/126 284/146/125 244/327/122
f 4/9/18 190/238/16 285/147/127 246/329/128
f 3/7/12 245/328/126 285/147/127 190/238/16
f 41/83/124 246/329/128 285/147/127 245/328/126
f 5/11/24 193/243/22 286/148/129 247/330/130
f 4/9/18 246/329/128 286/148/129 193/243/22
f 41/83/124 247/330/130 286/148/129 246/329/128
f 6/13/30 196/248/28 287/149/131 248/331/132
f 5/11/24 247/330/130 287/149/131 196/248/28
f 41/83/124 248/331/132 287/149/131 247/330/130
f 7/15/36 199/253/34 288/150/133 249/332/134
f 6/13/30 248/331/132 288/150/133 199/253/34
f 41/83/124 249/332/134 288/150/133 248/331/132
f 8/17/42 202/258/40 289/151/135 250/333/136
f 7/15/36 249/332/134 289/151/135 202/258/40
f 41/83/124 250/333/136 289/151/135 249/332/134
f 9/19/48 205/263/46 290/152/137 251/334/138
f 8/17/42 250/333/136 290/152/137 205/263/46
f 41/83/124 251/334/138 290/152/137 250/333/136
f 10/21/54 208/268/52 291/153/139 252/335/140
f 9/19/48 251/334/138 291/153/139 208/268/52
f 41/83/124 252/335/140 291/153/139 251/334/138
f 11/23/60 211/273/58 292/154/141 253/336/142
f 10/21/54 252/335/140 292/154/141 211/273/58
f 41/83/124 253/336/142 292/154/141 252/335/140
f 12/25/66 214/278/64 293/155/143 254/337/144
f 11/23/60 253/336/142 293/155/143 214/278/64
f 41/83/124 254/337/144 293/155/143 253/336/142
f 13/27/72 217/283/70 294/156/145 255/338/146
f 12/25/66 254/337/144 294/156/145 217/283/70
f 41/83/124 255/338/146 294/156/145 254/337/144
f 14/29/78 220/288/76 295/157/147 256/339/148
f 13/27/72 255/338/146 295/157/147 220/288/76
f 41/83/124 256/339/148 295/157/147 255/338/146
f 15/31/84 223/293/82 296/158/149 257/340/150
f 14/29/78 256/339/148 296/158/149 223/293/82
f 41/83/124 257/340/150 296/158/149 256/339/148
f 16/33/90 226/298/88 297/159/151 258/341/152
f 15/31/84 257/340/150 297/159/151 226/298/88
f 41/83/124 258/341/152 297/159/151 257/340/150
f 17/35/96 229/303/94 298/160/153 259/342/154
f 16/33/90 258/341/152 298/160/153 229/303/94
f 41/83/124 259/342/154 298/160/153 258/341/152
f 18/37/102 232/308/100 299/161/155 260/343/156
f 17/35/96 259/342/154 299/161/155 232/308/100
f 41/83/124 260/343/156 299/161/155 259/342/154
f 19/39/108 235/313/106 300/162/157 261/344/158
f 18/37/102 260/343/156 300/162/157 235/313/106
f 41/83/124 261/344/158 300/162/157 260/343/156
f 20/41/114 238/318/112 301/163/159 262/345/160
f 19/39/108 261/344/158 301/163/159 238/318/112
f 41/83/124 262/345/160 301/163/159 261/344/158
f 1/3/1 241/323/118 302/164/161 243/326/123
f 20/41/114 262/345/160 302/164/161 241/323/118
f 41/83/124 243/326/123 302/164/161 262/345/160
f 62/104/162 83/346/163 303/165/164 85/348/165
f 63/105/166 84/347/167 303/165/164 83/346/163
f 64/106/168 85/348/165 303/165/164 84/347/167
f 63/105/166 86/349/169 304/166/170 84/347/167
f 65/107/171 87/350/172 304/166/170 86/349/169
f 64/106/168 84/347/167 304/166/170 87/350/172
f 65/107/171 88/351/173 305/167/174 87/350/172
f 66/108/175 89/352/176 305/167/174 88/351/173
f 64/106/168 87/350/172 305/167/174 89/352/176
f 66/108/175 90/353/177 306/168/178 89/352/176
f 67/109/179 91/354/180 306/168/178 90/353/177
f 64/106/168 89/352/176 306/168/178 91/354/180
f 67/109/179 92/355/181 307/169/182 91/354/180
f 68/110/183 93/356/184 307/169/182 92/355/181
f 64/106/168 91/354/180 307/169/182 93/356/184
f 68/110/183 94/357/185 308/170/186 93/356/184
f 69/111/187 95/358/188 308/170/186 94/357/185
f 64/106/168 93/356/184 308/170/186 95/358/188
f 69/111/187 96/359/189 309/171/190 95/358/188
f 70/112/191 97/360/192 309/171/190 96/359/189
f 64/106/168 95/358/188 309/171/190 97/360/192
f 70/112/191 98/361/193 310/172/194 97/360/192
f 71/113/195 99/362/196 310/172/194 98/361/193
f 64/106/168 97/360/192 310/172/194 99/362/196
f 71/113/195 100/363/197 311/173/198 99/362/196
f 72/114/199 101/364/200 311/173/198 100/363/197
f 64/106/168 99/362/196 311/173/198 101/364/200
f 72/114/199 102/365/201 312/174/202 101/364/200
f 73/115/203 103/366/204 312/174/202 102/365/201
f 64/106/168 101/364/200 312/174/202 103/366/204
f 73/115/203 104/367/205 313/175/206 103/366/204
f 74/116/207 105/368/208 313/175/206 104/367/205
f 64/106/168 103/366/204 313/175/206 105/368/208
f 74/116/207 106/369/209 314/176/210 105/368/208
f 75/117/211 107/370/212 314/176/210 106/369/209
f 64/106/168 105/368/208 314/176/210 107/370/212
f 75/117/211 108/371/213 315/177/214 107/370/212
f 76/118/215 109/372/216 315/177/214 108/371/213
f 64/106/168 107/370/212 315/177/214 109/372/216
f 76/118/215 110/373/217 316/178/218 109/372/216
f 77/119/219 111/374/220 316/178/218 110/373/217
f 64/106/168 109/372/216 316/178/218 111/374/220
f 77/119/219 112/375/221 317/179/222 111/374/220
f 78/120/223 113/376/224 317/179/222 112/375/221
f 64/106/168 111/374/220 317/179/222 113/376/224
f 78/120/223 114/377/225 318/180/226 113/376/224
f 79/121/227 115/378/228 318/180/226 114/377/225
f 64/106/168 113/376/224 318/180/226 115/378/228
f 79/121/227 116/379/229 319/181/230 115/378/228
f 80/122/231 117/380/232 319/181/230 116/379/229
f 64/106/168 115/378/228 319/181/230 117/380/232
f 80/122/231 118/381/233 320/182/234 117/380/232
f 81/123/235 119/382/236 320/182/234 118/381/233
f 64/106/168 117/380/232 320/182/234 119/382/236
f 81/123/235 120/383/237 321/183/238 119/382/236
f 82/124/239 121/384/240 321/183/238 120/383/237
f 64/106/168 119/382/236 321/183/238 121/384/240
f 82/124/239 122/385/241 322/184/242 121/384/240
f 62/104/162 85/348/165 322/184/242 122/385/241
f 64/106/168 121/384/240 322/184/242 85/348/165
f 21/43/9 185/229/8 323/185/243 125/388/244
f 185/229/8 22/46/7 123/386/245 323/185/243
f 323/185/243 123/386/245 43/85/246 124/387/247
f 125/388/244 323/185/243 124/387/247 42/84/248
f 22/46/7 189/236/15 324/186/249 123/386/245
f 189/236/15 23/48/14 126/389/250 324/186/249
f 324/186/249 126/389/250 44/86/251 127/390/252
f 123/386/245 324/186/249 127/390/252 43/85/246
f 23/48/14 192/241/21 325/187/253 126/389/250
f 192/241/21 24/50/20 128/391/254 325/187/253
f 325/187/253 128/391/254 45/87/255 129/392/256
f 126/389/250 325/187/253 129/392/256 44/86/251
f 24/50/20 195/246/27 326/188/257 128/391/254
f 195/246/27 25/52/26 130/393/258 326/188/257
f 326/188/257 130/393/258 46/88/259 131/394/260
f 128/391/254 326/188/257 131/394/260 45/87/255
f 25/52/26 198/251/33 327/189/261 130/393/258
f 198/251/33 26/54/32 132/395/262 327/189/261
f 327/189/261 132/395/262 47/89/263 133/396/264
f 130/393/258 327/189/261 133/396/264 46/88/259
f 26/54/32 201/256/39 328/190/265 132/395/262
f 201/256/39 27/56/38 134/397/266 328/190/265
f 328/190/265 134/397/266 48/90/267 135/398/268
f 132/395/262 328/190/265 135/398/268 47/89/263
f 27/56/38 204/261/45 329/191/269 134/397/266
f 204/261/45 28/58/44 136/399/270 329/191/269
f 329/191/269 136/399/270 49/91/271 137/400/272
f 134/397/266 329/191/269 137/400/272 48/90/267
f 28/58/44 207/266/51 330/192/273 136/399/270
f 207/266/51 29/60/50 138/401/274 330/192/273
f 330/192/273 138/401/274 50/92/275 139/402/276
f 136/399/270 330/192/273 139/402/276 49/91/271
f 29/60/50 210/271/57 331/193/277 138/401/274
f 210/271/57 30/62/56 140/403/278 331/193/277
f 331/193/277 140/403/278 51/93/279 141/404/280
f 138/401/274 331/193/277 141/404/280 50/92/275
f 30/62/56 213/276/63 332/194/281 140/403/278
f 213/276/63 31/64/62 142/405/282 332/194/281
f 332/194/281 142/405/282 52/94/283 143/406/284
f 140/403/278 332/194/281 143/406/284 51/93/279
f 31/64/62 216/281/69 333/195/285 142/405/282
f 216/281/69 32/66/68 144/407/286 333/195/285
f 333/195/285 144/407/286 53/95/287 145/408/288
f 142/405/282 333/195/285 145/408/288 52/94/283
f 32/66/68 219/286/75 334/196/289 144/407/286
f 219/286/75 33/68/74 146/409/290 334/196/289
f 334/196/289 146/409/290 54/96/291 147/410/292
f 144/407/286 334/196/289 147/410/292 53/95/287
f 33/68/74 222/291/81 335/197/293 146/409/290
f 222/291/81 34/70/80 148/411/294 335/197/293
f 335/197/293 148/411/294 55/97/295 149/412/296
f 146/409/290 335/197/293 149/412/296 54/96/291
f 34/70/80 225/296/87 336/198/297 148/411/294
f 225/296/87 35/72/86 150/413/298 336/198/297
f 336/198/297 150/413/298 56/98/299 151/414/300
f 148/411/294 336/198/297 151/414/300 55/97/295
f 35/72/86 228/301/93 337/199/301 150/413/298
f 228/301/93 36/74/92 152/415/302 337/199/301
f 337/199/301 152/415/302 57/99/303 153/416/304
f 150/413/298 337/199/301 153/416/304 56/98/299
f 36/74/92 231/306/99 338/200/305 152/415/302
f 231/306/99 37/76/98 154/417/306 338/200/305
f 338/200/305 154/417/306 58/100/307 155/418/308
f 152/415/302 338/200/305 155/418/308 57/99/303
f 37/76/98 234/311/105 339/201/309 154/417/306
f 234/311/105 38/78/104 156/419/310 339/201/309
f 339/201/309 156/419/310 59/101/311 157/420/312
f 154/417/306 339/201/309 157/420/312 58/100/307
f 38/78/104 237/316/111 340/202/313 156/419/310
f 237/316/111 39/80/110 158/421/314 340/202/313
f 340/202/313 158/421/314 60/102/315 159/422/316
f 156/419/310 340/202/313 159/422/316 59/101/311
f 39/80/110 240/321/117 341/203/317 158/421/314
f 240/321/117 40/82/116 160/423/318 341/203/317
f 341/203/317 160/423/318 61/103/319 161/424/320
f 158/421/314 341/203/317 161/424/320 60/102/315
f 40/82/116 242/325/120 342/204/321 160/423/318
f 242/325/120 21/43/9 125/388/244 342/204/321
f 342/204/321 125/388/244 42/84/248 162/425/322
f 160/423/318 342/204/321 162/425/322 61/103/319
f 42/84/248 124/387/247 343/205/323 164/427/324
f 124/387/247 43/85/246 163/426/325 343/205/323
f 343/205/323 163/426/325 63/105/166 83/346/163
f 164/427/324 343/205/323 83/346/163 62/104/162
f 43/85/246 127/390/252 344/206/326 163/426/325
f 127/390/252 44/86/251 165/428/327 344/206/326
f 344/206/326 165/428/327 65/107/171 86/349/169
f 163/426/325 344/206/326 86/349/169 63/105/166
f 44/86/251 129/392/256 345/207/328 165/428/327
f 129/392/256 45/87/255 166/429/329 345/207/328
f 345/207/328 166/429/329 66/108/175 88/351/173
f 165/428/327 345/207/328 88/351/173 65/107/171
f 45/87/255 131/394/260 346/208/330 166/429/329
f 131/394/260 46/88/259 167/430/331 346/208/330
f 346/208/330 167/430/331 67/109/179 90/353/177
f 166/429/329 346/208/330 90/353/177 66/108/175
f 46/88/259 133/396/264 347/209/332 167/430/331
f 133/396/264 47/89/263 168/431/333 347/209/332
f 347/209/332 168/431/333 68/110/183 92/355/181
f 167/430/331 347/209/332 92/355/181 67/109/179
f 47/89/263 135/398/268 348/210/334 168/431/333
f 135/398/268 48/90/267 169/432/335 348/210/334
f 348/210/334 169/432/335 69/111/187 94/357/185
f 168/431/333 348/210/334 94/357/185 68/110/183
f 48/90/267 137/400/272 349/211/336 169/432/335
f 137/400/272 49/91/271 170/433/337 349/211/336
f 349/211/336 170/433/337 70/112/191 96/359/189
f 169/432/335 349/211/336 96/359/189 69/111/187
f 49/91/271 139/402/276 350/212/338 170/433/337
f 139/402/276 50/92/275 171/434/339 350/212/338
f 350/212/338 171/434/339 71/113/195 98/361/193
f 170/433/337 350/212/338 98/361/193 70/112/191
f 50/92/275 141/404/280 351/213/340 171/434/339
f 141/404/280 51/93/279 172/435/341 351/213/340
f 351/213/340 172/435/341 72/114/199 100/363/197
f 171/434/339 351/213/340 100/363/197 71/113/195
f 51/93/279 143/406/284 352/214/342 172/435/341
f 143/406/284 52/94/283 173/436/343 352/214/342
f 352/214/342 173/436/343 73/115/203 102/365/201
f 172/435/341 352/214/342 102/365/201 72/114/199
f 52/94/283 145/408/288 353/215/344 173/436/343
f 145/408/288 53/95/287 174/437/345 353/215/344
f 353/215/344 174/437/345 74/116/207 104/367/205
f 173/436/343 353/215/344 104/367/205 73/115/203
f 53/95/287 147/410/292 354/216/346 174/437/345
f 147/410/292 54/96/291 175/438/347 354/216/346
f 354/216/346 175/438/347 75/117/211 106/369/209
f 174/437/345 354/216/346 106/369/209 74/116/207
f 54/96/291 149/412/296 355/217/348 175/438/347
f 149/412/296 55/97/295 176/439/349 355/217/348
f 355/217/348 176/439/349 76/118/215 108/371/213
f 175/438/347 355/217/348 108/371/213 75/117/211
f 55/97/295 151/414/300 356/218/350 176/439/349
f 151/414/300 56/98/299 177/440/351 356/218/350
f 356/218/350 177/440/351 77/119/219 110/373/217
f 176/439/349 356/218/350 110/373/217 76/118/215
f 56/98/299 153/416/304 357/219/352 177/440/351
f 153/416/304 57/99/303 178/441/353 357/219/352
f 357/219/352 178/441/353 78/120/223 112/375/221
f 177/440/351 357/219/352 112/375/221 77/119/219
f 57/99/303 155/418/308 358/220/354 178/441/353
f 155/418/308 58/100/307 179/442/355 358/220/354
f 358/220/354 179/442/355 79/121/227 114/377/225
f 178/441/353 358/220/354 114/377/225 78/120/223
f 58/100/307 157/420/312 359/221/356 179/442/355
f 157/420/312 59/101/311 180/443/357 359/221/356
f 359/221/356 180/443/357 80/122/231 116/379/229
f 179/442/355 359/221/356 116/379/229 79/121/227
f 59/101/311 159/422/316 360/222/358 180/443/357
f 159/422/316 60/102/315 181/444/359 360/222/358
f 360/222/358 181/444/359 81/123/235 118/381/233
f 180/443/357 360/222/358 118/381/233 80/122/231
f 60/102/315 161/424/320 361/223/360 181/444/359
f 161/424/320 61/103/319 182/445/361 361/223/360
f 361/223/360 182/445/361 82/124/239 120/383/237
f 181/444/359 361/223/360 120/383/237 81/123/235
f 61/103/319 162/425/322 362/224/362 182/445/361
f 162/425/322 42/84/248 164/427/324 362/224/362
f 362/224/362 164/427/324 62/104/162 122/385/241
f 182/445/361 362/224/362 122/385/241 82/124/239
g default
v 12.306663 5.098767 -0.335608
v 12.152401 5.098767 -0.638364
v 11.912132 5.098767 -0.878632
v 11.609376 5.098767 -1.032894
v 11.273769 5.098767 -1.086049
v 10.938161 5.098767 -1.032894
v 10.635405 5.098767 -0.878632
v 10.395137 5.098767 -0.638363
v 10.240875 5.098767 -0.335607
v 10.187720 5.098767 0.000000
v 10.240875 5.098767 0.335607
v 10.395137 5.098767 0.638363
v 10.635405 5.098767 0.878632
v 10.938161 5.098767 1.032894
v 11.273769 5.098767 1.086048
v 11.609376 5.098767 1.032894
v 11.912132 5.098767 0.878632
v 12.152400 5.098767 0.638363
v 12.306662 5.098767 0.335607
v 12.359817 5.098767 -0.000000
v 12.069864 5.200839 -0.258667
v 11.950968 5.200839 -0.492014
v 11.273769 4.888436 -0.000000
v 11.765783 5.200839 -0.677199
v 11.532436 5.200839 -0.796095
v 11.273769 5.200839 -0.837064
v 11.015102 5.200839 -0.796095
v 10.781755 5.200838 -0.677199
v 10.596570 5.200838 -0.492014
v 10.477673 5.200838 -0.258667
v 10.436705 5.200839 0.000000
v 10.477674 5.200839 0.258667
v 10.596570 5.200839 0.492014
v 10.781755 5.200839 0.677199
v 11.015102 5.200839 0.796095
v 11.273769 5.200839 0.837064
v 11.532436 5.200839 0.796095
v 11.765782 5.200839 0.677199
v 11.950967 5.200839 0.492014
v 12.069864 5.200839 0.258667
v 12.110833 5.200839 0.000000
v 14.750575 7.025977 -1.129683
v 15.096993 7.405561 -1.242241
v 14.231318 7.025977 -2.148784
v 14.525998 7.405561 -2.362883
v 13.422554 7.025977 -2.957548
v 13.636652 7.405561 -3.252228
v 12.403452 7.025977 -3.476806
v 12.516010 7.405561 -3.823224
v 11.273769 7.025977 -3.655730
v 11.273769 7.405561 -4.019975
v 10.144086 7.025977 -3.476806
v 10.031528 7.405561 -3.823224
v 9.124985 7.025977 -2.957548
v 8.910887 7.405561 -3.252228
v 8.316222 7.025977 -2.148784
v 8.021541 7.405561 -2.362881
v 7.796963 7.025977 -1.129682
v 7.450545 7.405561 -1.242240
v 7.618039 7.025977 0.000000
v 7.253794 7.405561 0.000001
v 7.796963 7.025977 1.129683
v 7.450545 7.405561 1.242241
v 8.316222 7.025977 2.148784
v 8.021541 7.405561 2.362882
v 9.124985 7.025977 2.957547
v 8.910887 7.405561 3.252228
v 10.144086 7.025977 3.476806
v 10.031528 7.405561 3.823224
v 11.273769 7.025977 3.655730
v 11.273769 7.405561 4.019975
v 12.403451 7.025977 3.476806
v 12.516009 7.405561 3.823224
v 13.422553 7.025977 2.957547
v 13.636650 7.405561 3.252228
v 14.231316 7.025977 2.148784
v 14.525996 7.405561 2.362882
v 14.750574 7.025977 1.129683
v 15.096992 7.405561 1.242241
v 14.929498 7.025977 0.000000
v 15.293743 7.405561 0.000000
v 14.829453 7.412080 -1.155311
v 14.358559 7.078744 -1.002308
v 14.298415 7.412080 -2.197533
v 13.897848 7.078744 -1.906504
v 13.471302 7.412080 -3.024645
v 13.180273 7.078744 -2.624079
v 12.429081 7.412080 -3.555684
v 12.276077 7.078744 -3.084790
v 11.273769 7.412080 -3.738666
v 11.273769 7.078744 -3.243539
v 10.118457 7.412080 -3.555683
v 10.271460 7.078744 -3.084789
v 9.076236 7.412080 -3.024645
v 9.367265 7.078744 -2.624078
v 8.249125 7.412080 -2.197533
v 8.649691 7.078744 -1.906504
v 7.718086 7.412080 -1.155311
v 8.188980 7.078744 -1.002308
v 7.535103 7.412080 0.000001
v 8.030230 7.078744 0.000000
v 7.718086 7.412080 1.155312
v 8.188980 7.078744 1.002309
v 8.249124 7.412080 2.197533
v 8.649691 7.078744 1.906504
v 9.076236 7.412080 3.024645
v 9.367265 7.078744 2.624078
v 10.118458 7.412080 3.555683
v 10.271460 7.078744 3.084789
v 11.273769 7.412080 3.738666
v 11.273769 7.078744 3.243538
v 12.429080 7.412080 3.555683
v 12.276077 7.078744 3.084789
v 13.471301 7.412080 3.024645
v 13.180272 7.078744 2.624078
v 14.298413 7.412080 2.197533
v 13.897847 7.078744 1.906504
v 14.829451 7.412080 1.155311
v 14.358558 7.078744 1.002309
v 15.012434 7.412080 0.000000
v 14.517308 7.078744 0.000000
v 11.898818 4.766080 -0.203091
v 11.805467 4.766080 -0.386302
v 11.660070 4.766080 -0.531699
v 11.476859 4.766080 -0.625049
v 11.273769 4.766080 -0.657216
v 11.070678 4.766080 -0.625049
v 10.887467 4.766080 -0.531698
v 10.742070 4.766080 -0.386301
v 10.648720 4.766080 -0.203091
v 10.616553 4.766080 -0.000000
v 10.648720 4.766080 0.203091
v 10.742070 4.766080 0.386301
v 10.887467 4.766080 0.531698
v 11.070678 4.766080 0.625049
v 11.273769 4.766080 0.657215
v 11.476859 4.766080 0.625049
v 11.660070 4.766080 0.531698
v 11.805467 4.766080 0.386301
v 11.898817 4.766080 0.203091
v 11.930984 4.766080 -0.000000
v 11.860437 4.075827 -0.190620
v 11.772818 4.075827 -0.362581
v 11.636349 4.075827 -0.499050
v 11.464389 4.075827 -0.586668
v 11.273769 4.075827 -0.616859
v 11.083149 4.075827 -0.586668
v 10.911188 4.075827 -0.499050
v 10.774719 4.075827 -0.362581
v 10.687101 4.075827 -0.190620
v 10.656910 4.075827 -0.000000
v 10.687101 4.075827 0.190620
v 10.774719 4.075827 0.362580
v 10.911188 4.075827 0.499049
v 11.083149 4.075827 0.586668
v 11.273769 4.075827 0.616859
v 11.464389 4.075827 0.586668
v 11.636349 4.075827 0.499049
v 11.772818 4.075827 0.362580
v 11.860436 4.075827 0.190620
v 11.890628 4.075827 -0.000000
v 11.630150 0.371164 -0.115796
v 11.576925 0.371164 -0.220256
v 11.494025 0.371164 -0.303156
v 11.389564 0.371164 -0.356382
v 11.273769 0.371164 -0.374722
v 11.157973 0.371164 -0.356382
v 11.053513 0.371164 -0.303156
v 10.970612 0.371164 -0.220256
v 10.917387 0.371164 -0.115795
v 10.899047 0.371164 -0.000000
v 10.917387 0.371164 0.115795
v 10.970612 0.371164 0.220256
v 11.053513 0.371164 0.303156
v 11.157973 0.371164 0.356381
v 11.273769 0.371164 0.374721
v 11.389564 0.371164 0.356381
v 11.494024 0.371164 0.303156
v 11.576925 0.371164 0.220256
v 11.630150 0.371164 0.115795
v 11.648490 0.371164 -0.000000
v 11.829875 -0.422331 -0.180690
v 11.746821 -0.422332 -0.343693
v 11.617462 -0.422332 -0.473052
v 11.454459 -0.422332 -0.556106
v 11.273769 -0.422332 -0.584725
v 11.093079 -0.422332 -0.556106
v 10.930076 -0.422332 -0.473052
v 10.800716 -0.422332 -0.343693
v 10.717662 -0.422332 -0.180690
v 10.689044 -0.422332 -0.000000
v 10.717662 -0.422332 0.180690
v 10.800716 -0.422332 0.343692
v 10.930076 -0.422332 0.473052
v 11.093079 -0.422332 0.556106
v 11.273769 -0.422332 0.584724
v 11.454459 -0.422332 0.556106
v 11.617461 -0.422332 0.473052
v 11.746821 -0.422332 0.343692
v 11.829875 -0.422332 0.180690
v 11.858493 -0.422332 -0.000000
v 13.258513 -0.716993 -0.644883
v 12.962093 -0.716993 -1.226639
v 12.500408 -0.716993 -1.688322
v 11.918652 -0.716993 -1.984742
v 11.273770 -0.716993 -2.086881
v 10.628887 -0.716993 -1.984742
v 10.047130 -0.716993 -1.688322
v 9.585446 -0.716993 -1.226638
v 9.289027 -0.716993 -0.644881
v 9.186888 -0.716993 0.000000
v 9.289027 -0.716993 0.644882
v 9.585446 -0.716993 1.226638
v 10.047130 -0.716993 1.688322
v 10.628887 -0.716993 1.984742
v 11.273770 -0.716993 2.086881
v 11.918652 -0.716993 1.984742
v 12.500407 -0.716993 1.688322
v 12.962092 -0.716993 1.226638
v 13.258511 -0.716993 0.644882
v 13.360650 -0.716993 -0.000000
v 13.264499 -0.904272 -0.646828
v 12.967184 -0.904272 -1.230338
v 11.273770 -0.928627 0.000000
v 12.504108 -0.904272 -1.693414
v 11.920597 -0.904272 -1.990728
v 11.273770 -0.904272 -2.093174
v 10.626942 -0.904272 -1.990728
v 10.043431 -0.904272 -1.693414
v 9.580355 -0.904272 -1.230337
v 9.283041 -0.904272 -0.646826
v 9.180594 -0.904272 0.000000
v 9.283041 -0.904272 0.646827
v 9.580355 -0.904272 1.230337
v 10.043431 -0.904272 1.693414
v 10.626942 -0.904272 1.990728
v 11.273770 -0.904272 2.093174
v 11.920597 -0.904272 1.990728
v 12.504106 -0.904272 1.693414
v 12.967184 -0.904272 1.230337
v 13.264497 -0.904272 0.646827
v 13.366944 -0.904272 -0.000000
v 14.414889 7.415569 -2.282157
v 14.966377 7.415569 -1.199801
v 13.555926 7.415569 -3.141119
v 12.473570 7.415569 -3.692608
v 11.273769 7.415569 -3.882636
v 10.073968 7.415569 -3.692607
v 8.991612 7.415569 -3.141119
v 8.132650 7.415569 -2.282156
v 7.581162 7.415569 -1.199800
v 7.391132 7.415569 0.000001
v 7.581162 7.415569 1.199801
v 8.132650 7.415569 2.282157
v 8.991612 7.415569 3.141119
v 10.073968 7.415569 3.692607
v 11.273769 7.415569 3.882636
v 12.473569 7.415569 3.692607
v 13.555925 7.415569 3.141119
v 14.414887 7.415569 2.282156
v 14.966375 7.415569 1.199801
v 15.156405 7.415569 0.000000
v 12.941433 6.138047 -1.211629
v 13.234226 6.138047 -0.636991
v 12.485398 6.138047 -1.667664
v 11.910760 6.138047 -1.960457
v 11.273769 6.138047 -2.061346
v 10.636778 6.138047 -1.960457
v 10.062140 6.138047 -1.667664
v 9.606105 6.138047 -1.211629
v 9.313312 6.138047 -0.636991
v 9.212423 6.138047 0.000000
v 9.313312 6.138047 0.636991
v 9.606105 6.138047 1.211629
v 10.062140 6.138047 1.667664
v 10.636778 6.138047 1.960456
v 11.273769 6.138047 2.061346
v 11.910759 6.138047 1.960456
v 12.485397 6.138047 1.667664
v 12.941432 6.138047 1.211629
v 13.234225 6.138047 0.636991
v 13.335115 6.138047 0.000000
v 11.898818 4.779233 -0.203091
v 11.859307 4.766080 -0.298347
v 11.805467 4.779233 -0.386302
v 11.738455 4.766080 -0.464686
v 11.660070 4.779233 -0.531699
v 11.572115 4.766080 -0.585538
v 11.476859 4.779233 -0.625049
v 11.376572 4.766080 -0.649074
v 11.273769 4.779233 -0.657215
v 11.170965 4.766080 -0.649074
v 11.070678 4.779233 -0.625049
v 10.975422 4.766080 -0.585538
v 10.887467 4.779233 -0.531698
v 10.809083 4.766080 -0.464686
v 10.742070 4.779233 -0.386301
v 10.688231 4.766080 -0.298347
v 10.648720 4.779233 -0.203091
v 10.624695 4.766080 -0.102803
v 10.616553 4.779233 -0.000000
v 10.624695 4.766080 0.102803
v 10.648720 4.779233 0.203091
v 10.688231 4.766080 0.298347
v 10.742070 4.779233 0.386301
v 10.809083 4.766080 0.464686
v 10.887467 4.779233 0.531698
v 10.975422 4.766080 0.585538
v 11.070678 4.779233 0.625049
v 11.170965 4.766080 0.649074
v 11.273769 4.779233 0.657215
v 11.376572 4.766080 0.649074
v 11.476859 4.779233 0.625049
v 11.572115 4.766080 0.585538
v 11.660070 4.779233 0.531698
v 11.738454 4.766080 0.464686
v 11.805467 4.779233 0.386301
v 11.859307 4.766080 0.298346
v 11.898817 4.779233 0.203091
v 11.922843 4.766080 0.102803
v 11.930984 4.779233 -0.000000
v 11.922843 4.766080 -0.102803
v 11.898818 4.726621 -0.203091
v 11.823352 4.075827 -0.280027
v 11.805467 4.726621 -0.386302
v 11.709921 4.075827 -0.436152
v 11.660070 4.726621 -0.531699
v 11.553795 4.075827 -0.549583
v 11.476859 4.726621 -0.625049
v 11.370259 4.075827 -0.609218
v 11.273769 4.726621 -0.657215
v 11.177278 4.075827 -0.609218
v 11.070678 4.726621 -0.625049
v 10.993742 4.075827 -0.549583
v 10.887467 4.726621 -0.531698
v 10.837617 4.075827 -0.436152
v 10.742070 4.726621 -0.386301
v 10.724185 4.075827 -0.280027
v 10.648720 4.726621 -0.203091
v 10.664551 4.075827 -0.096491
v 10.616553 4.726621 -0.000000
v 10.664551 4.075827 0.096491
v 10.648720 4.726621 0.203091
v 10.724185 4.075827 0.280027
v 10.742070 4.726621 0.386301
v 10.837617 4.075827 0.436152
v 10.887467 4.726621 0.531698
v 10.993742 4.075827 0.549583
v 11.070678 4.726621 0.625049
v 11.177278 4.075827 0.609218
v 11.273769 4.726621 0.657215
v 11.370259 4.075827 0.609218
v 11.476859 4.726621 0.625049
v 11.553795 4.075827 0.549583
v 11.660070 4.726621 0.531698
v 11.709920 4.075827 0.436151
v 11.805467 4.726621 0.386301
v 11.823352 4.075827 0.280026
v 11.898817 4.726621 0.203091
v 11.882986 4.075827 0.096490
v 11.930984 4.726621 -0.000000
v 11.882986 4.075827 -0.096491
v 11.745293 2.228671 -0.153208
v 11.607623 0.371164 -0.170107
v 11.674872 2.228671 -0.291418
v 11.538717 0.371164 -0.264948
v 11.565187 2.228671 -0.401103
v 11.443876 0.371164 -0.333854
v 11.426976 2.228671 -0.471525
v 11.332384 0.371164 -0.370080
v 11.273769 2.228671 -0.495790
v 11.215154 0.371164 -0.370080
v 11.120561 2.228671 -0.471525
v 11.103662 0.371164 -0.333854
v 10.982350 2.228671 -0.401103
v 11.008821 0.371164 -0.264948
v 10.872666 2.228671 -0.291418
v 10.939915 0.371164 -0.170107
v 10.802244 2.228671 -0.153208
v 10.903689 0.371164 -0.058615
v 10.777978 2.228671 -0.000000
v 10.903689 0.371164 0.058615
v 10.802244 2.228671 0.153208
v 10.939915 0.371164 0.170107
v 10.872666 2.228671 0.291418
v 11.008821 0.371164 0.264948
v 10.982350 2.228671 0.401103
v 11.103662 0.371164 0.333854
v 11.120561 2.228671 0.471524
v 11.215154 0.371164 0.370080
v 11.273769 2.228671 0.495790
v 11.332384 0.371164 0.370080
v 11.426976 2.228671 0.471524
v 11.443876 0.371164 0.333854
v 11.565187 2.228671 0.401103
v 11.538716 0.371164 0.264948
v 11.674871 2.228671 0.291418
v 11.607622 0.371164 0.170107
v 11.745293 2.228671 0.153207
v 11.643848 0.371164 0.058615
v 11.769559 2.228671 -0.000000
v 11.643848 0.371164 -0.058615
v 11.591769 -0.310684 -0.103325
v 11.794723 -0.422331 -0.265439
v 11.544276 -0.310684 -0.196535
v 11.687200 -0.422331 -0.413431
v 11.470304 -0.310684 -0.270507
v 11.539208 -0.422331 -0.520954
v 11.377093 -0.310684 -0.318000
v 11.365233 -0.422331 -0.577482
v 11.273769 -0.310684 -0.334365
v 11.182305 -0.422331 -0.577482
v 11.170444 -0.310684 -0.318000
v 11.008329 -0.422331 -0.520954
v 11.077233 -0.310684 -0.270507
v 10.860337 -0.422331 -0.413431
v 11.003261 -0.310684 -0.196535
v 10.752815 -0.422331 -0.265439
v 10.955768 -0.310684 -0.103325
v 10.696287 -0.422331 -0.091464
v 10.939403 -0.310684 -0.000000
v 10.696287 -0.422331 0.091464
v 10.955768 -0.310684 0.103324
v 10.752815 -0.422331 0.265439
v 11.003261 -0.310684 0.196535
v 10.860337 -0.422331 0.413431
v 11.077233 -0.310684 0.270507
v 11.008329 -0.422331 0.520953
v 11.170444 -0.310684 0.318000
v 11.182305 -0.422331 0.577481
v 11.273769 -0.310684 0.334365
v 11.365233 -0.422331 0.577481
v 11.377093 -0.310684 0.318000
v 11.539208 -0.422331 0.520953
v 11.470304 -0.310684 0.270507
v 11.687200 -0.422331 0.413431
v 11.544276 -0.310684 0.196535
v 11.794722 -0.422331 0.265439
v 11.591769 -0.310684 0.103324
v 11.851250 -0.422331 0.091464
v 11.608134 -0.310684 -0.000000
v 11.851250 -0.422331 -0.091464
v 12.544194 -0.569236 -0.412786
v 13.133053 -0.716994 -0.947353
v 12.354457 -0.569236 -0.785166
v 12.749305 -0.716994 -1.475535
v 12.058935 -0.569236 -1.080688
v 12.221122 -0.716994 -1.859282
v 11.686555 -0.569236 -1.270424
v 11.600205 -0.716994 -2.061030
v 11.273769 -0.569236 -1.335803
v 10.947334 -0.716994 -2.061030
v 10.860983 -0.569236 -1.270424
v 10.326417 -0.716994 -1.859282
v 10.488603 -0.569236 -1.080687
v 9.798234 -0.716994 -1.475535
v 10.193081 -0.569236 -0.785165
v 9.414487 -0.716994 -0.947351
v 10.003345 -0.569236 -0.412786
v 9.212739 -0.716994 -0.326435
v 9.937966 -0.569236 0.000000
v 9.212739 -0.716994 0.326435
v 10.003344 -0.569236 0.412786
v 9.414486 -0.716994 0.947352
v 10.193081 -0.569236 0.785165
v 9.798234 -0.716994 1.475534
v 10.488603 -0.569236 1.080687
v 10.326417 -0.716994 1.859282
v 10.860983 -0.569236 1.270424
v 10.947334 -0.716994 2.061030
v 11.273769 -0.569236 1.335803
v 11.600205 -0.716994 2.061029
v 11.686555 -0.569236 1.270424
v 12.221121 -0.716994 1.859282
v 12.058934 -0.569236 1.080687
v 12.749304 -0.716994 1.475534
v 12.354457 -0.569236 0.785165
v 13.133052 -0.716994 0.947351
v 12.544193 -0.569236 0.412786
v 13.334799 -0.716994 0.326435
v 12.609571 -0.569236 -0.000000
v 13.334800 -0.716994 -0.326436
v 13.496619 -0.831199 -0.722248
v 13.164638 -0.831199 -1.373797
v 12.647566 -0.831199 -1.890867
v 11.996017 -0.831199 -2.222848
v 11.273770 -0.831199 -2.337240
v 10.551522 -0.831199 -2.222848
v 9.899972 -0.831199 -1.890867
v 9.382901 -0.831199 -1.373796
v 9.050921 -0.831199 -0.722247
v 8.936528 -0.831199 0.000000
v 9.050921 -0.831199 0.722247
v 9.382901 -0.831199 1.373795
v 9.899972 -0.831199 1.890867
v 10.551522 -0.831199 2.222847
v 11.273770 -0.831199 2.337240
v 11.996017 -0.831199 2.222848
v 12.647565 -0.831199 1.890867
v 13.164637 -0.831199 1.373795
v 13.496617 -0.831199 0.722247
v 13.611009 -0.831199 -0.000000
v 13.182580 -0.904272 -0.972588
v 12.568137 -0.928630 -0.420566
v 12.374824 -0.928630 -0.799963
v 12.788610 -0.904272 -1.514840
v 12.073733 -0.928630 -1.101054
v 12.246357 -0.904272 -1.908809
v 11.694336 -0.928630 -1.294367
v 11.608901 -0.904272 -2.115931
v 11.273770 -0.928630 -1.360977
v 10.938639 -0.904272 -2.115931
v 10.853204 -0.928630 -1.294367
v 10.301182 -0.904272 -1.908809
v 10.473806 -0.928630 -1.101054
v 9.758929 -0.904272 -1.514839
v 10.172715 -0.928630 -0.799962
v 9.364960 -0.904272 -0.972586
v 9.979403 -0.928630 -0.420565
v 9.157838 -0.904272 -0.335130
v 9.912792 -0.928630 0.000000
v 9.157838 -0.904272 0.335131
v 9.979403 -0.928630 0.420565
v 9.364960 -0.904272 0.972587
v 10.172715 -0.928630 0.799963
v 9.758929 -0.904272 1.514839
v 10.473806 -0.928630 1.101054
v 10.301182 -0.904272 1.908808
v 10.853204 -0.928630 1.294367
v 10.938639 -0.904272 2.115930
v 11.273770 -0.928630 1.360977
v 11.608901 -0.904272 2.115931
v 11.694335 -0.928630 1.294367
v 12.246356 -0.904272 1.908808
v 12.073732 -0.928630 1.101054
v 12.788609 -0.904272 1.514839
v 12.374824 -0.928630 0.799962
v 13.182579 -0.904272 0.972587
v 12.568136 -0.928630 0.420565
v 13.389700 -0.904272 0.335130
v 12.634747 -0.928630 -0.000000
v 13.389701 -0.904272 -0.335131
v 12.028906 5.200839 -0.384762
v 11.508541 4.888436 -0.170572
v 11.549760 4.888436 -0.089675
v 11.873049 5.200839 -0.599280
v 11.444341 4.888436 -0.234772
v 11.658530 5.200839 -0.755137
v 11.363444 4.888436 -0.275991
v 11.406348 5.200839 -0.837076
v 11.273769 4.888436 -0.290194
v 11.141189 5.200839 -0.837076
v 11.184094 4.888436 -0.275991
v 10.889007 5.200838 -0.755137
v 11.103197 4.888436 -0.234772
v 10.674488 5.200838 -0.599280
v 11.038996 4.888436 -0.170572
v 10.518632 5.200838 -0.384761
v 10.997778 4.888436 -0.089675
v 10.436693 5.200839 -0.132580
v 10.983574 4.888436 -0.000000
v 10.436693 5.200839 0.132580
v 10.997778 4.888436 0.089675
v 10.518632 5.200839 0.384761
v 11.038997 4.888436 0.170572
v 10.674489 5.200839 0.599280
v 11.103197 4.888436 0.234772
v 10.889007 5.200839 0.755137
v 11.184094 4.888436 0.275991
v 11.141189 5.200839 0.837076
v 11.273769 4.888436 0.290194
v 11.406348 5.200839 0.837076
v 11.363444 4.888436 0.275991
v 11.658530 5.200839 0.755137
v 11.444340 4.888436 0.234772
v 11.873049 5.200839 0.599280
v 11.508541 4.888436 0.170572
v 12.028905 5.200839 0.384761
v 11.549760 4.888436 0.089675
v 12.110844 5.200839 0.132580
v 11.563963 4.888436 0.000000
v 12.110845 5.200839 -0.132580
v 15.148950 7.375535 -1.259122
v 15.243947 7.405561 -0.628814
v 15.348374 7.375535 0.000000
v 14.884214 7.025976 -0.571838
v 14.530799 7.025976 -1.659539
v 14.570195 7.375535 -2.394994
v 14.855320 7.405561 -1.824891
v 13.858563 7.025976 -2.584793
v 13.668763 7.375535 -3.296425
v 14.116104 7.405561 -2.842334
v 12.933309 7.025976 -3.257030
v 12.532892 7.375535 -3.875181
v 13.098660 7.405561 -3.581549
v 11.845607 7.025976 -3.610445
v 11.273769 7.375535 -4.074605
v 11.902584 7.405561 -3.970178
v 10.701931 7.025976 -3.610445
v 10.014646 7.375535 -3.875180
v 10.644954 7.405561 -3.970178
v 9.614229 7.025976 -3.257030
v 8.878775 7.375535 -3.296425
v 9.448878 7.405561 -3.581549
v 8.688976 7.025976 -2.584793
v 7.977344 7.375535 -2.394993
v 8.431436 7.405561 -2.842333
v 8.016740 7.025976 -1.659539
v 7.398588 7.375535 -1.259122
v 7.692220 7.405561 -1.824890
v 7.663324 7.025976 -0.571838
v 7.199164 7.375535 0.000001
v 7.303591 7.405561 -0.628814
v 7.663324 7.025976 0.571839
v 7.398588 7.375535 1.259123
v 7.303591 7.405561 0.628815
v 8.016740 7.025976 1.659540
v 7.977344 7.375535 2.394993
v 7.692220 7.405561 1.824891
v 8.688976 7.025976 2.584793
v 8.878776 7.375535 3.296425
v 8.431436 7.405561 2.842333
v 9.614230 7.025976 3.257029
v 10.014647 7.375535 3.875180
v 9.448879 7.405561 3.581549
v 10.701931 7.025976 3.610445
v 11.273769 7.375535 4.074605
v 10.644955 7.405561 3.970177
v 11.845607 7.025976 3.610445
v 12.532891 7.375535 3.875180
v 11.902583 7.405561 3.970177
v 12.933308 7.025976 3.257029
v 13.668762 7.375535 3.296425
v 13.098659 7.405561 3.581549
v 13.858561 7.025976 2.584793
v 14.570193 7.375535 2.394993
v 14.116102 7.405561 2.842333
v 14.530798 7.025976 1.659539
v 15.148949 7.375535 1.259123
v 14.855317 7.405561 1.824891
v 14.884213 7.025976 0.571839
v 15.243946 7.405561 0.628815
v 14.758574 7.401613 -1.132281
v 14.477129 7.078744 -0.507362
v 14.937908 7.401613 0.000000
v 14.966123 7.412080 -0.584811
v 14.604691 7.412080 -1.697189
v 14.238121 7.401613 -2.153727
v 14.163563 7.078744 -1.472423
v 13.917203 7.412080 -2.643434
v 13.427496 7.401613 -2.964352
v 13.567122 7.078744 -2.293353
v 12.970958 7.412080 -3.330921
v 12.406050 7.401613 -3.484805
v 12.746192 7.078744 -2.889793
v 11.858580 7.412080 -3.692354
v 11.273769 7.401613 -3.664140
v 11.781131 7.078744 -3.203360
v 10.688958 7.412080 -3.692354
v 10.141487 7.401613 -3.484804
v 10.766407 7.078744 -3.203359
v 9.576580 7.412080 -3.330920
v 9.120042 7.401613 -2.964351
v 9.801346 7.078744 -2.889792
v 8.630335 7.412080 -2.643433
v 8.309418 7.401613 -2.153727
v 8.980417 7.078744 -2.293352
v 7.942848 7.412080 -1.697188
v 7.788965 7.401613 -1.132281
v 8.383976 7.078744 -1.472422
v 7.581415 7.412080 -0.584811
v 7.609629 7.401613 0.000000
v 8.070409 7.078744 -0.507362
v 7.581415 7.412080 0.584812
v 7.788965 7.401613 1.132282
v 8.070409 7.078744 0.507363
v 7.942848 7.412080 1.697189
v 8.309418 7.401613 2.153728
v 8.383976 7.078744 1.472423
v 8.630336 7.412080 2.643434
v 9.120042 7.401613 2.964351
v 8.980417 7.078744 2.293352
v 9.576581 7.412080 3.330921
v 10.141488 7.401613 3.484803
v 9.801346 7.078744 2.889792
v 10.688958 7.412080 3.692353
v 11.273769 7.401613 3.664139
v 10.766407 7.078744 3.203359
v 11.858580 7.412080 3.692353
v 12.406050 7.401613 3.484803
v 11.781131 7.078744 3.203359
v 12.970957 7.412080 3.330920
v 13.427495 7.401613 2.964351
v 12.746191 7.078744 2.889792
v 13.917202 7.412080 2.643433
v 14.238119 7.401613 2.153727
v 13.567120 7.078744 2.293352
v 14.604689 7.412080 1.697189
v 14.758572 7.401613 1.132281
v 14.163561 7.078744 1.472423
v 14.966122 7.412080 0.584812
v 14.477128 7.078744 0.507363
v 12.241371 5.098767 -0.493018
v 13.193202 6.057367 -1.394549
v 13.530198 6.057367 -0.733158
v 12.041662 5.098767 -0.767894
v 12.668319 6.057367 -1.919433
v 11.766787 5.098767 -0.967602
v 12.006927 6.057367 -2.256428
v 11.443651 5.098767 -1.072596
v 11.273769 6.057367 -2.372549
v 11.103886 5.098767 -1.072595
v 10.540611 6.057367 -2.256428
v 10.780751 5.098767 -0.967602
v 9.879219 6.057367 -1.919433
v 10.505875 5.098767 -0.767893
v 9.354336 6.057367 -1.394549
v 10.306167 5.098767 -0.493018
v 9.017341 6.057367 -0.733158
v 10.201173 5.098767 -0.169882
v 8.901220 6.057367 0.000000
v 10.201173 5.098767 0.169882
v 9.017341 6.057367 0.733158
v 10.306167 5.098767 0.493018
v 9.354336 6.057367 1.394549
v 10.505875 5.098767 0.767893
v 9.879220 6.057367 1.919432
v 10.780751 5.098767 0.967602
v 10.540611 6.057367 2.256428
v 11.103886 5.098767 1.072595
v 11.273769 6.057367 2.372549
v 11.443651 5.098767 1.072595
v 12.006927 6.057367 2.256428
v 11.766787 5.098767 0.967602
v 12.668318 6.057367 1.919432
v 12.041662 5.098767 0.767893
v 13.193201 6.057367 1.394549
v 12.241371 5.098767 0.493018
v 13.530196 6.057367 0.733158
v 12.346364 5.098767 0.169882
v 13.646318 6.057367 0.000000
v 12.346364 5.098767 -0.169882
v 12.661995 -0.928630 -0.707336
v 12.375472 -0.928630 -1.101702
v 11.981106 -0.928630 -1.388225
v 11.517501 -0.928630 -1.538859
v 11.030038 -0.928630 -1.538859
v 10.566433 -0.928630 -1.388225
v 10.172068 -0.928630 -1.101701
v 9.885545 -0.928630 -0.707336
v 9.734911 -0.928630 -0.243731
v 9.734911 -0.928630 0.243731
v 9.885545 -0.928630 0.707336
v 10.172068 -0.928630 1.101701
v 10.566433 -0.928630 1.388224
v 11.030038 -0.928630 1.538859
v 11.517501 -0.928630 1.538859
v 11.981105 -0.928630 1.388224
v 12.375471 -0.928630 1.101701
v 12.661994 -0.928630 0.707336
v 12.812628 -0.928630 0.243731
v 12.812629 -0.928630 -0.243732
v 11.569773 4.888436 -0.150822
v 11.508679 4.888436 -0.234910
v 11.424590 4.888436 -0.296004
v 11.325738 4.888436 -0.328123
v 11.221799 4.888436 -0.328123
v 11.122947 4.888436 -0.296004
v 11.038858 4.888436 -0.234910
v 10.977765 4.888436 -0.150822
v 10.945646 4.888436 -0.051970
v 10.945646 4.888436 0.051970
v 10.977765 4.888436 0.150821
v 11.038859 4.888436 0.234910
v 11.122947 4.888436 0.296004
v 11.221799 4.888436 0.328123
v 11.325738 4.888436 0.328123
v 11.424590 4.888436 0.296004
v 11.508679 4.888436 0.234910
v 11.569773 4.888436 0.150821
v 11.601892 4.888436 0.051970
v 11.601892 4.888436 -0.051970
v 15.297900 7.375535 -0.637360
v 14.903992 7.375535 -1.849690
v 14.154730 7.375535 -2.880960
v 13.123460 7.375535 -3.630222
v 11.911129 7.375535 -4.024132
v 10.636409 7.375535 -4.024132
v 9.424078 7.375535 -3.630222
v 8.392809 7.375535 -2.880960
v 7.643547 7.375535 -1.849690
v 7.249637 7.375535 -0.637359
v 7.249637 7.375535 0.637360
v 7.643547 7.375535 1.849691
v 8.392809 7.375535 2.880960
v 9.424079 7.375535 3.630222
v 10.636409 7.375535 4.024132
v 11.911129 7.375535 4.024132
v 13.123459 7.375535 3.630222
v 14.154728 7.375535 2.880960
v 14.903990 7.375535 1.849691
v 15.297900 7.375535 0.637360
v 14.892519 7.401613 -0.573153
v 14.538292 7.401613 -1.663357
v 13.864509 7.401613 -2.590739
v 12.937126 7.401613 -3.264523
v 11.846923 7.401613 -3.618751
v 10.700615 7.401613 -3.618750
v 9.610412 7.401613 -3.264522
v 8.683030 7.401613 -2.590739
v 8.009247 7.401613 -1.663356
v 7.655019 7.401613 -0.573153
v 7.655019 7.401613 0.573154
v 8.009247 7.401613 1.663357
v 8.683030 7.401613 2.590739
v 9.610412 7.401613 3.264522
v 10.700615 7.401613 3.618750
v 11.846922 7.401613 3.618750
v 12.937125 7.401613 3.264522
v 13.864507 7.401613 2.590739
v 14.538290 7.401613 1.663357
v 14.892518 7.401613 0.573154
v 13.387564 6.057367 -1.077032
v 12.951286 6.057367 -1.677517
v 12.350801 6.057367 -2.113795
v 11.644889 6.057367 -2.343159
v 10.902649 6.057367 -2.343159
v 10.196737 6.057367 -2.113794
v 9.596252 6.057367 -1.677517
v 9.159974 6.057367 -1.077032
v 8.930610 6.057367 -0.371120
v 8.930610 6.057367 0.371120
v 9.159974 6.057367 1.077032
v 9.596252 6.057367 1.677516
v 10.196737 6.057367 2.113794
v 10.902649 6.057367 2.343159
v 11.644889 6.057367 2.343159
v 12.350801 6.057367 2.113794
v 12.951285 6.057367 1.677516
v 13.387563 6.057367 1.077032
v 13.616927 6.057367 0.371120
v 13.616928 6.057367 -0.371120
v 14.732960 7.415569 -1.762545
v 14.018998 7.415569 -2.745228
v 13.036314 7.415569 -3.459190
v 11.881101 7.415569 -3.834541
v 10.666437 7.415569 -3.834541
v 9.511224 7.415569 -3.459189
v 8.528541 7.415569 -2.745228
v 7.814580 7.415569 -1.762545
v 7.439228 7.415569 -0.607331
v 7.439228 7.415569 0.607332
v 7.814580 7.415569 1.762545
v 8.528541 7.415569 2.745228
v 9.511224 7.415569 3.459189
v 10.666437 7.415569 3.834541
v 11.881100 7.415569 3.834541
v 13.036313 7.415569 3.459189
v 14.018996 7.415569 2.745228
v 14.732957 7.415569 1.762545
v 15.108309 7.415569 0.607332
v 15.108310 7.415569 -0.607331
v 13.110301 6.138047 -0.935760
v 12.731249 6.138047 -1.457480
v 12.209529 6.138047 -1.836532
v 11.596210 6.138047 -2.035812
v 10.951328 6.138047 -2.035811
v 10.338009 6.138047 -1.836532
v 9.816289 6.138047 -1.457480
v 9.437237 6.138047 -0.935760
v 9.237958 6.138047 -0.322441
v 9.237958 6.138047 0.322441
v 9.437237 6.138047 0.935760
v 9.816289 6.138047 1.457480
v 10.338009 6.138047 1.836532
v 10.951328 6.138047 2.035811
v 11.596210 6.138047 2.035811
v 12.209528 6.138047 1.836532
v 12.731248 6.138047 1.457480
v 13.110300 6.138047 0.935760
v 13.309580 6.138047 0.322441
v 13.309580 6.138047 -0.322441
v 11.859307 4.779233 -0.298347
v 11.738455 4.779233 -0.464686
v 11.572115 4.779233 -0.585538
v 11.376572 4.779233 -0.649074
v 11.170965 4.779233 -0.649074
v 10.975422 4.779233 -0.585538
v 10.809083 4.779233 -0.464686
v 10.688231 4.779233 -0.298347
v 10.624695 4.779233 -0.102803
v 10.624695 4.779233 0.102803
v 10.688231 4.779233 0.298347
v 10.809083 4.779233 0.464686
v 10.975422 4.779233 0.585538
v 11.170965 4.779233 0.649074
v 11.376572 4.779233 0.649074
v 11.572115 4.779233 0.585538
v 11.738454 4.779233 0.464686
v 11.859307 4.779233 0.298346
v 11.922843 4.779233 0.102803
v 11.922843 4.779233 -0.102803
v 11.859307 4.726621 -0.298347
v 11.738455 4.726621 -0.464686
v 11.572115 4.726621 -0.585538
v 11.376572 4.726621 -0.649074
v 11.170965 4.726621 -0.649074
v 10.975422 4.726621 -0.585538
v 10.809083 4.726621 -0.464686
v 10.688231 4.726621 -0.298347
v 10.624695 4.726621 -0.102803
v 10.624695 4.726621 0.102803
v 10.688231 4.726621 0.298346
v 10.809083 4.726621 0.464686
v 10.975422 4.726621 0.585538
v 11.170965 4.726621 0.649074
v 11.376572 4.726621 0.649074
v 11.572115 4.726621 0.585538
v 11.738454 4.726621 0.464686
v 11.859307 4.726621 0.298346
v 11.922843 4.726621 0.102803
v 11.922843 4.726621 -0.102803
v 11.715487 2.228671 -0.225067
v 11.624319 2.228671 -0.350550
v 11.498836 2.228671 -0.441719
v 11.351321 2.228671 -0.489649
v 11.196216 2.228671 -0.489649
v 11.048702 2.228671 -0.441719
v 10.923219 2.228671 -0.350550
v 10.832050 2.228671 -0.225067
v 10.784120 2.228671 -0.077553
v 10.784120 2.228671 0.077553
v 10.832050 2.228671 0.225067
v 10.923219 2.228671 0.350550
v 11.048702 2.228671 0.441718
v 11.196216 2.228671 0.489649
v 11.351321 2.228671 0.489649
v 11.498835 2.228671 0.441718
v 11.624318 2.228671 0.350550
v 11.715487 2.228671 0.225067
v 11.763417 2.228671 0.077553
v 11.763417 2.228671 -0.077553
v 11.571668 -0.310684 -0.151787
v 11.510183 -0.310684 -0.236414
v 11.425556 -0.310684 -0.297899
v 11.326071 -0.310684 -0.330224
v 11.221466 -0.310684 -0.330224
v 11.121981 -0.310684 -0.297899
v 11.037355 -0.310684 -0.236414
v 10.975870 -0.310684 -0.151787
v 10.943545 -0.310684 -0.052302
v 10.943545 -0.310684 0.052302
v 10.975870 -0.310684 0.151787
v 11.037355 -0.310684 0.236414
v 11.121981 -0.310684 0.297899
v 11.221466 -0.310684 0.330223
v 11.326071 -0.310684 0.330223
v 11.425556 -0.310684 0.297899
v 11.510182 -0.310684 0.236414
v 11.571667 -0.310684 0.151787
v 11.603992 -0.310684 0.052302
v 11.603992 -0.310684 -0.052302
v 12.463888 -0.569236 -0.606396
v 12.218252 -0.569236 -0.944483
v 11.880165 -0.569236 -1.190118
v 11.482719 -0.569236 -1.319256
v 11.064819 -0.569236 -1.319256
v 10.667373 -0.569236 -1.190118
v 10.329286 -0.569236 -0.944483
v 10.083651 -0.569236 -0.606395
v 9.954513 -0.569236 -0.208949
v 9.954513 -0.569236 0.208950
v 10.083651 -0.569236 0.606395
v 10.329286 -0.569236 0.944483
v 10.667373 -0.569236 1.190118
v 11.064819 -0.569236 1.319255
v 11.482719 -0.569236 1.319255
v 11.880164 -0.569236 1.190118
v 12.218252 -0.569236 0.944482
v 12.463887 -0.569236 0.606395
v 12.593024 -0.569236 0.208949
v 12.593025 -0.569236 -0.208950
v 13.356108 -0.831200 -1.061005
v 12.926322 -0.831200 -1.652552
v 12.334774 -0.831200 -2.082337
v 11.639367 -0.831200 -2.308288
v 10.908172 -0.831200 -2.308288
v 10.212765 -0.831200 -2.082337
v 9.621216 -0.831200 -1.652552
v 9.191432 -0.831200 -1.061003
v 8.965481 -0.831200 -0.365597
v 8.965481 -0.831200 0.365597
v 9.191432 -0.831200 1.061004
v 9.621217 -0.831200 1.652552
v 10.212765 -0.831200 2.082336
v 10.908172 -0.831200 2.308288
v 11.639367 -0.831200 2.308288
v 12.334773 -0.831200 2.082336
v 12.926321 -0.831200 1.652551
v 13.356107 -0.831200 1.061003
v 13.582057 -0.831200 0.365597
v 13.582058 -0.831200 -0.365598
vt 0.375000 0.312500
vt 0.625000 0.312500
vt 0.648603 0.107966
vt 0.387500 0.312500
vt 0.626409 0.064408
vt 0.400000 0.312500
vt 0.591842 0.029841
vt 0.412500 0.312500
vt 0.548284 0.007647
vt 0.425000 0.312500
vt 0.500000 -0.000000
vt 0.437500 0.312500
vt 0.451716 0.007647
vt 0.450000 0.312500
vt 0.408159 0.029841
vt 0.462500 0.312500
vt 0.373591 0.064409
vt 0.475000 0.312500
vt 0.351397 0.107966
vt 0.487500 0.312500
vt 0.343750 0.156250
vt 0.500000 0.312500
vt 0.351397 0.204534
vt 0.512500 0.312500
vt 0.373591 0.248091
vt 0.525000 0.312500
vt 0.408159 0.282659
vt 0.537500 0.312500
vt 0.451716 0.304853
vt 0.550000 0.312500
vt 0.500000 0.312500
vt 0.562500 0.312500
vt 0.548284 0.304853
vt 0.575000 0.312500
vt 0.591841 0.282659
vt 0.587500 0.312500
vt 0.626409 0.248091
vt 0.600000 0.312500
vt 0.648603 0.204534
vt 0.612500 0.312500
vt 0.656250 0.156250
vt 0.631456 0.886463
vt 0.611823 0.924995
vt 0.500000 0.843750
vt 0.581245 0.955574
vt 0.542713 0.975206
vt 0.500000 0.981971
vt 0.457287 0.975206
vt 0.418755 0.955573
vt 0.388177 0.924995
vt 0.368544 0.886463
vt 0.361779 0.843750
vt 0.368544 0.801037
vt 0.388177 0.762505
vt 0.418755 0.731926
vt 0.457287 0.712294
vt 0.500000 0.705528
vt 0.542713 0.712294
vt 0.581245 0.731926
vt 0.611823 0.762505
vt 0.631456 0.801037
vt 0.638221 0.843750
vt 0.625000 0.676111
vt 0.375000 0.676111
vt 0.624928 0.678368
vt 0.375328 0.678368
vt 0.648603 0.892034
vt 0.387500 0.676111
vt 0.387429 0.678368
vt 0.387828 0.678368
vt 0.626409 0.935591
vt 0.400000 0.676111
vt 0.399929 0.678368
vt 0.400328 0.678368
vt 0.591841 0.970159
vt 0.412500 0.676111
vt 0.412429 0.678368
vt 0.412828 0.678368
vt 0.548284 0.992353
vt 0.425000 0.676111
vt 0.424929 0.678368
vt 0.425328 0.678368
vt 0.500000 1.000000
vt 0.437500 0.676111
vt 0.437429 0.678368
vt 0.437828 0.678368
vt 0.451716 0.992353
vt 0.450000 0.676111
vt 0.449929 0.678368
vt 0.450328 0.678368
vt 0.408159 0.970159
vt 0.462500 0.676111
vt 0.462429 0.678368
vt 0.462828 0.678368
vt 0.373591 0.935591
vt 0.475000 0.676111
vt 0.474929 0.678368
vt 0.475328 0.678368
vt 0.351397 0.892034
vt 0.487500 0.676111
vt 0.487429 0.678368
vt 0.487828 0.678368
vt 0.343750 0.843750
vt 0.500000 0.676111
vt 0.499929 0.678368
vt 0.500328 0.678368
vt 0.351397 0.795466
vt 0.512500 0.676111
vt 0.512429 0.678368
vt 0.512828 0.678368
vt 0.373591 0.751909
vt 0.525000 0.676111
vt 0.524929 0.678368
vt 0.525328 0.678368
vt 0.408159 0.717341
vt 0.537500 0.676111
vt 0.537429 0.678368
vt 0.537828 0.678368
vt 0.451716 0.695147
vt 0.550000 0.676110
vt 0.549929 0.678368
vt 0.550328 0.678368
vt 0.500000 0.687500
vt 0.562500 0.676111
vt 0.562429 0.678368
vt 0.562828 0.678368
vt 0.548284 0.695147
vt 0.575000 0.676111
vt 0.574929 0.678368
vt 0.575328 0.678368
vt 0.591842 0.717341
vt 0.587500 0.676111
vt 0.587429 0.678368
vt 0.587828 0.678368
vt 0.626409 0.751908
vt 0.600000 0.676111
vt 0.599928 0.678368
vt 0.600328 0.678368
vt 0.648603 0.795466
vt 0.612500 0.676111
vt 0.612828 0.678368
vt 0.656250 0.843750
vt 0.612428 0.678368
vt 0.646784 0.891443
vt 0.646784 0.891443
vt 0.624862 0.934468
vt 0.624862 0.934468
vt 0.590718 0.968612
vt 0.590718 0.968612
vt 0.547693 0.990534
vt 0.547693 0.990534
vt 0.500000 0.998088
vt 0.500000 0.998088
vt 0.452307 0.990534
vt 0.452307 0.990534
vt 0.409282 0.968612
vt 0.409282 0.968612
vt 0.375138 0.934468
vt 0.375138 0.934468
vt 0.353216 0.891443
vt 0.353216 0.891443
vt 0.345662 0.843750
vt 0.345662 0.843750
vt 0.353216 0.796057
vt 0.353216 0.796057
vt 0.375138 0.753032
vt 0.375138 0.753032
vt 0.409282 0.718888
vt 0.409282 0.718888
vt 0.452307 0.696966
vt 0.452307 0.696966
vt 0.500000 0.689412
vt 0.500000 0.689412
vt 0.547693 0.696966
vt 0.547693 0.696966
vt 0.590718 0.718888
vt 0.590718 0.718888
vt 0.624862 0.753032
vt 0.624862 0.753032
vt 0.646784 0.796057
vt 0.646784 0.796057
vt 0.654338 0.843750
vt 0.654338 0.843750
vt 0.646784 0.108557
vt 0.624862 0.065532
vt 0.590718 0.031388
vt 0.547693 0.009466
vt 0.500000 0.001912
vt 0.452307 0.009466
vt 0.409282 0.031388
vt 0.375138 0.065532
vt 0.353216 0.108557
vt 0.345662 0.156250
vt 0.353216 0.203943
vt 0.375138 0.246968
vt 0.409282 0.281112
vt 0.452307 0.303034
vt 0.500000 0.310588
vt 0.547693 0.303034
vt 0.590718 0.281112
vt 0.624862 0.246968
vt 0.646784 0.203943
vt 0.654338 0.156250
vt 0.646784 0.108557
vt 0.624862 0.065532
vt 0.590718 0.031388
vt 0.547693 0.009466
vt 0.500000 0.001912
vt 0.452307 0.009466
vt 0.409282 0.031388
vt 0.375138 0.065532
vt 0.353216 0.108557
vt 0.345662 0.156250
vt 0.353216 0.203943
vt 0.375138 0.246968
vt 0.409282 0.281112
vt 0.452307 0.303034
vt 0.500000 0.310588
vt 0.547693 0.303034
vt 0.590718 0.281112
vt 0.624862 0.246968
vt 0.646784 0.203943
vt 0.654338 0.156250
vt 0.646784 0.108557
vt 0.624862 0.065532
vt 0.590718 0.031388
vt 0.547693 0.009466
vt 0.500000 0.001912
vt 0.452307 0.009466
vt 0.409282 0.031388
vt 0.375138 0.065532
vt 0.353216 0.108557
vt 0.345662 0.156250
vt 0.353216 0.203943
vt 0.375138 0.246968
vt 0.409282 0.281112
vt 0.452307 0.303034
vt 0.500000 0.310588
vt 0.547693 0.303034
vt 0.590718 0.281112
vt 0.624862 0.246968
vt 0.646784 0.203943
vt 0.654338 0.156250
vt 0.646784 0.108557
vt 0.624862 0.065532
vt 0.590718 0.031388
vt 0.547693 0.009466
vt 0.500000 0.001912
vt 0.452307 0.009466
vt 0.409282 0.031388
vt 0.375138 0.065532
vt 0.353216 0.108557
vt 0.345662 0.156250
vt 0.353216 0.203943
vt 0.375138 0.246968
vt 0.409282 0.281112
vt 0.452307 0.303034
vt 0.500000 0.310588
vt 0.547693 0.303034
vt 0.590718 0.281112
vt 0.624862 0.246968
vt 0.646784 0.203943
vt 0.654338 0.156250
vt 0.646784 0.108557
vt 0.624862 0.065532
vt 0.590718 0.031388
vt 0.547693 0.009466
vt 0.500000 0.001912
vt 0.452307 0.009466
vt 0.409282 0.031388
vt 0.375138 0.065532
vt 0.353216 0.108557
vt 0.345662 0.156250
vt 0.353216 0.203943
vt 0.375138 0.246968
vt 0.409282 0.281112
vt 0.452307 0.303034
vt 0.500000 0.310588
vt 0.547693 0.303034
vt 0.590718 0.281112
vt 0.624862 0.246968
vt 0.646784 0.203943
vt 0.654338 0.156250
vt 0.631456 0.113537
vt 0.611824 0.075005
vt 0.500000 0.156250
vt 0.581245 0.044426
vt 0.542713 0.024794
vt 0.500000 0.018029
vt 0.457287 0.024794
vt 0.418755 0.044426
vt 0.388177 0.075005
vt 0.368544 0.113537
vt 0.361779 0.156250
vt 0.368544 0.198963
vt 0.388177 0.237495
vt 0.418755 0.268073
vt 0.457287 0.287706
vt 0.500000 0.294471
vt 0.542713 0.287706
vt 0.581245 0.268073
vt 0.611823 0.237495
vt 0.631456 0.198963
vt 0.638221 0.156250
vt 0.591671 0.109542
vt 0.572750 0.083500
vt 0.546709 0.064579
vt 0.516095 0.054632
vt 0.483905 0.054632
vt 0.453292 0.064579
vt 0.427250 0.083500
vt 0.408329 0.109542
vt 0.398382 0.140155
vt 0.398382 0.172345
vt 0.408329 0.202958
vt 0.427250 0.229000
vt 0.453292 0.247921
vt 0.483905 0.257868
vt 0.516095 0.257868
vt 0.546708 0.247921
vt 0.572750 0.229000
vt 0.591671 0.202958
vt 0.601618 0.172345
vt 0.601618 0.140155
vt 0.591671 0.890458
vt 0.572750 0.916500
vt 0.546708 0.935421
vt 0.516095 0.945368
vt 0.483905 0.945368
vt 0.453292 0.935421
vt 0.427250 0.916500
vt 0.408329 0.890458
vt 0.398382 0.859845
vt 0.398382 0.827655
vt 0.408329 0.797042
vt 0.427250 0.771000
vt 0.453292 0.752079
vt 0.483905 0.742132
vt 0.516095 0.742132
vt 0.546709 0.752079
vt 0.572750 0.771000
vt 0.591671 0.797042
vt 0.601618 0.827655
vt 0.601618 0.859845
vt 0.618814 0.677239
vt 0.381314 0.677239
vt 0.393814 0.677239
vt 0.406314 0.677239
vt 0.418814 0.677239
vt 0.431314 0.677239
vt 0.443814 0.677239
vt 0.456314 0.677239
vt 0.468814 0.677239
vt 0.481314 0.677239
vt 0.493814 0.677239
vt 0.506314 0.677239
vt 0.518814 0.677239
vt 0.531314 0.677239
vt 0.543814 0.677239
vt 0.556314 0.677239
vt 0.568814 0.677239
vt 0.581314 0.677239
vt 0.593814 0.677239
vt 0.606314 0.677239
vt 0.652426 0.867892
vt 0.637506 0.913813
vt 0.609125 0.952875
vt 0.570063 0.981256
vt 0.524142 0.996176
vt 0.475858 0.996176
vt 0.429937 0.981256
vt 0.390875 0.952875
vt 0.362494 0.913813
vt 0.347574 0.867892
vt 0.347574 0.819608
vt 0.362494 0.773687
vt 0.390875 0.734625
vt 0.429937 0.706244
vt 0.475858 0.691324
vt 0.524142 0.691324
vt 0.570063 0.706244
vt 0.609125 0.734625
vt 0.637506 0.773687
vt 0.652426 0.819608
vt 0.381250 0.494305
vt 0.393750 0.494305
vt 0.406250 0.494305
vt 0.418750 0.494305
vt 0.431250 0.494305
vt 0.443750 0.494305
vt 0.456250 0.494305
vt 0.468750 0.494305
vt 0.481250 0.494305
vt 0.493750 0.494305
vt 0.506250 0.494305
vt 0.518750 0.494306
vt 0.531250 0.494306
vt 0.543750 0.494305
vt 0.556250 0.494305
vt 0.568750 0.494305
vt 0.581250 0.494305
vt 0.593750 0.494306
vt 0.606250 0.494305
vt 0.618750 0.494305
vt 0.637506 0.913813
vt 0.609125 0.952875
vt 0.570063 0.981256
vt 0.524142 0.996176
vt 0.475858 0.996176
vt 0.429937 0.981256
vt 0.390875 0.952875
vt 0.362494 0.913813
vt 0.347574 0.867892
vt 0.347574 0.819608
vt 0.362494 0.773687
vt 0.390875 0.734625
vt 0.429937 0.706244
vt 0.475858 0.691324
vt 0.524142 0.691324
vt 0.570063 0.706244
vt 0.609125 0.734625
vt 0.637506 0.773687
vt 0.652426 0.819608
vt 0.652426 0.867892
vt 0.637506 0.913813
vt 0.609125 0.952875
vt 0.570063 0.981256
vt 0.524142 0.996176
vt 0.475858 0.996176
vt 0.429937 0.981256
vt 0.390875 0.952875
vt 0.362494 0.913813
vt 0.347574 0.867892
vt 0.347574 0.819608
vt 0.362494 0.773687
vt 0.390875 0.734625
vt 0.429937 0.706244
vt 0.475858 0.691324
vt 0.524142 0.691324
vt 0.570063 0.706244
vt 0.609125 0.734625
vt 0.637506 0.773687
vt 0.652426 0.819608
vt 0.652426 0.867892
vt 0.637506 0.086187
vt 0.609125 0.047125
vt 0.570063 0.018744
vt 0.524142 0.003824
vt 0.475858 0.003824
vt 0.429937 0.018744
vt 0.390875 0.047125
vt 0.362494 0.086187
vt 0.347574 0.132108
vt 0.347574 0.180392
vt 0.362494 0.226313
vt 0.390875 0.265375
vt 0.429937 0.293756
vt 0.475858 0.308676
vt 0.524142 0.308676
vt 0.570063 0.293756
vt 0.609125 0.265375
vt 0.637506 0.226313
vt 0.652426 0.180392
vt 0.652426 0.132108
vt 0.637506 0.086187
vt 0.609125 0.047125
vt 0.570063 0.018744
vt 0.524142 0.003824
vt 0.475858 0.003824
vt 0.429937 0.018744
vt 0.390875 0.047125
vt 0.362494 0.086187
vt 0.347574 0.132108
vt 0.347574 0.180392
vt 0.362494 0.226313
vt 0.390875 0.265375
vt 0.429937 0.293756
vt 0.475858 0.308676
vt 0.524142 0.308676
vt 0.570063 0.293756
vt 0.609125 0.265375
vt 0.637506 0.226313
vt 0.652426 0.180392
vt 0.652426 0.132108
vt 0.637506 0.086187
vt 0.609125 0.047125
vt 0.570063 0.018744
vt 0.524142 0.003824
vt 0.475858 0.003824
vt 0.429937 0.018744
vt 0.390875 0.047125
vt 0.362494 0.086187
vt 0.347574 0.132108
vt 0.347574 0.180392
vt 0.362494 0.226313
vt 0.390875 0.265375
vt 0.429937 0.293756
vt 0.475858 0.308676
vt 0.524142 0.308676
vt 0.570063 0.293756
vt 0.609125 0.265375
vt 0.637506 0.226313
vt 0.652426 0.180392
vt 0.652426 0.132108
vt 0.637506 0.086187
vt 0.609125 0.047125
vt 0.570063 0.018744
vt 0.524142 0.003824
vt 0.475858 0.003824
vt 0.429937 0.018744
vt 0.390875 0.047125
vt 0.362494 0.086187
vt 0.347574 0.132108
vt 0.347574 0.180392
vt 0.362494 0.226313
vt 0.390875 0.265375
vt 0.429937 0.293756
vt 0.475858 0.308676
vt 0.524142 0.308676
vt 0.570063 0.293756
vt 0.609125 0.265375
vt 0.637506 0.226313
vt 0.652426 0.180392
vt 0.652426 0.132108
vt 0.637506 0.086187
vt 0.609125 0.047125
vt 0.570063 0.018744
vt 0.524142 0.003824
vt 0.475858 0.003824
vt 0.429937 0.018744
vt 0.390875 0.047125
vt 0.362494 0.086187
vt 0.347574 0.132108
vt 0.347574 0.180392
vt 0.362494 0.226313
vt 0.390875 0.265375
vt 0.429937 0.293756
vt 0.475858 0.308676
vt 0.524142 0.308676
vt 0.570063 0.293756
vt 0.609125 0.265375
vt 0.637506 0.226313
vt 0.652426 0.180392
vt 0.652426 0.132108
vt 0.637506 0.086187
vt 0.609125 0.047125
vt 0.570063 0.018744
vt 0.524142 0.003824
vt 0.475858 0.003824
vt 0.429937 0.018744
vt 0.390875 0.047125
vt 0.362494 0.086187
vt 0.347574 0.132108
vt 0.347574 0.180392
vt 0.362494 0.226313
vt 0.390875 0.265375
vt 0.429937 0.293756
vt 0.475858 0.308676
vt 0.524142 0.308676
vt 0.570063 0.293756
vt 0.609125 0.265375
vt 0.637506 0.226313
vt 0.652426 0.180392
vt 0.652426 0.132108
vt 0.626047 0.092026
vt 0.585473 0.128478
vt 0.572707 0.103425
vt 0.600031 0.056219
vt 0.552825 0.083543
vt 0.564224 0.030203
vt 0.527772 0.070777
vt 0.522130 0.016526
vt 0.500000 0.066379
vt 0.477870 0.016526
vt 0.472228 0.070777
vt 0.435776 0.030203
vt 0.447175 0.083543
vt 0.399969 0.056219
vt 0.427293 0.103425
vt 0.373953 0.092026
vt 0.414527 0.128478
vt 0.360276 0.134120
vt 0.410129 0.156250
vt 0.360276 0.178380
vt 0.414527 0.184022
vt 0.373953 0.220474
vt 0.427293 0.209075
vt 0.399969 0.256281
vt 0.447175 0.228957
vt 0.435776 0.282297
vt 0.472228 0.241723
vt 0.477870 0.295974
vt 0.500000 0.246121
vt 0.522130 0.295974
vt 0.527772 0.241723
vt 0.564224 0.282297
vt 0.552825 0.228957
vt 0.600031 0.256281
vt 0.572707 0.209075
vt 0.626047 0.220474
vt 0.585473 0.184022
vt 0.639724 0.178380
vt 0.589871 0.156250
vt 0.639724 0.134120
vt 0.626047 0.907974
vt 0.572707 0.896575
vt 0.585473 0.871522
vt 0.600031 0.943781
vt 0.552825 0.916457
vt 0.564224 0.969797
vt 0.527772 0.929223
vt 0.522130 0.983474
vt 0.500000 0.933621
vt 0.477870 0.983474
vt 0.472228 0.929223
vt 0.435776 0.969797
vt 0.447175 0.916457
vt 0.399969 0.943781
vt 0.427293 0.896575
vt 0.373953 0.907974
vt 0.414527 0.871522
vt 0.360276 0.865880
vt 0.410129 0.843750
vt 0.360276 0.821620
vt 0.414527 0.815978
vt 0.373953 0.779526
vt 0.427293 0.790925
vt 0.399969 0.743719
vt 0.447175 0.771043
vt 0.435776 0.717703
vt 0.472228 0.758277
vt 0.477870 0.704026
vt 0.500000 0.753879
vt 0.522130 0.704026
vt 0.527772 0.758277
vt 0.564224 0.717703
vt 0.552825 0.771043
vt 0.600031 0.743719
vt 0.572707 0.790925
vt 0.626047 0.779526
vt 0.585473 0.815978
vt 0.639724 0.821620
vt 0.589871 0.843750
vt 0.639724 0.865880
vt 0.624964 0.677239
vt 0.375164 0.677239
vt 0.618878 0.678368
vt 0.652426 0.867892
vt 0.612664 0.677239
vt 0.612464 0.677239
vt 0.618766 0.630942
vt 0.381266 0.630942
vt 0.387464 0.677239
vt 0.387664 0.677239
vt 0.381378 0.678368
vt 0.637506 0.913813
vt 0.393766 0.630942
vt 0.399964 0.677239
vt 0.400164 0.677239
vt 0.393878 0.678368
vt 0.609125 0.952875
vt 0.406266 0.630942
vt 0.412464 0.677239
vt 0.412664 0.677239
vt 0.406378 0.678368
vt 0.570063 0.981256
vt 0.418766 0.630942
vt 0.424964 0.677239
vt 0.425164 0.677239
vt 0.418878 0.678368
vt 0.524142 0.996176
vt 0.431266 0.630942
vt 0.437464 0.677239
vt 0.437664 0.677239
vt 0.431378 0.678368
vt 0.475858 0.996176
vt 0.443766 0.630942
vt 0.449964 0.677239
vt 0.450164 0.677239
vt 0.443878 0.678368
vt 0.429937 0.981256
vt 0.456266 0.630942
vt 0.462464 0.677239
vt 0.462664 0.677239
vt 0.456378 0.678368
vt 0.390875 0.952875
vt 0.468766 0.630941
vt 0.474964 0.677239
vt 0.475164 0.677239
vt 0.468878 0.678368
vt 0.362494 0.913813
vt 0.481266 0.630941
vt 0.487464 0.677239
vt 0.487664 0.677239
vt 0.481378 0.678368
vt 0.347574 0.867892
vt 0.493766 0.630942
vt 0.499964 0.677239
vt 0.500164 0.677239
vt 0.493878 0.678368
vt 0.347574 0.819608
vt 0.506266 0.630942
vt 0.512464 0.677239
vt 0.512664 0.677239
vt 0.506378 0.678368
vt 0.362494 0.773687
vt 0.518766 0.630942
vt 0.524964 0.677239
vt 0.525164 0.677239
vt 0.518878 0.678368
vt 0.390875 0.734625
vt 0.531266 0.630942
vt 0.537464 0.677239
vt 0.537664 0.677239
vt 0.531378 0.678368
vt 0.429937 0.706244
vt 0.543766 0.630941
vt 0.549964 0.677239
vt 0.550164 0.677239
vt 0.543878 0.678368
vt 0.475858 0.691324
vt 0.556266 0.630941
vt 0.562464 0.677239
vt 0.562664 0.677239
vt 0.556378 0.678368
vt 0.524142 0.691324
vt 0.568766 0.630942
vt 0.574964 0.677239
vt 0.575164 0.677239
vt 0.568878 0.678368
vt 0.570063 0.706244
vt 0.581266 0.630942
vt 0.587464 0.677239
vt 0.587664 0.677239
vt 0.581378 0.678368
vt 0.609125 0.734625
vt 0.593766 0.630942
vt 0.599964 0.677239
vt 0.600164 0.677239
vt 0.593878 0.678368
vt 0.637506 0.773687
vt 0.606266 0.630942
vt 0.606378 0.678368
vt 0.652426 0.819608
vt 0.646784 0.891443
vt 0.652426 0.867892
vt 0.654338 0.843750
vt 0.652426 0.867892
vt 0.637506 0.913813
vt 0.624862 0.934468
vt 0.637506 0.913813
vt 0.609125 0.952875
vt 0.590718 0.968612
vt 0.609125 0.952875
vt 0.570063 0.981256
vt 0.547693 0.990534
vt 0.570063 0.981256
vt 0.524142 0.996176
vt 0.500000 0.998088
vt 0.524142 0.996176
vt 0.475858 0.996176
vt 0.452307 0.990534
vt 0.475858 0.996176
vt 0.429937 0.981256
vt 0.409282 0.968612
vt 0.429937 0.981256
vt 0.390875 0.952875
vt 0.375138 0.934468
vt 0.390875 0.952875
vt 0.362494 0.913813
vt 0.353216 0.891443
vt 0.362494 0.913813
vt 0.347574 0.867892
vt 0.345662 0.843750
vt 0.347574 0.867892
vt 0.347574 0.819608
vt 0.353216 0.796057
vt 0.347574 0.819608
vt 0.362494 0.773687
vt 0.375138 0.753032
vt 0.362494 0.773687
vt 0.390875 0.734625
vt 0.409282 0.718888
vt 0.390875 0.734625
vt 0.429937 0.706244
vt 0.452307 0.696966
vt 0.429937 0.706244
vt 0.475858 0.691324
vt 0.500000 0.689412
vt 0.475858 0.691324
vt 0.524142 0.691324
vt 0.547693 0.696966
vt 0.524142 0.691324
vt 0.570063 0.706244
vt 0.590718 0.718888
vt 0.570063 0.706244
vt 0.609125 0.734625
vt 0.624862 0.753032
vt 0.609125 0.734625
vt 0.637506 0.773687
vt 0.646784 0.796057
vt 0.637506 0.773687
vt 0.652426 0.819608
vt 0.652426 0.819608
vt 0.381250 0.312500
vt 0.637506 0.086187
vt 0.387500 0.494305
vt 0.375000 0.494305
vt 0.625000 0.494305
vt 0.393750 0.312500
vt 0.609125 0.047125
vt 0.400000 0.494306
vt 0.406250 0.312500
vt 0.570063 0.018744
vt 0.412500 0.494305
vt 0.418750 0.312500
vt 0.524142 0.003824
vt 0.425000 0.494305
vt 0.431250 0.312500
vt 0.475858 0.003824
vt 0.437500 0.494305
vt 0.443750 0.312500
vt 0.429937 0.018744
vt 0.450000 0.494305
vt 0.456250 0.312500
vt 0.390875 0.047125
vt 0.462500 0.494305
vt 0.468750 0.312500
vt 0.362494 0.086187
vt 0.475000 0.494305
vt 0.481250 0.312500
vt 0.347574 0.132108
vt 0.487500 0.494305
vt 0.493750 0.312500
vt 0.347574 0.180392
vt 0.500000 0.494305
vt 0.506250 0.312500
vt 0.362494 0.226313
vt 0.512500 0.494305
vt 0.518750 0.312500
vt 0.390875 0.265375
vt 0.525000 0.494306
vt 0.531250 0.312500
vt 0.429937 0.293756
vt 0.537500 0.494305
vt 0.543750 0.312500
vt 0.475858 0.308676
vt 0.550000 0.494305
vt 0.556250 0.312500
vt 0.524142 0.308676
vt 0.562500 0.494305
vt 0.568750 0.312500
vt 0.570063 0.293756
vt 0.575000 0.494305
vt 0.581250 0.312500
vt 0.609125 0.265375
vt 0.587500 0.494306
vt 0.593750 0.312500
vt 0.637506 0.226313
vt 0.600000 0.494305
vt 0.606250 0.312500
vt 0.652426 0.180392
vt 0.612500 0.494306
vt 0.618750 0.312500
vt 0.652426 0.132108
vt 0.624862 0.934468
vt 0.646784 0.891443
vt 0.590718 0.968612
vt 0.547693 0.990534
vt 0.500000 0.998088
vt 0.452307 0.990534
vt 0.409282 0.968612
vt 0.375138 0.934468
vt 0.353216 0.891443
vt 0.345662 0.843750
vt 0.353216 0.796057
vt 0.375138 0.753032
vt 0.409282 0.718888
vt 0.452307 0.696966
vt 0.500000 0.689412
vt 0.547693 0.696966
vt 0.590718 0.718888
vt 0.624862 0.753032
vt 0.646784 0.796057
vt 0.654338 0.843750
vt 0.624862 0.934468
vt 0.646784 0.891443
vt 0.590718 0.968612
vt 0.547693 0.990534
vt 0.500000 0.998088
vt 0.452307 0.990534
vt 0.409282 0.968612
vt 0.375138 0.934468
vt 0.353216 0.891443
vt 0.345662 0.843750
vt 0.353216 0.796057
vt 0.375138 0.753032
vt 0.409282 0.718888
vt 0.452307 0.696966
vt 0.500000 0.689412
vt 0.547693 0.696966
vt 0.590718 0.718888
vt 0.624862 0.753032
vt 0.646784 0.796057
vt 0.654338 0.843750
vt 0.646784 0.108557
vt 0.637506 0.086187
vt 0.624862 0.065532
vt 0.609125 0.047125
vt 0.590718 0.031388
vt 0.570063 0.018744
vt 0.547693 0.009466
vt 0.524142 0.003824
vt 0.500000 0.001912
vt 0.475858 0.003824
vt 0.452307 0.009466
vt 0.429937 0.018744
vt 0.409282 0.031388
vt 0.390875 0.047125
vt 0.375138 0.065532
vt 0.362494 0.086187
vt 0.353216 0.108557
vt 0.347574 0.132108
vt 0.345662 0.156250
vt 0.347574 0.180392
vt 0.353216 0.203943
vt 0.362494 0.226313
vt 0.375138 0.246968
vt 0.390875 0.265375
vt 0.409282 0.281112
vt 0.429937 0.293756
vt 0.452307 0.303034
vt 0.475858 0.308676
vt 0.500000 0.310588
vt 0.524142 0.308676
vt 0.547693 0.303034
vt 0.570063 0.293756
vt 0.590718 0.281112
vt 0.609125 0.265375
vt 0.624862 0.246968
vt 0.637506 0.226313
vt 0.646784 0.203943
vt 0.652426 0.180392
vt 0.654338 0.156250
vt 0.652426 0.132108
vt 0.646784 0.108557
vt 0.637506 0.086187
vt 0.624862 0.065532
vt 0.609125 0.047125
vt 0.590718 0.031388
vt 0.570063 0.018744
vt 0.547693 0.009466
vt 0.524142 0.003824
vt 0.500000 0.001912
vt 0.475858 0.003824
vt 0.452307 0.009466
vt 0.429937 0.018744
vt 0.409282 0.031388
vt 0.390875 0.047125
vt 0.375138 0.065532
vt 0.362494 0.086187
vt 0.353216 0.108557
vt 0.347574 0.132108
vt 0.345662 0.156250
vt 0.347574 0.180392
vt 0.353216 0.203943
vt 0.362494 0.226313
vt 0.375138 0.246968
vt 0.390875 0.265375
vt 0.409282 0.281112
vt 0.429937 0.293756
vt 0.452307 0.303034
vt 0.475858 0.308676
vt 0.500000 0.310588
vt 0.524142 0.308676
vt 0.547693 0.303034
vt 0.570063 0.293756
vt 0.590718 0.281112
vt 0.609125 0.265375
vt 0.624862 0.246968
vt 0.637506 0.226313
vt 0.646784 0.203943
vt 0.652426 0.180392
vt 0.654338 0.156250
vt 0.652426 0.132108
vt 0.646784 0.108557
vt 0.637506 0.086187
vt 0.624862 0.065532
vt 0.609125 0.047125
vt 0.590718 0.031388
vt 0.570063 0.018744
vt 0.547693 0.009466
vt 0.524142 0.003824
vt 0.500000 0.001912
vt 0.475858 0.003824
vt 0.452307 0.009466
vt 0.429937 0.018744
vt 0.409282 0.031388
vt 0.390875 0.047125
vt 0.375138 0.065532
vt 0.362494 0.086187
vt 0.353216 0.108557
vt 0.347574 0.132108
vt 0.345662 0.156250
vt 0.347574 0.180392
vt 0.353216 0.203943
vt 0.362494 0.226313
vt 0.375138 0.246968
vt 0.390875 0.265375
vt 0.409282 0.281112
vt 0.429937 0.293756
vt 0.452307 0.303034
vt 0.475858 0.308676
vt 0.500000 0.310588
vt 0.524142 0.308676
vt 0.547693 0.303034
vt 0.570063 0.293756
vt 0.590718 0.281112
vt 0.609125 0.265375
vt 0.624862 0.246968
vt 0.637506 0.226313
vt 0.646784 0.203943
vt 0.652426 0.180392
vt 0.654338 0.156250
vt 0.652426 0.132108
vt 0.646784 0.108557
vt 0.637506 0.086187
vt 0.624862 0.065532
vt 0.609125 0.047125
vt 0.590718 0.031388
vt 0.570063 0.018744
vt 0.547693 0.009466
vt 0.524142 0.003824
vt 0.500000 0.001912
vt 0.475858 0.003824
vt 0.452307 0.009466
vt 0.429937 0.018744
vt 0.409282 0.031388
vt 0.390875 0.047125
vt 0.375138 0.065532
vt 0.362494 0.086187
vt 0.353216 0.108557
vt 0.347574 0.132108
vt 0.345662 0.156250
vt 0.347574 0.180392
vt 0.353216 0.203943
vt 0.362494 0.226313
vt 0.375138 0.246968
vt 0.390875 0.265375
vt 0.409282 0.281112
vt 0.429937 0.293756
vt 0.452307 0.303034
vt 0.475858 0.308676
vt 0.500000 0.310588
vt 0.524142 0.308676
vt 0.547693 0.303034
vt 0.570063 0.293756
vt 0.590718 0.281112
vt 0.609125 0.265375
vt 0.624862 0.246968
vt 0.637506 0.226313
vt 0.646784 0.203943
vt 0.652426 0.180392
vt 0.654338 0.156250
vt 0.652426 0.132108
vt 0.646784 0.108557
vt 0.637506 0.086187
vt 0.624862 0.065532
vt 0.609125 0.047125
vt 0.590718 0.031388
vt 0.570063 0.018744
vt 0.547693 0.009466
vt 0.524142 0.003824
vt 0.500000 0.001912
vt 0.475858 0.003824
vt 0.452307 0.009466
vt 0.429937 0.018744
vt 0.409282 0.031388
vt 0.390875 0.047125
vt 0.375138 0.065532
vt 0.362494 0.086187
vt 0.353216 0.108557
vt 0.347574 0.132108
vt 0.345662 0.156250
vt 0.347574 0.180392
vt 0.353216 0.203943
vt 0.362494 0.226313
vt 0.375138 0.246968
vt 0.390875 0.265375
vt 0.409282 0.281112
vt 0.429937 0.293756
vt 0.452307 0.303034
vt 0.475858 0.308676
vt 0.500000 0.310588
vt 0.524142 0.308676
vt 0.547693 0.303034
vt 0.570063 0.293756
vt 0.590718 0.281112
vt 0.609125 0.265375
vt 0.624862 0.246968
vt 0.637506 0.226313
vt 0.646784 0.203943
vt 0.652426 0.180392
vt 0.654338 0.156250
vt 0.652426 0.132108
vt 0.646784 0.108557
vt 0.624862 0.065532
vt 0.590718 0.031388
vt 0.547693 0.009466
vt 0.500000 0.001912
vt 0.452307 0.009466
vt 0.409282 0.031388
vt 0.375138 0.065532
vt 0.353216 0.108557
vt 0.345662 0.156250
vt 0.353216 0.203943
vt 0.375138 0.246968
vt 0.409282 0.281112
vt 0.452307 0.303034
vt 0.500000 0.310588
vt 0.547693 0.303034
vt 0.590718 0.281112
vt 0.624862 0.246968
vt 0.646784 0.203943
vt 0.654338 0.156250
vn 0.096252 -0.992897 -0.069931
vn 0.123629 -0.990327 -0.062992
vn 0.019865 -0.999752 -0.010121
vn 0.005933 -0.999973 -0.004311
vn 0.113151 -0.992898 -0.036764
vn 0.006975 -0.999973 -0.002266
vn -0.000000 -1.000000 -0.000000
vn 0.069931 -0.992897 -0.096252
vn 0.098112 -0.990327 -0.098112
vn 0.015765 -0.999751 -0.015765
vn 0.004311 -0.999973 -0.005934
vn 0.036765 -0.992897 -0.113151
vn 0.062992 -0.990327 -0.123629
vn 0.010122 -0.999751 -0.019866
vn 0.002266 -0.999973 -0.006976
vn 0.000000 -0.992898 -0.118973
vn 0.021705 -0.990327 -0.137044
vn 0.003488 -0.999751 -0.022020
vn 0.000000 -0.999973 -0.007334
vn -0.036765 -0.992897 -0.113151
vn -0.021705 -0.990327 -0.137044
vn -0.003488 -0.999751 -0.022020
vn -0.002266 -0.999973 -0.006975
vn -0.069931 -0.992898 -0.096252
vn -0.062992 -0.990327 -0.123629
vn -0.010122 -0.999752 -0.019865
vn -0.004311 -0.999973 -0.005933
vn -0.096252 -0.992898 -0.069931
vn -0.098112 -0.990327 -0.098112
vn -0.015765 -0.999751 -0.015764
vn -0.005933 -0.999973 -0.004310
vn -0.113151 -0.992897 -0.036764
vn -0.123629 -0.990327 -0.062992
vn -0.019865 -0.999751 -0.010122
vn -0.006975 -0.999973 -0.002266
vn -0.118974 -0.992897 -0.000000
vn -0.137043 -0.990327 -0.021705
vn -0.022020 -0.999751 -0.003488
vn -0.007334 -0.999973 -0.000000
vn -0.113151 -0.992897 0.036764
vn -0.137043 -0.990327 0.021705
vn -0.022020 -0.999751 0.003487
vn -0.006975 -0.999973 0.002265
vn -0.096252 -0.992897 0.069931
vn -0.123629 -0.990327 0.062993
vn -0.019865 -0.999752 0.010121
vn -0.005933 -0.999973 0.004310
vn -0.069931 -0.992897 0.096252
vn -0.098112 -0.990327 0.098112
vn -0.015765 -0.999751 0.015764
vn -0.004311 -0.999973 0.005933
vn -0.036765 -0.992897 0.113151
vn -0.062992 -0.990327 0.123629
vn -0.010122 -0.999752 0.019865
vn -0.002266 -0.999973 0.006975
vn -0.000000 -0.992898 0.118973
vn -0.021705 -0.990327 0.137043
vn -0.003488 -0.999752 0.022020
vn 0.000000 -0.999973 0.007334
vn 0.036765 -0.992897 0.113151
vn 0.021705 -0.990327 0.137044
vn 0.003488 -0.999751 0.022020
vn 0.002266 -0.999973 0.006975
vn 0.069931 -0.992898 0.096252
vn 0.062992 -0.990327 0.123629
vn 0.010122 -0.999752 0.019864
vn 0.004311 -0.999973 0.005934
vn 0.096252 -0.992897 0.069931
vn 0.098112 -0.990327 0.098113
vn 0.015765 -0.999752 0.015766
vn 0.005933 -0.999973 0.004312
vn 0.113151 -0.992897 0.036766
vn 0.123629 -0.990327 0.062993
vn 0.019865 -0.999752 0.010122
vn 0.006975 -0.999973 0.002267
vn 0.118974 -0.992897 -0.000000
vn 0.137044 -0.990327 0.021706
vn 0.022020 -0.999751 0.003488
vn 0.007334 -0.999973 -0.000001
vn 0.137044 -0.990327 -0.021705
vn 0.022020 -0.999751 -0.003489
vn -0.568314 0.801824 0.184656
vn -0.531290 0.802776 0.270706
vn -0.409279 0.888258 0.208538
vn -0.322149 0.940885 0.104672
vn -0.483436 0.801824 0.351238
vn -0.274036 0.940885 0.199099
vn -0.000000 1.000000 -0.000000
vn -0.421634 0.802776 0.421634
vn -0.324805 0.888258 0.324806
vn -0.351237 0.801824 0.483437
vn -0.199099 0.940885 0.274036
vn -0.270706 0.802776 0.531290
vn -0.208538 0.888258 0.409279
vn -0.184656 0.801824 0.568314
vn -0.104672 0.940885 0.322149
vn -0.093279 0.802776 0.588939
vn -0.071857 0.888258 0.453689
vn -0.000000 0.801824 0.597561
vn -0.000001 0.940885 0.338727
vn 0.093279 0.802776 0.588940
vn 0.071856 0.888258 0.453689
vn 0.184656 0.801824 0.568314
vn 0.104671 0.940885 0.322149
vn 0.270706 0.802776 0.531290
vn 0.208538 0.888258 0.409279
vn 0.351237 0.801824 0.483437
vn 0.199099 0.940885 0.274036
vn 0.421634 0.802776 0.421634
vn 0.324805 0.888258 0.324805
vn 0.483437 0.801824 0.351237
vn 0.274036 0.940885 0.199099
vn 0.531290 0.802776 0.270706
vn 0.409279 0.888258 0.208538
vn 0.568314 0.801824 0.184656
vn 0.322149 0.940885 0.104671
vn 0.588940 0.802776 0.093278
vn 0.453689 0.888258 0.071856
vn 0.597561 0.801824 -0.000000
vn 0.338727 0.940885 -0.000001
vn 0.588939 0.802776 -0.093279
vn 0.453689 0.888258 -0.071858
vn 0.568314 0.801824 -0.184656
vn 0.322149 0.940885 -0.104672
vn 0.531290 0.802776 -0.270706
vn 0.409279 0.888258 -0.208538
vn 0.483437 0.801824 -0.351237
vn 0.274036 0.940885 -0.199099
vn 0.421634 0.802776 -0.421634
vn 0.324805 0.888258 -0.324805
vn 0.351237 0.801824 -0.483437
vn 0.199099 0.940885 -0.274036
vn 0.270706 0.802776 -0.531290
vn 0.208538 0.888258 -0.409279
vn 0.184656 0.801824 -0.568314
vn 0.104672 0.940885 -0.322149
vn 0.093279 0.802776 -0.588939
vn 0.071857 0.888258 -0.453689
vn -0.000000 0.801824 -0.597561
vn -0.000000 0.940885 -0.338727
vn -0.093279 0.802776 -0.588939
vn -0.071858 0.888258 -0.453689
vn -0.184657 0.801824 -0.568314
vn -0.104673 0.940885 -0.322149
vn -0.270706 0.802776 -0.531290
vn -0.208538 0.888258 -0.409279
vn -0.351237 0.801824 -0.483437
vn -0.199099 0.940885 -0.274036
vn -0.421634 0.802776 -0.421634
vn -0.324805 0.888258 -0.324805
vn -0.483436 0.801824 -0.351238
vn -0.274036 0.940885 -0.199099
vn -0.531290 0.802776 -0.270706
vn -0.409279 0.888258 -0.208539
vn -0.568314 0.801824 -0.184656
vn -0.322149 0.940885 -0.104673
vn -0.588939 0.802776 -0.093279
vn -0.453689 0.888258 -0.071858
vn -0.597561 0.801824 -0.000000
vn -0.338727 0.940885 -0.000000
vn -0.588940 0.802776 0.093278
vn -0.453689 0.888258 0.071857
vn 0.584783 -0.788623 -0.190007
vn 0.689319 -0.688967 -0.223972
vn 0.715902 -0.688932 -0.113387
vn 0.607329 -0.788606 -0.096191
vn 0.204650 0.976574 -0.066495
vn 0.212438 0.976595 -0.033647
vn 0.215182 0.976574 0.000000
vn 0.724793 -0.688967 0.000000
vn 0.614878 -0.788622 0.000000
vn 0.645824 -0.688933 -0.329063
vn 0.191644 0.976595 -0.097647
vn 0.547879 -0.788606 -0.279158
vn 0.497446 -0.788623 -0.361416
vn 0.586370 -0.688967 -0.426022
vn 0.174086 0.976574 -0.126481
vn 0.512529 -0.688933 -0.512529
vn 0.152089 0.976595 -0.152089
vn 0.434799 -0.788606 -0.434799
vn 0.361416 -0.788623 -0.497446
vn 0.426023 -0.688967 -0.586370
vn 0.126481 0.976574 -0.174086
vn 0.329064 -0.688933 -0.645824
vn 0.097647 0.976595 -0.191644
vn 0.279158 -0.788606 -0.547879
vn 0.190007 -0.788623 -0.584783
vn 0.223973 -0.688967 -0.689319
vn 0.066495 0.976574 -0.204651
vn 0.113387 -0.688933 -0.715902
vn 0.033647 0.976595 -0.212439
vn 0.096191 -0.788606 -0.607328
vn -0.000000 -0.788623 -0.614878
vn 0.000000 -0.688967 -0.724793
vn -0.000000 0.976574 -0.215182
vn -0.113388 -0.688932 -0.715902
vn -0.033647 0.976595 -0.212438
vn -0.096191 -0.788606 -0.607328
vn -0.190008 -0.788622 -0.584783
vn -0.223973 -0.688966 -0.689319
vn -0.066495 0.976574 -0.204650
vn -0.329064 -0.688932 -0.645824
vn -0.097647 0.976595 -0.191643
vn -0.279158 -0.788606 -0.547879
vn -0.361416 -0.788622 -0.497446
vn -0.426023 -0.688967 -0.586370
vn -0.126480 0.976574 -0.174086
vn -0.512529 -0.688932 -0.512529
vn -0.152089 0.976595 -0.152089
vn -0.434799 -0.788606 -0.434799
vn -0.497447 -0.788622 -0.361416
vn -0.586370 -0.688967 -0.426023
vn -0.174086 0.976574 -0.126481
vn -0.645824 -0.688933 -0.329064
vn -0.191643 0.976595 -0.097647
vn -0.547879 -0.788606 -0.279158
vn -0.584783 -0.788622 -0.190008
vn -0.689319 -0.688967 -0.223973
vn -0.204650 0.976574 -0.066495
vn -0.715902 -0.688933 -0.113387
vn -0.212439 0.976595 -0.033647
vn -0.607329 -0.788606 -0.096191
vn -0.614878 -0.788622 -0.000000
vn -0.724793 -0.688967 -0.000000
vn -0.215182 0.976574 -0.000000
vn -0.715902 -0.688932 0.113387
vn -0.212438 0.976595 0.033647
vn -0.607328 -0.788606 0.096191
vn -0.584783 -0.788623 0.190008
vn -0.689319 -0.688967 0.223973
vn -0.204650 0.976574 0.066495
vn -0.645824 -0.688933 0.329064
vn -0.191643 0.976595 0.097647
vn -0.547879 -0.788606 0.279158
vn -0.497446 -0.788623 0.361416
vn -0.586370 -0.688967 0.426023
vn -0.174086 0.976574 0.126481
vn -0.512529 -0.688933 0.512529
vn -0.152089 0.976595 0.152089
vn -0.434799 -0.788606 0.434799
vn -0.361416 -0.788622 0.497446
vn -0.426023 -0.688967 0.586370
vn -0.126481 0.976574 0.174086
vn -0.329064 -0.688933 0.645824
vn -0.097647 0.976595 0.191643
vn -0.279159 -0.788606 0.547879
vn -0.190008 -0.788623 0.584783
vn -0.223973 -0.688967 0.689319
vn -0.066495 0.976574 0.204650
vn -0.113387 -0.688933 0.715902
vn -0.033647 0.976595 0.212438
vn -0.096191 -0.788606 0.607328
vn -0.000000 -0.788623 0.614878
vn 0.000000 -0.688967 0.724793
vn 0.000000 0.976574 0.215182
vn 0.113387 -0.688932 0.715902
vn 0.033647 0.976595 0.212438
vn 0.096191 -0.788606 0.607328
vn 0.190008 -0.788622 0.584783
vn 0.223973 -0.688967 0.689319
vn 0.066495 0.976574 0.204650
vn 0.329064 -0.688932 0.645824
vn 0.097647 0.976595 0.191643
vn 0.279159 -0.788606 0.547879
vn 0.361416 -0.788622 0.497446
vn 0.426023 -0.688966 0.586370
vn 0.126481 0.976574 0.174086
vn 0.512529 -0.688933 0.512529
vn 0.152089 0.976595 0.152089
vn 0.434799 -0.788606 0.434799
vn 0.497446 -0.788622 0.361416
vn 0.586370 -0.688967 0.426023
vn 0.174086 0.976574 0.126481
vn 0.645824 -0.688933 0.329064
vn 0.191643 0.976595 0.097647
vn 0.547879 -0.788606 0.279158
vn 0.584783 -0.788623 0.190008
vn 0.689319 -0.688967 0.223973
vn 0.204650 0.976574 0.066495
vn 0.715902 -0.688932 0.113387
vn 0.212438 0.976595 0.033647
vn 0.607328 -0.788606 0.096191
vn -0.057498 0.998171 0.018682
vn -0.523773 0.834686 0.170183
vn -0.544032 0.834628 0.086165
vn -0.059748 0.998169 0.009463
vn -0.587874 0.786078 0.191011
vn -0.610549 0.786053 0.096701
vn -0.618127 0.786078 -0.000001
vn -0.550727 0.834685 -0.000000
vn -0.060457 0.998171 -0.000000
vn -0.490778 0.834628 0.250064
vn -0.550784 0.786053 0.280638
vn -0.053899 0.998169 0.027463
vn -0.048911 0.998171 0.035536
vn -0.445547 0.834686 0.323709
vn -0.500075 0.786078 0.363326
vn -0.389484 0.834629 0.389484
vn -0.437104 0.786053 0.437105
vn -0.042775 0.998169 0.042775
vn -0.035536 0.998171 0.048911
vn -0.323709 0.834686 0.445547
vn -0.363326 0.786078 0.500075
vn -0.250064 0.834628 0.490778
vn -0.280638 0.786053 0.550784
vn -0.027463 0.998169 0.053899
vn -0.018682 0.998171 0.057498
vn -0.170184 0.834686 0.523772
vn -0.191011 0.786079 0.587874
vn -0.086166 0.834628 0.544032
vn -0.096701 0.786053 0.610549
vn -0.009463 0.998169 0.059748
vn 0.000000 0.998171 0.060457
vn 0.000000 0.834685 0.550727
vn 0.000000 0.786078 0.618127
vn 0.086166 0.834628 0.544032
vn 0.096701 0.786053 0.610549
vn 0.009463 0.998169 0.059748
vn 0.018682 0.998171 0.057498
vn 0.170184 0.834686 0.523772
vn 0.191012 0.786078 0.587874
vn 0.250064 0.834629 0.490778
vn 0.280638 0.786053 0.550784
vn 0.027463 0.998169 0.053899
vn 0.035536 0.998171 0.048911
vn 0.323709 0.834686 0.445547
vn 0.363326 0.786078 0.500075
vn 0.389484 0.834628 0.389484
vn 0.437105 0.786053 0.437105
vn 0.042775 0.998169 0.042775
vn 0.048911 0.998171 0.035536
vn 0.445548 0.834685 0.323709
vn 0.500075 0.786078 0.363326
vn 0.490779 0.834628 0.250064
vn 0.550784 0.786053 0.280638
vn 0.053899 0.998169 0.027463
vn 0.057498 0.998171 0.018682
vn 0.523773 0.834685 0.170184
vn 0.587874 0.786078 0.191012
vn 0.544032 0.834629 0.086166
vn 0.610549 0.786053 0.096701
vn 0.059748 0.998169 0.009463
vn 0.060457 0.998171 -0.000000
vn 0.550727 0.834685 -0.000000
vn 0.618127 0.786078 0.000000
vn 0.544032 0.834628 -0.086166
vn 0.610549 0.786053 -0.096701
vn 0.059748 0.998169 -0.009463
vn 0.057498 0.998171 -0.018682
vn 0.523772 0.834686 -0.170184
vn 0.587874 0.786078 -0.191012
vn 0.490778 0.834628 -0.250064
vn 0.550784 0.786053 -0.280638
vn 0.053899 0.998169 -0.027463
vn 0.048911 0.998171 -0.035536
vn 0.445547 0.834686 -0.323709
vn 0.500075 0.786078 -0.363326
vn 0.389484 0.834628 -0.389484
vn 0.437105 0.786053 -0.437105
vn 0.042775 0.998169 -0.042775
vn 0.035536 0.998171 -0.048911
vn 0.323709 0.834686 -0.445547
vn 0.363326 0.786078 -0.500075
vn 0.250064 0.834629 -0.490778
vn 0.280638 0.786053 -0.550784
vn 0.027463 0.998169 -0.053899
vn 0.018682 0.998171 -0.057498
vn 0.170184 0.834686 -0.523772
vn 0.191011 0.786078 -0.587874
vn 0.086166 0.834628 -0.544032
vn 0.096701 0.786053 -0.610549
vn 0.009463 0.998169 -0.059748
vn -0.000000 0.998171 -0.060458
vn -0.000000 0.834685 -0.550727
vn -0.000000 0.786078 -0.618127
vn -0.086166 0.834628 -0.544032
vn -0.096701 0.786053 -0.610549
vn -0.009463 0.998169 -0.059748
vn -0.018682 0.998171 -0.057498
vn -0.170184 0.834686 -0.523772
vn -0.191012 0.786078 -0.587874
vn -0.250064 0.834629 -0.490778
vn -0.280638 0.786053 -0.550784
vn -0.027463 0.998169 -0.053899
vn -0.035536 0.998171 -0.048911
vn -0.323709 0.834686 -0.445547
vn -0.363326 0.786078 -0.500075
vn -0.389484 0.834628 -0.389484
vn -0.437104 0.786053 -0.437105
vn -0.042775 0.998169 -0.042775
vn -0.048911 0.998171 -0.035536
vn -0.445548 0.834685 -0.323709
vn -0.500075 0.786078 -0.363326
vn -0.490779 0.834628 -0.250064
vn -0.550784 0.786053 -0.280639
vn -0.053899 0.998169 -0.027463
vn -0.057498 0.998171 -0.018682
vn -0.523773 0.834685 -0.170184
vn -0.587874 0.786078 -0.191012
vn -0.544033 0.834628 -0.086166
vn -0.610549 0.786053 -0.096701
vn -0.059748 0.998169 -0.009463
vn 0.568251 -0.801874 -0.184635
vn 0.532397 -0.801851 -0.271270
vn 0.535303 -0.799411 -0.272750
vn 0.571353 -0.799433 -0.185643
vn 0.483383 -0.801873 -0.351198
vn 0.486021 -0.799433 -0.353115
vn 0.422513 -0.801852 -0.422513
vn 0.424818 -0.799412 -0.424818
vn 0.351198 -0.801874 -0.483383
vn 0.353115 -0.799433 -0.486021
vn 0.271270 -0.801851 -0.532397
vn 0.272750 -0.799411 -0.535302
vn 0.184636 -0.801873 -0.568251
vn 0.185643 -0.799433 -0.571353
vn 0.093473 -0.801851 -0.590167
vn 0.093983 -0.799411 -0.593387
vn -0.000000 -0.801873 -0.597494
vn -0.000000 -0.799433 -0.600756
vn -0.093473 -0.801851 -0.590167
vn -0.093983 -0.799412 -0.593387
vn -0.184636 -0.801873 -0.568251
vn -0.185644 -0.799433 -0.571353
vn -0.271270 -0.801851 -0.532398
vn -0.272750 -0.799411 -0.535302
vn -0.351198 -0.801874 -0.483383
vn -0.353115 -0.799433 -0.486022
vn -0.422513 -0.801851 -0.422513
vn -0.424819 -0.799411 -0.424818
vn -0.483383 -0.801873 -0.351198
vn -0.486022 -0.799433 -0.353115
vn -0.532397 -0.801851 -0.271270
vn -0.535303 -0.799411 -0.272750
vn -0.568251 -0.801873 -0.184636
vn -0.571353 -0.799433 -0.185644
vn -0.590167 -0.801851 -0.093473
vn -0.593387 -0.799411 -0.093983
vn -0.597494 -0.801873 0.000000
vn -0.600756 -0.799433 0.000000
vn -0.590167 -0.801851 0.093473
vn -0.593387 -0.799412 0.093983
vn -0.568251 -0.801873 0.184636
vn -0.571352 -0.799433 0.185644
vn -0.532397 -0.801851 0.271270
vn -0.535302 -0.799412 0.272750
vn -0.483383 -0.801874 0.351198
vn -0.486021 -0.799433 0.353116
vn -0.422513 -0.801851 0.422513
vn -0.424818 -0.799411 0.424818
vn -0.351198 -0.801873 0.483383
vn -0.353115 -0.799433 0.486022
vn -0.271270 -0.801851 0.532397
vn -0.272750 -0.799411 0.535302
vn -0.184636 -0.801873 0.568251
vn -0.185644 -0.799433 0.571353
vn -0.093473 -0.801851 0.590167
vn -0.093983 -0.799411 0.593387
vn -0.000000 -0.801873 0.597494
vn -0.000000 -0.799433 0.600756
vn 0.093473 -0.801851 0.590167
vn 0.093983 -0.799412 0.593387
vn 0.184636 -0.801873 0.568251
vn 0.185644 -0.799433 0.571352
vn 0.271270 -0.801851 0.532397
vn 0.272751 -0.799411 0.535302
vn 0.351198 -0.801873 0.483383
vn 0.353116 -0.799433 0.486021
vn 0.422513 -0.801851 0.422513
vn 0.424818 -0.799411 0.424818
vn 0.483383 -0.801873 0.351198
vn 0.486021 -0.799433 0.353115
vn 0.532397 -0.801851 0.271270
vn 0.535302 -0.799411 0.272750
vn 0.568251 -0.801873 0.184636
vn 0.571353 -0.799433 0.185644
vn 0.590167 -0.801851 0.093473
vn 0.593387 -0.799411 0.093983
vn 0.597494 -0.801873 0.000000
vn 0.600756 -0.799433 0.000000
vn 0.590167 -0.801852 -0.093472
vn 0.593387 -0.799412 -0.093982
vn 0.023574 0.999650 -0.012012
vn 0.025189 0.999649 -0.008185
vn 0.021427 0.999649 -0.015568
vn 0.018708 0.999650 -0.018708
vn 0.015568 0.999649 -0.021428
vn 0.012012 0.999650 -0.023574
vn 0.008185 0.999649 -0.025189
vn 0.004139 0.999650 -0.026132
vn -0.000000 0.999649 -0.026486
vn -0.004139 0.999650 -0.026132
vn -0.008185 0.999649 -0.025189
vn -0.012012 0.999650 -0.023574
vn -0.015568 0.999649 -0.021427
vn -0.018708 0.999650 -0.018709
vn -0.021427 0.999649 -0.015568
vn -0.023574 0.999650 -0.012012
vn -0.025189 0.999649 -0.008185
vn -0.026132 0.999650 -0.004139
vn -0.026486 0.999649 0.000000
vn -0.026132 0.999650 0.004139
vn -0.025189 0.999649 0.008185
vn -0.023574 0.999650 0.012011
vn -0.021427 0.999649 0.015568
vn -0.018708 0.999650 0.018708
vn -0.015568 0.999649 0.021427
vn -0.012012 0.999650 0.023574
vn -0.008185 0.999649 0.025190
vn -0.004139 0.999650 0.026132
vn 0.000000 0.999649 0.026486
vn 0.004139 0.999650 0.026132
vn 0.008185 0.999649 0.025189
vn 0.012012 0.999650 0.023574
vn 0.015568 0.999649 0.021427
vn 0.018708 0.999650 0.018708
vn 0.021427 0.999649 0.015568
vn 0.023574 0.999650 0.012012
vn 0.025189 0.999649 0.008185
vn 0.026132 0.999650 0.004139
vn 0.026486 0.999649 0.000000
vn 0.026132 0.999650 -0.004139
vn -0.550640 0.786180 0.280565
vn -0.588166 0.785836 0.191106
vn -0.500324 0.785836 0.363507
vn -0.436990 0.786180 0.436990
vn -0.363507 0.785836 0.500324
vn -0.280565 0.786180 0.550640
vn -0.191106 0.785836 0.588166
vn -0.096676 0.786180 0.610389
vn 0.000000 0.785836 0.618435
vn 0.096676 0.786180 0.610389
vn 0.191107 0.785836 0.588166
vn 0.280565 0.786180 0.550640
vn 0.363507 0.785836 0.500324
vn 0.436990 0.786180 0.436990
vn 0.500324 0.785836 0.363507
vn 0.550640 0.786180 0.280565
vn 0.588167 0.785836 0.191107
vn 0.610389 0.786180 0.096676
vn 0.618435 0.785836 -0.000000
vn 0.610389 0.786180 -0.096676
vn 0.588166 0.785836 -0.191107
vn 0.550640 0.786180 -0.280565
vn 0.500324 0.785836 -0.363507
vn 0.436990 0.786180 -0.436990
vn 0.363507 0.785836 -0.500324
vn 0.280565 0.786180 -0.550640
vn 0.191107 0.785836 -0.588167
vn 0.096676 0.786180 -0.610389
vn 0.000000 0.785836 -0.618435
vn -0.096676 0.786180 -0.610389
vn -0.191107 0.785836 -0.588166
vn -0.280565 0.786180 -0.550640
vn -0.363507 0.785836 -0.500324
vn -0.436990 0.786180 -0.436990
vn -0.500324 0.785836 -0.363507
vn -0.550640 0.786180 -0.280565
vn -0.588166 0.785836 -0.191107
vn -0.610389 0.786180 -0.096676
vn -0.618435 0.785836 -0.000001
vn -0.610389 0.786180 0.096675
vn 0.542453 -0.793317 -0.276394
vn 0.492509 -0.793343 -0.357829
vn 0.578979 -0.793343 -0.188121
vn 0.951057 0.000000 -0.309016
vn 0.891006 0.000000 -0.453991
vn 0.809017 -0.000000 -0.587786
vn 0.430493 -0.793317 -0.430493
vn 0.357828 -0.793343 -0.492509
vn 0.707107 -0.000001 -0.707107
vn 0.587785 -0.000001 -0.809017
vn 0.276393 -0.793317 -0.542453
vn 0.188122 -0.793343 -0.578979
vn 0.453990 -0.000000 -0.891007
vn 0.309017 -0.000000 -0.951057
vn 0.095238 -0.793317 -0.601314
vn -0.000000 -0.793343 -0.608774
vn 0.156434 -0.000000 -0.987688
vn -0.000001 -0.000000 -1.000000
vn -0.095239 -0.793317 -0.601314
vn -0.188122 -0.793343 -0.578979
vn -0.156435 -0.000000 -0.987688
vn -0.309017 0.000000 -0.951057
vn -0.276394 -0.793317 -0.542453
vn -0.357829 -0.793343 -0.492509
vn -0.453990 -0.000000 -0.891007
vn -0.587785 -0.000000 -0.809017
vn -0.430493 -0.793317 -0.430493
vn -0.492509 -0.793343 -0.357828
vn -0.707107 0.000000 -0.707107
vn -0.809017 0.000000 -0.587785
vn -0.542453 -0.793317 -0.276394
vn -0.578979 -0.793343 -0.188122
vn -0.891007 0.000000 -0.453990
vn -0.951056 -0.000000 -0.309017
vn -0.601314 -0.793317 -0.095239
vn -0.608775 -0.793343 0.000000
vn -0.987688 -0.000000 -0.156436
vn -1.000000 0.000000 0.000000
vn -0.601314 -0.793317 0.095239
vn -0.578979 -0.793343 0.188122
vn -0.987688 0.000000 0.156435
vn -0.951056 -0.000000 0.309017
vn -0.542453 -0.793317 0.276394
vn -0.492509 -0.793343 0.357829
vn -0.891007 -0.000001 0.453991
vn -0.809017 -0.000001 0.587785
vn -0.430493 -0.793317 0.430493
vn -0.357829 -0.793343 0.492509
vn -0.707107 -0.000001 0.707107
vn -0.587785 -0.000001 0.809017
vn -0.276394 -0.793317 0.542453
vn -0.188121 -0.793343 0.578979
vn -0.453991 -0.000000 0.891007
vn -0.309017 -0.000000 0.951057
vn -0.095238 -0.793317 0.601314
vn 0.000000 -0.793343 0.608775
vn -0.156434 -0.000000 0.987689
vn 0.000001 0.000000 1.000000
vn 0.095239 -0.793317 0.601314
vn 0.188122 -0.793343 0.578979
vn 0.156435 0.000001 0.987688
vn 0.309017 0.000001 0.951057
vn 0.276394 -0.793317 0.542453
vn 0.357829 -0.793343 0.492509
vn 0.453990 0.000000 0.891007
vn 0.587785 -0.000000 0.809017
vn 0.430493 -0.793317 0.430493
vn 0.492509 -0.793343 0.357829
vn 0.707106 -0.000000 0.707107
vn 0.809017 -0.000001 0.587786
vn 0.542453 -0.793317 0.276393
vn 0.578979 -0.793343 0.188121
vn 0.891007 -0.000000 0.453990
vn 0.951057 0.000000 0.309016
vn 0.601314 -0.793317 0.095239
vn 0.608775 -0.793343 0.000001
vn 0.987688 0.000001 0.156434
vn 1.000000 0.000001 0.000001
vn 0.601314 -0.793317 -0.095237
vn 0.987689 0.000000 -0.156433
vn 0.889494 -0.058246 -0.453220
vn 0.807643 -0.058250 -0.586788
vn 0.949442 -0.058250 -0.308491
vn 0.949083 -0.064389 -0.308375
vn 0.889158 -0.064384 -0.453049
vn 0.807338 -0.064389 -0.586566
vn 0.705906 -0.058246 -0.705906
vn 0.586787 -0.058250 -0.807643
vn 0.705640 -0.064384 -0.705640
vn 0.586566 -0.064389 -0.807338
vn 0.453220 -0.058246 -0.889494
vn 0.308492 -0.058250 -0.949442
vn 0.453049 -0.064384 -0.889158
vn 0.308376 -0.064389 -0.949083
vn 0.156169 -0.058246 -0.986012
vn -0.000000 -0.058250 -0.998302
vn 0.156109 -0.064384 -0.985639
vn -0.000001 -0.064389 -0.997925
vn -0.156169 -0.058246 -0.986011
vn -0.308493 -0.058250 -0.949442
vn -0.156110 -0.064384 -0.985639
vn -0.308376 -0.064389 -0.949083
vn -0.453220 -0.058246 -0.889494
vn -0.586787 -0.058250 -0.807643
vn -0.453048 -0.064384 -0.889158
vn -0.586566 -0.064389 -0.807338
vn -0.705907 -0.058246 -0.705906
vn -0.807644 -0.058250 -0.586787
vn -0.705640 -0.064384 -0.705639
vn -0.807338 -0.064389 -0.586565
vn -0.889494 -0.058246 -0.453219
vn -0.949442 -0.058250 -0.308493
vn -0.889158 -0.064384 -0.453048
vn -0.949083 -0.064389 -0.308376
vn -0.986011 -0.058246 -0.156170
vn -0.998302 -0.058250 -0.000000
vn -0.985639 -0.064384 -0.156111
vn -0.997925 -0.064389 -0.000000
vn -0.986011 -0.058246 0.156170
vn -0.949442 -0.058250 0.308493
vn -0.985639 -0.064384 0.156111
vn -0.949083 -0.064389 0.308376
vn -0.889494 -0.058246 0.453219
vn -0.807643 -0.058250 0.586787
vn -0.889158 -0.064384 0.453048
vn -0.807338 -0.064389 0.586565
vn -0.705906 -0.058246 0.705906
vn -0.586787 -0.058250 0.807643
vn -0.705640 -0.064384 0.705640
vn -0.586566 -0.064389 0.807338
vn -0.453220 -0.058246 0.889494
vn -0.308492 -0.058250 0.949442
vn -0.453049 -0.064384 0.889158
vn -0.308376 -0.064389 0.949083
vn -0.156168 -0.058246 0.986012
vn 0.000000 -0.058250 0.998302
vn -0.156110 -0.064384 0.985639
vn 0.000000 -0.064389 0.997925
vn 0.156169 -0.058246 0.986012
vn 0.308493 -0.058250 0.949442
vn 0.156110 -0.064384 0.985639
vn 0.308376 -0.064389 0.949083
vn 0.453220 -0.058246 0.889494
vn 0.586787 -0.058250 0.807643
vn 0.453049 -0.064384 0.889158
vn 0.586566 -0.064389 0.807338
vn 0.705906 -0.058246 0.705906
vn 0.807643 -0.058251 0.586787
vn 0.705639 -0.064384 0.705640
vn 0.807338 -0.064389 0.586566
vn 0.889494 -0.058246 0.453219
vn 0.949442 -0.058250 0.308491
vn 0.889158 -0.064384 0.453048
vn 0.949083 -0.064389 0.308375
vn 0.986012 -0.058246 0.156169
vn 0.998302 -0.058250 0.000001
vn 0.985639 -0.064384 0.156109
vn 0.997925 -0.064389 0.000001
vn 0.986012 -0.058246 -0.156167
vn 0.985639 -0.064384 -0.156108
vn 0.889108 -0.065239 -0.453024
vn 0.807293 -0.065244 -0.586534
vn 0.949031 -0.065244 -0.308358
vn 0.949127 -0.063676 -0.308389
vn 0.889198 -0.063671 -0.453070
vn 0.807375 -0.063676 -0.586593
vn 0.705600 -0.065239 -0.705601
vn 0.586533 -0.065244 -0.807293
vn 0.705672 -0.063671 -0.705672
vn 0.586593 -0.063676 -0.807375
vn 0.453023 -0.065239 -0.889108
vn 0.308359 -0.065244 -0.949030
vn 0.453069 -0.063671 -0.889199
vn 0.308390 -0.063676 -0.949126
vn 0.156101 -0.065239 -0.985584
vn -0.000001 -0.065244 -0.997869
vn 0.156117 -0.063671 -0.985684
vn -0.000000 -0.063676 -0.997971
vn -0.156101 -0.065239 -0.985584
vn -0.308359 -0.065244 -0.949030
vn -0.156117 -0.063671 -0.985684
vn -0.308390 -0.063676 -0.949127
vn -0.453023 -0.065239 -0.889109
vn -0.586533 -0.065244 -0.807293
vn -0.453069 -0.063671 -0.889199
vn -0.586593 -0.063676 -0.807375
vn -0.705601 -0.065239 -0.705600
vn -0.807294 -0.065244 -0.586533
vn -0.705672 -0.063671 -0.705672
vn -0.807375 -0.063676 -0.586592
vn -0.889109 -0.065239 -0.453023
vn -0.949030 -0.065244 -0.308359
vn -0.889199 -0.063671 -0.453069
vn -0.949127 -0.063676 -0.308390
vn -0.985584 -0.065239 -0.156102
vn -0.997869 -0.065244 -0.000000
vn -0.985684 -0.063671 -0.156117
vn -0.997971 -0.063676 -0.000000
vn -0.985584 -0.065239 0.156102
vn -0.949030 -0.065244 0.308359
vn -0.985684 -0.063671 0.156117
vn -0.949126 -0.063676 0.308390
vn -0.889109 -0.065239 0.453023
vn -0.807293 -0.065244 0.586533
vn -0.889199 -0.063671 0.453069
vn -0.807375 -0.063676 0.586592
vn -0.705600 -0.065239 0.705601
vn -0.586533 -0.065244 0.807293
vn -0.705672 -0.063671 0.705672
vn -0.586592 -0.063676 0.807375
vn -0.453023 -0.065239 0.889108
vn -0.308359 -0.065244 0.949030
vn -0.453069 -0.063671 0.889199
vn -0.308390 -0.063676 0.949126
vn -0.156101 -0.065239 0.985584
vn 0.000000 -0.065244 0.997869
vn -0.156117 -0.063671 0.985684
vn 0.000000 -0.063676 0.997971
vn 0.156101 -0.065239 0.985584
vn 0.308359 -0.065244 0.949030
vn 0.156117 -0.063671 0.985684
vn 0.308390 -0.063676 0.949126
vn 0.453024 -0.065239 0.889108
vn 0.586533 -0.065244 0.807293
vn 0.453070 -0.063671 0.889198
vn 0.586593 -0.063676 0.807375
vn 0.705600 -0.065239 0.705601
vn 0.807293 -0.065244 0.586533
vn 0.705672 -0.063671 0.705672
vn 0.807375 -0.063676 0.586593
vn 0.889108 -0.065239 0.453023
vn 0.949031 -0.065244 0.308358
vn 0.889199 -0.063671 0.453069
vn 0.949127 -0.063676 0.308389
vn 0.985584 -0.065239 0.156100
vn 0.997869 -0.065244 0.000001
vn 0.985684 -0.063671 0.156116
vn 0.997971 -0.063676 0.000001
vn 0.985585 -0.065239 -0.156099
vn 0.985685 -0.063671 -0.156114
vn 0.838946 0.336812 -0.427467
vn 0.761700 0.336974 -0.553409
vn 0.895433 0.336974 -0.290944
vn 0.210800 0.975127 -0.068493
vn 0.197531 0.975116 -0.100650
vn 0.179318 0.975127 -0.130281
vn 0.665792 0.336812 -0.665792
vn 0.553408 0.336974 -0.761701
vn 0.156762 0.975116 -0.156762
vn 0.130282 0.975127 -0.179318
vn 0.427465 0.336812 -0.838947
vn 0.290944 0.336974 -0.895433
vn 0.100647 0.975116 -0.197531
vn 0.068493 0.975127 -0.210801
vn 0.147294 0.336812 -0.929980
vn -0.000000 0.336973 -0.941514
vn 0.034681 0.975116 -0.218965
vn 0.000000 0.975127 -0.221649
vn -0.147294 0.336811 -0.929980
vn -0.290944 0.336974 -0.895433
vn -0.034681 0.975116 -0.218965
vn -0.068493 0.975127 -0.210800
vn -0.427465 0.336812 -0.838947
vn -0.553408 0.336974 -0.761701
vn -0.100647 0.975116 -0.197531
vn -0.130282 0.975127 -0.179317
vn -0.665792 0.336811 -0.665792
vn -0.761702 0.336974 -0.553407
vn -0.156762 0.975116 -0.156762
vn -0.179318 0.975126 -0.130283
vn -0.838947 0.336811 -0.427465
vn -0.895433 0.336974 -0.290944
vn -0.197532 0.975116 -0.100648
vn -0.210801 0.975127 -0.068493
vn -0.929980 0.336811 -0.147294
vn -0.941514 0.336973 -0.000000
vn -0.218966 0.975116 -0.034678
vn -0.221649 0.975127 -0.000000
vn -0.929980 0.336811 0.147294
vn -0.895433 0.336974 0.290944
vn -0.218966 0.975116 0.034680
vn -0.210801 0.975127 0.068495
vn -0.838947 0.336811 0.427466
vn -0.761701 0.336974 0.553409
vn -0.197532 0.975116 0.100646
vn -0.179318 0.975127 0.130282
vn -0.665792 0.336811 0.665792
vn -0.553408 0.336974 0.761701
vn -0.156762 0.975116 0.156762
vn -0.130282 0.975127 0.179317
vn -0.427465 0.336811 0.838947
vn -0.290944 0.336973 0.895433
vn -0.100647 0.975116 0.197531
vn -0.068493 0.975126 0.210802
vn -0.147294 0.336811 0.929980
vn 0.000000 0.336974 0.941514
vn -0.034681 0.975116 0.218966
vn -0.000000 0.975126 0.221649
vn 0.147294 0.336811 0.929980
vn 0.290944 0.336974 0.895433
vn 0.034681 0.975116 0.218965
vn 0.068493 0.975127 0.210800
vn 0.427466 0.336811 0.838947
vn 0.553409 0.336974 0.761701
vn 0.100648 0.975116 0.197531
vn 0.130282 0.975127 0.179317
vn 0.665792 0.336811 0.665792
vn 0.761700 0.336974 0.553409
vn 0.156762 0.975116 0.156762
vn 0.179318 0.975126 0.130283
vn 0.838947 0.336811 0.427465
vn 0.895433 0.336974 0.290943
vn 0.197532 0.975116 0.100648
vn 0.210801 0.975127 0.068493
vn 0.929980 0.336811 0.147294
vn 0.941514 0.336973 0.000001
vn 0.218966 0.975116 0.034680
vn 0.221649 0.975127 0.000002
vn 0.929980 0.336812 -0.147292
vn 0.218966 0.975116 -0.034675
vn 0.171679 0.981262 -0.087475
vn 0.155870 0.981265 -0.113245
vn 0.183236 0.981265 -0.059537
vn 0.256564 0.962926 -0.083363
vn 0.240328 0.962937 -0.122453
vn 0.218246 0.962926 -0.158564
vn 0.136245 0.981262 -0.136245
vn 0.113246 0.981265 -0.155870
vn 0.190726 0.962937 -0.190725
vn 0.158565 0.962926 -0.218246
vn 0.087475 0.981262 -0.171678
vn 0.059537 0.981265 -0.183236
vn 0.122453 0.962937 -0.240328
vn 0.083362 0.962926 -0.256563
vn 0.030142 0.981262 -0.190307
vn 0.000000 0.981265 -0.192666
vn 0.042194 0.962937 -0.266406
vn -0.000000 0.962926 -0.269767
vn -0.030142 0.981262 -0.190307
vn -0.059537 0.981265 -0.183236
vn -0.042194 0.962937 -0.266406
vn -0.083362 0.962926 -0.256563
vn -0.087475 0.981262 -0.171678
vn -0.113246 0.981265 -0.155869
vn -0.122453 0.962937 -0.240328
vn -0.158565 0.962926 -0.218246
vn -0.136245 0.981262 -0.136245
vn -0.155870 0.981264 -0.113247
vn -0.190726 0.962937 -0.190726
vn -0.218246 0.962926 -0.158565
vn -0.171679 0.981262 -0.087475
vn -0.183236 0.981265 -0.059536
vn -0.240328 0.962937 -0.122454
vn -0.256564 0.962926 -0.083362
vn -0.190307 0.981262 -0.030140
vn -0.192666 0.981264 0.000000
vn -0.266406 0.962937 -0.042194
vn -0.269767 0.962926 0.000000
vn -0.190307 0.981262 0.030141
vn -0.183236 0.981265 0.059537
vn -0.266406 0.962937 0.042194
vn -0.256564 0.962926 0.083362
vn -0.171679 0.981262 0.087474
vn -0.155870 0.981265 0.113246
vn -0.240328 0.962937 0.122453
vn -0.218246 0.962926 0.158565
vn -0.136245 0.981262 0.136245
vn -0.113246 0.981264 0.155870
vn -0.190726 0.962937 0.190726
vn -0.158565 0.962926 0.218246
vn -0.087475 0.981262 0.171678
vn -0.059537 0.981265 0.183236
vn -0.122453 0.962937 0.240328
vn -0.083362 0.962926 0.256563
vn -0.030142 0.981262 0.190307
vn 0.000000 0.981265 0.192665
vn -0.042194 0.962937 0.266406
vn 0.000000 0.962926 0.269767
vn 0.030142 0.981262 0.190307
vn 0.059537 0.981265 0.183236
vn 0.042194 0.962937 0.266406
vn 0.083363 0.962926 0.256563
vn 0.087475 0.981262 0.171678
vn 0.113246 0.981264 0.155870
vn 0.122454 0.962937 0.240328
vn 0.158565 0.962926 0.218246
vn 0.136245 0.981262 0.136246
vn 0.155870 0.981265 0.113247
vn 0.190725 0.962937 0.190726
vn 0.218246 0.962926 0.158565
vn 0.171679 0.981262 0.087474
vn 0.183236 0.981264 0.059537
vn 0.240328 0.962937 0.122453
vn 0.256564 0.962926 0.083363
vn 0.190307 0.981262 0.030141
vn 0.192666 0.981264 -0.000000
vn 0.266406 0.962937 0.042194
vn 0.269767 0.962926 -0.000001
vn 0.190308 0.981262 -0.030140
vn 0.266406 0.962937 -0.042195
vn 0.880102 0.155972 -0.448435
vn 0.799021 0.156717 -0.580522
vn 0.939305 0.156716 -0.305198
vn 0.698453 0.155971 -0.698452
vn 0.580522 0.156716 -0.799021
vn 0.448434 0.155971 -0.880102
vn 0.305198 0.156714 -0.939306
vn 0.154519 0.155970 -0.975601
vn -0.000000 0.156715 -0.987644
vn -0.154519 0.155971 -0.975601
vn -0.305198 0.156716 -0.939305
vn -0.448435 0.155970 -0.880102
vn -0.580523 0.156714 -0.799020
vn -0.698454 0.155970 -0.698452
vn -0.799022 0.156714 -0.580521
vn -0.880103 0.155970 -0.448432
vn -0.939306 0.156714 -0.305197
vn -0.975601 0.155969 -0.154518
vn -0.987644 0.156714 0.000002
vn -0.975601 0.155970 0.154519
vn -0.939305 0.156714 0.305201
vn -0.880101 0.155969 0.448436
vn -0.799021 0.156715 0.580522
vn -0.698454 0.155971 0.698452
vn -0.580523 0.156716 0.799020
vn -0.448434 0.155971 0.880102
vn -0.305198 0.156716 0.939305
vn -0.154519 0.155970 0.975601
vn 0.000000 0.156715 0.987644
vn 0.154519 0.155972 0.975601
vn 0.305198 0.156716 0.939305
vn 0.448434 0.155971 0.880102
vn 0.580522 0.156716 0.799021
vn 0.698453 0.155971 0.698453
vn 0.799021 0.156717 0.580522
vn 0.880102 0.155973 0.448434
vn 0.939305 0.156716 0.305200
vn 0.975600 0.155972 0.154520
vn 0.987644 0.156717 0.000001
vn 0.975601 0.155973 -0.154517
s 1
g pCylinder2
usemtl initialShadingGroup
f 585/730/363 865/1010/364 1105/750/365 867/1012/366
f 584/729/367 866/1011/368 1105/750/365 865/1010/364
f 586/731/369 867/1012/366 1105/750/365 866/1011/368
f 587/732/370 868/1013/371 1106/751/372 869/1014/373
f 585/730/363 867/1012/366 1106/751/372 868/1013/371
f 586/731/369 869/1014/373 1106/751/372 867/1012/366
f 588/733/374 870/1015/375 1107/752/376 871/1016/377
f 587/732/370 869/1014/373 1107/752/376 870/1015/375
f 586/731/369 871/1016/377 1107/752/376 869/1014/373
f 589/734/378 872/1017/379 1108/753/380 873/1018/381
f 588/733/374 871/1016/377 1108/753/380 872/1017/379
f 586/731/369 873/1018/381 1108/753/380 871/1016/377
f 590/735/382 874/1019/383 1109/754/384 875/1020/385
f 589/734/378 873/1018/381 1109/754/384 874/1019/383
f 586/731/369 875/1020/385 1109/754/384 873/1018/381
f 591/736/386 876/1021/387 1110/755/388 877/1022/389
f 590/735/382 875/1020/385 1110/755/388 876/1021/387
f 586/731/369 877/1022/389 1110/755/388 875/1020/385
f 592/737/390 878/1023/391 1111/756/392 879/1024/393
f 591/736/386 877/1022/389 1111/756/392 878/1023/391
f 586/731/369 879/1024/393 1111/756/392 877/1022/389
f 593/738/394 880/1025/395 1112/757/396 881/1026/397
f 592/737/390 879/1024/393 1112/757/396 880/1025/395
f 586/731/369 881/1026/397 1112/757/396 879/1024/393
f 594/739/398 882/1027/399 1113/758/400 883/1028/401
f 593/738/394 881/1026/397 1113/758/400 882/1027/399
f 586/731/369 883/1028/401 1113/758/400 881/1026/397
f 595/740/402 884/1029/403 1114/759/404 885/1030/405
f 594/739/398 883/1028/401 1114/759/404 884/1029/403
f 586/731/369 885/1030/405 1114/759/404 883/1028/401
f 596/741/406 886/1031/407 1115/760/408 887/1032/409
f 595/740/402 885/1030/405 1115/760/408 886/1031/407
f 586/731/369 887/1032/409 1115/760/408 885/1030/405
f 597/742/410 888/1033/411 1116/761/412 889/1034/413
f 596/741/406 887/1032/409 1116/761/412 888/1033/411
f 586/731/369 889/1034/413 1116/761/412 887/1032/409
f 598/743/414 890/1035/415 1117/762/416 891/1036/417
f 597/742/410 889/1034/413 1117/762/416 890/1035/415
f 586/731/369 891/1036/417 1117/762/416 889/1034/413
f 599/744/418 892/1037/419 1118/763/420 893/1038/421
f 598/743/414 891/1036/417 1118/763/420 892/1037/419
f 586/731/369 893/1038/421 1118/763/420 891/1036/417
f 600/745/422 894/1039/423 1119/764/424 895/1040/425
f 599/744/418 893/1038/421 1119/764/424 894/1039/423
f 586/731/369 895/1040/425 1119/764/424 893/1038/421
f 601/746/426 896/1041/427 1120/765/428 897/1042/429
f 600/745/422 895/1040/425 1120/765/428 896/1041/427
f 586/731/369 897/1042/429 1120/765/428 895/1040/425
f 602/747/430 898/1043/431 1121/766/432 899/1044/433
f 601/746/426 897/1042/429 1121/766/432 898/1043/431
f 586/731/369 899/1044/433 1121/766/432 897/1042/429
f 603/748/434 900/1045/435 1122/767/436 901/1046/437
f 602/747/430 899/1044/433 1122/767/436 900/1045/435
f 586/731/369 901/1046/437 1122/767/436 899/1044/433
f 604/749/438 902/1047/439 1123/768/440 903/1048/441
f 603/748/434 901/1046/437 1123/768/440 902/1047/439
f 586/731/369 903/1048/441 1123/768/440 901/1046/437
f 584/729/367 904/1049/442 1124/769/443 866/1011/368
f 604/749/438 903/1048/441 1124/769/443 904/1049/442
f 586/731/369 866/1011/368 1124/769/443 903/1048/441
f 383/487/444 905/1050/445 1125/770/446 907/1052/447
f 384/488/448 906/1051/449 1125/770/446 905/1050/445
f 385/489/450 907/1052/447 1125/770/446 906/1051/449
f 384/488/448 908/1053/451 1126/771/452 906/1051/449
f 386/490/453 909/1054/454 1126/771/452 908/1053/451
f 385/489/450 906/1051/449 1126/771/452 909/1054/454
f 386/490/453 910/1055/455 1127/772/456 909/1054/454
f 387/491/457 911/1056/458 1127/772/456 910/1055/455
f 385/489/450 909/1054/454 1127/772/456 911/1056/458
f 387/491/457 912/1057/459 1128/773/460 911/1056/458
f 388/492/461 913/1058/462 1128/773/460 912/1057/459
f 385/489/450 911/1056/458 1128/773/460 913/1058/462
f 388/492/461 914/1059/463 1129/774/464 913/1058/462
f 389/493/465 915/1060/466 1129/774/464 914/1059/463
f 385/489/450 913/1058/462 1129/774/464 915/1060/466
f 389/493/465 916/1061/467 1130/775/468 915/1060/466
f 390/494/469 917/1062/470 1130/775/468 916/1061/467
f 385/489/450 915/1060/466 1130/775/468 917/1062/470
f 390/494/469 918/1063/471 1131/776/472 917/1062/470
f 391/495/473 919/1064/474 1131/776/472 918/1063/471
f 385/489/450 917/1062/470 1131/776/472 919/1064/474
f 391/495/473 920/1065/475 1132/777/476 919/1064/474
f 392/496/477 921/1066/478 1132/777/476 920/1065/475
f 385/489/450 919/1064/474 1132/777/476 921/1066/478
f 392/496/477 922/1067/479 1133/778/480 921/1066/478
f 393/497/481 923/1068/482 1133/778/480 922/1067/479
f 385/489/450 921/1066/478 1133/778/480 923/1068/482
f 393/497/481 924/1069/483 1134/779/484 923/1068/482
f 394/498/485 925/1070/486 1134/779/484 924/1069/483
f 385/489/450 923/1068/482 1134/779/484 925/1070/486
f 394/498/485 926/1071/487 1135/780/488 925/1070/486
f 395/499/489 927/1072/490 1135/780/488 926/1071/487
f 385/489/450 925/1070/486 1135/780/488 927/1072/490
f 395/499/489 928/1073/491 1136/781/492 927/1072/490
f 396/500/493 929/1074/494 1136/781/492 928/1073/491
f 385/489/450 927/1072/490 1136/781/492 929/1074/494
f 396/500/493 930/1075/495 1137/782/496 929/1074/494
f 397/501/497 931/1076/498 1137/782/496 930/1075/495
f 385/489/450 929/1074/494 1137/782/496 931/1076/498
f 397/501/497 932/1077/499 1138/783/500 931/1076/498
f 398/502/501 933/1078/502 1138/783/500 932/1077/499
f 385/489/450 931/1076/498 1138/783/500 933/1078/502
f 398/502/501 934/1079/503 1139/784/504 933/1078/502
f 399/503/505 935/1080/506 1139/784/504 934/1079/503
f 385/489/450 933/1078/502 1139/784/504 935/1080/506
f 399/503/505 936/1081/507 1140/785/508 935/1080/506
f 400/504/509 937/1082/510 1140/785/508 936/1081/507
f 385/489/450 935/1080/506 1140/785/508 937/1082/510
f 400/504/509 938/1083/511 1141/786/512 937/1082/510
f 401/505/513 939/1084/514 1141/786/512 938/1083/511
f 385/489/450 937/1082/510 1141/786/512 939/1084/514
f 401/505/513 940/1085/515 1142/787/516 939/1084/514
f 402/506/517 941/1086/518 1142/787/516 940/1085/515
f 385/489/450 939/1084/514 1142/787/516 941/1086/518
f 402/506/517 942/1087/519 1143/788/520 941/1086/518
f 403/507/521 943/1088/522 1143/788/520 942/1087/519
f 385/489/450 941/1086/518 1143/788/520 943/1088/522
f 403/507/521 944/1089/523 1144/789/524 943/1088/522
f 383/487/444 907/1052/447 1144/789/524 944/1089/523
f 385/489/450 943/1088/522 1144/789/524 907/1052/447
f 404/508/525 945/1090/526 1145/790/527 948/1096/528
f 945/1090/526 405/510/529 946/1092/530 1145/790/527
f 1145/790/527 946/1092/530 443/586/531 947/1094/532
f 948/1096/528 1145/790/527 947/1094/532 442/585/533
f 405/511/529 945/1091/526 1146/791/534 951/1100/535
f 945/1091/526 404/509/525 949/1097/536 1146/791/534
f 1146/791/534 949/1097/536 406/513/537 950/1098/538
f 951/1100/535 1146/791/534 950/1098/538 407/514/539
f 407/515/539 950/1099/538 1147/792/540 954/1105/541
f 950/1099/538 406/513/537 952/1102/542 1147/792/540
f 1147/792/540 952/1102/542 408/517/543 953/1103/544
f 954/1105/541 1147/792/540 953/1103/544 409/518/545
f 409/519/545 953/1104/544 1148/793/546 957/1110/547
f 953/1104/544 408/517/543 955/1107/548 1148/793/546
f 1148/793/546 955/1107/548 410/521/549 956/1108/550
f 957/1110/547 1148/793/546 956/1108/550 411/522/551
f 411/523/551 956/1109/550 1149/794/552 960/1115/553
f 956/1109/550 410/521/549 958/1112/554 1149/794/552
f 1149/794/552 958/1112/554 412/525/555 959/1113/556
f 960/1115/553 1149/794/552 959/1113/556 413/526/557
f 413/527/557 959/1114/556 1150/795/558 963/1120/559
f 959/1114/556 412/525/555 961/1117/560 1150/795/558
f 1150/795/558 961/1117/560 414/529/561 962/1118/562
f 963/1120/559 1150/795/558 962/1118/562 415/530/563
f 415/531/563 962/1119/562 1151/796/564 966/1125/565
f 962/1119/562 414/529/561 964/1122/566 1151/796/564
f 1151/796/564 964/1122/566 416/533/567 965/1123/568
f 966/1125/565 1151/796/564 965/1123/568 417/534/569
f 417/535/569 965/1124/568 1152/797/570 969/1130/571
f 965/1124/568 416/533/567 967/1127/572 1152/797/570
f 1152/797/570 967/1127/572 418/537/573 968/1128/574
f 969/1130/571 1152/797/570 968/1128/574 419/538/575
f 419/539/575 968/1129/574 1153/798/576 972/1135/577
f 968/1129/574 418/537/573 970/1132/578 1153/798/576
f 1153/798/576 970/1132/578 420/541/579 971/1133/580
f 972/1135/577 1153/798/576 971/1133/580 421/542/581
f 421/543/581 971/1134/580 1154/799/582 975/1140/583
f 971/1134/580 420/541/579 973/1137/584 1154/799/582
f 1154/799/582 973/1137/584 422/545/585 974/1138/586
f 975/1140/583 1154/799/582 974/1138/586 423/546/587
f 423/547/587 974/1139/586 1155/800/588 978/1145/589
f 974/1139/586 422/545/585 976/1142/590 1155/800/588
f 1155/800/588 976/1142/590 424/549/591 977/1143/592
f 978/1145/589 1155/800/588 977/1143/592 425/550/593
f 425/551/593 977/1144/592 1156/801/594 981/1150/595
f 977/1144/592 424/549/591 979/1147/596 1156/801/594
f 1156/801/594 979/1147/596 426/553/597 980/1148/598
f 981/1150/595 1156/801/594 980/1148/598 427/554/599
f 427/555/599 980/1149/598 1157/802/600 984/1155/601
f 980/1149/598 426/553/597 982/1152/602 1157/802/600
f 1157/802/600 982/1152/602 428/557/603 983/1153/604
f 984/1155/601 1157/802/600 983/1153/604 429/558/605
f 429/559/605 983/1154/604 1158/803/606 987/1160/607
f 983/1154/604 428/557/603 985/1157/608 1158/803/606
f 1158/803/606 985/1157/608 430/561/609 986/1158/610
f 987/1160/607 1158/803/606 986/1158/610 431/562/611
f 431/563/611 986/1159/610 1159/804/612 990/1165/613
f 986/1159/610 430/561/609 988/1162/614 1159/804/612
f 1159/804/612 988/1162/614 432/565/615 989/1163/616
f 990/1165/613 1159/804/612 989/1163/616 433/566/617
f 433/567/617 989/1164/616 1160/805/618 993/1170/619
f 989/1164/616 432/565/615 991/1167/620 1160/805/618
f 1160/805/618 991/1167/620 434/569/621 992/1168/622
f 993/1170/619 1160/805/618 992/1168/622 435/570/623
f 435/571/623 992/1169/622 1161/806/624 996/1175/625
f 992/1169/622 434/569/621 994/1172/626 1161/806/624
f 1161/806/624 994/1172/626 436/573/627 995/1173/628
f 996/1175/625 1161/806/624 995/1173/628 437/574/629
f 437/575/629 995/1174/628 1162/807/630 999/1180/631
f 995/1174/628 436/573/627 997/1177/632 1162/807/630
f 1162/807/630 997/1177/632 438/577/633 998/1178/634
f 999/1180/631 1162/807/630 998/1178/634 439/578/635
f 439/579/635 998/1179/634 1163/808/636 1002/1185/637
f 998/1179/634 438/577/633 1000/1182/638 1163/808/636
f 1163/808/636 1000/1182/638 440/581/639 1001/1183/640
f 1002/1185/637 1163/808/636 1001/1183/640 441/582/641
f 441/583/641 1001/1184/640 1164/809/642 1004/1188/643
f 1001/1184/640 440/581/639 1003/1187/644 1164/809/642
f 1164/809/642 1003/1187/644 442/585/533 947/1095/532
f 1004/1188/643 1164/809/642 947/1095/532 443/588/531
f 444/589/645 1005/1190/646 1165/810/647 1008/1193/648
f 1005/1190/646 445/590/649 1006/1191/650 1165/810/647
f 1165/810/647 1006/1191/650 483/628/651 1007/1192/652
f 1008/1193/648 1165/810/647 1007/1192/652 482/627/653
f 445/590/649 1005/1190/646 1166/811/654 1011/1196/655
f 1005/1190/646 444/589/645 1009/1194/656 1166/811/654
f 1166/811/654 1009/1194/656 446/591/657 1010/1195/658
f 1011/1196/655 1166/811/654 1010/1195/658 447/592/659
f 447/592/659 1010/1195/658 1167/812/660 1014/1199/661
f 1010/1195/658 446/591/657 1012/1197/662 1167/812/660
f 1167/812/660 1012/1197/662 448/593/663 1013/1198/664
f 1014/1199/661 1167/812/660 1013/1198/664 449/594/665
f 449/594/665 1013/1198/664 1168/813/666 1017/1202/667
f 1013/1198/664 448/593/663 1015/1200/668 1168/813/666
f 1168/813/666 1015/1200/668 450/595/669 1016/1201/670
f 1017/1202/667 1168/813/666 1016/1201/670 451/596/671
f 451/596/671 1016/1201/670 1169/814/672 1020/1205/673
f 1016/1201/670 450/595/669 1018/1203/674 1169/814/672
f 1169/814/672 1018/1203/674 452/597/675 1019/1204/676
f 1020/1205/673 1169/814/672 1019/1204/676 453/598/677
f 453/598/677 1019/1204/676 1170/815/678 1023/1208/679
f 1019/1204/676 452/597/675 1021/1206/680 1170/815/678
f 1170/815/678 1021/1206/680 454/599/681 1022/1207/682
f 1023/1208/679 1170/815/678 1022/1207/682 455/600/683
f 455/600/683 1022/1207/682 1171/816/684 1026/1211/685
f 1022/1207/682 454/599/681 1024/1209/686 1171/816/684
f 1171/816/684 1024/1209/686 456/601/687 1025/1210/688
f 1026/1211/685 1171/816/684 1025/1210/688 457/602/689
f 457/602/689 1025/1210/688 1172/817/690 1029/1214/691
f 1025/1210/688 456/601/687 1027/1212/692 1172/817/690
f 1172/817/690 1027/1212/692 458/603/693 1028/1213/694
f 1029/1214/691 1172/817/690 1028/1213/694 459/604/695
f 459/604/695 1028/1213/694 1173/818/696 1032/1217/697
f 1028/1213/694 458/603/693 1030/1215/698 1173/818/696
f 1173/818/696 1030/1215/698 460/605/699 1031/1216/700
f 1032/1217/697 1173/818/696 1031/1216/700 461/606/701
f 461/606/701 1031/1216/700 1174/819/702 1035/1220/703
f 1031/1216/700 460/605/699 1033/1218/704 1174/819/702
f 1174/819/702 1033/1218/704 462/607/705 1034/1219/706
f 1035/1220/703 1174/819/702 1034/1219/706 463/608/707
f 463/608/707 1034/1219/706 1175/820/708 1038/1223/709
f 1034/1219/706 462/607/705 1036/1221/710 1175/820/708
f 1175/820/708 1036/1221/710 464/609/711 1037/1222/712
f 1038/1223/709 1175/820/708 1037/1222/712 465/610/713
f 465/610/713 1037/1222/712 1176/821/714 1041/1226/715
f 1037/1222/712 464/609/711 1039/1224/716 1176/821/714
f 1176/821/714 1039/1224/716 466/611/717 1040/1225/718
f 1041/1226/715 1176/821/714 1040/1225/718 467/612/719
f 467/612/719 1040/1225/718 1177/822/720 1044/1229/721
f 1040/1225/718 466/611/717 1042/1227/722 1177/822/720
f 1177/822/720 1042/1227/722 468/613/723 1043/1228/724
f 1044/1229/721 1177/822/720 1043/1228/724 469/614/725
f 469/614/725 1043/1228/724 1178/823/726 1047/1232/727
f 1043/1228/724 468/613/723 1045/1230/728 1178/823/726
f 1178/823/726 1045/1230/728 470/615/729 1046/1231/730
f 1047/1232/727 1178/823/726 1046/1231/730 471/616/731
f 471/616/731 1046/1231/730 1179/824/732 1050/1235/733
f 1046/1231/730 470/615/729 1048/1233/734 1179/824/732
f 1179/824/732 1048/1233/734 472/617/735 1049/1234/736
f 1050/1235/733 1179/824/732 1049/1234/736 473/618/737
f 473/618/737 1049/1234/736 1180/825/738 1053/1238/739
f 1049/1234/736 472/617/735 1051/1236/740 1180/825/738
f 1180/825/738 1051/1236/740 474/619/741 1052/1237/742
f 1053/1238/739 1180/825/738 1052/1237/742 475/620/743
f 475/620/743 1052/1237/742 1181/826/744 1056/1241/745
f 1052/1237/742 474/619/741 1054/1239/746 1181/826/744
f 1181/826/744 1054/1239/746 476/621/747 1055/1240/748
f 1056/1241/745 1181/826/744 1055/1240/748 477/622/749
f 477/622/749 1055/1240/748 1182/827/750 1059/1244/751
f 1055/1240/748 476/621/747 1057/1242/752 1182/827/750
f 1182/827/750 1057/1242/752 478/623/753 1058/1243/754
f 1059/1244/751 1182/827/750 1058/1243/754 479/624/755
f 479/624/755 1058/1243/754 1183/828/756 1062/1247/757
f 1058/1243/754 478/623/753 1060/1245/758 1183/828/756
f 1183/828/756 1060/1245/758 480/625/759 1061/1246/760
f 1062/1247/757 1183/828/756 1061/1246/760 481/626/761
f 481/626/761 1061/1246/760 1184/829/762 1064/1249/763
f 1061/1246/760 480/625/759 1063/1248/764 1184/829/762
f 1184/829/762 1063/1248/764 482/627/653 1007/1192/652
f 1064/1249/763 1184/829/762 1007/1192/652 483/628/651
f 363/446/765 1065/1250/766 1185/830/767 1067/1253/768
f 1065/1250/766 364/449/769 1066/1252/770 1185/830/767
f 1185/830/767 1066/1252/770 406/513/537 949/1097/536
f 1067/1253/768 1185/830/767 949/1097/536 404/509/525
f 364/449/769 1068/1255/771 1186/831/772 1066/1252/770
f 1068/1255/771 365/451/773 1069/1257/774 1186/831/772
f 1186/831/772 1069/1257/774 408/517/543 952/1102/542
f 1066/1252/770 1186/831/772 952/1102/542 406/513/537
f 365/451/773 1070/1258/775 1187/832/776 1069/1257/774
f 1070/1258/775 366/453/777 1071/1260/778 1187/832/776
f 1187/832/776 1071/1260/778 410/521/549 955/1107/548
f 1069/1257/774 1187/832/776 955/1107/548 408/517/543
f 366/453/777 1072/1261/779 1188/833/780 1071/1260/778
f 1072/1261/779 367/455/781 1073/1263/782 1188/833/780
f 1188/833/780 1073/1263/782 412/525/555 958/1112/554
f 1071/1260/778 1188/833/780 958/1112/554 410/521/549
f 367/455/781 1074/1264/783 1189/834/784 1073/1263/782
f 1074/1264/783 368/457/785 1075/1266/786 1189/834/784
f 1189/834/784 1075/1266/786 414/529/561 961/1117/560
f 1073/1263/782 1189/834/784 961/1117/560 412/525/555
f 368/457/785 1076/1267/787 1190/835/788 1075/1266/786
f 1076/1267/787 369/459/789 1077/1269/790 1190/835/788
f 1190/835/788 1077/1269/790 416/533/567 964/1122/566
f 1075/1266/786 1190/835/788 964/1122/566 414/529/561
f 369/459/789 1078/1270/791 1191/836/792 1077/1269/790
f 1078/1270/791 370/461/793 1079/1272/794 1191/836/792
f 1191/836/792 1079/1272/794 418/537/573 967/1127/572
f 1077/1269/790 1191/836/792 967/1127/572 416/533/567
f 370/461/793 1080/1273/795 1192/837/796 1079/1272/794
f 1080/1273/795 371/463/797 1081/1275/798 1192/837/796
f 1192/837/796 1081/1275/798 420/541/579 970/1132/578
f 1079/1272/794 1192/837/796 970/1132/578 418/537/573
f 371/463/797 1082/1276/799 1193/838/800 1081/1275/798
f 1082/1276/799 372/465/801 1083/1278/802 1193/838/800
f 1193/838/800 1083/1278/802 422/545/585 973/1137/584
f 1081/1275/798 1193/838/800 973/1137/584 420/541/579
f 372/465/801 1084/1279/803 1194/839/804 1083/1278/802
f 1084/1279/803 373/467/805 1085/1281/806 1194/839/804
f 1194/839/804 1085/1281/806 424/549/591 976/1142/590
f 1083/1278/802 1194/839/804 976/1142/590 422/545/585
f 373/467/805 1086/1282/807 1195/840/808 1085/1281/806
f 1086/1282/807 374/469/809 1087/1284/810 1195/840/808
f 1195/840/808 1087/1284/810 426/553/597 979/1147/596
f 1085/1281/806 1195/840/808 979/1147/596 424/549/591
f 374/469/809 1088/1285/811 1196/841/812 1087/1284/810
f 1088/1285/811 375/471/813 1089/1287/814 1196/841/812
f 1196/841/812 1089/1287/814 428/557/603 982/1152/602
f 1087/1284/810 1196/841/812 982/1152/602 426/553/597
f 375/471/813 1090/1288/815 1197/842/816 1089/1287/814
f 1090/1288/815 376/473/817 1091/1290/818 1197/842/816
f 1197/842/816 1091/1290/818 430/561/609 985/1157/608
f 1089/1287/814 1197/842/816 985/1157/608 428/557/603
f 376/473/817 1092/1291/819 1198/843/820 1091/1290/818
f 1092/1291/819 377/475/821 1093/1293/822 1198/843/820
f 1198/843/820 1093/1293/822 432/565/615 988/1162/614
f 1091/1290/818 1198/843/820 988/1162/614 430/561/609
f 377/475/821 1094/1294/823 1199/844/824 1093/1293/822
f 1094/1294/823 378/477/825 1095/1296/826 1199/844/824
f 1199/844/824 1095/1296/826 434/569/621 991/1167/620
f 1093/1293/822 1199/844/824 991/1167/620 432/565/615
f 378/477/825 1096/1297/827 1200/845/828 1095/1296/826
f 1096/1297/827 379/479/829 1097/1299/830 1200/845/828
f 1200/845/828 1097/1299/830 436/573/627 994/1172/626
f 1095/1296/826 1200/845/828 994/1172/626 434/569/621
f 379/479/829 1098/1300/831 1201/846/832 1097/1299/830
f 1098/1300/831 380/481/833 1099/1302/834 1201/846/832
f 1201/846/832 1099/1302/834 438/577/633 997/1177/632
f 1097/1299/830 1201/846/832 997/1177/632 436/573/627
f 380/481/833 1100/1303/835 1202/847/836 1099/1302/834
f 1100/1303/835 381/483/837 1101/1305/838 1202/847/836
f 1202/847/836 1101/1305/838 440/581/639 1000/1182/638
f 1099/1302/834 1202/847/836 1000/1182/638 438/577/633
f 381/483/837 1102/1306/839 1203/848/840 1101/1305/838
f 1102/1306/839 382/485/841 1103/1308/842 1203/848/840
f 1203/848/840 1103/1308/842 442/585/533 1003/1187/644
f 1101/1305/838 1203/848/840 1003/1187/644 440/581/639
f 382/485/841 1104/1309/843 1204/849/844 1103/1308/842
f 1104/1309/843 363/447/765 1067/1254/768 1204/849/844
f 1204/849/844 1067/1254/768 404/508/525 948/1096/528
f 1103/1308/842 1204/849/844 948/1096/528 442/585/533
f 405/512/529 951/1101/535 1205/850/845 606/1312/846
f 951/1101/535 407/516/539 605/1311/847 1205/850/845
f 1205/850/845 605/1311/847 446/591/657 1009/1194/656
f 606/1312/846 1205/850/845 1009/1194/656 444/589/645
f 407/516/539 954/1106/541 1206/851/848 605/1311/847
f 954/1106/541 409/520/545 607/1313/849 1206/851/848
f 1206/851/848 607/1313/849 448/593/663 1012/1197/662
f 605/1311/847 1206/851/848 1012/1197/662 446/591/657
f 409/520/545 957/1111/547 1207/852/850 607/1313/849
f 957/1111/547 411/524/551 608/1314/851 1207/852/850
f 1207/852/850 608/1314/851 450/595/669 1015/1200/668
f 607/1313/849 1207/852/850 1015/1200/668 448/593/663
f 411/524/551 960/1116/553 1208/853/852 608/1314/851
f 960/1116/553 413/528/557 609/1315/853 1208/853/852
f 1208/853/852 609/1315/853 452/597/675 1018/1203/674
f 608/1314/851 1208/853/852 1018/1203/674 450/595/669
f 413/528/557 963/1121/559 1209/854/854 609/1315/853
f 963/1121/559 415/532/563 610/1316/855 1209/854/854
f 1209/854/854 610/1316/855 454/599/681 1021/1206/680
f 609/1315/853 1209/854/854 1021/1206/680 452/597/675
f 415/532/563 966/1126/565 1210/855/856 610/1316/855
f 966/1126/565 417/536/569 611/1317/857 1210/855/856
f 1210/855/856 611/1317/857 456/601/687 1024/1209/686
f 610/1316/855 1210/855/856 1024/1209/686 454/599/681
f 417/536/569 969/1131/571 1211/856/858 611/1317/857
f 969/1131/571 419/540/575 612/1318/859 1211/856/858
f 1211/856/858 612/1318/859 458/603/693 1027/1212/692
f 611/1317/857 1211/856/858 1027/1212/692 456/601/687
f 419/540/575 972/1136/577 1212/857/860 612/1318/859
f 972/1136/577 421/544/581 613/1319/861 1212/857/860
f 1212/857/860 613/1319/861 460/605/699 1030/1215/698
f 612/1318/859 1212/857/860 1030/1215/698 458/603/693
f 421/544/581 975/1141/583 1213/858/862 613/1319/861
f 975/1141/583 423/548/587 614/1320/863 1213/858/862
f 1213/858/862 614/1320/863 462/607/705 1033/1218/704
f 613/1319/861 1213/858/862 1033/1218/704 460/605/699
f 423/548/587 978/1146/589 1214/859/864 614/1320/863
f 978/1146/589 425/552/593 615/1321/865 1214/859/864
f 1214/859/864 615/1321/865 464/609/711 1036/1221/710
f 614/1320/863 1214/859/864 1036/1221/710 462/607/705
f 425/552/593 981/1151/595 1215/860/866 615/1321/865
f 981/1151/595 427/556/599 616/1322/867 1215/860/866
f 1215/860/866 616/1322/867 466/611/717 1039/1224/716
f 615/1321/865 1215/860/866 1039/1224/716 464/609/711
f 427/556/599 984/1156/601 1216/861/868 616/1322/867
f 984/1156/601 429/560/605 617/1323/869 1216/861/868
f 1216/861/868 617/1323/869 468/613/723 1042/1227/722
f 616/1322/867 1216/861/868 1042/1227/722 466/611/717
f 429/560/605 987/1161/607 1217/862/870 617/1323/869
f 987/1161/607 431/564/611 618/1324/871 1217/862/870
f 1217/862/870 618/1324/871 470/615/729 1045/1230/728
f 617/1323/869 1217/862/870 1045/1230/728 468/613/723
f 431/564/611 990/1166/613 1218/863/872 618/1324/871
f 990/1166/613 433/568/617 619/1325/873 1218/863/872
f 1218/863/872 619/1325/873 472/617/735 1048/1233/734
f 618/1324/871 1218/863/872 1048/1233/734 470/615/729
f 433/568/617 993/1171/619 1219/864/874 619/1325/873
f 993/1171/619 435/572/623 620/1326/875 1219/864/874
f 1219/864/874 620/1326/875 474/619/741 1051/1236/740
f 619/1325/873 1219/864/874 1051/1236/740 472/617/735
f 435/572/623 996/1176/625 1220/865/876 620/1326/875
f 996/1176/625 437/576/629 621/1327/877 1220/865/876
f 1220/865/876 621/1327/877 476/621/747 1054/1239/746
f 620/1326/875 1220/865/876 1054/1239/746 474/619/741
f 437/576/629 999/1181/631 1221/866/878 621/1327/877
f 999/1181/631 439/580/635 622/1328/879 1221/866/878
f 1221/866/878 622/1328/879 478/623/753 1057/1242/752
f 621/1327/877 1221/866/878 1057/1242/752 476/621/747
f 439/580/635 1002/1186/637 1222/867/880 622/1328/879
f 1002/1186/637 441/584/641 623/1329/881 1222/867/880
f 1222/867/880 623/1329/881 480/625/759 1060/1245/758
f 622/1328/879 1222/867/880 1060/1245/758 478/623/753
f 441/584/641 1004/1189/643 1223/868/882 623/1329/881
f 1004/1189/643 443/587/531 624/1330/883 1223/868/882
f 1223/868/882 624/1330/883 482/627/653 1063/1248/764
f 623/1329/881 1223/868/882 1063/1248/764 480/625/759
f 443/587/531 946/1093/530 1224/869/884 624/1330/883
f 946/1093/530 405/512/529 606/1312/846 1224/869/884
f 1224/869/884 606/1312/846 444/589/645 1008/1193/648
f 624/1330/883 1224/869/884 1008/1193/648 482/627/653
f 445/590/649 1011/1196/655 1225/870/885 626/1332/886
f 1011/1196/655 447/592/659 625/1331/887 1225/870/885
f 1225/870/885 625/1331/887 384/488/448 905/1050/445
f 626/1332/886 1225/870/885 905/1050/445 383/487/444
f 447/592/659 1014/1199/661 1226/871/888 625/1331/887
f 1014/1199/661 449/594/665 627/1333/889 1226/871/888
f 1226/871/888 627/1333/889 386/490/453 908/1053/451
f 625/1331/887 1226/871/888 908/1053/451 384/488/448
f 449/594/665 1017/1202/667 1227/872/890 627/1333/889
f 1017/1202/667 451/596/671 628/1334/891 1227/872/890
f 1227/872/890 628/1334/891 387/491/457 910/1055/455
f 627/1333/889 1227/872/890 910/1055/455 386/490/453
f 451/596/671 1020/1205/673 1228/873/892 628/1334/891
f 1020/1205/673 453/598/677 629/1335/893 1228/873/892
f 1228/873/892 629/1335/893 388/492/461 912/1057/459
f 628/1334/891 1228/873/892 912/1057/459 387/491/457
f 453/598/677 1023/1208/679 1229/874/894 629/1335/893
f 1023/1208/679 455/600/683 630/1336/895 1229/874/894
f 1229/874/894 630/1336/895 389/493/465 914/1059/463
f 629/1335/893 1229/874/894 914/1059/463 388/492/461
f 455/600/683 1026/1211/685 1230/875/896 630/1336/895
f 1026/1211/685 457/602/689 631/1337/897 1230/875/896
f 1230/875/896 631/1337/897 390/494/469 916/1061/467
f 630/1336/895 1230/875/896 916/1061/467 389/493/465
f 457/602/689 1029/1214/691 1231/876/898 631/1337/897
f 1029/1214/691 459/604/695 632/1338/899 1231/876/898
f 1231/876/898 632/1338/899 391/495/473 918/1063/471
f 631/1337/897 1231/876/898 918/1063/471 390/494/469
f 459/604/695 1032/1217/697 1232/877/900 632/1338/899
f 1032/1217/697 461/606/701 633/1339/901 1232/877/900
f 1232/877/900 633/1339/901 392/496/477 920/1065/475
f 632/1338/899 1232/877/900 920/1065/475 391/495/473
f 461/606/701 1035/1220/703 1233/878/902 633/1339/901
f 1035/1220/703 463/608/707 634/1340/903 1233/878/902
f 1233/878/902 634/1340/903 393/497/481 922/1067/479
f 633/1339/901 1233/878/902 922/1067/479 392/496/477
f 463/608/707 1038/1223/709 1234/879/904 634/1340/903
f 1038/1223/709 465/610/713 635/1341/905 1234/879/904
f 1234/879/904 635/1341/905 394/498/485 924/1069/483
f 634/1340/903 1234/879/904 924/1069/483 393/497/481
f 465/610/713 1041/1226/715 1235/880/906 635/1341/905
f 1041/1226/715 467/612/719 636/1342/907 1235/880/906
f 1235/880/906 636/1342/907 395/499/489 926/1071/487
f 635/1341/905 1235/880/906 926/1071/487 394/498/485
f 467/612/719 1044/1229/721 1236/881/908 636/1342/907
f 1044/1229/721 469/614/725 637/1343/909 1236/881/908
f 1236/881/908 637/1343/909 396/500/493 928/1073/491
f 636/1342/907 1236/881/908 928/1073/491 395/499/489
f 469/614/725 1047/1232/727 1237/882/910 637/1343/909
f 1047/1232/727 471/616/731 638/1344/911 1237/882/910
f 1237/882/910 638/1344/911 397/501/497 930/1075/495
f 637/1343/909 1237/882/910 930/1075/495 396/500/493
f 471/616/731 1050/1235/733 1238/883/912 638/1344/911
f 1050/1235/733 473/618/737 639/1345/913 1238/883/912
f 1238/883/912 639/1345/913 398/502/501 932/1077/499
f 638/1344/911 1238/883/912 932/1077/499 397/501/497
f 473/618/737 1053/1238/739 1239/884/914 639/1345/913
f 1053/1238/739 475/620/743 640/1346/915 1239/884/914
f 1239/884/914 640/1346/915 399/503/505 934/1079/503
f 639/1345/913 1239/884/914 934/1079/503 398/502/501
f 475/620/743 1056/1241/745 1240/885/916 640/1346/915
f 1056/1241/745 477/622/749 641/1347/917 1240/885/916
f 1240/885/916 641/1347/917 400/504/509 936/1081/507
f 640/1346/915 1240/885/916 936/1081/507 399/503/505
f 477/622/749 1059/1244/751 1241/886/918 641/1347/917
f 1059/1244/751 479/624/755 642/1348/919 1241/886/918
f 1241/886/918 642/1348/919 401/505/513 938/1083/511
f 641/1347/917 1241/886/918 938/1083/511 400/504/509
f 479/624/755 1062/1247/757 1242/887/920 642/1348/919
f 1062/1247/757 481/626/761 643/1349/921 1242/887/920
f 1242/887/920 643/1349/921 402/506/517 940/1085/515
f 642/1348/919 1242/887/920 940/1085/515 401/505/513
f 481/626/761 1064/1249/763 1243/888/922 643/1349/921
f 1064/1249/763 483/628/651 644/1350/923 1243/888/922
f 1243/888/922 644/1350/923 403/507/521 942/1087/519
f 643/1349/921 1243/888/922 942/1087/519 402/506/517
f 483/628/651 1006/1191/650 1244/889/924 644/1350/923
f 1006/1191/650 445/590/649 626/1332/886 1244/889/924
f 1244/889/924 626/1332/886 383/487/444 944/1089/523
f 644/1350/923 1244/889/924 944/1089/523 403/507/521
f 364/450/769 1065/1251/766 1245/890/925 647/1353/926
f 1065/1251/766 363/448/765 645/1351/927 1245/890/925
f 1245/890/925 645/1351/927 484/629/928 646/1352/929
f 647/1353/926 1245/890/925 646/1352/929 485/630/930
f 365/452/773 1068/1256/771 1246/891/931 649/1355/932
f 1068/1256/771 364/450/769 647/1353/926 1246/891/931
f 1246/891/931 647/1353/926 485/630/930 648/1354/933
f 649/1355/932 1246/891/931 648/1354/933 486/631/934
f 366/454/777 1070/1259/775 1247/892/935 651/1357/936
f 1070/1259/775 365/452/773 649/1355/932 1247/892/935
f 1247/892/935 649/1355/932 486/631/934 650/1356/937
f 651/1357/936 1247/892/935 650/1356/937 487/632/938
f 367/456/781 1072/1262/779 1248/893/939 653/1359/940
f 1072/1262/779 366/454/777 651/1357/936 1248/893/939
f 1248/893/939 651/1357/936 487/632/938 652/1358/941
f 653/1359/940 1248/893/939 652/1358/941 488/633/942
f 368/458/785 1074/1265/783 1249/894/943 655/1361/944
f 1074/1265/783 367/456/781 653/1359/940 1249/894/943
f 1249/894/943 653/1359/940 488/633/942 654/1360/945
f 655/1361/944 1249/894/943 654/1360/945 489/634/946
f 369/460/789 1076/1268/787 1250/895/947 657/1363/948
f 1076/1268/787 368/458/785 655/1361/944 1250/895/947
f 1250/895/947 655/1361/944 489/634/946 656/1362/949
f 657/1363/948 1250/895/947 656/1362/949 490/635/950
f 370/462/793 1078/1271/791 1251/896/951 659/1365/952
f 1078/1271/791 369/460/789 657/1363/948 1251/896/951
f 1251/896/951 657/1363/948 490/635/950 658/1364/953
f 659/1365/952 1251/896/951 658/1364/953 491/636/954
f 371/464/797 1080/1274/795 1252/897/955 661/1367/956
f 1080/1274/795 370/462/793 659/1365/952 1252/897/955
f 1252/897/955 659/1365/952 491/636/954 660/1366/957
f 661/1367/956 1252/897/955 660/1366/957 492/637/958
f 372/466/801 1082/1277/799 1253/898/959 663/1369/960
f 1082/1277/799 371/464/797 661/1367/956 1253/898/959
f 1253/898/959 661/1367/956 492/637/958 662/1368/961
f 663/1369/960 1253/898/959 662/1368/961 493/638/962
f 373/468/805 1084/1280/803 1254/899/963 665/1371/964
f 1084/1280/803 372/466/801 663/1369/960 1254/899/963
f 1254/899/963 663/1369/960 493/638/962 664/1370/965
f 665/1371/964 1254/899/963 664/1370/965 494/639/966
f 374/470/809 1086/1283/807 1255/900/967 667/1373/968
f 1086/1283/807 373/468/805 665/1371/964 1255/900/967
f 1255/900/967 665/1371/964 494/639/966 666/1372/969
f 667/1373/968 1255/900/967 666/1372/969 495/640/970
f 375/472/813 1088/1286/811 1256/901/971 669/1375/972
f 1088/1286/811 374/470/809 667/1373/968 1256/901/971
f 1256/901/971 667/1373/968 495/640/970 668/1374/973
f 669/1375/972 1256/901/971 668/1374/973 496/641/974
f 376/474/817 1090/1289/815 1257/902/975 671/1377/976
f 1090/1289/815 375/472/813 669/1375/972 1257/902/975
f 1257/902/975 669/1375/972 496/641/974 670/1376/977
f 671/1377/976 1257/902/975 670/1376/977 497/642/978
f 377/476/821 1092/1292/819 1258/903/979 673/1379/980
f 1092/1292/819 376/474/817 671/1377/976 1258/903/979
f 1258/903/979 671/1377/976 497/642/978 672/1378/981
f 673/1379/980 1258/903/979 672/1378/981 498/643/982
f 378/478/825 1094/1295/823 1259/904/983 675/1381/984
f 1094/1295/823 377/476/821 673/1379/980 1259/904/983
f 1259/904/983 673/1379/980 498/643/982 674/1380/985
f 675/1381/984 1259/904/983 674/1380/985 499/644/986
f 379/480/829 1096/1298/827 1260/905/987 677/1383/988
f 1096/1298/827 378/478/825 675/1381/984 1260/905/987
f 1260/905/987 675/1381/984 499/644/986 676/1382/989
f 677/1383/988 1260/905/987 676/1382/989 500/645/990
f 380/482/833 1098/1301/831 1261/906/991 679/1385/992
f 1098/1301/831 379/480/829 677/1383/988 1261/906/991
f 1261/906/991 677/1383/988 500/645/990 678/1384/993
f 679/1385/992 1261/906/991 678/1384/993 501/646/994
f 381/484/837 1100/1304/835 1262/907/995 681/1387/996
f 1100/1304/835 380/482/833 679/1385/992 1262/907/995
f 1262/907/995 679/1385/992 501/646/994 680/1386/997
f 681/1387/996 1262/907/995 680/1386/997 502/647/998
f 382/486/841 1102/1307/839 1263/908/999 683/1389/1000
f 1102/1307/839 381/484/837 681/1387/996 1263/908/999
f 1263/908/999 681/1387/996 502/647/998 682/1388/1001
f 683/1389/1000 1263/908/999 682/1388/1001 503/648/1002
f 363/448/765 1104/1310/843 1264/909/1003 645/1351/927
f 1104/1310/843 382/486/841 683/1389/1000 1264/909/1003
f 1264/909/1003 683/1389/1000 503/648/1002 684/1390/1004
f 645/1351/927 1264/909/1003 684/1390/1004 484/629/928
f 485/630/930 646/1352/929 1265/910/1005 687/1393/1006
f 646/1352/929 484/629/928 685/1391/1007 1265/910/1005
f 1265/910/1005 685/1391/1007 504/649/1008 686/1392/1009
f 687/1393/1006 1265/910/1005 686/1392/1009 505/650/1010
f 486/631/934 648/1354/933 1266/911/1011 689/1395/1012
f 648/1354/933 485/630/930 687/1393/1006 1266/911/1011
f 1266/911/1011 687/1393/1006 505/650/1010 688/1394/1013
f 689/1395/1012 1266/911/1011 688/1394/1013 506/651/1014
f 487/632/938 650/1356/937 1267/912/1015 691/1397/1016
f 650/1356/937 486/631/934 689/1395/1012 1267/912/1015
f 1267/912/1015 689/1395/1012 506/651/1014 690/1396/1017
f 691/1397/1016 1267/912/1015 690/1396/1017 507/652/1018
f 488/633/942 652/1358/941 1268/913/1019 693/1399/1020
f 652/1358/941 487/632/938 691/1397/1016 1268/913/1019
f 1268/913/1019 691/1397/1016 507/652/1018 692/1398/1021
f 693/1399/1020 1268/913/1019 692/1398/1021 508/653/1022
f 489/634/946 654/1360/945 1269/914/1023 695/1401/1024
f 654/1360/945 488/633/942 693/1399/1020 1269/914/1023
f 1269/914/1023 693/1399/1020 508/653/1022 694/1400/1025
f 695/1401/1024 1269/914/1023 694/1400/1025 509/654/1026
f 490/635/950 656/1362/949 1270/915/1027 697/1403/1028
f 656/1362/949 489/634/946 695/1401/1024 1270/915/1027
f 1270/915/1027 695/1401/1024 509/654/1026 696/1402/1029
f 697/1403/1028 1270/915/1027 696/1402/1029 510/655/1030
f 491/636/954 658/1364/953 1271/916/1031 699/1405/1032
f 658/1364/953 490/635/950 697/1403/1028 1271/916/1031
f 1271/916/1031 697/1403/1028 510/655/1030 698/1404/1033
f 699/1405/1032 1271/916/1031 698/1404/1033 511/656/1034
f 492/637/958 660/1366/957 1272/917/1035 701/1407/1036
f 660/1366/957 491/636/954 699/1405/1032 1272/917/1035
f 1272/917/1035 699/1405/1032 511/656/1034 700/1406/1037
f 701/1407/1036 1272/917/1035 700/1406/1037 512/657/1038
f 493/638/962 662/1368/961 1273/918/1039 703/1409/1040
f 662/1368/961 492/637/958 701/1407/1036 1273/918/1039
f 1273/918/1039 701/1407/1036 512/657/1038 702/1408/1041
f 703/1409/1040 1273/918/1039 702/1408/1041 513/658/1042
f 494/639/966 664/1370/965 1274/919/1043 705/1411/1044
f 664/1370/965 493/638/962 703/1409/1040 1274/919/1043
f 1274/919/1043 703/1409/1040 513/658/1042 704/1410/1045
f 705/1411/1044 1274/919/1043 704/1410/1045 514/659/1046
f 495/640/970 666/1372/969 1275/920/1047 707/1413/1048
f 666/1372/969 494/639/966 705/1411/1044 1275/920/1047
f 1275/920/1047 705/1411/1044 514/659/1046 706/1412/1049
f 707/1413/1048 1275/920/1047 706/1412/1049 515/660/1050
f 496/641/974 668/1374/973 1276/921/1051 709/1415/1052
f 668/1374/973 495/640/970 707/1413/1048 1276/921/1051
f 1276/921/1051 707/1413/1048 515/660/1050 708/1414/1053
f 709/1415/1052 1276/921/1051 708/1414/1053 516/661/1054
f 497/642/978 670/1376/977 1277/922/1055 711/1417/1056
f 670/1376/977 496/641/974 709/1415/1052 1277/922/1055
f 1277/922/1055 709/1415/1052 516/661/1054 710/1416/1057
f 711/1417/1056 1277/922/1055 710/1416/1057 517/662/1058
f 498/643/982 672/1378/981 1278/923/1059 713/1419/1060
f 672/1378/981 497/642/978 711/1417/1056 1278/923/1059
f 1278/923/1059 711/1417/1056 517/662/1058 712/1418/1061
f 713/1419/1060 1278/923/1059 712/1418/1061 518/663/1062
f 499/644/986 674/1380/985 1279/924/1063 715/1421/1064
f 674/1380/985 498/643/982 713/1419/1060 1279/924/1063
f 1279/924/1063 713/1419/1060 518/663/1062 714/1420/1065
f 715/1421/1064 1279/924/1063 714/1420/1065 519/664/1066
f 500/645/990 676/1382/989 1280/925/1067 717/1423/1068
f 676/1382/989 499/644/986 715/1421/1064 1280/925/1067
f 1280/925/1067 715/1421/1064 519/664/1066 716/1422/1069
f 717/1423/1068 1280/925/1067 716/1422/1069 520/665/1070
f 501/646/994 678/1384/993 1281/926/1071 719/1425/1072
f 678/1384/993 500/645/990 717/1423/1068 1281/926/1071
f 1281/926/1071 717/1423/1068 520/665/1070 718/1424/1073
f 719/1425/1072 1281/926/1071 718/1424/1073 521/666/1074
f 502/647/998 680/1386/997 1282/927/1075 721/1427/1076
f 680/1386/997 501/646/994 719/1425/1072 1282/927/1075
f 1282/927/1075 719/1425/1072 521/666/1074 720/1426/1077
f 721/1427/1076 1282/927/1075 720/1426/1077 522/667/1078
f 503/648/1002 682/1388/1001 1283/928/1079 723/1429/1080
f 682/1388/1001 502/647/998 721/1427/1076 1283/928/1079
f 1283/928/1079 721/1427/1076 522/667/1078 722/1428/1081
f 723/1429/1080 1283/928/1079 722/1428/1081 523/668/1082
f 484/629/928 684/1390/1004 1284/929/1083 685/1391/1007
f 684/1390/1004 503/648/1002 723/1429/1080 1284/929/1083
f 1284/929/1083 723/1429/1080 523/668/1082 724/1430/1084
f 685/1391/1007 1284/929/1083 724/1430/1084 504/649/1008
f 505/650/1010 686/1392/1009 1285/930/1085 727/1433/1086
f 686/1392/1009 504/649/1008 725/1431/1087 1285/930/1085
f 1285/930/1085 725/1431/1087 524/669/1088 726/1432/1089
f 727/1433/1086 1285/930/1085 726/1432/1089 525/670/1090
f 506/651/1014 688/1394/1013 1286/931/1091 729/1435/1092
f 688/1394/1013 505/650/1010 727/1433/1086 1286/931/1091
f 1286/931/1091 727/1433/1086 525/670/1090 728/1434/1093
f 729/1435/1092 1286/931/1091 728/1434/1093 526/671/1094
f 507/652/1018 690/1396/1017 1287/932/1095 731/1437/1096
f 690/1396/1017 506/651/1014 729/1435/1092 1287/932/1095
f 1287/932/1095 729/1435/1092 526/671/1094 730/1436/1097
f 731/1437/1096 1287/932/1095 730/1436/1097 527/672/1098
f 508/653/1022 692/1398/1021 1288/933/1099 733/1439/1100
f 692/1398/1021 507/652/1018 731/1437/1096 1288/933/1099
f 1288/933/1099 731/1437/1096 527/672/1098 732/1438/1101
f 733/1439/1100 1288/933/1099 732/1438/1101 528/673/1102
f 509/654/1026 694/1400/1025 1289/934/1103 735/1441/1104
f 694/1400/1025 508/653/1022 733/1439/1100 1289/934/1103
f 1289/934/1103 733/1439/1100 528/673/1102 734/1440/1105
f 735/1441/1104 1289/934/1103 734/1440/1105 529/674/1106
f 510/655/1030 696/1402/1029 1290/935/1107 737/1443/1108
f 696/1402/1029 509/654/1026 735/1441/1104 1290/935/1107
f 1290/935/1107 735/1441/1104 529/674/1106 736/1442/1109
f 737/1443/1108 1290/935/1107 736/1442/1109 530/675/1110
f 511/656/1034 698/1404/1033 1291/936/1111 739/1445/1112
f 698/1404/1033 510/655/1030 737/1443/1108 1291/936/1111
f 1291/936/1111 737/1443/1108 530/675/1110 738/1444/1113
f 739/1445/1112 1291/936/1111 738/1444/1113 531/676/1114
f 512/657/1038 700/1406/1037 1292/937/1115 741/1447/1116
f 700/1406/1037 511/656/1034 739/1445/1112 1292/937/1115
f 1292/937/1115 739/1445/1112 531/676/1114 740/1446/1117
f 741/1447/1116 1292/937/1115 740/1446/1117 532/677/1118
f 513/658/1042 702/1408/1041 1293/938/1119 743/1449/1120
f 702/1408/1041 512/657/1038 741/1447/1116 1293/938/1119
f 1293/938/1119 741/1447/1116 532/677/1118 742/1448/1121
f 743/1449/1120 1293/938/1119 742/1448/1121 533/678/1122
f 514/659/1046 704/1410/1045 1294/939/1123 745/1451/1124
f 704/1410/1045 513/658/1042 743/1449/1120 1294/939/1123
f 1294/939/1123 743/1449/1120 533/678/1122 744/1450/1125
f 745/1451/1124 1294/939/1123 744/1450/1125 534/679/1126
f 515/660/1050 706/1412/1049 1295/940/1127 747/1453/1128
f 706/1412/1049 514/659/1046 745/1451/1124 1295/940/1127
f 1295/940/1127 745/1451/1124 534/679/1126 746/1452/1129
f 747/1453/1128 1295/940/1127 746/1452/1129 535/680/1130
f 516/661/1054 708/1414/1053 1296/941/1131 749/1455/1132
f 708/1414/1053 515/660/1050 747/1453/1128 1296/941/1131
f 1296/941/1131 747/1453/1128 535/680/1130 748/1454/1133
f 749/1455/1132 1296/941/1131 748/1454/1133 536/681/1134
f 517/662/1058 710/1416/1057 1297/942/1135 751/1457/1136
f 710/1416/1057 516/661/1054 749/1455/1132 1297/942/1135
f 1297/942/1135 749/1455/1132 536/681/1134 750/1456/1137
f 751/1457/1136 1297/942/1135 750/1456/1137 537/682/1138
f 518/663/1062 712/1418/1061 1298/943/1139 753/1459/1140
f 712/1418/1061 517/662/1058 751/1457/1136 1298/943/1139
f 1298/943/1139 751/1457/1136 537/682/1138 752/1458/1141
f 753/1459/1140 1298/943/1139 752/1458/1141 538/683/1142
f 519/664/1066 714/1420/1065 1299/944/1143 755/1461/1144
f 714/1420/1065 518/663/1062 753/1459/1140 1299/944/1143
f 1299/944/1143 753/1459/1140 538/683/1142 754/1460/1145
f 755/1461/1144 1299/944/1143 754/1460/1145 539/684/1146
f 520/665/1070 716/1422/1069 1300/945/1147 757/1463/1148
f 716/1422/1069 519/664/1066 755/1461/1144 1300/945/1147
f 1300/945/1147 755/1461/1144 539/684/1146 756/1462/1149
f 757/1463/1148 1300/945/1147 756/1462/1149 540/685/1150
f 521/666/1074 718/1424/1073 1301/946/1151 759/1465/1152
f 718/1424/1073 520/665/1070 757/1463/1148 1301/946/1151
f 1301/946/1151 757/1463/1148 540/685/1150 758/1464/1153
f 759/1465/1152 1301/946/1151 758/1464/1153 541/686/1154
f 522/667/1078 720/1426/1077 1302/947/1155 761/1467/1156
f 720/1426/1077 521/666/1074 759/1465/1152 1302/947/1155
f 1302/947/1155 759/1465/1152 541/686/1154 760/1466/1157
f 761/1467/1156 1302/947/1155 760/1466/1157 542/687/1158
f 523/668/1082 722/1428/1081 1303/948/1159 763/1469/1160
f 722/1428/1081 522/667/1078 761/1467/1156 1303/948/1159
f 1303/948/1159 761/1467/1156 542/687/1158 762/1468/1161
f 763/1469/1160 1303/948/1159 762/1468/1161 543/688/1162
f 504/649/1008 724/1430/1084 1304/949/1163 725/1431/1087
f 724/1430/1084 523/668/1082 763/1469/1160 1304/949/1163
f 1304/949/1163 763/1469/1160 543/688/1162 764/1470/1164
f 725/1431/1087 1304/949/1163 764/1470/1164 524/669/1088
f 525/670/1090 726/1432/1089 1305/950/1165 767/1473/1166
f 726/1432/1089 524/669/1088 765/1471/1167 1305/950/1165
f 1305/950/1165 765/1471/1167 544/689/1168 766/1472/1169
f 767/1473/1166 1305/950/1165 766/1472/1169 545/690/1170
f 526/671/1094 728/1434/1093 1306/951/1171 769/1475/1172
f 728/1434/1093 525/670/1090 767/1473/1166 1306/951/1171
f 1306/951/1171 767/1473/1166 545/690/1170 768/1474/1173
f 769/1475/1172 1306/951/1171 768/1474/1173 546/691/1174
f 527/672/1098 730/1436/1097 1307/952/1175 771/1477/1176
f 730/1436/1097 526/671/1094 769/1475/1172 1307/952/1175
f 1307/952/1175 769/1475/1172 546/691/1174 770/1476/1177
f 771/1477/1176 1307/952/1175 770/1476/1177 547/692/1178
f 528/673/1102 732/1438/1101 1308/953/1179 773/1479/1180
f 732/1438/1101 527/672/1098 771/1477/1176 1308/953/1179
f 1308/953/1179 771/1477/1176 547/692/1178 772/1478/1181
f 773/1479/1180 1308/953/1179 772/1478/1181 548/693/1182
f 529/674/1106 734/1440/1105 1309/954/1183 775/1481/1184
f 734/1440/1105 528/673/1102 773/1479/1180 1309/954/1183
f 1309/954/1183 773/1479/1180 548/693/1182 774/1480/1185
f 775/1481/1184 1309/954/1183 774/1480/1185 549/694/1186
f 530/675/1110 736/1442/1109 1310/955/1187 777/1483/1188
f 736/1442/1109 529/674/1106 775/1481/1184 1310/955/1187
f 1310/955/1187 775/1481/1184 549/694/1186 776/1482/1189
f 777/1483/1188 1310/955/1187 776/1482/1189 550/695/1190
f 531/676/1114 738/1444/1113 1311/956/1191 779/1485/1192
f 738/1444/1113 530/675/1110 777/1483/1188 1311/956/1191
f 1311/956/1191 777/1483/1188 550/695/1190 778/1484/1193
f 779/1485/1192 1311/956/1191 778/1484/1193 551/696/1194
f 532/677/1118 740/1446/1117 1312/957/1195 781/1487/1196
f 740/1446/1117 531/676/1114 779/1485/1192 1312/957/1195
f 1312/957/1195 779/1485/1192 551/696/1194 780/1486/1197
f 781/1487/1196 1312/957/1195 780/1486/1197 552/697/1198
f 533/678/1122 742/1448/1121 1313/958/1199 783/1489/1200
f 742/1448/1121 532/677/1118 781/1487/1196 1313/958/1199
f 1313/958/1199 781/1487/1196 552/697/1198 782/1488/1201
f 783/1489/1200 1313/958/1199 782/1488/1201 553/698/1202
f 534/679/1126 744/1450/1125 1314/959/1203 785/1491/1204
f 744/1450/1125 533/678/1122 783/1489/1200 1314/959/1203
f 1314/959/1203 783/1489/1200 553/698/1202 784/1490/1205
f 785/1491/1204 1314/959/1203 784/1490/1205 554/699/1206
f 535/680/1130 746/1452/1129 1315/960/1207 787/1493/1208
f 746/1452/1129 534/679/1126 785/1491/1204 1315/960/1207
f 1315/960/1207 785/1491/1204 554/699/1206 786/1492/1209
f 787/1493/1208 1315/960/1207 786/1492/1209 555/700/1210
f 536/681/1134 748/1454/1133 1316/961/1211 789/1495/1212
f 748/1454/1133 535/680/1130 787/1493/1208 1316/961/1211
f 1316/961/1211 787/1493/1208 555/700/1210 788/1494/1213
f 789/1495/1212 1316/961/1211 788/1494/1213 556/701/1214
f 537/682/1138 750/1456/1137 1317/962/1215 791/1497/1216
f 750/1456/1137 536/681/1134 789/1495/1212 1317/962/1215
f 1317/962/1215 789/1495/1212 556/701/1214 790/1496/1217
f 791/1497/1216 1317/962/1215 790/1496/1217 557/702/1218
f 538/683/1142 752/1458/1141 1318/963/1219 793/1499/1220
f 752/1458/1141 537/682/1138 791/1497/1216 1318/963/1219
f 1318/963/1219 791/1497/1216 557/702/1218 792/1498/1221
f 793/1499/1220 1318/963/1219 792/1498/1221 558/703/1222
f 539/684/1146 754/1460/1145 1319/964/1223 795/1501/1224
f 754/1460/1145 538/683/1142 793/1499/1220 1319/964/1223
f 1319/964/1223 793/1499/1220 558/703/1222 794/1500/1225
f 795/1501/1224 1319/964/1223 794/1500/1225 559/704/1226
f 540/685/1150 756/1462/1149 1320/965/1227 797/1503/1228
f 756/1462/1149 539/684/1146 795/1501/1224 1320/965/1227
f 1320/965/1227 795/1501/1224 559/704/1226 796/1502/1229
f 797/1503/1228 1320/965/1227 796/1502/1229 560/705/1230
f 541/686/1154 758/1464/1153 1321/966/1231 799/1505/1232
f 758/1464/1153 540/685/1150 797/1503/1228 1321/966/1231
f 1321/966/1231 797/1503/1228 560/705/1230 798/1504/1233
f 799/1505/1232 1321/966/1231 798/1504/1233 561/706/1234
f 542/687/1158 760/1466/1157 1322/967/1235 801/1507/1236
f 760/1466/1157 541/686/1154 799/1505/1232 1322/967/1235
f 1322/967/1235 799/1505/1232 561/706/1234 800/1506/1237
f 801/1507/1236 1322/967/1235 800/1506/1237 562/707/1238
f 543/688/1162 762/1468/1161 1323/968/1239 803/1509/1240
f 762/1468/1161 542/687/1158 801/1507/1236 1323/968/1239
f 1323/968/1239 801/1507/1236 562/707/1238 802/1508/1241
f 803/1509/1240 1323/968/1239 802/1508/1241 563/708/1242
f 524/669/1088 764/1470/1164 1324/969/1243 765/1471/1167
f 764/1470/1164 543/688/1162 803/1509/1240 1324/969/1243
f 1324/969/1243 803/1509/1240 563/708/1242 804/1510/1244
f 765/1471/1167 1324/969/1243 804/1510/1244 544/689/1168
f 545/690/1170 766/1472/1169 1325/970/1245 807/1513/1246
f 766/1472/1169 544/689/1168 805/1511/1247 1325/970/1245
f 1325/970/1245 805/1511/1247 564/709/1248 806/1512/1249
f 807/1513/1246 1325/970/1245 806/1512/1249 565/710/1250
f 546/691/1174 768/1474/1173 1326/971/1251 809/1515/1252
f 768/1474/1173 545/690/1170 807/1513/1246 1326/971/1251
f 1326/971/1251 807/1513/1246 565/710/1250 808/1514/1253
f 809/1515/1252 1326/971/1251 808/1514/1253 566/711/1254
f 547/692/1178 770/1476/1177 1327/972/1255 811/1517/1256
f 770/1476/1177 546/691/1174 809/1515/1252 1327/972/1255
f 1327/972/1255 809/1515/1252 566/711/1254 810/1516/1257
f 811/1517/1256 1327/972/1255 810/1516/1257 567/712/1258
f 548/693/1182 772/1478/1181 1328/973/1259 813/1519/1260
f 772/1478/1181 547/692/1178 811/1517/1256 1328/973/1259
f 1328/973/1259 811/1517/1256 567/712/1258 812/1518/1261
f 813/1519/1260 1328/973/1259 812/1518/1261 568/713/1262
f 549/694/1186 774/1480/1185 1329/974/1263 815/1521/1264
f 774/1480/1185 548/693/1182 813/1519/1260 1329/974/1263
f 1329/974/1263 813/1519/1260 568/713/1262 814/1520/1265
f 815/1521/1264 1329/974/1263 814/1520/1265 569/714/1266
f 550/695/1190 776/1482/1189 1330/975/1267 817/1523/1268
f 776/1482/1189 549/694/1186 815/1521/1264 1330/975/1267
f 1330/975/1267 815/1521/1264 569/714/1266 816/1522/1269
f 817/1523/1268 1330/975/1267 816/1522/1269 570/715/1270
f 551/696/1194 778/1484/1193 1331/976/1271 819/1525/1272
f 778/1484/1193 550/695/1190 817/1523/1268 1331/976/1271
f 1331/976/1271 817/1523/1268 570/715/1270 818/1524/1273
f 819/1525/1272 1331/976/1271 818/1524/1273 571/716/1274
f 552/697/1198 780/1486/1197 1332/977/1275 821/1527/1276
f 780/1486/1197 551/696/1194 819/1525/1272 1332/977/1275
f 1332/977/1275 819/1525/1272 571/716/1274 820/1526/1277
f 821/1527/1276 1332/977/1275 820/1526/1277 572/717/1278
f 553/698/1202 782/1488/1201 1333/978/1279 823/1529/1280
f 782/1488/1201 552/697/1198 821/1527/1276 1333/978/1279
f 1333/978/1279 821/1527/1276 572/717/1278 822/1528/1281
f 823/1529/1280 1333/978/1279 822/1528/1281 573/718/1282
f 554/699/1206 784/1490/1205 1334/979/1283 825/1531/1284
f 784/1490/1205 553/698/1202 823/1529/1280 1334/979/1283
f 1334/979/1283 823/1529/1280 573/718/1282 824/1530/1285
f 825/1531/1284 1334/979/1283 824/1530/1285 574/719/1286
f 555/700/1210 786/1492/1209 1335/980/1287 827/1533/1288
f 786/1492/1209 554/699/1206 825/1531/1284 1335/980/1287
f 1335/980/1287 825/1531/1284 574/719/1286 826/1532/1289
f 827/1533/1288 1335/980/1287 826/1532/1289 575/720/1290
f 556/701/1214 788/1494/1213 1336/981/1291 829/1535/1292
f 788/1494/1213 555/700/1210 827/1533/1288 1336/981/1291
f 1336/981/1291 827/1533/1288 575/720/1290 828/1534/1293
f 829/1535/1292 1336/981/1291 828/1534/1293 576/721/1294
f 557/702/1218 790/1496/1217 1337/982/1295 831/1537/1296
f 790/1496/1217 556/701/1214 829/1535/1292 1337/982/1295
f 1337/982/1295 829/1535/1292 576/721/1294 830/1536/1297
f 831/1537/1296 1337/982/1295 830/1536/1297 577/722/1298
f 558/703/1222 792/1498/1221 1338/983/1299 833/1539/1300
f 792/1498/1221 557/702/1218 831/1537/1296 1338/983/1299
f 1338/983/1299 831/1537/1296 577/722/1298 832/1538/1301
f 833/1539/1300 1338/983/1299 832/1538/1301 578/723/1302
f 559/704/1226 794/1500/1225 1339/984/1303 835/1541/1304
f 794/1500/1225 558/703/1222 833/1539/1300 1339/984/1303
f 1339/984/1303 833/1539/1300 578/723/1302 834/1540/1305
f 835/1541/1304 1339/984/1303 834/1540/1305 579/724/1306
f 560/705/1230 796/1502/1229 1340/985/1307 837/1543/1308
f 796/1502/1229 559/704/1226 835/1541/1304 1340/985/1307
f 1340/985/1307 835/1541/1304 579/724/1306 836/1542/1309
f 837/1543/1308 1340/985/1307 836/1542/1309 580/725/1310
f 561/706/1234 798/1504/1233 1341/986/1311 839/1545/1312
f 798/1504/1233 560/705/1230 837/1543/1308 1341/986/1311
f 1341/986/1311 837/1543/1308 580/725/1310 838/1544/1313
f 839/1545/1312 1341/986/1311 838/1544/1313 581/726/1314
f 562/707/1238 800/1506/1237 1342/987/1315 841/1547/1316
f 800/1506/1237 561/706/1234 839/1545/1312 1342/987/1315
f 1342/987/1315 839/1545/1312 581/726/1314 840/1546/1317
f 841/1547/1316 1342/987/1315 840/1546/1317 582/727/1318
f 563/708/1242 802/1508/1241 1343/988/1319 843/1549/1320
f 802/1508/1241 562/707/1238 841/1547/1316 1343/988/1319
f 1343/988/1319 841/1547/1316 582/727/1318 842/1548/1321
f 843/1549/1320 1343/988/1319 842/1548/1321 583/728/1322
f 544/689/1168 804/1510/1244 1344/989/1323 805/1511/1247
f 804/1510/1244 563/708/1242 843/1549/1320 1344/989/1323
f 1344/989/1323 843/1549/1320 583/728/1322 844/1550/1324
f 805/1511/1247 1344/989/1323 844/1550/1324 564/709/1248
f 565/710/1250 806/1512/1249 1345/990/1325 846/1552/1326
f 806/1512/1249 564/709/1248 845/1551/1327 1345/990/1325
f 1345/990/1325 845/1551/1327 584/729/367 865/1010/364
f 846/1552/1326 1345/990/1325 865/1010/364 585/730/363
f 566/711/1254 808/1514/1253 1346/991/1328 847/1553/1329
f 808/1514/1253 565/710/1250 846/1552/1326 1346/991/1328
f 1346/991/1328 846/1552/1326 585/730/363 868/1013/371
f 847/1553/1329 1346/991/1328 868/1013/371 587/732/370
f 567/712/1258 810/1516/1257 1347/992/1330 848/1554/1331
f 810/1516/1257 566/711/1254 847/1553/1329 1347/992/1330
f 1347/992/1330 847/1553/1329 587/732/370 870/1015/375
f 848/1554/1331 1347/992/1330 870/1015/375 588/733/374
f 568/713/1262 812/1518/1261 1348/993/1332 849/1555/1333
f 812/1518/1261 567/712/1258 848/1554/1331 1348/993/1332
f 1348/993/1332 848/1554/1331 588/733/374 872/1017/379
f 849/1555/1333 1348/993/1332 872/1017/379 589/734/378
f 569/714/1266 814/1520/1265 1349/994/1334 850/1556/1335
f 814/1520/1265 568/713/1262 849/1555/1333 1349/994/1334
f 1349/994/1334 849/1555/1333 589/734/378 874/1019/383
f 850/1556/1335 1349/994/1334 874/1019/383 590/735/382
f 570/715/1270 816/1522/1269 1350/995/1336 851/1557/1337
f 816/1522/1269 569/714/1266 850/1556/1335 1350/995/1336
f 1350/995/1336 850/1556/1335 590/735/382 876/1021/387
f 851/1557/1337 1350/995/1336 876/1021/387 591/736/386
f 571/716/1274 818/1524/1273 1351/996/1338 852/1558/1339
f 818/1524/1273 570/715/1270 851/1557/1337 1351/996/1338
f 1351/996/1338 851/1557/1337 591/736/386 878/1023/391
f 852/1558/1339 1351/996/1338 878/1023/391 592/737/390
f 572/717/1278 820/1526/1277 1352/997/1340 853/1559/1341
f 820/1526/1277 571/716/1274 852/1558/1339 1352/997/1340
f 1352/997/1340 852/1558/1339 592/737/390 880/1025/395
f 853/1559/1341 1352/997/1340 880/1025/395 593/738/394
f 573/718/1282 822/1528/1281 1353/998/1342 854/1560/1343
f 822/1528/1281 572/717/1278 853/1559/1341 1353/998/1342
f 1353/998/1342 853/1559/1341 593/738/394 882/1027/399
f 854/1560/1343 1353/998/1342 882/1027/399 594/739/398
f 574/719/1286 824/1530/1285 1354/999/1344 855/1561/1345
f 824/1530/1285 573/718/1282 854/1560/1343 1354/999/1344
f 1354/999/1344 854/1560/1343 594/739/398 884/1029/403
f 855/1561/1345 1354/999/1344 884/1029/403 595/740/402
f 575/720/1290 826/1532/1289 1355/1000/1346 856/1562/1347
f 826/1532/1289 574/719/1286 855/1561/1345 1355/1000/1346
f 1355/1000/1346 855/1561/1345 595/740/402 886/1031/407
f 856/1562/1347 1355/1000/1346 886/1031/407 596/741/406
f 576/721/1294 828/1534/1293 1356/1001/1348 857/1563/1349
f 828/1534/1293 575/720/1290 856/1562/1347 1356/1001/1348
f 1356/1001/1348 856/1562/1347 596/741/406 888/1033/411
f 857/1563/1349 1356/1001/1348 888/1033/411 597/742/410
f 577/722/1298 830/1536/1297 1357/1002/1350 858/1564/1351
f 830/1536/1297 576/721/1294 857/1563/1349 1357/1002/1350
f 1357/1002/1350 857/1563/1349 597/742/410 890/1035/415
f 858/1564/1351 1357/1002/1350 890/1035/415 598/743/414
f 578/723/1302 832/1538/1301 1358/1003/1352 859/1565/1353
f 832/1538/1301 577/722/1298 858/1564/1351 1358/1003/1352
f 1358/1003/1352 858/1564/1351 598/743/414 892/1037/419
f 859/1565/1353 1358/1003/1352 892/1037/419 599/744/418
f 579/724/1306 834/1540/1305 1359/1004/1354 860/1566/1355
f 834/1540/1305 578/723/1302 859/1565/1353 1359/1004/1354
f 1359/1004/1354 859/1565/1353 599/744/418 894/1039/423
f 860/1566/1355 1359/1004/1354 894/1039/423 600/745/422
f 580/725/1310 836/1542/1309 1360/1005/1356 861/1567/1357
f 836/1542/1309 579/724/1306 860/1566/1355 1360/1005/1356
f 1360/1005/1356 860/1566/1355 600/745/422 896/1041/427
f 861/1567/1357 1360/1005/1356 896/1041/427 601/746/426
f 581/726/1314 838/1544/1313 1361/1006/1358 862/1568/1359
f 838/1544/1313 580/725/1310 861/1567/1357 1361/1006/1358
f 1361/1006/1358 861/1567/1357 601/746/426 898/1043/431
f 862/1568/1359 1361/1006/1358 898/1043/431 602/747/430
f 582/727/1318 840/1546/1317 1362/1007/1360 863/1569/1361
f 840/1546/1317 581/726/1314 862/1568/1359 1362/1007/1360
f 1362/1007/1360 862/1568/1359 602/747/430 900/1045/435
f 863/1569/1361 1362/1007/1360 900/1045/435 603/748/434
f 583/728/1322 842/1548/1321 1363/1008/1362 864/1570/1363
f 842/1548/1321 582/727/1318 863/1569/1361 1363/1008/1362
f 1363/1008/1362 863/1569/1361 603/748/434 902/1047/439
f 864/1570/1363 1363/1008/1362 902/1047/439 604/749/438
f 564/709/1248 844/1550/1324 1364/1009/1364 845/1551/1327
f 844/1550/1324 583/728/1322 864/1570/1363 1364/1009/1364
f 1364/1009/1364 864/1570/1363 604/749/438 904/1049/442
f 845/1551/1327 1364/1009/1364 904/1049/442 584/729/367
g default
v 18.522703 0.130499 -0.362561
v 18.356052 0.130499 -0.689633
v 18.096487 0.130499 -0.949198
v 17.769415 0.130499 -1.115849
v 17.406854 0.130499 -1.173273
v 17.044293 0.130499 -1.115849
v 16.717221 0.130499 -0.949198
v 16.457656 0.130499 -0.689633
v 16.291005 0.130499 -0.362561
v 16.233581 0.130499 -0.000000
v 16.291005 0.130499 0.362561
v 16.457656 0.130499 0.689632
v 16.717222 0.130499 0.949198
v 17.044293 0.130499 1.115849
v 17.406854 0.130499 1.173273
v 17.769415 0.130499 1.115848
v 18.096486 0.130499 0.949197
v 18.356052 0.130499 0.689632
v 18.522703 0.130499 0.362561
v 18.580127 0.130499 -0.000000
v 19.168501 5.643922 -0.572394
v 18.905400 5.643922 -1.088757
v 18.495611 5.643922 -1.498546
v 17.979248 5.643922 -1.761646
v 17.406854 5.643922 -1.852304
v 16.834461 5.643922 -1.761646
v 16.318097 5.643922 -1.498546
v 15.908308 5.643922 -1.088757
v 15.645208 5.643922 -0.572393
v 15.554550 5.643922 0.000000
v 15.645208 5.643922 0.572393
v 15.908309 5.643922 1.088757
v 16.318097 5.643922 1.498545
v 16.834461 5.643922 1.761646
v 17.406854 5.643922 1.852304
v 17.979247 5.643922 1.761646
v 18.495611 5.643922 1.498545
v 18.905399 5.643922 1.088757
v 19.168500 5.643922 0.572393
v 19.259158 5.643922 -0.000000
v 17.406854 -0.788404 -0.000000
v 18.983479 5.694095 -0.512277
v 18.748012 5.694095 -0.974408
v 18.381262 5.694095 -1.341157
v 17.919131 5.694095 -1.576625
v 17.406854 5.694095 -1.657761
v 16.894578 5.694095 -1.576625
v 16.432446 5.694095 -1.341157
v 16.065697 5.694095 -0.974407
v 15.830230 5.694095 -0.512276
v 15.749093 5.694095 -0.000000
v 15.830230 5.694095 0.512276
v 16.065697 5.694095 0.974407
v 16.432447 5.694095 1.341157
v 16.894578 5.694095 1.576624
v 17.406854 5.694095 1.657761
v 17.919130 5.694095 1.576624
v 18.381261 5.694095 1.341156
v 18.748010 5.694095 0.974407
v 18.983478 5.694095 0.512276
v 19.064615 5.694095 0.000000
v 18.279826 0.481712 -0.283646
v 18.149448 0.481712 -0.539526
v 17.406854 -0.387017 -0.000000
v 17.946380 0.481712 -0.742594
v 17.690500 0.481712 -0.872972
v 17.406854 0.481712 -0.917897
v 17.123208 0.481712 -0.872971
v 16.867328 0.481712 -0.742594
v 16.664260 0.481712 -0.539526
v 16.533883 0.481712 -0.283646
v 16.488958 0.481712 -0.000000
v 16.533883 0.481712 0.283645
v 16.664260 0.481712 0.539526
v 16.867328 0.481712 0.742594
v 17.123208 0.481712 0.872971
v 17.406854 0.481712 0.917896
v 17.690499 0.481712 0.872971
v 17.946380 0.481712 0.742593
v 18.149448 0.481712 0.539525
v 18.279825 0.481712 0.283646
v 18.324750 0.481712 0.000000
v 18.241759 0.481712 -0.425406
v 17.835936 -0.387018 -0.311747
v 17.911270 -0.387018 -0.163895
v 18.069438 0.481712 -0.662584
v 17.718600 -0.387018 -0.429082
v 17.832259 0.481712 -0.834904
v 17.570749 -0.387018 -0.504416
v 17.553439 0.481712 -0.925499
v 17.406854 -0.387018 -0.530375
v 17.260269 0.481712 -0.925499
v 17.242959 -0.387018 -0.504416
v 16.981449 0.481712 -0.834904
v 17.095107 -0.387018 -0.429082
v 16.744270 0.481712 -0.662584
v 16.977772 -0.387018 -0.311746
v 16.571949 0.481712 -0.425405
v 16.902438 -0.387018 -0.163895
v 16.481355 0.481712 -0.146585
v 16.876479 -0.387018 -0.000000
v 16.481355 0.481712 0.146584
v 16.902438 -0.387018 0.163895
v 16.571950 0.481712 0.425405
v 16.977772 -0.387018 0.311746
v 16.744270 0.481712 0.662584
v 17.095108 -0.387018 0.429082
v 16.981449 0.481712 0.834904
v 17.242959 -0.387018 0.504416
v 17.260269 0.481712 0.925498
v 17.406854 -0.387018 0.530374
v 17.553438 0.481712 0.925498
v 17.570749 -0.387018 0.504416
v 17.832259 0.481712 0.834904
v 17.718600 -0.387018 0.429082
v 18.069438 0.481712 0.662583
v 17.835936 -0.387018 0.311746
v 18.241758 0.481712 0.425405
v 17.911270 -0.387018 0.163895
v 18.332352 0.481712 0.146585
v 17.937229 -0.387018 0.000000
v 18.332353 0.481712 -0.146585
v 18.907497 6.562825 -1.090280
v 18.883817 5.694095 -0.752550
v 19.170965 6.562825 -0.573194
v 18.497135 6.562825 -1.500642
v 18.578979 5.694095 -1.172125
v 17.980048 6.562825 -1.764111
v 18.159404 5.694095 -1.476963
v 17.406854 6.562825 -1.854896
v 17.666165 5.694095 -1.637226
v 16.833660 6.562825 -1.764110
v 17.147543 5.694095 -1.637226
v 16.316574 6.562825 -1.500642
v 16.654304 5.694095 -1.476963
v 15.906212 6.562825 -1.090280
v 16.234730 5.694095 -1.172124
v 15.642744 6.562825 -0.573194
v 15.929892 5.694095 -0.752550
v 15.551959 6.562825 0.000000
v 15.769628 5.694095 -0.259311
v 15.642744 6.562825 0.573194
v 15.769628 5.694095 0.259311
v 15.906212 6.562825 1.090280
v 15.929892 5.694095 0.752550
v 16.316574 6.562825 1.500642
v 16.234730 5.694095 1.172124
v 16.833660 6.562825 1.764110
v 16.654304 5.694095 1.476963
v 17.406854 6.562825 1.854895
v 17.147543 5.694095 1.637225
v 17.980048 6.562825 1.764110
v 17.666165 5.694095 1.637225
v 18.497134 6.562825 1.500641
v 18.159404 5.694095 1.476962
v 18.907495 6.562825 1.090280
v 18.578978 5.694095 1.172124
v 19.170964 6.562825 0.573194
v 18.883816 5.694095 0.752550
v 19.261749 6.562825 -0.000000
v 19.044079 5.694095 0.259311
v 19.044080 5.694095 -0.259311
v 18.474401 3.087904 -0.775618
v 18.661831 3.087904 -0.407767
v 18.182472 3.087904 -1.067547
v 17.814621 3.087904 -1.254976
v 17.406854 3.087904 -1.319560
v 16.999087 3.087904 -1.254976
v 16.631236 3.087904 -1.067546
v 16.339307 3.087904 -0.775618
v 16.151878 3.087904 -0.407767
v 16.087294 3.087904 -0.000000
v 16.151878 3.087904 0.407766
v 16.339307 3.087904 0.775618
v 16.631236 3.087904 1.067546
v 16.999088 3.087904 1.254976
v 17.406854 3.087904 1.319560
v 17.814620 3.087904 1.254976
v 18.182472 3.087904 1.067546
v 18.474400 3.087904 0.775617
v 18.661830 3.087904 0.407767
v 18.726414 3.087904 0.000000
v 18.474739 0.130499 -0.544115
v 18.694267 2.887210 -0.935360
v 19.057143 5.643922 -0.840864
v 18.920299 2.887210 -0.491748
v 18.254332 0.130499 -0.847478
v 18.342214 2.887210 -1.287413
v 18.716531 5.643922 -1.309677
v 17.950969 0.130499 -1.067885
v 17.898602 2.887210 -1.513444
v 18.247718 5.643922 -1.650289
v 17.594343 0.130499 -1.183760
v 17.406854 2.887210 -1.591329
v 17.696596 5.643922 -1.829359
v 17.219365 0.130499 -1.183760
v 16.915106 2.887210 -1.513444
v 17.117112 5.643922 -1.829359
v 16.862740 0.130499 -1.067885
v 16.471494 2.887210 -1.287412
v 16.565990 5.643922 -1.650289
v 16.559376 0.130499 -0.847478
v 16.119442 2.887210 -0.935360
v 16.097178 5.643922 -1.309676
v 16.338969 0.130499 -0.544115
v 15.893410 2.887210 -0.491748
v 15.756566 5.643922 -0.840864
v 16.223095 0.130499 -0.187489
v 15.815525 2.887210 -0.000000
v 15.577495 5.643922 -0.289742
v 16.223095 0.130499 0.187489
v 15.893410 2.887210 0.491748
v 15.577495 5.643922 0.289742
v 16.338969 0.130499 0.544114
v 16.119442 2.887210 0.935360
v 15.756566 5.643922 0.840864
v 16.559376 0.130499 0.847478
v 16.471494 2.887210 1.287412
v 16.097178 5.643922 1.309676
v 16.862740 0.130499 1.067885
v 16.915106 2.887210 1.513444
v 16.565990 5.643922 1.650288
v 17.219365 0.130499 1.183759
v 17.406854 2.887210 1.591329
v 17.117112 5.643922 1.829359
v 17.594343 0.130499 1.183759
v 17.898602 2.887210 1.513443
v 17.696596 5.643922 1.829358
v 17.950968 0.130499 1.067884
v 18.342214 2.887210 1.287412
v 18.247718 5.643922 1.650288
v 18.254332 0.130499 0.847478
v 18.694266 2.887210 0.935359
v 18.716530 5.643922 1.309676
v 18.474739 0.130499 0.544114
v 18.920298 2.887210 0.491748
v 19.057142 5.643922 0.840864
v 18.590613 0.130499 0.187489
v 18.998183 2.887210 -0.000000
v 19.236212 5.643922 0.289742
v 18.590614 0.130499 -0.187489
v 19.236213 5.643922 -0.289742
v 18.535264 -0.788405 -0.355102
v 18.366736 -0.788405 -0.675445
v 18.104250 -0.788405 -0.929670
v 17.773496 -0.788405 -1.092893
v 17.406854 -0.788405 -1.149136
v 17.040212 -0.788405 -1.092893
v 16.709459 -0.788405 -0.929670
v 16.446972 -0.788405 -0.675445
v 16.278445 -0.788405 -0.355102
v 16.220375 -0.788405 -0.000000
v 16.278445 -0.788405 0.355102
v 16.446972 -0.788405 0.675445
v 16.709459 -0.788405 0.929670
v 17.040212 -0.788405 1.092893
v 17.406854 -0.788405 1.149135
v 17.773496 -0.788405 1.092893
v 18.104249 -0.788405 0.929670
v 18.366736 -0.788405 0.675445
v 18.535263 -0.788405 0.355102
v 18.593333 -0.788405 -0.000000
v 18.824630 2.887210 -0.722393
v 18.532008 2.887210 -1.125154
v 18.129247 2.887210 -1.417776
v 17.655774 2.887210 -1.571617
v 17.157934 2.887210 -1.571617
v 16.684461 2.887210 -1.417776
v 16.281701 2.887210 -1.125153
v 15.989078 2.887210 -0.722393
v 15.835237 2.887210 -0.248920
v 15.835237 2.887210 0.248920
v 15.989078 2.887210 0.722393
v 16.281701 2.887210 1.125153
v 16.684461 2.887210 1.417776
v 17.157934 2.887210 1.571616
v 17.655774 2.887210 1.571616
v 18.129247 2.887210 1.417775
v 18.532007 2.887210 1.125153
v 18.824630 2.887210 0.722393
v 18.978470 2.887210 0.248920
v 18.978471 2.887210 -0.248920
v 18.454172 -0.788405 -0.516839
v 18.238010 -0.788405 -0.804995
v 17.940489 -0.788405 -1.014353
v 17.590732 -0.788405 -1.124419
v 17.222976 -0.788405 -1.124419
v 16.873219 -0.788405 -1.014353
v 16.575698 -0.788405 -0.804995
v 16.359537 -0.788405 -0.516839
v 16.245894 -0.788405 -0.178091
v 16.245894 -0.788405 0.178090
v 16.359537 -0.788405 0.516839
v 16.575699 -0.788405 0.804995
v 16.873219 -0.788405 1.014353
v 17.222976 -0.788405 1.124419
v 17.590732 -0.788405 1.124419
v 17.940489 -0.788405 1.014353
v 18.238009 -0.788405 0.804995
v 18.454171 -0.788405 0.516839
v 18.567814 -0.788405 0.178090
v 18.567814 -0.788405 -0.178091
v 17.947847 -0.387018 -0.275650
v 17.836188 -0.387018 -0.429334
v 17.682504 -0.387018 -0.540993
v 17.501836 -0.387018 -0.599695
v 17.311872 -0.387018 -0.599695
v 17.131204 -0.387018 -0.540993
v 16.977519 -0.387018 -0.429334
v 16.865861 -0.387018 -0.275650
v 16.807159 -0.387018 -0.094982
v 16.807159 -0.387018 0.094982
v 16.865861 -0.387018 0.275649
v 16.977520 -0.387018 0.429334
v 17.131204 -0.387018 0.540993
v 17.311872 -0.387018 0.599695
v 17.501836 -0.387018 0.599695
v 17.682503 -0.387018 0.540992
v 17.836188 -0.387018 0.429334
v 17.947847 -0.387018 0.275650
v 18.006549 -0.387018 0.094983
v 18.006549 -0.387018 -0.094982
v 19.059452 6.562825 -0.842040
v 18.718363 6.562825 -1.311509
v 18.248895 6.562825 -1.652597
v 17.697001 6.562825 -1.831918
v 17.116707 6.562825 -1.831918
v 16.564814 6.562825 -1.652597
v 16.095346 6.562825 -1.311508
v 15.754257 6.562825 -0.842040
v 15.574936 6.562825 -0.290147
v 15.574936 6.562825 0.290147
v 15.754257 6.562825 0.842040
v 16.095346 6.562825 1.311508
v 16.564814 6.562825 1.652597
v 17.116707 6.562825 1.831918
v 17.697001 6.562825 1.831918
v 18.248894 6.562825 1.652597
v 18.718362 6.562825 1.311508
v 19.059451 6.562825 0.842040
v 19.238771 6.562825 0.290147
v 19.238772 6.562825 -0.290147
v 18.582501 3.087904 -0.599022
v 18.339853 3.087904 -0.932998
v 18.005876 3.087904 -1.175647
v 17.613263 3.087904 -1.303214
v 17.200445 3.087904 -1.303214
v 16.807832 3.087904 -1.175646
v 16.473856 3.087904 -0.932998
v 16.231208 3.087904 -0.599022
v 16.103640 3.087904 -0.206409
v 16.103640 3.087904 0.206409
v 16.231208 3.087904 0.599022
v 16.473856 3.087904 0.932998
v 16.807832 3.087904 1.175646
v 17.200445 3.087904 1.303214
v 17.613263 3.087904 1.303214
v 18.005876 3.087904 1.175646
v 18.339852 3.087904 0.932998
v 18.582500 3.087904 0.599022
v 18.710068 3.087904 0.206409
v 18.710068 3.087904 -0.206409
vt 0.375000 0.312500
vt 0.625000 0.312500
vt 0.648603 0.107966
vt 0.387500 0.312500
vt 0.626409 0.064408
vt 0.400000 0.312500
vt 0.591842 0.029841
vt 0.412500 0.312500
vt 0.548284 0.007647
vt 0.425000 0.312500
vt 0.500000 -0.000000
vt 0.437500 0.312500
vt 0.451716 0.007647
vt 0.450000 0.312500
vt 0.408159 0.029841
vt 0.462500 0.312500
vt 0.373591 0.064409
vt 0.475000 0.312500
vt 0.351397 0.107966
vt 0.487500 0.312500
vt 0.343750 0.156250
vt 0.500000 0.312500
vt 0.351397 0.204534
vt 0.512500 0.312500
vt 0.373591 0.248091
vt 0.525000 0.312500
vt 0.408159 0.282659
vt 0.537500 0.312500
vt 0.451716 0.304853
vt 0.550000 0.312500
vt 0.500000 0.312500
vt 0.562500 0.312500
vt 0.548284 0.304853
vt 0.575000 0.312500
vt 0.591841 0.282659
vt 0.587500 0.312500
vt 0.626409 0.248091
vt 0.600000 0.312500
vt 0.648603 0.204534
vt 0.612500 0.312500
vt 0.656250 0.156250
vt 0.375000 0.687500
vt 0.648603 0.892034
vt 0.625000 0.687500
vt 0.387500 0.687500
vt 0.626409 0.935591
vt 0.400000 0.687500
vt 0.591841 0.970159
vt 0.412500 0.687500
vt 0.548284 0.992353
vt 0.425000 0.687500
vt 0.500000 1.000000
vt 0.437500 0.687500
vt 0.451716 0.992353
vt 0.450000 0.687500
vt 0.408159 0.970159
vt 0.462500 0.687500
vt 0.373591 0.935591
vt 0.475000 0.687500
vt 0.351397 0.892034
vt 0.487500 0.687500
vt 0.343750 0.843750
vt 0.500000 0.687500
vt 0.351397 0.795466
vt 0.512500 0.687500
vt 0.373591 0.751909
vt 0.525000 0.687500
vt 0.408159 0.717341
vt 0.537500 0.687500
vt 0.451716 0.695147
vt 0.550000 0.687500
vt 0.500000 0.687500
vt 0.562500 0.687500
vt 0.548284 0.695147
vt 0.575000 0.687500
vt 0.591842 0.717341
vt 0.587500 0.687500
vt 0.626409 0.751908
vt 0.600000 0.687500
vt 0.648603 0.795466
vt 0.612500 0.687500
vt 0.656250 0.843750
vt 0.500000 0.156250
vt 0.646784 0.891443
vt 0.624862 0.934468
vt 0.590718 0.968612
vt 0.547693 0.990534
vt 0.500000 0.998088
vt 0.452307 0.990534
vt 0.409282 0.968612
vt 0.375138 0.934468
vt 0.353216 0.891443
vt 0.345662 0.843750
vt 0.353216 0.796057
vt 0.375138 0.753032
vt 0.409282 0.718888
vt 0.452307 0.696966
vt 0.500000 0.689412
vt 0.547693 0.696966
vt 0.590718 0.718888
vt 0.624862 0.753032
vt 0.646784 0.796057
vt 0.654338 0.843750
vt 0.631456 0.886463
vt 0.611823 0.924995
vt 0.500000 0.843750
vt 0.581245 0.955574
vt 0.542713 0.975206
vt 0.500000 0.981971
vt 0.457287 0.975206
vt 0.418755 0.955573
vt 0.388177 0.924995
vt 0.368544 0.886463
vt 0.361779 0.843750
vt 0.368544 0.801037
vt 0.388177 0.762505
vt 0.418755 0.731927
vt 0.457287 0.712294
vt 0.500000 0.705528
vt 0.542713 0.712294
vt 0.581245 0.731926
vt 0.611824 0.762505
vt 0.631456 0.801037
vt 0.638221 0.843750
vt 0.381250 0.500000
vt 0.393750 0.500000
vt 0.406250 0.500000
vt 0.418750 0.500000
vt 0.431250 0.500000
vt 0.443750 0.500000
vt 0.456250 0.500000
vt 0.468750 0.500000
vt 0.481250 0.500000
vt 0.493750 0.500000
vt 0.506250 0.500000
vt 0.518750 0.500000
vt 0.531250 0.500000
vt 0.543750 0.500000
vt 0.556250 0.500000
vt 0.568750 0.500000
vt 0.581250 0.500000
vt 0.593750 0.500000
vt 0.606250 0.500000
vt 0.618750 0.500000
vt 0.591671 0.109542
vt 0.572750 0.083500
vt 0.546709 0.064579
vt 0.516095 0.054632
vt 0.483905 0.054632
vt 0.453292 0.064579
vt 0.427250 0.083500
vt 0.408329 0.109542
vt 0.398382 0.140155
vt 0.398382 0.172345
vt 0.408329 0.202958
vt 0.427250 0.229000
vt 0.453292 0.247921
vt 0.483905 0.257868
vt 0.516095 0.257868
vt 0.546708 0.247921
vt 0.572750 0.229000
vt 0.591671 0.202958
vt 0.601618 0.172345
vt 0.601618 0.140155
vt 0.591671 0.890458
vt 0.572750 0.916500
vt 0.546708 0.935421
vt 0.516095 0.945368
vt 0.483905 0.945368
vt 0.453292 0.935421
vt 0.427250 0.916500
vt 0.408329 0.890458
vt 0.398382 0.859845
vt 0.398382 0.827655
vt 0.408329 0.797042
vt 0.427250 0.771000
vt 0.453292 0.752079
vt 0.483905 0.742132
vt 0.516095 0.742132
vt 0.546709 0.752079
vt 0.572750 0.771000
vt 0.591671 0.797042
vt 0.601618 0.827655
vt 0.601618 0.859845
vt 0.637506 0.913813
vt 0.609125 0.952875
vt 0.570063 0.981256
vt 0.524142 0.996176
vt 0.475858 0.996176
vt 0.429937 0.981256
vt 0.390875 0.952875
vt 0.362494 0.913813
vt 0.347574 0.867892
vt 0.347574 0.819608
vt 0.362494 0.773687
vt 0.390875 0.734625
vt 0.429937 0.706244
vt 0.475858 0.691324
vt 0.524142 0.691324
vt 0.570063 0.706244
vt 0.609125 0.734625
vt 0.637506 0.773687
vt 0.652426 0.819608
vt 0.652426 0.867892
vt 0.637506 0.913813
vt 0.609125 0.952875
vt 0.570063 0.981256
vt 0.524142 0.996176
vt 0.475858 0.996176
vt 0.429937 0.981256
vt 0.390875 0.952875
vt 0.362494 0.913813
vt 0.347574 0.867892
vt 0.347574 0.819608
vt 0.362494 0.773687
vt 0.390875 0.734625
vt 0.429937 0.706244
vt 0.475858 0.691324
vt 0.524142 0.691324
vt 0.570063 0.706244
vt 0.609125 0.734625
vt 0.637506 0.773687
vt 0.652426 0.819608
vt 0.652426 0.867892
vt 0.381250 0.312500
vt 0.637506 0.086187
vt 0.387500 0.500000
vt 0.381250 0.687500
vt 0.637506 0.913813
vt 0.375000 0.500000
vt 0.625000 0.500000
vt 0.393750 0.312500
vt 0.609125 0.047125
vt 0.400000 0.500000
vt 0.393750 0.687500
vt 0.609125 0.952875
vt 0.406250 0.312500
vt 0.570063 0.018744
vt 0.412500 0.500000
vt 0.406250 0.687500
vt 0.570063 0.981256
vt 0.418750 0.312500
vt 0.524142 0.003824
vt 0.425000 0.500000
vt 0.418750 0.687500
vt 0.524142 0.996176
vt 0.431250 0.312500
vt 0.475858 0.003824
vt 0.437500 0.500000
vt 0.431250 0.687500
vt 0.475858 0.996176
vt 0.443750 0.312500
vt 0.429937 0.018744
vt 0.450000 0.500000
vt 0.443750 0.687500
vt 0.429937 0.981256
vt 0.456250 0.312500
vt 0.390875 0.047125
vt 0.462500 0.500000
vt 0.456250 0.687500
vt 0.390875 0.952875
vt 0.468750 0.312500
vt 0.362494 0.086187
vt 0.475000 0.500000
vt 0.468750 0.687500
vt 0.362494 0.913813
vt 0.481250 0.312500
vt 0.347574 0.132108
vt 0.487500 0.500000
vt 0.481250 0.687500
vt 0.347574 0.867892
vt 0.493750 0.312500
vt 0.347574 0.180392
vt 0.500000 0.500000
vt 0.493750 0.687500
vt 0.347574 0.819608
vt 0.506250 0.312500
vt 0.362494 0.226313
vt 0.512500 0.500000
vt 0.506250 0.687500
vt 0.362494 0.773687
vt 0.518750 0.312500
vt 0.390875 0.265375
vt 0.525000 0.500000
vt 0.518750 0.687500
vt 0.390875 0.734625
vt 0.531250 0.312500
vt 0.429937 0.293756
vt 0.537500 0.500000
vt 0.531250 0.687500
vt 0.429937 0.706244
vt 0.543750 0.312500
vt 0.475858 0.308676
vt 0.550000 0.500000
vt 0.543750 0.687500
vt 0.475858 0.691324
vt 0.556250 0.312500
vt 0.524142 0.308676
vt 0.562500 0.500000
vt 0.556250 0.687500
vt 0.524142 0.691324
vt 0.568750 0.312500
vt 0.570063 0.293756
vt 0.575000 0.500000
vt 0.568750 0.687500
vt 0.570063 0.706244
vt 0.581250 0.312500
vt 0.609125 0.265375
vt 0.587500 0.500000
vt 0.581250 0.687500
vt 0.609125 0.734625
vt 0.593750 0.312500
vt 0.637506 0.226313
vt 0.600000 0.500000
vt 0.593750 0.687500
vt 0.637506 0.773687
vt 0.606250 0.312500
vt 0.652426 0.180392
vt 0.612500 0.500000
vt 0.606250 0.687500
vt 0.652426 0.819608
vt 0.618750 0.312500
vt 0.652426 0.132108
vt 0.618750 0.687500
vt 0.652426 0.867892
vt 0.585473 0.128478
vt 0.572707 0.103425
vt 0.552825 0.083543
vt 0.527772 0.070777
vt 0.500000 0.066379
vt 0.472228 0.070777
vt 0.447175 0.083543
vt 0.427293 0.103425
vt 0.414527 0.128478
vt 0.410129 0.156250
vt 0.414527 0.184022
vt 0.427293 0.209075
vt 0.447175 0.228957
vt 0.472228 0.241723
vt 0.500000 0.246121
vt 0.527772 0.241723
vt 0.552825 0.228957
vt 0.572707 0.209075
vt 0.585473 0.184022
vt 0.589871 0.156250
vt 0.626047 0.907974
vt 0.572707 0.896575
vt 0.585473 0.871522
vt 0.600031 0.943781
vt 0.552825 0.916457
vt 0.564224 0.969797
vt 0.527772 0.929223
vt 0.522130 0.983474
vt 0.500000 0.933621
vt 0.477870 0.983474
vt 0.472228 0.929223
vt 0.435776 0.969797
vt 0.447175 0.916457
vt 0.399969 0.943781
vt 0.427293 0.896575
vt 0.373953 0.907974
vt 0.414527 0.871522
vt 0.360276 0.865880
vt 0.410129 0.843750
vt 0.360276 0.821620
vt 0.414527 0.815978
vt 0.373953 0.779526
vt 0.427293 0.790925
vt 0.399969 0.743719
vt 0.447175 0.771043
vt 0.435776 0.717703
vt 0.472228 0.758277
vt 0.477870 0.704026
vt 0.500000 0.753879
vt 0.522130 0.704026
vt 0.527772 0.758277
vt 0.564224 0.717703
vt 0.552825 0.771043
vt 0.600031 0.743719
vt 0.572707 0.790925
vt 0.626047 0.779526
vt 0.585473 0.815978
vt 0.639724 0.821620
vt 0.589871 0.843750
vt 0.639724 0.865880
vt 0.624862 0.934468
vt 0.637506 0.913813
vt 0.646784 0.891443
vt 0.590718 0.968612
vt 0.609125 0.952875
vt 0.547693 0.990534
vt 0.570063 0.981256
vt 0.500000 0.998088
vt 0.524142 0.996176
vt 0.452307 0.990534
vt 0.475858 0.996176
vt 0.409282 0.968612
vt 0.429937 0.981256
vt 0.375138 0.934468
vt 0.390875 0.952875
vt 0.353216 0.891443
vt 0.362494 0.913813
vt 0.345662 0.843750
vt 0.347574 0.867892
vt 0.353216 0.796057
vt 0.347574 0.819608
vt 0.375138 0.753032
vt 0.362494 0.773687
vt 0.409282 0.718888
vt 0.390875 0.734625
vt 0.452307 0.696966
vt 0.429937 0.706244
vt 0.500000 0.689412
vt 0.475858 0.691324
vt 0.547693 0.696966
vt 0.524142 0.691324
vt 0.590718 0.718888
vt 0.570063 0.706244
vt 0.624862 0.753032
vt 0.609125 0.734625
vt 0.646784 0.796057
vt 0.637506 0.773687
vt 0.654338 0.843750
vt 0.652426 0.819608
vt 0.652426 0.867892
vt 0.624862 0.934468
vt 0.646784 0.891443
vt 0.590718 0.968612
vt 0.547693 0.990534
vt 0.500000 0.998088
vt 0.452307 0.990534
vt 0.409282 0.968612
vt 0.375138 0.934468
vt 0.353216 0.891443
vt 0.345662 0.843750
vt 0.353216 0.796057
vt 0.375138 0.753032
vt 0.409282 0.718888
vt 0.452307 0.696966
vt 0.500000 0.689412
vt 0.547693 0.696966
vt 0.590718 0.718888
vt 0.624862 0.753032
vt 0.646784 0.796057
vt 0.654338 0.843750
vn 0.944341 -0.115448 -0.308046
vn 0.883865 -0.118609 -0.452454
vn 0.884868 -0.117183 -0.450863
vn 0.944557 -0.116714 -0.306904
vn 0.802314 -0.117535 -0.585216
vn 0.803488 -0.116714 -0.583768
vn 0.807029 -0.070067 -0.586341
vn 0.888817 -0.070063 -0.452875
vn 0.948719 -0.070067 -0.308257
vn 0.700276 -0.121022 -0.703539
vn 0.702235 -0.117183 -0.702235
vn 0.582028 -0.120102 -0.804250
vn 0.583768 -0.116714 -0.803488
vn 0.586340 -0.070067 -0.807029
vn 0.705369 -0.070063 -0.705369
vn 0.448863 -0.123401 -0.885039
vn 0.450863 -0.117183 -0.884868
vn 0.305613 -0.122168 -0.944286
vn 0.306905 -0.116714 -0.944557
vn 0.308257 -0.070067 -0.948719
vn 0.452875 -0.070063 -0.888817
vn 0.154510 -0.124855 -0.980070
vn 0.155356 -0.117183 -0.980884
vn 0.000000 -0.122955 -0.992412
vn -0.000000 -0.116714 -0.993166
vn -0.000000 -0.070067 -0.997542
vn 0.156050 -0.070063 -0.985261
vn -0.154511 -0.124855 -0.980070
vn -0.155357 -0.117183 -0.980883
vn -0.305614 -0.122168 -0.944285
vn -0.306905 -0.116714 -0.944556
vn -0.308258 -0.070067 -0.948719
vn -0.156050 -0.070063 -0.985261
vn -0.448863 -0.123401 -0.885039
vn -0.450863 -0.117183 -0.884868
vn -0.582029 -0.120102 -0.804250
vn -0.583768 -0.116714 -0.803488
vn -0.586341 -0.070067 -0.807028
vn -0.452875 -0.070063 -0.888817
vn -0.700276 -0.121021 -0.703539
vn -0.702235 -0.117183 -0.702235
vn -0.802315 -0.117535 -0.585215
vn -0.803488 -0.116714 -0.583768
vn -0.807029 -0.070067 -0.586341
vn -0.705369 -0.070063 -0.705369
vn -0.883865 -0.118609 -0.452454
vn -0.884868 -0.117183 -0.450862
vn -0.944341 -0.115447 -0.308047
vn -0.944557 -0.116714 -0.306905
vn -0.948719 -0.070067 -0.308257
vn -0.888817 -0.070063 -0.452875
vn -0.980781 -0.117101 -0.156067
vn -0.980883 -0.117183 -0.155357
vn -0.993406 -0.114648 -0.000000
vn -0.993166 -0.116714 -0.000000
vn -0.997542 -0.070067 0.000000
vn -0.985261 -0.070063 -0.156050
vn -0.980781 -0.117101 0.156067
vn -0.980883 -0.117183 0.155357
vn -0.944341 -0.115447 0.308047
vn -0.944557 -0.116714 0.306905
vn -0.948719 -0.070067 0.308258
vn -0.985261 -0.070063 0.156050
vn -0.883865 -0.118609 0.452455
vn -0.884868 -0.117183 0.450863
vn -0.802314 -0.117535 0.585216
vn -0.803488 -0.116714 0.583768
vn -0.807029 -0.070067 0.586341
vn -0.888817 -0.070063 0.452875
vn -0.700276 -0.121021 0.703539
vn -0.702235 -0.117183 0.702235
vn -0.582029 -0.120102 0.804250
vn -0.583768 -0.116714 0.803488
vn -0.586341 -0.070067 0.807029
vn -0.705369 -0.070063 0.705369
vn -0.448863 -0.123401 0.885039
vn -0.450863 -0.117183 0.884868
vn -0.305614 -0.122168 0.944286
vn -0.306905 -0.116714 0.944557
vn -0.308257 -0.070067 0.948719
vn -0.452875 -0.070063 0.888817
vn -0.154510 -0.124855 0.980070
vn -0.155356 -0.117183 0.980884
vn 0.000000 -0.122955 0.992412
vn 0.000000 -0.116714 0.993166
vn 0.000000 -0.070067 0.997542
vn -0.156050 -0.070063 0.985261
vn 0.154510 -0.124855 0.980070
vn 0.155357 -0.117183 0.980883
vn 0.305614 -0.122168 0.944286
vn 0.306905 -0.116714 0.944557
vn 0.308257 -0.070067 0.948719
vn 0.156050 -0.070063 0.985261
vn 0.448863 -0.123401 0.885039
vn 0.450862 -0.117183 0.884868
vn 0.582029 -0.120102 0.804250
vn 0.583768 -0.116714 0.803488
vn 0.586341 -0.070067 0.807029
vn 0.452875 -0.070063 0.888817
vn 0.700276 -0.121021 0.703539
vn 0.702235 -0.117183 0.702235
vn 0.802314 -0.117535 0.585216
vn 0.803488 -0.116714 0.583768
vn 0.807029 -0.070067 0.586341
vn 0.705369 -0.070063 0.705369
vn 0.883865 -0.118609 0.452454
vn 0.884868 -0.117183 0.450863
vn 0.944341 -0.115447 0.308046
vn 0.944557 -0.116714 0.306905
vn 0.948719 -0.070067 0.308258
vn 0.888817 -0.070063 0.452875
vn 0.980780 -0.117101 0.156067
vn 0.980883 -0.117183 0.155357
vn 0.993406 -0.114648 0.000001
vn 0.993166 -0.116714 0.000001
vn 0.997542 -0.070067 0.000001
vn 0.985261 -0.070063 0.156050
vn 0.980781 -0.117101 -0.156065
vn 0.980884 -0.117183 -0.155355
vn 0.985261 -0.070063 -0.156048
vn 0.553038 -0.783026 -0.284639
vn 0.525821 -0.757314 -0.387282
vn 0.621880 -0.755851 -0.204829
vn 0.000000 -1.000000 -0.000000
vn 0.436338 -0.784425 -0.440780
vn 0.379189 -0.759119 -0.529107
vn 0.278508 -0.785819 -0.552197
vn 0.198148 -0.760575 -0.618274
vn 0.095619 -0.786678 -0.609913
vn 0.000000 -0.761131 -0.648598
vn -0.095619 -0.786678 -0.609913
vn -0.198148 -0.760575 -0.618273
vn -0.278508 -0.785820 -0.552197
vn -0.379189 -0.759119 -0.529107
vn -0.436339 -0.784425 -0.440779
vn -0.525822 -0.757314 -0.387281
vn -0.553038 -0.783026 -0.284639
vn -0.621880 -0.755851 -0.204829
vn -0.615255 -0.782160 -0.098429
vn -0.655389 -0.755292 0.000000
vn -0.615255 -0.782159 0.098430
vn -0.621880 -0.755851 0.204829
vn -0.553038 -0.783026 0.284639
vn -0.525822 -0.757314 0.387281
vn -0.436339 -0.784425 0.440778
vn -0.379189 -0.759119 0.529107
vn -0.278508 -0.785820 0.552196
vn -0.198148 -0.760575 0.618274
vn -0.095619 -0.786678 0.609913
vn 0.000000 -0.761131 0.648599
vn 0.095619 -0.786679 0.609913
vn 0.198148 -0.760575 0.618274
vn 0.278508 -0.785819 0.552197
vn 0.379189 -0.759118 0.529107
vn 0.436338 -0.784425 0.440779
vn 0.525821 -0.757314 0.387282
vn 0.553038 -0.783026 0.284639
vn 0.621879 -0.755851 0.204829
vn 0.615255 -0.782159 0.098430
vn 0.655388 -0.755292 0.000000
vn 0.615255 -0.782160 -0.098429
vn -0.932999 0.193943 0.303149
vn -0.874453 0.191861 0.445557
vn -0.755023 0.530982 0.384704
vn -0.577820 0.794277 0.187744
vn -0.793655 0.193943 0.576626
vn -0.491522 0.794278 0.357112
vn -0.000000 1.000000 -0.000000
vn -0.693970 0.191861 0.693971
vn -0.599190 0.530982 0.599191
vn -0.576625 0.193943 0.793656
vn -0.357112 0.794277 0.491523
vn -0.445557 0.191861 0.874453
vn -0.384704 0.530982 0.755023
vn -0.303150 0.193943 0.932998
vn -0.187745 0.794277 0.577819
vn -0.153528 0.191861 0.969339
vn -0.132560 0.530982 0.836950
vn 0.000000 0.193943 0.981013
vn 0.000000 0.794277 0.607555
vn 0.153529 0.191861 0.969339
vn 0.132560 0.530983 0.836950
vn 0.303150 0.193943 0.932998
vn 0.187745 0.794277 0.577819
vn 0.445556 0.191861 0.874453
vn 0.384703 0.530983 0.755024
vn 0.576625 0.193943 0.793656
vn 0.357112 0.794278 0.491522
vn 0.693970 0.191861 0.693970
vn 0.599190 0.530982 0.599190
vn 0.793656 0.193943 0.576625
vn 0.491523 0.794277 0.357112
vn 0.874454 0.191861 0.445556
vn 0.755024 0.530983 0.384704
vn 0.932999 0.193943 0.303149
vn 0.577819 0.794277 0.187745
vn 0.969339 0.191861 0.153528
vn 0.836950 0.530982 0.132560
vn 0.981013 0.193943 0.000000
vn 0.607555 0.794278 -0.000000
vn 0.969339 0.191861 -0.153528
vn 0.836950 0.530982 -0.132560
vn 0.932999 0.193943 -0.303149
vn 0.577819 0.794277 -0.187745
vn 0.874453 0.191861 -0.445556
vn 0.755024 0.530982 -0.384704
vn 0.793656 0.193943 -0.576625
vn 0.491523 0.794277 -0.357112
vn 0.693970 0.191861 -0.693970
vn 0.599190 0.530983 -0.599190
vn 0.576625 0.193943 -0.793656
vn 0.357112 0.794277 -0.491523
vn 0.445556 0.191861 -0.874453
vn 0.384704 0.530982 -0.755024
vn 0.303150 0.193943 -0.932999
vn 0.187745 0.794277 -0.577819
vn 0.153528 0.191861 -0.969339
vn 0.132560 0.530982 -0.836950
vn -0.000000 0.193943 -0.981013
vn -0.000000 0.794277 -0.607555
vn -0.153529 0.191861 -0.969339
vn -0.132561 0.530982 -0.836950
vn -0.303150 0.193943 -0.932998
vn -0.187745 0.794277 -0.577820
vn -0.445557 0.191861 -0.874453
vn -0.384704 0.530982 -0.755024
vn -0.576625 0.193943 -0.793656
vn -0.357112 0.794277 -0.491523
vn -0.693970 0.191861 -0.693970
vn -0.599190 0.530982 -0.599190
vn -0.793656 0.193943 -0.576626
vn -0.491522 0.794277 -0.357112
vn -0.874453 0.191861 -0.445557
vn -0.755023 0.530982 -0.384705
vn -0.932999 0.193943 -0.303150
vn -0.577819 0.794278 -0.187745
vn -0.969339 0.191861 -0.153529
vn -0.836950 0.530982 -0.132560
vn -0.981013 0.193943 -0.000001
vn -0.607556 0.794277 -0.000001
vn -0.969339 0.191861 0.153526
vn -0.836950 0.530983 0.132558
vn 0.471507 0.848507 -0.240246
vn 0.504029 0.848018 -0.163769
vn 0.428753 0.848018 -0.311507
vn -0.799122 0.155923 0.580596
vn -0.880112 0.155904 0.448439
vn -0.939425 0.155923 0.305236
vn 0.374192 0.848506 -0.374191
vn 0.311508 0.848018 -0.428753
vn -0.580596 0.155923 0.799122
vn -0.698460 0.155904 0.698461
vn 0.240246 0.848505 -0.471509
vn 0.163769 0.848018 -0.504029
vn -0.305237 0.155923 0.939424
vn -0.448439 0.155904 0.880112
vn 0.082782 0.848506 -0.522670
vn -0.000002 0.848018 -0.529967
vn 0.000000 0.155923 0.987769
vn -0.154522 0.155904 0.975611
vn -0.082782 0.848507 -0.522669
vn -0.163769 0.848018 -0.504028
vn 0.305237 0.155923 0.939424
vn 0.154522 0.155904 0.975611
vn -0.240247 0.848506 -0.471508
vn -0.311506 0.848018 -0.428753
vn 0.580596 0.155923 0.799122
vn 0.448439 0.155904 0.880112
vn -0.374191 0.848506 -0.374192
vn -0.428753 0.848017 -0.311508
vn 0.799122 0.155923 0.580596
vn 0.698461 0.155904 0.698460
vn -0.471508 0.848506 -0.240245
vn -0.504029 0.848018 -0.163769
vn 0.939424 0.155923 0.305237
vn 0.880112 0.155904 0.448439
vn -0.522671 0.848506 -0.082782
vn -0.529967 0.848018 0.000000
vn 0.987769 0.155923 0.000000
vn 0.975611 0.155904 0.154522
vn -0.522671 0.848506 0.082782
vn -0.504030 0.848018 0.163769
vn 0.939424 0.155923 -0.305237
vn 0.975611 0.155904 -0.154522
vn -0.471508 0.848506 0.240246
vn -0.428752 0.848018 0.311508
vn 0.799122 0.155923 -0.580596
vn 0.880112 0.155904 -0.448439
vn -0.374192 0.848506 0.374190
vn -0.311506 0.848018 0.428753
vn 0.580596 0.155923 -0.799122
vn 0.698460 0.155904 -0.698461
vn -0.240244 0.848506 0.471509
vn -0.163770 0.848018 0.504030
vn 0.305237 0.155923 -0.939424
vn 0.448439 0.155904 -0.880111
vn -0.082783 0.848507 0.522670
vn 0.000000 0.848018 0.529968
vn -0.000000 0.155923 -0.987769
vn 0.154521 0.155904 -0.975611
vn 0.082784 0.848506 0.522670
vn 0.163769 0.848018 0.504028
vn -0.305238 0.155923 -0.939424
vn -0.154522 0.155904 -0.975611
vn 0.240244 0.848506 0.471509
vn 0.311507 0.848018 0.428752
vn -0.580596 0.155923 -0.799122
vn -0.448440 0.155904 -0.880111
vn 0.374192 0.848505 0.374191
vn 0.428752 0.848018 0.311507
vn -0.799122 0.155923 -0.580596
vn -0.698460 0.155904 -0.698460
vn 0.471508 0.848506 0.240244
vn 0.504029 0.848018 0.163769
vn -0.939424 0.155923 -0.305238
vn -0.880111 0.155904 -0.448440
vn 0.522671 0.848506 0.082783
vn 0.529966 0.848019 0.000001
vn -0.987769 0.155923 -0.000001
vn -0.975611 0.155904 -0.154522
vn 0.522671 0.848506 -0.082782
vn -0.975611 0.155904 0.154520
vn -0.882549 0.137452 0.449682
vn -0.942093 0.136970 0.306104
vn -0.801392 0.136970 0.582246
vn -0.700395 0.137452 0.700396
vn -0.582245 0.136970 0.801392
vn -0.449682 0.137452 0.882549
vn -0.306105 0.136970 0.942093
vn -0.154950 0.137452 0.978314
vn 0.000000 0.136970 0.990575
vn 0.154950 0.137452 0.978313
vn 0.306105 0.136970 0.942093
vn 0.449681 0.137452 0.882549
vn 0.582246 0.136970 0.801392
vn 0.700395 0.137452 0.700395
vn 0.801392 0.136970 0.582245
vn 0.882550 0.137452 0.449681
vn 0.942093 0.136970 0.306104
vn 0.978314 0.137452 0.154950
vn 0.990575 0.136970 0.000000
vn 0.978314 0.137452 -0.154950
vn 0.942093 0.136970 -0.306104
vn 0.882549 0.137452 -0.449681
vn 0.801392 0.136970 -0.582246
vn 0.700395 0.137452 -0.700395
vn 0.582246 0.136970 -0.801392
vn 0.449681 0.137452 -0.882549
vn 0.306105 0.136970 -0.942093
vn 0.154949 0.137452 -0.978314
vn -0.000000 0.136970 -0.990575
vn -0.154950 0.137452 -0.978314
vn -0.306105 0.136970 -0.942093
vn -0.449682 0.137452 -0.882549
vn -0.582246 0.136970 -0.801392
vn -0.700395 0.137452 -0.700395
vn -0.801392 0.136970 -0.582246
vn -0.882549 0.137452 -0.449682
vn -0.942093 0.136970 -0.306105
vn -0.978314 0.137452 -0.154950
vn -0.990575 0.136970 -0.000001
vn -0.978314 0.137452 0.154948
s 1
g pCylinder3
usemtl initialShadingGroup
f 1365/1571/1365 1547/1795/1366 1627/1695/1367 1550/1800/1368
f 1547/1795/1366 1366/1574/1369 1548/1797/1370 1627/1695/1367
f 1627/1695/1367 1548/1797/1370 1386/1615/1371 1549/1798/1372
f 1550/1800/1368 1627/1695/1367 1549/1798/1372 1385/1612/1373
f 1366/1574/1369 1551/1802/1374 1628/1696/1375 1548/1797/1370
f 1551/1802/1374 1367/1576/1376 1552/1804/1377 1628/1696/1375
f 1628/1696/1375 1552/1804/1377 1387/1617/1378 1553/1805/1379
f 1548/1797/1370 1628/1696/1375 1553/1805/1379 1386/1615/1371
f 1367/1576/1376 1554/1807/1380 1629/1697/1381 1552/1804/1377
f 1554/1807/1380 1368/1578/1382 1555/1809/1383 1629/1697/1381
f 1629/1697/1381 1555/1809/1383 1388/1619/1384 1556/1810/1385
f 1552/1804/1377 1629/1697/1381 1556/1810/1385 1387/1617/1378
f 1368/1578/1382 1557/1812/1386 1630/1698/1387 1555/1809/1383
f 1557/1812/1386 1369/1580/1388 1558/1814/1389 1630/1698/1387
f 1630/1698/1387 1558/1814/1389 1389/1621/1390 1559/1815/1391
f 1555/1809/1383 1630/1698/1387 1559/1815/1391 1388/1619/1384
f 1369/1580/1388 1560/1817/1392 1631/1699/1393 1558/1814/1389
f 1560/1817/1392 1370/1582/1394 1561/1819/1395 1631/1699/1393
f 1631/1699/1393 1561/1819/1395 1390/1623/1396 1562/1820/1397
f 1558/1814/1389 1631/1699/1393 1562/1820/1397 1389/1621/1390
f 1370/1582/1394 1563/1822/1398 1632/1700/1399 1561/1819/1395
f 1563/1822/1398 1371/1584/1400 1564/1824/1401 1632/1700/1399
f 1632/1700/1399 1564/1824/1401 1391/1625/1402 1565/1825/1403
f 1561/1819/1395 1632/1700/1399 1565/1825/1403 1390/1623/1396
f 1371/1584/1400 1566/1827/1404 1633/1701/1405 1564/1824/1401
f 1566/1827/1404 1372/1586/1406 1567/1829/1407 1633/1701/1405
f 1633/1701/1405 1567/1829/1407 1392/1627/1408 1568/1830/1409
f 1564/1824/1401 1633/1701/1405 1568/1830/1409 1391/1625/1402
f 1372/1586/1406 1569/1832/1410 1634/1702/1411 1567/1829/1407
f 1569/1832/1410 1373/1588/1412 1570/1834/1413 1634/1702/1411
f 1634/1702/1411 1570/1834/1413 1393/1629/1414 1571/1835/1415
f 1567/1829/1407 1634/1702/1411 1571/1835/1415 1392/1627/1408
f 1373/1588/1412 1572/1837/1416 1635/1703/1417 1570/1834/1413
f 1572/1837/1416 1374/1590/1418 1573/1839/1419 1635/1703/1417
f 1635/1703/1417 1573/1839/1419 1394/1631/1420 1574/1840/1421
f 1570/1834/1413 1635/1703/1417 1574/1840/1421 1393/1629/1414
f 1374/1590/1418 1575/1842/1422 1636/1704/1423 1573/1839/1419
f 1575/1842/1422 1375/1592/1424 1576/1844/1425 1636/1704/1423
f 1636/1704/1423 1576/1844/1425 1395/1633/1426 1577/1845/1427
f 1573/1839/1419 1636/1704/1423 1577/1845/1427 1394/1631/1420
f 1375/1592/1424 1578/1847/1428 1637/1705/1429 1576/1844/1425
f 1578/1847/1428 1376/1594/1430 1579/1849/1431 1637/1705/1429
f 1637/1705/1429 1579/1849/1431 1396/1635/1432 1580/1850/1433
f 1576/1844/1425 1637/1705/1429 1580/1850/1433 1395/1633/1426
f 1376/1594/1430 1581/1852/1434 1638/1706/1435 1579/1849/1431
f 1581/1852/1434 1377/1596/1436 1582/1854/1437 1638/1706/1435
f 1638/1706/1435 1582/1854/1437 1397/1637/1438 1583/1855/1439
f 1579/1849/1431 1638/1706/1435 1583/1855/1439 1396/1635/1432
f 1377/1596/1436 1584/1857/1440 1639/1707/1441 1582/1854/1437
f 1584/1857/1440 1378/1598/1442 1585/1859/1443 1639/1707/1441
f 1639/1707/1441 1585/1859/1443 1398/1639/1444 1586/1860/1445
f 1582/1854/1437 1639/1707/1441 1586/1860/1445 1397/1637/1438
f 1378/1598/1442 1587/1862/1446 1640/1708/1447 1585/1859/1443
f 1587/1862/1446 1379/1600/1448 1588/1864/1449 1640/1708/1447
f 1640/1708/1447 1588/1864/1449 1399/1641/1450 1589/1865/1451
f 1585/1859/1443 1640/1708/1447 1589/1865/1451 1398/1639/1444
f 1379/1600/1448 1590/1867/1452 1641/1709/1453 1588/1864/1449
f 1590/1867/1452 1380/1602/1454 1591/1869/1455 1641/1709/1453
f 1641/1709/1453 1591/1869/1455 1400/1643/1456 1592/1870/1457
f 1588/1864/1449 1641/1709/1453 1592/1870/1457 1399/1641/1450
f 1380/1602/1454 1593/1872/1458 1642/1710/1459 1591/1869/1455
f 1593/1872/1458 1381/1604/1460 1594/1874/1461 1642/1710/1459
f 1642/1710/1459 1594/1874/1461 1401/1645/1462 1595/1875/1463
f 1591/1869/1455 1642/1710/1459 1595/1875/1463 1400/1643/1456
f 1381/1604/1460 1596/1877/1464 1643/1711/1465 1594/1874/1461
f 1596/1877/1464 1382/1606/1466 1597/1879/1467 1643/1711/1465
f 1643/1711/1465 1597/1879/1467 1402/1647/1468 1598/1880/1469
f 1594/1874/1461 1643/1711/1465 1598/1880/1469 1401/1645/1462
f 1382/1606/1466 1599/1882/1470 1644/1712/1471 1597/1879/1467
f 1599/1882/1470 1383/1608/1472 1600/1884/1473 1644/1712/1471
f 1644/1712/1471 1600/1884/1473 1403/1649/1474 1601/1885/1475
f 1597/1879/1467 1644/1712/1471 1601/1885/1475 1402/1647/1468
f 1383/1608/1472 1602/1887/1476 1645/1713/1477 1600/1884/1473
f 1602/1887/1476 1384/1610/1478 1603/1889/1479 1645/1713/1477
f 1645/1713/1477 1603/1889/1479 1404/1651/1480 1604/1890/1481
f 1600/1884/1473 1645/1713/1477 1604/1890/1481 1403/1649/1474
f 1384/1610/1478 1605/1892/1482 1646/1714/1483 1603/1889/1479
f 1605/1892/1482 1365/1572/1365 1550/1801/1368 1646/1714/1483
f 1646/1714/1483 1550/1801/1368 1385/1614/1373 1606/1894/1484
f 1603/1889/1479 1646/1714/1483 1606/1894/1484 1404/1651/1480
f 1366/1575/1369 1547/1796/1366 1647/1715/1485 1608/1897/1486
f 1365/1573/1365 1607/1896/1487 1647/1715/1485 1547/1796/1366
f 1405/1653/1488 1608/1897/1486 1647/1715/1485 1607/1896/1487
f 1367/1577/1376 1551/1803/1374 1648/1716/1489 1609/1898/1490
f 1366/1575/1369 1608/1897/1486 1648/1716/1489 1551/1803/1374
f 1405/1653/1488 1609/1898/1490 1648/1716/1489 1608/1897/1486
f 1368/1579/1382 1554/1808/1380 1649/1717/1491 1610/1899/1492
f 1367/1577/1376 1609/1898/1490 1649/1717/1491 1554/1808/1380
f 1405/1653/1488 1610/1899/1492 1649/1717/1491 1609/1898/1490
f 1369/1581/1388 1557/1813/1386 1650/1718/1493 1611/1900/1494
f 1368/1579/1382 1610/1899/1492 1650/1718/1493 1557/1813/1386
f 1405/1653/1488 1611/1900/1494 1650/1718/1493 1610/1899/1492
f 1370/1583/1394 1560/1818/1392 1651/1719/1495 1612/1901/1496
f 1369/1581/1388 1611/1900/1494 1651/1719/1495 1560/1818/1392
f 1405/1653/1488 1612/1901/1496 1651/1719/1495 1611/1900/1494
f 1371/1585/1400 1563/1823/1398 1652/1720/1497 1613/1902/1498
f 1370/1583/1394 1612/1901/1496 1652/1720/1497 1563/1823/1398
f 1405/1653/1488 1613/1902/1498 1652/1720/1497 1612/1901/1496
f 1372/1587/1406 1566/1828/1404 1653/1721/1499 1614/1903/1500
f 1371/1585/1400 1613/1902/1498 1653/1721/1499 1566/1828/1404
f 1405/1653/1488 1614/1903/1500 1653/1721/1499 1613/1902/1498
f 1373/1589/1412 1569/1833/1410 1654/1722/1501 1615/1904/1502
f 1372/1587/1406 1614/1903/1500 1654/1722/1501 1569/1833/1410
f 1405/1653/1488 1615/1904/1502 1654/1722/1501 1614/1903/1500
f 1374/1591/1418 1572/1838/1416 1655/1723/1503 1616/1905/1504
f 1373/1589/1412 1615/1904/1502 1655/1723/1503 1572/1838/1416
f 1405/1653/1488 1616/1905/1504 1655/1723/1503 1615/1904/1502
f 1375/1593/1424 1575/1843/1422 1656/1724/1505 1617/1906/1506
f 1374/1591/1418 1616/1905/1504 1656/1724/1505 1575/1843/1422
f 1405/1653/1488 1617/1906/1506 1656/1724/1505 1616/1905/1504
f 1376/1595/1430 1578/1848/1428 1657/1725/1507 1618/1907/1508
f 1375/1593/1424 1617/1906/1506 1657/1725/1507 1578/1848/1428
f 1405/1653/1488 1618/1907/1508 1657/1725/1507 1617/1906/1506
f 1377/1597/1436 1581/1853/1434 1658/1726/1509 1619/1908/1510
f 1376/1595/1430 1618/1907/1508 1658/1726/1509 1581/1853/1434
f 1405/1653/1488 1619/1908/1510 1658/1726/1509 1618/1907/1508
f 1378/1599/1442 1584/1858/1440 1659/1727/1511 1620/1909/1512
f 1377/1597/1436 1619/1908/1510 1659/1727/1511 1584/1858/1440
f 1405/1653/1488 1620/1909/1512 1659/1727/1511 1619/1908/1510
f 1379/1601/1448 1587/1863/1446 1660/1728/1513 1621/1910/1514
f 1378/1599/1442 1620/1909/1512 1660/1728/1513 1587/1863/1446
f 1405/1653/1488 1621/1910/1514 1660/1728/1513 1620/1909/1512
f 1380/1603/1454 1590/1868/1452 1661/1729/1515 1622/1911/1516
f 1379/1601/1448 1621/1910/1514 1661/1729/1515 1590/1868/1452
f 1405/1653/1488 1622/1911/1516 1661/1729/1515 1621/1910/1514
f 1381/1605/1460 1593/1873/1458 1662/1730/1517 1623/1912/1518
f 1380/1603/1454 1622/1911/1516 1662/1730/1517 1593/1873/1458
f 1405/1653/1488 1623/1912/1518 1662/1730/1517 1622/1911/1516
f 1382/1607/1466 1596/1878/1464 1663/1731/1519 1624/1913/1520
f 1381/1605/1460 1623/1912/1518 1663/1731/1519 1596/1878/1464
f 1405/1653/1488 1624/1913/1520 1663/1731/1519 1623/1912/1518
f 1383/1609/1472 1599/1883/1470 1664/1732/1521 1625/1914/1522
f 1382/1607/1466 1624/1913/1520 1664/1732/1521 1599/1883/1470
f 1405/1653/1488 1625/1914/1522 1664/1732/1521 1624/1913/1520
f 1384/1611/1478 1602/1888/1476 1665/1733/1523 1626/1915/1524
f 1383/1609/1472 1625/1914/1522 1665/1733/1523 1602/1888/1476
f 1405/1653/1488 1626/1915/1524 1665/1733/1523 1625/1914/1522
f 1365/1573/1365 1605/1893/1482 1666/1734/1525 1607/1896/1487
f 1384/1611/1478 1626/1915/1524 1666/1734/1525 1605/1893/1482
f 1405/1653/1488 1607/1896/1487 1666/1734/1525 1626/1915/1524
f 1426/1674/1526 1447/1916/1527 1667/1735/1528 1449/1918/1529
f 1427/1675/1530 1448/1917/1531 1667/1735/1528 1447/1916/1527
f 1428/1676/1532 1449/1918/1529 1667/1735/1528 1448/1917/1531
f 1427/1675/1530 1450/1919/1533 1668/1736/1534 1448/1917/1531
f 1429/1677/1535 1451/1920/1536 1668/1736/1534 1450/1919/1533
f 1428/1676/1532 1448/1917/1531 1668/1736/1534 1451/1920/1536
f 1429/1677/1535 1452/1921/1537 1669/1737/1538 1451/1920/1536
f 1430/1678/1539 1453/1922/1540 1669/1737/1538 1452/1921/1537
f 1428/1676/1532 1451/1920/1536 1669/1737/1538 1453/1922/1540
f 1430/1678/1539 1454/1923/1541 1670/1738/1542 1453/1922/1540
f 1431/1679/1543 1455/1924/1544 1670/1738/1542 1454/1923/1541
f 1428/1676/1532 1453/1922/1540 1670/1738/1542 1455/1924/1544
f 1431/1679/1543 1456/1925/1545 1671/1739/1546 1455/1924/1544
f 1432/1680/1547 1457/1926/1548 1671/1739/1546 1456/1925/1545
f 1428/1676/1532 1455/1924/1544 1671/1739/1546 1457/1926/1548
f 1432/1680/1547 1458/1927/1549 1672/1740/1550 1457/1926/1548
f 1433/1681/1551 1459/1928/1552 1672/1740/1550 1458/1927/1549
f 1428/1676/1532 1457/1926/1548 1672/1740/1550 1459/1928/1552
f 1433/1681/1551 1460/1929/1553 1673/1741/1554 1459/1928/1552
f 1434/1682/1555 1461/1930/1556 1673/1741/1554 1460/1929/1553
f 1428/1676/1532 1459/1928/1552 1673/1741/1554 1461/1930/1556
f 1434/1682/1555 1462/1931/1557 1674/1742/1558 1461/1930/1556
f 1435/1683/1559 1463/1932/1560 1674/1742/1558 1462/1931/1557
f 1428/1676/1532 1461/1930/1556 1674/1742/1558 1463/1932/1560
f 1435/1683/1559 1464/1933/1561 1675/1743/1562 1463/1932/1560
f 1436/1684/1563 1465/1934/1564 1675/1743/1562 1464/1933/1561
f 1428/1676/1532 1463/1932/1560 1675/1743/1562 1465/1934/1564
f 1436/1684/1563 1466/1935/1565 1676/1744/1566 1465/1934/1564
f 1437/1685/1567 1467/1936/1568 1676/1744/1566 1466/1935/1565
f 1428/1676/1532 1465/1934/1564 1676/1744/1566 1467/1936/1568
f 1437/1685/1567 1468/1937/1569 1677/1745/1570 1467/1936/1568
f 1438/1686/1571 1469/1938/1572 1677/1745/1570 1468/1937/1569
f 1428/1676/1532 1467/1936/1568 1677/1745/1570 1469/1938/1572
f 1438/1686/1571 1470/1939/1573 1678/1746/1574 1469/1938/1572
f 1439/1687/1575 1471/1940/1576 1678/1746/1574 1470/1939/1573
f 1428/1676/1532 1469/1938/1572 1678/1746/1574 1471/1940/1576
f 1439/1687/1575 1472/1941/1577 1679/1747/1578 1471/1940/1576
f 1440/1688/1579 1473/1942/1580 1679/1747/1578 1472/1941/1577
f 1428/1676/1532 1471/1940/1576 1679/1747/1578 1473/1942/1580
f 1440/1688/1579 1474/1943/1581 1680/1748/1582 1473/1942/1580
f 1441/1689/1583 1475/1944/1584 1680/1748/1582 1474/1943/1581
f 1428/1676/1532 1473/1942/1580 1680/1748/1582 1475/1944/1584
f 1441/1689/1583 1476/1945/1585 1681/1749/1586 1475/1944/1584
f 1442/1690/1587 1477/1946/1588 1681/1749/1586 1476/1945/1585
f 1428/1676/1532 1475/1944/1584 1681/1749/1586 1477/1946/1588
f 1442/1690/1587 1478/1947/1589 1682/1750/1590 1477/1946/1588
f 1443/1691/1591 1479/1948/1592 1682/1750/1590 1478/1947/1589
f 1428/1676/1532 1477/1946/1588 1682/1750/1590 1479/1948/1592
f 1443/1691/1591 1480/1949/1593 1683/1751/1594 1479/1948/1592
f 1444/1692/1595 1481/1950/1596 1683/1751/1594 1480/1949/1593
f 1428/1676/1532 1479/1948/1592 1683/1751/1594 1481/1950/1596
f 1444/1692/1595 1482/1951/1597 1684/1752/1598 1481/1950/1596
f 1445/1693/1599 1483/1952/1600 1684/1752/1598 1482/1951/1597
f 1428/1676/1532 1481/1950/1596 1684/1752/1598 1483/1952/1600
f 1445/1693/1599 1484/1953/1601 1685/1753/1602 1483/1952/1600
f 1446/1694/1603 1485/1954/1604 1685/1753/1602 1484/1953/1601
f 1428/1676/1532 1483/1952/1600 1685/1753/1602 1485/1954/1604
f 1446/1694/1603 1486/1955/1605 1686/1754/1606 1485/1954/1604
f 1426/1674/1526 1449/1918/1529 1686/1754/1606 1486/1955/1605
f 1428/1676/1532 1485/1954/1604 1686/1754/1606 1449/1918/1529
f 1385/1613/1373 1549/1799/1372 1687/1755/1607 1489/1958/1608
f 1549/1799/1372 1386/1616/1371 1487/1956/1609 1687/1755/1607
f 1687/1755/1607 1487/1956/1609 1407/1655/1610 1488/1957/1611
f 1489/1958/1608 1687/1755/1607 1488/1957/1611 1406/1654/1612
f 1386/1616/1371 1553/1806/1379 1688/1756/1613 1487/1956/1609
f 1553/1806/1379 1387/1618/1378 1490/1959/1614 1688/1756/1613
f 1688/1756/1613 1490/1959/1614 1408/1656/1615 1491/1960/1616
f 1487/1956/1609 1688/1756/1613 1491/1960/1616 1407/1655/1610
f 1387/1618/1378 1556/1811/1385 1689/1757/1617 1490/1959/1614
f 1556/1811/1385 1388/1620/1384 1492/1961/1618 1689/1757/1617
f 1689/1757/1617 1492/1961/1618 1409/1657/1619 1493/1962/1620
f 1490/1959/1614 1689/1757/1617 1493/1962/1620 1408/1656/1615
f 1388/1620/1384 1559/1816/1391 1690/1758/1621 1492/1961/1618
f 1559/1816/1391 1389/1622/1390 1494/1963/1622 1690/1758/1621
f 1690/1758/1621 1494/1963/1622 1410/1658/1623 1495/1964/1624
f 1492/1961/1618 1690/1758/1621 1495/1964/1624 1409/1657/1619
f 1389/1622/1390 1562/1821/1397 1691/1759/1625 1494/1963/1622
f 1562/1821/1397 1390/1624/1396 1496/1965/1626 1691/1759/1625
f 1691/1759/1625 1496/1965/1626 1411/1659/1627 1497/1966/1628
f 1494/1963/1622 1691/1759/1625 1497/1966/1628 1410/1658/1623
f 1390/1624/1396 1565/1826/1403 1692/1760/1629 1496/1965/1626
f 1565/1826/1403 1391/1626/1402 1498/1967/1630 1692/1760/1629
f 1692/1760/1629 1498/1967/1630 1412/1660/1631 1499/1968/1632
f 1496/1965/1626 1692/1760/1629 1499/1968/1632 1411/1659/1627
f 1391/1626/1402 1568/1831/1409 1693/1761/1633 1498/1967/1630
f 1568/1831/1409 1392/1628/1408 1500/1969/1634 1693/1761/1633
f 1693/1761/1633 1500/1969/1634 1413/1661/1635 1501/1970/1636
f 1498/1967/1630 1693/1761/1633 1501/1970/1636 1412/1660/1631
f 1392/1628/1408 1571/1836/1415 1694/1762/1637 1500/1969/1634
f 1571/1836/1415 1393/1630/1414 1502/1971/1638 1694/1762/1637
f 1694/1762/1637 1502/1971/1638 1414/1662/1639 1503/1972/1640
f 1500/1969/1634 1694/1762/1637 1503/1972/1640 1413/1661/1635
f 1393/1630/1414 1574/1841/1421 1695/1763/1641 1502/1971/1638
f 1574/1841/1421 1394/1632/1420 1504/1973/1642 1695/1763/1641
f 1695/1763/1641 1504/1973/1642 1415/1663/1643 1505/1974/1644
f 1502/1971/1638 1695/1763/1641 1505/1974/1644 1414/1662/1639
f 1394/1632/1420 1577/1846/1427 1696/1764/1645 1504/1973/1642
f 1577/1846/1427 1395/1634/1426 1506/1975/1646 1696/1764/1645
f 1696/1764/1645 1506/1975/1646 1416/1664/1647 1507/1976/1648
f 1504/1973/1642 1696/1764/1645 1507/1976/1648 1415/1663/1643
f 1395/1634/1426 1580/1851/1433 1697/1765/1649 1506/1975/1646
f 1580/1851/1433 1396/1636/1432 1508/1977/1650 1697/1765/1649
f 1697/1765/1649 1508/1977/1650 1417/1665/1651 1509/1978/1652
f 1506/1975/1646 1697/1765/1649 1509/1978/1652 1416/1664/1647
f 1396/1636/1432 1583/1856/1439 1698/1766/1653 1508/1977/1650
f 1583/1856/1439 1397/1638/1438 1510/1979/1654 1698/1766/1653
f 1698/1766/1653 1510/1979/1654 1418/1666/1655 1511/1980/1656
f 1508/1977/1650 1698/1766/1653 1511/1980/1656 1417/1665/1651
f 1397/1638/1438 1586/1861/1445 1699/1767/1657 1510/1979/1654
f 1586/1861/1445 1398/1640/1444 1512/1981/1658 1699/1767/1657
f 1699/1767/1657 1512/1981/1658 1419/1667/1659 1513/1982/1660
f 1510/1979/1654 1699/1767/1657 1513/1982/1660 1418/1666/1655
f 1398/1640/1444 1589/1866/1451 1700/1768/1661 1512/1981/1658
f 1589/1866/1451 1399/1642/1450 1514/1983/1662 1700/1768/1661
f 1700/1768/1661 1514/1983/1662 1420/1668/1663 1515/1984/1664
f 1512/1981/1658 1700/1768/1661 1515/1984/1664 1419/1667/1659
f 1399/1642/1450 1592/1871/1457 1701/1769/1665 1514/1983/1662
f 1592/1871/1457 1400/1644/1456 1516/1985/1666 1701/1769/1665
f 1701/1769/1665 1516/1985/1666 1421/1669/1667 1517/1986/1668
f 1514/1983/1662 1701/1769/1665 1517/1986/1668 1420/1668/1663
f 1400/1644/1456 1595/1876/1463 1702/1770/1669 1516/1985/1666
f 1595/1876/1463 1401/1646/1462 1518/1987/1670 1702/1770/1669
f 1702/1770/1669 1518/1987/1670 1422/1670/1671 1519/1988/1672
f 1516/1985/1666 1702/1770/1669 1519/1988/1672 1421/1669/1667
f 1401/1646/1462 1598/1881/1469 1703/1771/1673 1518/1987/1670
f 1598/1881/1469 1402/1648/1468 1520/1989/1674 1703/1771/1673
f 1703/1771/1673 1520/1989/1674 1423/1671/1675 1521/1990/1676
f 1518/1987/1670 1703/1771/1673 1521/1990/1676 1422/1670/1671
f 1402/1648/1468 1601/1886/1475 1704/1772/1677 1520/1989/1674
f 1601/1886/1475 1403/1650/1474 1522/1991/1678 1704/1772/1677
f 1704/1772/1677 1522/1991/1678 1424/1672/1679 1523/1992/1680
f 1520/1989/1674 1704/1772/1677 1523/1992/1680 1423/1671/1675
f 1403/1650/1474 1604/1891/1481 1705/1773/1681 1522/1991/1678
f 1604/1891/1481 1404/1652/1480 1524/1993/1682 1705/1773/1681
f 1705/1773/1681 1524/1993/1682 1425/1673/1683 1525/1994/1684
f 1522/1991/1678 1705/1773/1681 1525/1994/1684 1424/1672/1679
f 1404/1652/1480 1606/1895/1484 1706/1774/1685 1524/1993/1682
f 1606/1895/1484 1385/1613/1373 1489/1958/1608 1706/1774/1685
f 1706/1774/1685 1489/1958/1608 1406/1654/1612 1526/1995/1686
f 1524/1993/1682 1706/1774/1685 1526/1995/1686 1425/1673/1683
f 1406/1654/1612 1488/1957/1611 1707/1775/1687 1528/1997/1688
f 1488/1957/1611 1407/1655/1610 1527/1996/1689 1707/1775/1687
f 1707/1775/1687 1527/1996/1689 1427/1675/1530 1447/1916/1527
f 1528/1997/1688 1707/1775/1687 1447/1916/1527 1426/1674/1526
f 1407/1655/1610 1491/1960/1616 1708/1776/1690 1527/1996/1689
f 1491/1960/1616 1408/1656/1615 1529/1998/1691 1708/1776/1690
f 1708/1776/1690 1529/1998/1691 1429/1677/1535 1450/1919/1533
f 1527/1996/1689 1708/1776/1690 1450/1919/1533 1427/1675/1530
f 1408/1656/1615 1493/1962/1620 1709/1777/1692 1529/1998/1691
f 1493/1962/1620 1409/1657/1619 1530/1999/1693 1709/1777/1692
f 1709/1777/1692 1530/1999/1693 1430/1678/1539 1452/1921/1537
f 1529/1998/1691 1709/1777/1692 1452/1921/1537 1429/1677/1535
f 1409/1657/1619 1495/1964/1624 1710/1778/1694 1530/1999/1693
f 1495/1964/1624 1410/1658/1623 1531/2000/1695 1710/1778/1694
f 1710/1778/1694 1531/2000/1695 1431/1679/1543 1454/1923/1541
f 1530/1999/1693 1710/1778/1694 1454/1923/1541 1430/1678/1539
f 1410/1658/1623 1497/1966/1628 1711/1779/1696 1531/2000/1695
f 1497/1966/1628 1411/1659/1627 1532/2001/1697 1711/1779/1696
f 1711/1779/1696 1532/2001/1697 1432/1680/1547 1456/1925/1545
f 1531/2000/1695 1711/1779/1696 1456/1925/1545 1431/1679/1543
f 1411/1659/1627 1499/1968/1632 1712/1780/1698 1532/2001/1697
f 1499/1968/1632 1412/1660/1631 1533/2002/1699 1712/1780/1698
f 1712/1780/1698 1533/2002/1699 1433/1681/1551 1458/1927/1549
f 1532/2001/1697 1712/1780/1698 1458/1927/1549 1432/1680/1547
f 1412/1660/1631 1501/1970/1636 1713/1781/1700 1533/2002/1699
f 1501/1970/1636 1413/1661/1635 1534/2003/1701 1713/1781/1700
f 1713/1781/1700 1534/2003/1701 1434/1682/1555 1460/1929/1553
f 1533/2002/1699 1713/1781/1700 1460/1929/1553 1433/1681/1551
f 1413/1661/1635 1503/1972/1640 1714/1782/1702 1534/2003/1701
f 1503/1972/1640 1414/1662/1639 1535/2004/1703 1714/1782/1702
f 1714/1782/1702 1535/2004/1703 1435/1683/1559 1462/1931/1557
f 1534/2003/1701 1714/1782/1702 1462/1931/1557 1434/1682/1555
f 1414/1662/1639 1505/1974/1644 1715/1783/1704 1535/2004/1703
f 1505/1974/1644 1415/1663/1643 1536/2005/1705 1715/1783/1704
f 1715/1783/1704 1536/2005/1705 1436/1684/1563 1464/1933/1561
f 1535/2004/1703 1715/1783/1704 1464/1933/1561 1435/1683/1559
f 1415/1663/1643 1507/1976/1648 1716/1784/1706 1536/2005/1705
f 1507/1976/1648 1416/1664/1647 1537/2006/1707 1716/1784/1706
f 1716/1784/1706 1537/2006/1707 1437/1685/1567 1466/1935/1565
f 1536/2005/1705 1716/1784/1706 1466/1935/1565 1436/1684/1563
f 1416/1664/1647 1509/1978/1652 1717/1785/1708 1537/2006/1707
f 1509/1978/1652 1417/1665/1651 1538/2007/1709 1717/1785/1708
f 1717/1785/1708 1538/2007/1709 1438/1686/1571 1468/1937/1569
f 1537/2006/1707 1717/1785/1708 1468/1937/1569 1437/1685/1567
f 1417/1665/1651 1511/1980/1656 1718/1786/1710 1538/2007/1709
f 1511/1980/1656 1418/1666/1655 1539/2008/1711 1718/1786/1710
f 1718/1786/1710 1539/2008/1711 1439/1687/1575 1470/1939/1573
f 1538/2007/1709 1718/1786/1710 1470/1939/1573 1438/1686/1571
f 1418/1666/1655 1513/1982/1660 1719/1787/1712 1539/2008/1711
f 1513/1982/1660 1419/1667/1659 1540/2009/1713 1719/1787/1712
f 1719/1787/1712 1540/2009/1713 1440/1688/1579 1472/1941/1577
f 1539/2008/1711 1719/1787/1712 1472/1941/1577 1439/1687/1575
f 1419/1667/1659 1515/1984/1664 1720/1788/1714 1540/2009/1713
f 1515/1984/1664 1420/1668/1663 1541/2010/1715 1720/1788/1714
f 1720/1788/1714 1541/2010/1715 1441/1689/1583 1474/1943/1581
f 1540/2009/1713 1720/1788/1714 1474/1943/1581 1440/1688/1579
f 1420/1668/1663 1517/1986/1668 1721/1789/1716 1541/2010/1715
f 1517/1986/1668 1421/1669/1667 1542/2011/1717 1721/1789/1716
f 1721/1789/1716 1542/2011/1717 1442/1690/1587 1476/1945/1585
f 1541/2010/1715 1721/1789/1716 1476/1945/1585 1441/1689/1583
f 1421/1669/1667 1519/1988/1672 1722/1790/1718 1542/2011/1717
f 1519/1988/1672 1422/1670/1671 1543/2012/1719 1722/1790/1718
f 1722/1790/1718 1543/2012/1719 1443/1691/1591 1478/1947/1589
f 1542/2011/1717 1722/1790/1718 1478/1947/1589 1442/1690/1587
f 1422/1670/1671 1521/1990/1676 1723/1791/1720 1543/2012/1719
f 1521/1990/1676 1423/1671/1675 1544/2013/1721 1723/1791/1720
f 1723/1791/1720 1544/2013/1721 1444/1692/1595 1480/1949/1593
f 1543/2012/1719 1723/1791/1720 1480/1949/1593 1443/1691/1591
f 1423/1671/1675 1523/1992/1680 1724/1792/1722 1544/2013/1721
f 1523/1992/1680 1424/1672/1679 1545/2014/1723 1724/1792/1722
f 1724/1792/1722 1545/2014/1723 1445/1693/1599 1482/1951/1597
f 1544/2013/1721 1724/1792/1722 1482/1951/1597 1444/1692/1595
f 1424/1672/1679 1525/1994/1684 1725/1793/1724 1545/2014/1723
f 1525/1994/1684 1425/1673/1683 1546/2015/1725 1725/1793/1724
f 1725/1793/1724 1546/2015/1725 1446/1694/1603 1484/1953/1601
f 1545/2014/1723 1725/1793/1724 1484/1953/1601 1445/1693/1599
f 1425/1673/1683 1526/1995/1686 1726/1794/1726 1546/2015/1725
f 1526/1995/1686 1406/1654/1612 1528/1997/1688 1726/1794/1726
f 1726/1794/1726 1528/1997/1688 1426/1674/1526 1486/1955/1605
f 1546/2015/1725 1726/1794/1726 1486/1955/1605 1446/1694/1603
